report_id,wellbore_id,pdf_name,tables_json
1,15/9-19 A,15_9_19_A_1980_01_01.pdf,"{""Survey Station"": [{""Depth mMD"": ""20"", ""Depth mTVD"": ""1638.3"", ""Inclination (dega)"": ""58.96"", ""Azimuth (dega)"": ""281.75"", ""Comment"": null}, {""Depth mMD"": ""2210"", ""Depth mTVD"": ""1643.4"", ""Inclination (dega)"": ""59.98"", ""Azimuth (dega)"": ""283.75"", ""Comment"": null}, {""Depth mMD"": ""2220"", ""Depth mTVD"": ""1648.4"", ""Inclination (dega)"": ""59.98"", ""Azimuth (dega)"": ""283.75"", ""Comment"": null}, {""Depth mMD"": ""2881.1"", ""Depth mTVD"": ""2175.2"", ""Inclination (dega)"": ""19.62"", ""Azimuth (dega)"": ""9.88"", ""Comment"": null}, {""Depth mMD"": ""3836.4"", ""Depth mTVD"": ""3075"", ""Inclination (dega)"": ""19.62"", ""Azimuth (dega)"": ""9.88"", ""Comment"": null}]}"
2,15/9-19 A,15_9_19_A_1997_07_25.pdf,{}
3,15/9-19 A,15_9_19_A_1997_07_26.pdf,"{""Pore Pressure"": [{""Time"": ""00:00"", ""Depth mMD"": ""2213"", ""Depth TVD"": null, ""Equ Mud Weight (g/cm3)"": ""1.03"", ""Reading"": ""estimated""}], ""Lithology Information"": [{""Start Depth mMD"": ""2206"", ""End Depth mMD"": ""-999.99"", ""Start Depth TVD"": null, ""End Depth TVD"": null, ""Shows Description"": null, ""Lithology Description"": ""CLAYSTONES - HORDALAND GROUP""}], ""Gas Reading Information"": [{""Time"": ""00:00"", ""Class"": ""drilling gas pea k"", ""Depth to Top mMD"": ""2213"", ""Depth to Bottom MD"": null, ""Depth to Top mTVD"": ""1644"", ""Depth to Bottom TVD"": null, ""Highest Gas (%)"": "".1"", ""Lowest Gas ()"": null, ""C1 (ppm)"": ""800"", ""C2 (ppm)"": ""10"", ""C3 (ppm)"": ""-999.99"", ""IC4 (ppm)"": ""-999.99"", ""IC5 (ppm)"": ""-999.99""}]}"
4,15/9-19 A,15_9_19_A_1997_07_27.pdf,"{""Pore Pressure"": [{""Time"": ""00:00"", ""Depth mMD"": ""2213"", ""Depth TVD"": null, ""Equ Mud Weight (g/cm3)"": ""1.03"", ""Reading"": ""estimated""}]}"
5,15/9-19 A,15_9_19_A_1997_07_28.pdf,{}
6,15/9-19 A,15_9_19_A_1997_07_29.pdf,"{""Pore Pressure"": [{""Time"": ""00:00"", ""Depth mMD"": ""2178"", ""Depth TVD"": null, ""Equ Mud Weight (g/cm3)"": ""1.03"", ""Reading"": ""estimated""}], ""Lithology Information"": [{""Start Depth mMD"": ""2183"", ""End Depth mMD"": ""-999.99"", ""Start Depth TVD"": null, ""End Depth TVD"": null, ""Shows Description"": null, ""Lithology Description"": ""CLAYSTONE - HORDALAND GROUP""}]}"
7,15/9-19 A,15_9_19_A_1997_07_30.pdf,"{""Pore Pressure"": [{""Time"": ""00:00"", ""Depth mMD"": ""2405"", ""Depth TVD"": null, ""Equ Mud Weight (g/cm3)"": ""1.03"", ""Reading"": ""estimated""}], ""Survey Station"": [{""Depth mMD"": ""2178"", ""Depth mTVD"": ""1626.9"", ""Inclination (dega)"": ""58.95"", ""Azimuth (dega)"": ""281.88"", ""Comment"": null}, {""Depth mMD"": ""2289"", ""Depth mTVD"": ""1691.1"", ""Inclination (dega)"": ""50.3"", ""Azimuth (dega)"": ""282.7"", ""Comment"": null}, {""Depth mMD"": ""2318"", ""Depth mTVD"": ""1710.1"", ""Inclination (dega)"": ""48.3"", ""Azimuth (dega)"": ""284.3"", ""Comment"": null}, {""Depth mMD"": ""2348"", ""Depth mTVD"": ""1730.5"", ""Inclination (dega)"": ""45.8"", ""Azimuth (dega)"": ""286.8"", ""Comment"": null}], ""Lithology Information"": [{""Start Depth mMD"": ""2202"", ""End Depth mMD"": ""-999.99"", ""Start Depth TVD"": null, ""End Depth TVD"": null, ""Shows Description"": null, ""Lithology Description"": ""CLAYSTONES WITH THIN LIMESTONE STRINGERS - HORDALAND GROUP""}], ""Gas Reading Information"": [{""Time"": ""00:00"", ""Class"": ""drilling gas pea k"", ""Depth to Top mMD"": ""2231"", ""Depth to Bottom MD"": null, ""Depth to Top mTVD"": ""1654.2"", ""Depth to Bottom TVD"": null, ""Highest Gas (%)"": "".3"", ""Lowest Gas ()"": null, ""C1 (ppm)"": ""1588"", ""C2 (ppm)"": ""21"", ""C3 (ppm)"": ""7"", ""IC4 (ppm)"": ""1"", ""IC5 (ppm)"": ""-999.99""}, {""Time"": ""00:00"", ""Class"": ""drilling gas pea k"", ""Depth to Top mMD"": ""2237"", ""Depth to Bottom MD"": null, ""Depth to Top mTVD"": ""1657.3"", ""Depth to Bottom TVD"": null, ""Highest Gas (%)"": "".37"", ""Lowest Gas ()"": null, ""C1 (ppm)"": ""2812"", ""C2 (ppm)"": ""26"", ""C3 (ppm)"": ""21"", ""IC4 (ppm)"": ""1"", ""IC5 (ppm)"": ""-999.99""}, {""Time"": ""00:00"", ""Class"": ""drilling gas pea k"", ""Depth to Top mMD"": ""2384"", ""Depth to Bottom MD"": null, ""Depth to Top mTVD"": ""1756.1"", ""Depth to Bottom TVD"": null, ""Highest Gas (%)"": "".51"", ""Lowest Gas ()"": null, ""C1 (ppm)"": ""3430"", ""C2 (ppm)"": ""23"", ""C3 (ppm)"": ""21"", ""IC4 (ppm)"": ""2"", ""IC5 (ppm)"": ""-999.99""}]}"
8,15/9-19 A,15_9_19_A_1997_07_31.pdf,"{""Survey Station"": [{""Depth mMD"": ""2377"", ""Depth mTVD"": ""1751.1"", ""Inclination (dega)"": ""43.9"", ""Azimuth (dega)"": ""286.3"", ""Comment"": null}, {""Depth mMD"": ""2406"", ""Depth mTVD"": ""1772.3"", ""Inclination (dega)"": ""42"", ""Azimuth (dega)"": ""288.7"", ""Comment"": null}, {""Depth mMD"": ""2435"", ""Depth mTVD"": ""1794.1"", ""Inclination (dega)"": ""40.5"", ""Azimuth (dega)"": ""289.1"", ""Comment"": null}, {""Depth mMD"": ""2464"", ""Depth mTVD"": ""1816.5"", ""Inclination (dega)"": ""38.5"", ""Azimuth (dega)"": ""291.7"", ""Comment"": null}, {""Depth mMD"": ""2493"", ""Depth mTVD"": ""1839.4"", ""Inclination (dega)"": ""36.7"", ""Azimuth (dega)"": ""293.5"", ""Comment"": null}, {""Depth mMD"": ""2521"", ""Depth mTVD"": ""1862"", ""Inclination (dega)"": ""36"", ""Azimuth (dega)"": ""294.5"", ""Comment"": null}, {""Depth mMD"": ""2550"", ""Depth mTVD"": ""1885.6"", ""Inclination (dega)"": ""34.9"", ""Azimuth (dega)"": ""297.3"", ""Comment"": null}, {""Depth mMD"": ""2579"", ""Depth mTVD"": ""1909.7"", ""Inclination (dega)"": ""32.7"", ""Azimuth (dega)"": ""299.4"", ""Comment"": null}, {""Depth mMD"": ""2608"", ""Depth mTVD"": ""1934.4"", ""Inclination (dega)"": ""30.8"", ""Azimuth (dega)"": ""301"", ""Comment"": null}, {""Depth mMD"": ""2636"", ""Depth mTVD"": ""1958.6"", ""Inclination (dega)"": ""29.6"", ""Azimuth (dega)"": ""304.7"", ""Comment"": null}, {""Depth mMD"": ""2665"", ""Depth mTVD"": ""1983.9"", ""Inclination (dega)"": ""28.9"", ""Azimuth (dega)"": ""309.1"", ""Comment"": null}, {""Depth mMD"": ""2694"", ""Depth mTVD"": ""2009.4"", ""Inclination (dega)"": ""27.7"", ""Azimuth (dega)"": ""311.9"", ""Comment"": null}, {""Depth mMD"": ""2724"", ""Depth mTVD"": ""2036.1"", ""Inclination (dega)"": ""26.7"", ""Azimuth (dega)"": ""317"", ""Comment"": null}], ""Lithology Information"": [{""Start Depth mMD"": ""2400"", ""End Depth mMD"": ""-999.99"", ""Start Depth TVD"": null, ""End Depth TVD"": null, ""Shows Description"": null, ""Lithology Description"": ""CLAYSTONES WITH SOME DOLOMITE STRINGERS - HORDALAND GROUP""}, {""Start Depth mMD"": ""2610"", ""End Depth mMD"": ""-999.99"", ""Start Depth TVD"": null, ""End Depth TVD"": null, ""Shows Description"": null, ""Lithology Description"": ""CLAYSTONES WITH SOME DOLOMITE/LIMESTONE STRINGERS - HORDALAND GROUP""}], ""Gas Reading Information"": [{""Time"": ""00:00"", ""Class"": ""drilling gas pea k"", ""Depth to Top mMD"": ""2712"", ""Depth to Bottom MD"": null, ""Depth to Top mTVD"": ""2025.4"", ""Depth to Bottom TVD"": null, ""Highest Gas (%)"": "".34"", ""Lowest Gas ()"": null, ""C1 (ppm)"": ""2494"", ""C2 (ppm)"": ""30"", ""C3 (ppm)"": ""12"", ""IC4 (ppm)"": ""2"", ""IC5 (ppm)"": ""-999.99""}]}"
9,15/9-19 A,15_9_19_A_1997_08_01.pdf,"{""Pore Pressure"": [{""Time"": ""00:00"", ""Depth mMD"": ""2768"", ""Depth TVD"": null, ""Equ Mud Weight (g/cm3)"": ""1.03"", ""Reading"": ""estimated""}], ""Survey Station"": [{""Depth mMD"": ""2752"", ""Depth mTVD"": ""2061.2"", ""Inclination (dega)"": ""26.1"", ""Azimuth (dega)"": ""319.9"", ""Comment"": null}], ""Lithology Information"": [{""Start Depth mMD"": ""2760"", ""End Depth mMD"": ""-999.99"", ""Start Depth TVD"": null, ""End Depth TVD"": null, ""Shows Description"": null, ""Lithology Description"": ""CLAYSTONE WITH SOME DOLOMITE/LIMESTONE STRINGERS - HORDALAND GROUP""}], ""Gas Reading Information"": [{""Time"": ""00:00"", ""Class"": ""trip gas"", ""Depth to Top mMD"": ""2768"", ""Depth to Bottom MD"": null, ""Depth to Top mTVD"": ""2075.7"", ""Depth to Bottom TVD"": null, ""Highest Gas (%)"": "".05"", ""Lowest Gas ()"": null, ""C1 (ppm)"": ""280"", ""C2 (ppm)"": ""15"", ""C3 (ppm)"": ""2"", ""IC4 (ppm)"": ""-999.99"", ""IC5 (ppm)"": ""-999.99""}]}"
10,15/9-19 A,15_9_19_A_1997_08_02.pdf,"{""Pore Pressure"": [{""Time"": ""00:00"", ""Depth mMD"": ""2783"", ""Depth TVD"": null, ""Equ Mud Weight (g/cm3)"": ""1.03"", ""Reading"": ""estimated""}], ""Lithology Information"": [{""Start Depth mMD"": ""2768"", ""End Depth mMD"": ""-999.99"", ""Start Depth TVD"": null, ""End Depth TVD"": null, ""Shows Description"": null, ""Lithology Description"": ""CLAYSTONE WITH INCREASING AMOUNT OF ANHYDRITE/GYPSUM TOWARDS 2783M""}]}"
11,15/9-19 A,15_9_19_A_1997_08_03.pdf,"{""Pore Pressure"": [{""Time"": ""00:00"", ""Depth mMD"": ""2783"", ""Depth TVD"": null, ""Equ Mud Weight (g/cm3)"": ""1.03"", ""Reading"": ""estimated""}]}"
12,15/9-19 A,15_9_19_A_1997_08_04.pdf,"{""Survey Station"": [{""Depth mMD"": ""2781"", ""Depth mTVD"": ""2087.7"", ""Inclination (dega)"": ""25.3"", ""Azimuth (dega)"": ""322.1"", ""Comment"": null}, {""Depth mMD"": ""2810"", ""Depth mTVD"": ""2113.9"", ""Inclination (dega)"": ""25.5"", ""Azimuth (dega)"": ""328.3"", ""Comment"": null}, {""Depth mMD"": ""2839"", ""Depth mTVD"": ""2140.3"", ""Inclination (dega)"": ""24.1"", ""Azimuth (dega)"": ""336.2"", ""Comment"": null}, {""Depth mMD"": ""2867"", ""Depth mTVD"": ""2165.9"", ""Inclination (dega)"": ""23.4"", ""Azimuth (dega)"": ""341"", ""Comment"": null}, {""Depth mMD"": ""2896"", ""Depth mTVD"": ""2192.7"", ""Inclination (dega)"": ""21.6"", ""Azimuth (dega)"": ""348.1"", ""Comment"": null}, {""Depth mMD"": ""2924"", ""Depth mTVD"": ""2218.8"", ""Inclination (dega)"": ""20.9"", ""Azimuth (dega)"": ""354.2"", ""Comment"": null}, {""Depth mMD"": ""2953"", ""Depth mTVD"": ""2245.9"", ""Inclination (dega)"": ""20.7"", ""Azimuth (dega)"": ""2.3"", ""Comment"": null}, {""Depth mMD"": ""2982"", ""Depth mTVD"": ""2273"", ""Inclination (dega)"": ""21.4"", ""Azimuth (dega)"": ""11.7"", ""Comment"": null}, {""Depth mMD"": ""3011"", ""Depth mTVD"": ""2299.8"", ""Inclination (dega)"": ""23.1"", ""Azimuth (dega)"": ""15"", ""Comment"": null}], ""Lithology Information"": [{""Start Depth mMD"": ""2783"", ""End Depth mMD"": ""-999.99"", ""Start Depth TVD"": null, ""End Depth TVD"": null, ""Shows Description"": null, ""Lithology Description"": ""CLAYSTONE WITH GYPSUM""}, {""Start Depth mMD"": ""2840"", ""End Depth mMD"": ""-999.99"", ""Start Depth TVD"": null, ""End Depth TVD"": null, ""Shows Description"": null, ""Lithology Description"": ""CLAYSTONE WITH LAYERS OF SANDSTONE/TUFF""}, {""Start Depth mMD"": ""2940"", ""End Depth mMD"": ""-999.99"", ""Start Depth TVD"": null, ""End Depth TVD"": null, ""Shows Description"": null, ""Lithology Description"": ""CLAYSTONE WITH VARIOUS AMOUNTS OF TUFF""}], ""Gas Reading Information"": [{""Time"": ""00:00"", ""Class"": ""connection ga s"", ""Depth to Top mMD"": ""2912"", ""Depth to Bottom MD"": null, ""Depth to Top TVD"": null, ""Depth to Bottom TVD"": null, ""Highest Gas (%)"": ""1.01"", ""Lowest Gas ()"": null, ""C1 (ppm)"": ""7304"", ""C2 (ppm)"": ""72"", ""C3 (ppm)"": ""23"", ""IC4 (ppm)"": ""2"", ""IC5 (ppm)"": ""-999.99""}, {""Time"": ""00:00"", ""Class"": ""connection ga s"", ""Depth to Top mMD"": ""2942"", ""Depth to Bottom MD"": null, ""Depth to Top TVD"": null, ""Depth to Bottom TVD"": null, ""Highest Gas (%)"": "".83"", ""Lowest Gas ()"": null, ""C1 (ppm)"": ""5763"", ""C2 (ppm)"": ""38"", ""C3 (ppm)"": ""2"", ""IC4 (ppm)"": ""2"", ""IC5 (ppm)"": ""-999.99""}, {""Time"": ""00:00"", ""Class"": ""connection ga s"", ""Depth to Top mMD"": ""2970"", ""Depth to Bottom MD"": null, ""Depth to Top TVD"": null, ""Depth to Bottom TVD"": null, ""Highest Gas (%)"": "".69"", ""Lowest Gas ()"": null, ""C1 (ppm)"": ""4742"", ""C2 (ppm)"": ""146"", ""C3 (ppm)"": ""30"", ""IC4 (ppm)"": ""2"", ""IC5 (ppm)"": ""-999.99""}]}"
13,15/9-19 A,15_9_19_A_1997_08_05.pdf,"{""Pore Pressure"": [{""Time"": ""00:00"", ""Depth mMD"": ""3057"", ""Depth TVD"": null, ""Equ Mud Weight (g/cm3)"": ""1.2"", ""Reading"": ""estimated""}], ""Survey Station"": [{""Depth mMD"": ""3040"", ""Depth mTVD"": ""2326.4"", ""Inclination (dega)"": ""23.9"", ""Azimuth (dega)"": ""16.8"", ""Comment"": null}], ""Lithology Information"": [{""Start Depth mMD"": ""3010"", ""End Depth mMD"": ""-999.99"", ""Start Depth TVD"": null, ""End Depth TVD"": null, ""Shows Description"": null, ""Lithology Description"": ""CLAYSTONE WITH MINOR LIMESTONE STRINGERS""}], ""Gas Reading Information"": [{""Time"": ""00:00"", ""Class"": ""trip gas"", ""Depth to Top mMD"": ""20"", ""Depth to Bottom MD"": null, ""Depth to Top TVD"": null, ""Depth to Bottom TVD"": null, ""Highest Gas (%)"": ""2.2"", ""Lowest Gas ()"": null, ""C1 (ppm)"": ""16527"", ""C2 (ppm)"": ""20"", ""C3 (ppm)"": ""19"", ""IC4 (ppm)"": ""3"", ""IC5 (ppm)"": ""-999.99""}, {""Time"": ""00:00"", ""Class"": ""connection ga s"", ""Depth to Top mMD"": ""3029"", ""Depth to Bottom MD"": null, ""Depth to Top TVD"": null, ""Depth to Bottom TVD"": null, ""Highest Gas (%)"": "".52"", ""Lowest Gas ()"": null, ""C1 (ppm)"": ""2681"", ""C2 (ppm)"": ""27"", ""C3 (ppm)"": ""17"", ""IC4 (ppm)"": ""1"", ""IC5 (ppm)"": ""-999.99""}, {""Time"": ""00:00"", ""Class"": ""trip gas"", ""Depth to Top mMD"": ""3057"", ""Depth to Bottom MD"": null, ""Depth to Top TVD"": null, ""Depth to Bottom TVD"": null, ""Highest Gas (%)"": ""1.4"", ""Lowest Gas ()"": null, ""C1 (ppm)"": ""60"", ""C2 (ppm)"": ""741"", ""C3 (ppm)"": ""18"", ""IC4 (ppm)"": ""3"", ""IC5 (ppm)"": ""-999.99""}]}"
14,15/9-19 A,15_9_19_A_1997_08_06.pdf,"{""Survey Station"": [{""Depth mMD"": ""3070"", ""Depth mTVD"": ""2353.8"", ""Inclination (dega)"": ""24.5"", ""Azimuth (dega)"": ""17.8"", ""Comment"": null}, {""Depth mMD"": ""3100"", ""Depth mTVD"": ""2381.1"", ""Inclination (dega)"": ""24"", ""Azimuth (dega)"": ""17.6"", ""Comment"": null}, {""Depth mMD"": ""3129"", ""Depth mTVD"": ""2407.6"", ""Inclination (dega)"": ""23.9"", ""Azimuth (dega)"": ""15.9"", ""Comment"": null}, {""Depth mMD"": ""3158"", ""Depth mTVD"": ""2434.2"", ""Inclination (dega)"": ""23.6"", ""Azimuth (dega)"": ""17.1"", ""Comment"": null}, {""Depth mMD"": ""3187"", ""Depth mTVD"": ""2460.7"", ""Inclination (dega)"": ""23.8"", ""Azimuth (dega)"": ""17.3"", ""Comment"": null}, {""Depth mMD"": ""3216"", ""Depth mTVD"": ""2487.2"", ""Inclination (dega)"": ""24"", ""Azimuth (dega)"": ""15.7"", ""Comment"": null}, {""Depth mMD"": ""3245"", ""Depth mTVD"": ""2513.7"", ""Inclination (dega)"": ""24.4"", ""Azimuth (dega)"": ""15.2"", ""Comment"": null}, {""Depth mMD"": ""3274"", ""Depth mTVD"": ""2540.1"", ""Inclination (dega)"": ""24.6"", ""Azimuth (dega)"": ""15.3"", ""Comment"": null}, {""Depth mMD"": ""3303"", ""Depth mTVD"": ""2566.4"", ""Inclination (dega)"": ""24.8"", ""Azimuth (dega)"": ""14.8"", ""Comment"": null}, {""Depth mMD"": ""3331"", ""Depth mTVD"": ""2591.9"", ""Inclination (dega)"": ""24.7"", ""Azimuth (dega)"": ""15"", ""Comment"": null}, {""Depth mMD"": ""3360"", ""Depth mTVD"": ""2618.2"", ""Inclination (dega)"": ""25"", ""Azimuth (dega)"": ""13.5"", ""Comment"": null}], ""Lithology Information"": [{""Start Depth mMD"": ""3050"", ""End Depth mMD"": ""-999.99"", ""Start Depth TVD"": null, ""End Depth TVD"": null, ""Shows Description"": null, ""Lithology Description"": ""CLAYSTONE WITH BEDS OF LIMESTONE/SILTSTONE""}, {""Start Depth mMD"": ""3178"", ""End Depth mMD"": ""-999.99"", ""Start Depth TVD"": null, ""End Depth TVD"": null, ""Shows Description"": null, ""Lithology Description"": ""SANDSTONE WITH BEDS OF SILTSTONE/CLAYSTONE""}, {""Start Depth mMD"": ""3308"", ""End Depth mMD"": ""-999.99"", ""Start Depth TVD"": null, ""End Depth TVD"": null, ""Shows Description"": null, ""Lithology Description"": ""LIMESTONE""}], ""Gas Reading Information"": [{""Time"": ""00:00"", ""Class"": ""connection ga s"", ""Depth to Top mMD"": ""3089"", ""Depth to Bottom MD"": null, ""Depth to Top TVD"": null, ""Depth to Bottom TVD"": null, ""Highest Gas (%)"": "".23"", ""Lowest Gas ()"": null, ""C1 (ppm)"": ""1275"", ""C2 (ppm)"": ""38"", ""C3 (ppm)"": ""9"", ""IC4 (ppm)"": ""1"", ""IC5 (ppm)"": ""-999.99""}, {""Time"": ""00:00"", ""Class"": ""connection ga s"", ""Depth to Top mMD"": ""3116"", ""Depth to Bottom MD"": null, ""Depth to Top TVD"": null, ""Depth to Bottom TVD"": null, ""Highest Gas (%)"": "".2"", ""Lowest Gas ()"": null, ""C1 (ppm)"": ""1180"", ""C2 (ppm)"": ""29"", ""C3 (ppm)"": ""4"", ""IC4 (ppm)"": ""-999.99"", ""IC5 (ppm)"": ""-999.99""}, {""Time"": ""00:00"", ""Class"": ""connection ga s"", ""Depth to Top mMD"": ""3146"", ""Depth to Bottom MD"": null, ""Depth to Top TVD"": null, ""Depth to Bottom TVD"": null, ""Highest Gas (%)"": "".18"", ""Lowest Gas ()"": null, ""C1 (ppm)"": ""960"", ""C2 (ppm)"": ""24"", ""C3 (ppm)"": ""6"", ""IC4 (ppm)"": ""1"", ""IC5 (ppm)"": ""-999.99""}, {""Time"": ""00:00"", ""Class"": ""connection ga s"", ""Depth to Top mMD"": ""3175"", ""Depth to Bottom MD"": null, ""Depth to Top TVD"": null, ""Depth to Bottom TVD"": null, ""Highest Gas (%)"": "".8"", ""Lowest Gas ()"": null, ""C1 (ppm)"": ""4366"", ""C2 (ppm)"": ""121"", ""C3 (ppm)"": ""42"", ""IC4 (ppm)"": ""1"", ""IC5 (ppm)"": ""-999.99""}, {""Time"": ""00:00"", ""Class"": ""connection ga s"", ""Depth to Top mMD"": ""3203"", ""Depth to Bottom MD"": null, ""Depth to Top TVD"": null, ""Depth to Bottom TVD"": null, ""Highest Gas (%)"": ""1.5"", ""Lowest Gas ()"": null, ""C1 (ppm)"": ""13600"", ""C2 (ppm)"": ""105"", ""C3 (ppm)"": ""28"", ""IC4 (ppm)"": ""1"", ""IC5 (ppm)"": ""-999.99""}, {""Time"": ""00:00"", ""Class"": ""connection ga s"", ""Depth to Top mMD"": ""3232"", ""Depth to Bottom MD"": null, ""Depth to Top TVD"": null, ""Depth to Bottom TVD"": null, ""Highest Gas (%)"": ""1.07"", ""Lowest Gas ()"": null, ""C1 (ppm)"": ""7191"", ""C2 (ppm)"": ""258"", ""C3 (ppm)"": ""46"", ""IC4 (ppm)"": ""3"", ""IC5 (ppm)"": ""-999.99""}, {""Time"": ""00:00"", ""Class"": ""connection ga s"", ""Depth to Top mMD"": ""3319"", ""Depth to Bottom MD"": null, ""Depth to Top TVD"": null, ""Depth to Bottom TVD"": null, ""Highest Gas (%)"": "".58"", ""Lowest Gas ()"": null, ""C1 (ppm)"": ""4239"", ""C2 (ppm)"": ""79"", ""C3 (ppm)"": ""24"", ""IC4 (ppm)"": ""2"", ""IC5 (ppm)"": ""-999.99""}, {""Time"": ""00:00"", ""Class"": ""connection ga s"", ""Depth to Top mMD"": ""3349"", ""Depth to Bottom MD"": null, ""Depth to Top TVD"": null, ""Depth to Bottom TVD"": null, ""Highest Gas (%)"": "".15"", ""Lowest Gas ()"": null, ""C1 (ppm)"": ""650"", ""C2 (ppm)"": ""20"", ""C3 (ppm)"": ""1"", ""IC4 (ppm)"": ""1"", ""IC5 (ppm)"": ""-999.99""}, {""Time"": ""00:00"", ""Class"": ""connection ga s"", ""Depth to Top mMD"": ""3379"", ""Depth to Bottom MD"": null, ""Depth to Top TVD"": null, ""Depth to Bottom TVD"": null, ""Highest Gas (%)"": ""1.36"", ""Lowest Gas ()"": null, ""C1 (ppm)"": ""10024"", ""C2 (ppm)"": ""43"", ""C3 (ppm)"": ""284"", ""IC4 (ppm)"": ""7"", ""IC5 (ppm)"": ""-999.99""}]}"
15,15/9-19 A,15_9_19_A_1997_08_07.pdf,"{""Pore Pressure"": [{""Time"": ""00:00"", ""Depth mMD"": ""3573"", ""Depth TVD"": null, ""Equ Mud Weight (g/cm3)"": ""1.2"", ""Reading"": ""estimated""}], ""Survey Station"": [{""Depth mMD"": ""3389"", ""Depth mTVD"": ""2644.5"", ""Inclination (dega)"": ""24.8"", ""Azimuth (dega)"": ""13.3"", ""Comment"": null}, {""Depth mMD"": ""3418"", ""Depth mTVD"": ""2670.8"", ""Inclination (dega)"": ""24.7"", ""Azimuth (dega)"": ""13.7"", ""Comment"": null}, {""Depth mMD"": ""3447"", ""Depth mTVD"": ""2697.1"", ""Inclination (dega)"": ""24.8"", ""Azimuth (dega)"": ""12.9"", ""Comment"": null}, {""Depth mMD"": ""3477"", ""Depth mTVD"": ""2724.4"", ""Inclination (dega)"": ""24.7"", ""Azimuth (dega)"": ""13.4"", ""Comment"": null}, {""Depth mMD"": ""3505"", ""Depth mTVD"": ""2749.9"", ""Inclination (dega)"": ""24.2"", ""Azimuth (dega)"": ""13.8"", ""Comment"": null}, {""Depth mMD"": ""3533"", ""Depth mTVD"": ""2775.5"", ""Inclination (dega)"": ""23.7"", ""Azimuth (dega)"": ""12.4"", ""Comment"": null}, {""Depth mMD"": ""3562"", ""Depth mTVD"": ""2802.1"", ""Inclination (dega)"": ""23.4"", ""Azimuth (dega)"": ""11.1"", ""Comment"": null}], ""Lithology Information"": [{""Start Depth mMD"": ""3390"", ""End Depth mMD"": ""-999.99"", ""Start Depth TVD"": null, ""End Depth TVD"": null, ""Shows Description"": null, ""Lithology Description"": ""LIMESTONE GRADING TO MARL WITH DEPTH""}], ""Gas Reading Information"": [{""Time"": ""00:00"", ""Class"": ""connection gas"", ""Depth to Top mMD"": ""3405"", ""Depth to Bottom MD"": null, ""Depth to Top TVD"": null, ""Depth to Bottom TVD"": null, ""Highest Gas (%)"": ""1.52"", ""Lowest Gas ()"": null, ""C1 (ppm)"": ""10418"", ""C2 (ppm)"": ""4"", ""C3 (ppm)"": ""41"", ""IC4 (ppm)"": ""3"", ""IC5 (ppm)"": ""-999.99""}, {""Time"": ""00:00"", ""Class"": ""connection gas"", ""Depth to Top mMD"": ""3435"", ""Depth to Bottom MD"": null, ""Depth to Top TVD"": null, ""Depth to Bottom TVD"": null, ""Highest Gas (%)"": ""1.17"", ""Lowest Gas ()"": null, ""C1 (ppm)"": ""7028"", ""C2 (ppm)"": ""1521"", ""C3 (ppm)"": ""30"", ""IC4 (ppm)"": ""2"", ""IC5 (ppm)"": ""-999.99""}, {""Time"": ""00:00"", ""Class"": ""connection gas"", ""Depth to Top mMD"": ""3464"", ""Depth to Bottom MD"": null, ""Depth to Top TVD"": null, ""Depth to Bottom TVD"": null, ""Highest Gas (%)"": ""1.67"", ""Lowest Gas ()"": null, ""C1 (ppm)"": ""12968"", ""C2 (ppm)"": ""43"", ""C3 (ppm)"": ""2"", ""IC4 (ppm)"": ""4"", ""IC5 (ppm)"": ""-999.99""}, {""Time"": ""00:00"", ""Class"": ""drilling gas pea k"", ""Depth to Top mMD"": ""3466"", ""Depth to Bottom MD"": null, ""Depth to Top TVD"": null, ""Depth to Bottom TVD"": null, ""Highest Gas (%)"": "".75"", ""Lowest Gas ()"": null, ""C1 (ppm)"": ""4795"", ""C2 (ppm)"": ""43"", ""C3 (ppm)"": ""18"", ""IC4 (ppm)"": ""2"", ""IC5 (ppm)"": ""-999.99""}, {""Time"": ""00:00"", ""Class"": ""connection gas"", ""Depth to Top mMD"": ""3494"", ""Depth to Bottom MD"": null, ""Depth to Top TVD"": null, ""Depth to Bottom TVD"": null, ""Highest Gas (%)"": ""1.32"", ""Lowest Gas ()"": null, ""C1 (ppm)"": ""8246"", ""C2 (ppm)"": ""38"", ""C3 (ppm)"": ""31"", ""IC4 (ppm)"": ""2"", ""IC5 (ppm)"": ""-999.99""}, {""Time"": ""00:00"", ""Class"": ""connection gas"", ""Depth to Top mMD"": ""3524"", ""Depth to Bottom MD"": null, ""Depth to Top TVD"": null, ""Depth to Bottom TVD"": null, ""Highest Gas (%)"": "".61"", ""Lowest Gas ()"": null, ""C1 (ppm)"": ""4211"", ""C2 (ppm)"": ""45"", ""C3 (ppm)"": ""26"", ""IC4 (ppm)"": ""1"", ""IC5 (ppm)"": ""-999.99""}, {""Time"": ""00:00"", ""Class"": ""connection gas"", ""Depth to Top mMD"": ""3552"", ""Depth to Bottom MD"": null, ""Depth to Top TVD"": null, ""Depth to Bottom TVD"": null, ""Highest Gas (%)"": ""1.26"", ""Lowest Gas ()"": null, ""C1 (ppm)"": ""8514"", ""C2 (ppm)"": ""47"", ""C3 (ppm)"": ""3"", ""IC4 (ppm)"": ""3"", ""IC5 (ppm)"": ""-999.99""}]}"
16,15/9-19 A,15_9_19_A_1997_08_08.pdf,"{""Pore Pressure"": [{""Time"": ""00:00"", ""Depth mMD"": ""3632"", ""Depth TVD"": null, ""Equ Mud Weight (g/cm3)"": ""1.22"", ""Reading"": ""estimated""}], ""Survey Station"": [{""Depth mMD"": ""3592"", ""Depth mTVD"": ""2829.7"", ""Inclination (dega)"": ""22.3"", ""Azimuth (dega)"": ""11.6"", ""Comment"": null}, {""Depth mMD"": ""3604"", ""Depth mTVD"": ""2840.8"", ""Inclination (dega)"": ""21.9"", ""Azimuth (dega)"": ""9.9"", ""Comment"": null}], ""Lithology Information"": [{""Start Depth mMD"": ""3573"", ""End Depth mMD"": ""-999.99"", ""Start Depth TVD"": null, ""End Depth TVD"": null, ""Shows Description"": null, ""Lithology Description"": ""MARL INTERBEDDED WITH LIMESTONE""}], ""Gas Reading Information"": [{""Time"": ""00:00"", ""Class"": ""connection ga s"", ""Depth to Top mMD"": ""3581"", ""Depth to Bottom MD"": null, ""Depth to Top TVD"": null, ""Depth to Bottom TVD"": null, ""Highest Gas (%)"": ""1.34"", ""Lowest Gas ()"": null, ""C1 (ppm)"": ""9654"", ""C2 (ppm)"": ""169"", ""C3 (ppm)"": ""53"", ""IC4 (ppm)"": ""4"", ""IC5 (ppm)"": ""-999.99""}, {""Time"": ""00:00"", ""Class"": ""connection ga s"", ""Depth to Top mMD"": ""3632"", ""Depth to Bottom MD"": null, ""Depth to Top TVD"": null, ""Depth to Bottom TVD"": null, ""Highest Gas (%)"": "".68"", ""Lowest Gas ()"": null, ""C1 (ppm)"": ""3100"", ""C2 (ppm)"": ""68"", ""C3 (ppm)"": ""1"", ""IC4 (ppm)"": ""3"", ""IC5 (ppm)"": ""-999.99""}]}"
17,15/9-19 A,15_9_19_A_1997_08_09.pdf,"{""Pore Pressure"": [{""Time"": ""00:00"", ""Depth mMD"": ""3653"", ""Depth TVD"": null, ""Equ Mud Weight (g/cm3)"": ""1.22"", ""Reading"": ""estimated""}], ""Lithology Information"": [{""Start Depth mMD"": ""3632"", ""End Depth mMD"": ""-999.99"", ""Start Depth TVD"": null, ""End Depth TVD"": null, ""Shows Description"": null, ""Lithology Description"": ""MARL AND CLAYSTONE WITH BEDS OF LIMESTONE""}], ""Gas Reading Information"": [{""Time"": ""00:00"", ""Class"": ""trip gas"", ""Depth to Top mMD"": ""3632"", ""Depth to Bottom MD"": null, ""Depth to Top mTVD"": ""2866"", ""Depth to Bottom TVD"": null, ""Highest Gas (%)"": ""3.08"", ""Lowest Gas ()"": null, ""C1 (ppm)"": ""25386"", ""C2 (ppm)"": ""1440"", ""C3 (ppm)"": ""3"", ""IC4 (ppm)"": ""1"", ""IC5 (ppm)"": ""1""}, {""Time"": ""00:00"", ""Class"": ""connection ga s"", ""Depth to Top mMD"": ""3637"", ""Depth to Bottom MD"": null, ""Depth to Top mTVD"": null, ""Depth to Bottom TVD"": null, ""Highest Gas (%)"": "".59"", ""Lowest Gas ()"": null, ""C1 (ppm)"": ""4511"", ""C2 (ppm)"": ""41"", ""C3 (ppm)"": ""30"", ""IC4 (ppm)"": ""1"", ""IC5 (ppm)"": ""-999.99""}]}"
18,15/9-19 A,15_9_19_A_1997_08_10.pdf,"{""Pore Pressure"": [{""Time"": ""00:00"", ""Depth mMD"": ""3600"", ""Depth TVD"": null, ""Equ Mud Weight (g/cm3)"": ""1.22"", ""Reading"": ""estimated""}, {""Time"": ""00:00"", ""Depth mMD"": ""3783"", ""Depth TVD"": null, ""Equ Mud Weight (g/cm3)"": ""1.15"", ""Reading"": ""estimated""}], ""Survey Station"": [{""Depth mMD"": ""3632"", ""Depth mTVD"": ""2866.9"", ""Inclination (dega)"": ""20.7"", ""Azimuth (dega)"": ""9.1"", ""Comment"": null}, {""Depth mMD"": ""3657"", ""Depth mTVD"": ""2890.1"", ""Inclination (dega)"": ""24"", ""Azimuth (dega)"": ""18.2"", ""Comment"": null}, {""Depth mMD"": ""3678"", ""Depth mTVD"": ""2909.3"", ""Inclination (dega)"": ""23.4"", ""Azimuth (dega)"": ""23.5"", ""Comment"": null}, {""Depth mMD"": ""3707"", ""Depth mTVD"": ""2935.7"", ""Inclination (dega)"": ""25"", ""Azimuth (dega)"": ""28.3"", ""Comment"": null}, {""Depth mMD"": ""3721"", ""Depth mTVD"": ""2948.3"", ""Inclination (dega)"": ""26.6"", ""Azimuth (dega)"": ""30.2"", ""Comment"": null}, {""Depth mMD"": ""3736"", ""Depth mTVD"": ""2961.7"", ""Inclination (dega)"": ""26.8"", ""Azimuth (dega)"": ""31.2"", ""Comment"": null}, {""Depth mMD"": ""3765"", ""Depth mTVD"": ""2987.6"", ""Inclination (dega)"": ""26.8"", ""Azimuth (dega)"": ""33.1"", ""Comment"": null}], ""Lithology Information"": [{""Start Depth mMD"": ""3653"", ""End Depth mMD"": ""-999.99"", ""Start Depth TVD"": null, ""End Depth TVD"": null, ""Shows Description"": null, ""Lithology Description"": ""INTERBEDDED MARL, LIMESTONE AND CLAYSTONE""}, {""Start Depth mMD"": ""3667.5"", ""End Depth mMD"": ""-999.99"", ""Start Depth TVD"": null, ""End Depth TVD"": null, ""Shows Description"": null, ""Lithology Description"": ""CLAYSTONE WITH OCCASIONAL BEDS OF LIMESTONE""}], ""Gas Reading Information"": [{""Time"": ""00:00"", ""Class"": ""trip gas"", ""Depth to Top mMD"": ""3653"", ""Depth to Bottom MD"": null, ""Depth to Top TVD"": null, ""Depth to Bottom TVD"": null, ""Highest Gas (%)"": ""2.35"", ""Lowest Gas ()"": null, ""C1 (ppm)"": ""20061"", ""C2 (ppm)"": ""1110"", ""C3 (ppm)"": ""48"", ""IC4 (ppm)"": ""2"", ""IC5 (ppm)"": ""-999.99""}, {""Time"": ""00:00"", ""Class"": ""connection ga s"", ""Depth to Top mMD"": ""3694"", ""Depth to Bottom MD"": null, ""Depth to Top TVD"": null, ""Depth to Bottom TVD"": null, ""Highest Gas (%)"": ""1.21"", ""Lowest Gas ()"": null, ""C1 (ppm)"": ""8347"", ""C2 (ppm)"": ""459"", ""C3 (ppm)"": ""106"", ""IC4 (ppm)"": ""14"", ""IC5 (ppm)"": ""6""}, {""Time"": ""00:00"", ""Class"": ""connection ga s"", ""Depth to Top mMD"": ""3753"", ""Depth to Bottom MD"": null, ""Depth to Top TVD"": null, ""Depth to Bottom TVD"": null, ""Highest Gas (%)"": "".58"", ""Lowest Gas ()"": null, ""C1 (ppm)"": ""4143"", ""C2 (ppm)"": ""101"", ""C3 (ppm)"": ""80"", ""IC4 (ppm)"": ""6"", ""IC5 (ppm)"": ""4""}]}"
19,15/9-19 A,15_9_19_A_1997_08_11.pdf,"{""Pore Pressure"": [{""Time"": ""00:00"", ""Depth mMD"": ""3600"", ""Depth TVD"": null, ""Equ Mud Weight (g/cm3)"": ""1.22"", ""Reading"": ""estimated""}, {""Time"": ""00:00"", ""Depth mMD"": ""3823"", ""Depth TVD"": null, ""Equ Mud Weight (g/cm3)"": ""1.09"", ""Reading"": ""estimated""}], ""Survey Station"": [{""Depth mMD"": ""3794"", ""Depth mTVD"": ""3013.4"", ""Inclination (dega)"": ""27.5"", ""Azimuth (dega)"": ""34.6"", ""Comment"": null}], ""Lithology Information"": [{""Start Depth mMD"": ""3774"", ""End Depth mMD"": ""-999.99"", ""Start Depth TVD"": null, ""End Depth TVD"": null, ""Shows Description"": null, ""Lithology Description"": ""CLAYSTONE""}, {""Start Depth mMD"": ""3778"", ""End Depth mMD"": ""-999.99"", ""Start Depth TVD"": null, ""End Depth TVD"": null, ""Shows Description"": null, ""Lithology Description"": ""CLAYSTONE WITH BEDS OF SILTY SANDSTONE AND SILTSTONE AND STRINGERS OF LIMESTONE""}], ""Gas Reading Information"": [{""Time"": ""00:00"", ""Class"": ""connection gas"", ""Depth to Top mMD"": ""3781"", ""Depth to Bottom MD"": null, ""Depth to Top TVD"": null, ""Depth to Bottom TVD"": null, ""Highest Gas (%)"": "".96"", ""Lowest Gas ()"": null, ""C1 (ppm)"": ""6646"", ""C2 (ppm)"": ""242"", ""C3 (ppm)"": ""134"", ""IC4 (ppm)"": ""10"", ""IC5 (ppm)"": ""6""}, {""Time"": ""00:00"", ""Class"": ""drilling gas pea k"", ""Depth to Top mMD"": ""3800"", ""Depth to Bottom MD"": null, ""Depth to Top TVD"": null, ""Depth to Bottom TVD"": null, ""Highest Gas (%)"": ""1.43"", ""Lowest Gas ()"": null, ""C1 (ppm)"": ""8058"", ""C2 (ppm)"": ""747"", ""C3 (ppm)"": ""270"", ""IC4 (ppm)"": ""25"", ""IC5 (ppm)"": ""8""}, {""Time"": ""00:00"", ""Class"": ""connection gas"", ""Depth to Top mMD"": ""3811"", ""Depth to Bottom MD"": null, ""Depth to Top TVD"": null, ""Depth to Bottom TVD"": null, ""Highest Gas (%)"": ""1.07"", ""Lowest Gas ()"": null, ""C1 (ppm)"": ""6142"", ""C2 (ppm)"": ""108"", ""C3 (ppm)"": ""72"", ""IC4 (ppm)"": ""5"", ""IC5 (ppm)"": ""4""}]}"
20,15/9-19 A,15_9_19_A_1997_08_12.pdf,"{""Pore Pressure"": [{""Time"": ""00:00"", ""Depth mMD"": ""3600"", ""Depth TVD"": null, ""Equ Mud Weight (g/cm3)"": ""1.22"", ""Reading"": ""estimated""}, {""Time"": ""00:00"", ""Depth mMD"": ""3838"", ""Depth TVD"": null, ""Equ Mud Weight (g/cm3)"": ""1.09"", ""Reading"": ""estimated""}], ""Lithology Information"": [{""Start Depth mMD"": ""3823"", ""End Depth mMD"": ""-999.99"", ""Start Depth TVD"": null, ""End Depth TVD"": null, ""Shows Description"": null, ""Lithology Description"": ""SANDSTONE WITH BEDS OF CLAYSTONE""}], ""Gas Reading Information"": [{""Time"": ""00:00"", ""Class"": ""trip gas"", ""Depth to Top mMD"": ""3823"", ""Depth to Bottom MD"": null, ""Depth to Top TVD"": null, ""Depth to Bottom TVD"": null, ""Highest Gas (%)"": ""2.33"", ""Lowest Gas ()"": null, ""C1 (ppm)"": ""12553"", ""C2 (ppm)"": ""1582"", ""C3 (ppm)"": ""266"", ""IC4 (ppm)"": ""23"", ""IC5 (ppm)"": ""6""}, {""Time"": ""00:00"", ""Class"": ""drilling gas pea k"", ""Depth to Top mMD"": ""3828"", ""Depth to Bottom MD"": null, ""Depth to Top TVD"": null, ""Depth to Bottom TVD"": null, ""Highest Gas (%)"": ""2.2"", ""Lowest Gas ()"": null, ""C1 (ppm)"": ""14753"", ""C2 (ppm)"": ""1006"", ""C3 (ppm)"": ""310"", ""IC4 (ppm)"": ""20"", ""IC5 (ppm)"": ""6""}]}"
21,15/9-19 A,15_9_19_A_1997_08_13.pdf,"{""Pore Pressure"": [{""Time"": ""00:00"", ""Depth mMD"": ""3600"", ""Depth TVD"": null, ""Equ Mud Weight (g/cm3)"": ""1.22"", ""Reading"": ""estimated""}, {""Time"": ""00:00"", ""Depth mMD"": ""3854"", ""Depth TVD"": null, ""Equ Mud Weight (g/cm3)"": ""1.09"", ""Reading"": ""estimated""}], ""Gas Reading Information"": [{""Time"": ""00:00"", ""Class"": ""drilling gas pea k"", ""Depth to Top mMD"": ""3844"", ""Depth to Bottom MD"": null, ""Depth to Top TVD"": null, ""Depth to Bottom TVD"": null, ""Highest Gas (%)"": ""1.29"", ""Lowest Gas ()"": null, ""C1 (ppm)"": ""9449"", ""C2 (ppm)"": ""571"", ""C3 (ppm)"": ""140"", ""IC4 (ppm)"": ""12"", ""IC5 (ppm)"": ""1""}]}"
22,15/9-19 A,15_9_19_A_1997_08_14.pdf,"{""Pore Pressure"": [{""Time"": ""00:00"", ""Depth mMD"": ""3600"", ""Depth TVD"": null, ""Equ Mud Weight (g/cm3)"": ""1.22"", ""Reading"": ""estimated""}, {""Time"": ""00:00"", ""Depth mMD"": ""3881"", ""Depth TVD"": null, ""Equ Mud Weight (g/cm3)"": ""1.09"", ""Reading"": ""estimated""}], ""Core Information"": [{""Core No"": ""1"", ""Depth Top mMD"": ""3838"", ""Depth Bottom mMD"": ""3854"", ""Core Length (m)"": ""15.2"", ""Recover core (%)"": ""95.1"", ""Core barrel length (m)"": ""28"", ""Inner barrel type"": ""aluminum"", ""Description"": ""none""}], ""Lithology Information"": [{""Start Depth mMD"": ""3838"", ""End Depth mMD"": ""-999.99"", ""Start Depth TVD"": null, ""End Depth TVD"": null, ""Shows Description"": null, ""Lithology Description"": ""SANDSTONE""}]}"
23,15/9-19 A,15_9_19_A_1997_08_15.pdf,"{""Pore Pressure"": [{""Time"": ""00:00"", ""Depth mMD"": ""3600"", ""Depth TVD"": null, ""Equ Mud Weight (g/cm3)"": ""1.22"", ""Reading"": ""estimated""}, {""Time"": ""00:00"", ""Depth mMD"": ""3908.5"", ""Depth TVD"": null, ""Equ Mud Weight (g/cm3)"": ""1.09"", ""Reading"": ""estimated""}], ""Core Information"": [{""Core No"": ""2"", ""Depth Top mMD"": ""3854"", ""Depth Bottom mMD"": ""3881.5"", ""Core Length (m)"": ""27.7"", ""Recover core (%)"": ""100"", ""Core barrel length (m)"": ""28"", ""Inner barrel type"": ""aluminum"", ""Description"": ""none""}], ""Lithology Information"": [{""Start Depth mMD"": ""3854"", ""End Depth mMD"": ""-999.99"", ""Start Depth TVD"": null, ""End Depth TVD"": null, ""Shows Description"": null, ""Lithology Description"": ""SANDSTONE""}], ""Gas Reading Information"": [{""Time"": ""00:00"", ""Class"": ""trip gas"", ""Depth to Top mMD"": ""3881.5"", ""Depth to Bottom MD"": null, ""Depth to Top mTVD"": ""3089.3"", ""Depth to Bottom TVD"": null, ""Highest Gas (%)"": ""2.45"", ""Lowest Gas ()"": null, ""C1 (ppm)"": ""22386"", ""C2 (ppm)"": ""2259"", ""C3 (ppm)"": ""464"", ""IC4 (ppm)"": ""36"", ""IC5 (ppm)"": ""6""}, {""Time"": ""00:00"", ""Class"": ""drilling gas pea k"", ""Depth to Top mMD"": ""3894"", ""Depth to Bottom MD"": null, ""Depth to Top mTVD"": null, ""Depth to Bottom TVD"": null, ""Highest Gas (%)"": ""12.75"", ""Lowest Gas ()"": null, ""C1 (ppm)"": ""87345"", ""C2 (ppm)"": ""5653"", ""C3 (ppm)"": ""2923"", ""IC4 (ppm)"": ""155"", ""IC5 (ppm)"": ""68""}]}"
24,15/9-19 A,15_9_19_A_1997_08_16.pdf,"{""Pore Pressure"": [{""Time"": ""00:00"", ""Depth mMD"": ""3600"", ""Depth TVD"": null, ""Equ Mud Weight (g/cm3)"": ""1.22"", ""Reading"": ""estimated""}, {""Time"": ""00:00"", ""Depth mMD"": ""3935.5"", ""Depth TVD"": null, ""Equ Mud Weight (g/cm3)"": ""1.13"", ""Reading"": ""estimated""}], ""Core Information"": [{""Core No"": ""3"", ""Depth Top mMD"": ""3881.5"", ""Depth Bottom mMD"": ""3908.5"", ""Core Length (m)"": ""26.9"", ""Recover core (%)"": ""99.6"", ""Core barrel length (m)"": ""28"", ""Inner barrel type"": ""aluminum"", ""Description"": ""none""}], ""Lithology Information"": [{""Start Depth mMD"": ""3881.5"", ""End Depth mMD"": ""-999.99"", ""Start Depth TVD"": null, ""End Depth TVD"": null, ""Shows Description"": null, ""Lithology Description"": ""SANDSTONE""}], ""Gas Reading Information"": [{""Time"": ""00:00"", ""Class"": ""trip gas"", ""Depth to Top mMD"": ""3908.5"", ""Depth to Bottom MD"": null, ""Depth to Top TVD"": null, ""Depth to Bottom TVD"": null, ""Highest Gas (%)"": ""4.49"", ""Lowest Gas ()"": null, ""C1 (ppm)"": ""34589"", ""C2 (ppm)"": ""1301"", ""C3 (ppm)"": ""422"", ""IC4 (ppm)"": ""52"", ""IC5 (ppm)"": ""15""}, {""Time"": ""00:00"", ""Class"": ""drilling gas pea k"", ""Depth to Top mMD"": ""3911.5"", ""Depth to Bottom MD"": null, ""Depth to Top TVD"": null, ""Depth to Bottom TVD"": null, ""Highest Gas (%)"": ""9.08"", ""Lowest Gas ()"": null, ""C1 (ppm)"": ""61294"", ""C2 (ppm)"": ""4287"", ""C3 (ppm)"": ""2079"", ""IC4 (ppm)"": ""111"", ""IC5 (ppm)"": ""28""}, {""Time"": ""00:00"", ""Class"": ""drilling gas pea k"", ""Depth to Top mMD"": ""3930.5"", ""Depth to Bottom MD"": null, ""Depth to Top TVD"": null, ""Depth to Bottom TVD"": null, ""Highest Gas (%)"": ""1.86"", ""Lowest Gas ()"": null, ""C1 (ppm)"": ""12293"", ""C2 (ppm)"": ""2100"", ""C3 (ppm)"": ""287"", ""IC4 (ppm)"": ""24"", ""IC5 (ppm)"": ""10""}, {""Time"": ""00:00"", ""Class"": ""drilling gas pea k"", ""Depth to Top mMD"": ""3935.5"", ""Depth to Bottom MD"": null, ""Depth to Top TVD"": null, ""Depth to Bottom TVD"": null, ""Highest Gas (%)"": "".71"", ""Lowest Gas ()"": null, ""C1 (ppm)"": ""5299"", ""C2 (ppm)"": ""318"", ""C3 (ppm)"": ""145"", ""IC4 (ppm)"": ""14"", ""IC5 (ppm)"": ""9""}]}"
25,15/9-19 A,15_9_19_A_1997_08_17.pdf,"{""Pore Pressure"": [{""Time"": ""00:00"", ""Depth mMD"": ""3600"", ""Depth TVD"": null, ""Equ Mud Weight (g/cm3)"": ""1.22"", ""Reading"": ""estimated""}, {""Time"": ""00:00"", ""Depth mMD"": ""3962.5"", ""Depth TVD"": null, ""Equ Mud Weight (g/cm3)"": ""1.12"", ""Reading"": ""estimated""}], ""Core Information"": [{""Core No"": ""4"", ""Depth Top mMD"": ""3908.5"", ""Depth Bottom mMD"": ""3935.5"", ""Core Length (m)"": ""26"", ""Recover core (%)"": ""96.3"", ""Core barrel length (m)"": ""28"", ""Inner barrel type"": ""aluminum"", ""Description"": ""none""}], ""Lithology Information"": [{""Start Depth mMD"": ""3908.5"", ""End Depth mMD"": ""-999.99"", ""Start Depth TVD"": null, ""End Depth TVD"": null, ""Shows Description"": null, ""Lithology Description"": ""SANDSTONE WITH BEDS OF SILTSTONE AND LAYERS OF COAL""}], ""Gas Reading Information"": [{""Time"": ""00:00"", ""Class"": ""drilling gas pea k"", ""Depth to Top mMD"": ""3937"", ""Depth to Bottom MD"": null, ""Depth to Top TVD"": null, ""Depth to Bottom TVD"": null, ""Highest Gas (%)"": ""1.73"", ""Lowest Gas ()"": null, ""C1 (ppm)"": ""14433"", ""C2 (ppm)"": ""18"", ""C3 (ppm)"": ""138"", ""IC4 (ppm)"": ""17"", ""IC5 (ppm)"": ""7""}, {""Time"": ""00:00"", ""Class"": ""drilling gas pea k"", ""Depth to Top mMD"": ""3944.5"", ""Depth to Bottom MD"": null, ""Depth to Top TVD"": null, ""Depth to Bottom TVD"": null, ""Highest Gas (%)"": ""1.68"", ""Lowest Gas ()"": null, ""C1 (ppm)"": ""12512"", ""C2 (ppm)"": ""1304"", ""C3 (ppm)"": ""138"", ""IC4 (ppm)"": ""19"", ""IC5 (ppm)"": ""8""}]}"
26,15/9-19 A,15_9_19_A_1997_08_18.pdf,"{""Pore Pressure"": [{""Time"": ""00:00"", ""Depth mMD"": ""3600"", ""Depth TVD"": null, ""Equ Mud Weight (g/cm3)"": ""1.22"", ""Reading"": ""estimated""}, {""Time"": ""00:00"", ""Depth mMD"": ""3990"", ""Depth TVD"": null, ""Equ Mud Weight (g/cm3)"": ""1.11"", ""Reading"": ""estimated""}], ""Core Information"": [{""Core No"": ""5"", ""Depth Top mMD"": ""3935.5"", ""Depth Bottom mMD"": ""3962.5"", ""Core Length (m)"": ""27.5"", ""Recover core (%)"": ""102"", ""Core barrel length (m)"": ""28"", ""Inner barrel type"": ""aluminum"", ""Description"": ""none""}, {""Core No"": ""6"", ""Depth Top mMD"": ""3962.5"", ""Depth Bottom mMD"": ""3990"", ""Core Length (m)"": ""27.6"", ""Recover core (%)"": ""100.5"", ""Core barrel length (m)"": ""28"", ""Inner barrel type"": ""aluminum"", ""Description"": ""none""}], ""Lithology Information"": [{""Start Depth mMD"": ""3935.5"", ""End Depth mMD"": ""-999.99"", ""Start Depth TVD"": null, ""End Depth TVD"": null, ""Shows Description"": null, ""Lithology Description"": ""SANDSTONE WITH LAYERS OF COAL AND IN UPPER PART ALSO SOME BEDS OF SILT STONE AND CLAYSTONE""}], ""Gas Reading Information"": [{""Time"": ""00:00"", ""Class"": ""trip gas"", ""Depth to Top mMD"": ""3962.5"", ""Depth to Bottom MD"": null, ""Depth to Top TVD"": null, ""Depth to Bottom TVD"": null, ""Highest Gas (%)"": ""3.38"", ""Lowest Gas ()"": null, ""C1 (ppm)"": ""28244"", ""C2 (ppm)"": ""1151"", ""C3 (ppm)"": ""62"", ""IC4 (ppm)"": ""10"", ""IC5 (ppm)"": ""1""}, {""Time"": ""00:00"", ""Class"": ""drilling gas pea k"", ""Depth to Top mMD"": ""3971"", ""Depth to Bottom MD"": null, ""Depth to Top TVD"": null, ""Depth to Bottom TVD"": null, ""Highest Gas (%)"": ""1.67"", ""Lowest Gas ()"": null, ""C1 (ppm)"": ""12551"", ""C2 (ppm)"": ""562"", ""C3 (ppm)"": ""83"", ""IC4 (ppm)"": ""1"", ""IC5 (ppm)"": ""6""}, {""Time"": ""00:00"", ""Class"": ""drilling gas pea k"", ""Depth to Top mMD"": ""3978"", ""Depth to Bottom MD"": null, ""Depth to Top TVD"": null, ""Depth to Bottom TVD"": null, ""Highest Gas (%)"": ""1.4"", ""Lowest Gas ()"": null, ""C1 (ppm)"": ""9666"", ""C2 (ppm)"": ""678"", ""C3 (ppm)"": ""94"", ""IC4 (ppm)"": ""13"", ""IC5 (ppm)"": ""14""}]}"
27,15/9-19 A,15_9_19_A_1997_08_19.pdf,"{""Pore Pressure"": [{""Time"": ""00:00"", ""Depth mMD"": ""3600"", ""Depth TVD"": null, ""Equ Mud Weight (g/cm3)"": ""1.22"", ""Reading"": ""estimated""}, {""Time"": ""00:00"", ""Depth mMD"": ""4017"", ""Depth TVD"": null, ""Equ Mud Weight (g/cm3)"": ""1.11"", ""Reading"": ""estimated""}], ""Lithology Information"": [{""Start Depth mMD"": ""3962.5"", ""End Depth mMD"": ""-999.99"", ""Start Depth TVD"": null, ""End Depth TVD"": null, ""Shows Description"": null, ""Lithology Description"": ""SANDSTONE""}, {""Start Depth mMD"": ""3970"", ""End Depth mMD"": ""-999.99"", ""Start Depth TVD"": null, ""End Depth TVD"": null, ""Shows Description"": null, ""Lithology Description"": ""SANDSTONE WITH A FEW THIN BEDS OF DOLOMITE AND CLAYSTONE""}], ""Gas Reading Information"": [{""Time"": ""00:00"", ""Class"": ""trip gas"", ""Depth to Top mMD"": ""3990"", ""Depth to Bottom MD"": null, ""Depth to Top TVD"": null, ""Depth to Bottom TVD"": null, ""Highest Gas (%)"": ""2.9"", ""Lowest Gas ()"": null, ""C1 (ppm)"": ""19853"", ""C2 (ppm)"": ""1301"", ""C3 (ppm)"": ""60"", ""IC4 (ppm)"": ""6"", ""IC5 (ppm)"": ""3""}, {""Time"": ""00:00"", ""Class"": ""drilling gas pea k"", ""Depth to Top mMD"": ""4007"", ""Depth to Bottom MD"": null, ""Depth to Top TVD"": null, ""Depth to Bottom TVD"": null, ""Highest Gas (%)"": "".41"", ""Lowest Gas ()"": null, ""C1 (ppm)"": ""2406"", ""C2 (ppm)"": ""244"", ""C3 (ppm)"": ""24"", ""IC4 (ppm)"": ""1"", ""IC5 (ppm)"": ""2""}]}"
28,15/9-19 A,15_9_19_A_1997_08_20.pdf,"{""Pore Pressure"": [{""Time"": ""00:00"", ""Depth mMD"": ""3600"", ""Depth TVD"": null, ""Equ Mud Weight (g/cm3)"": ""1.22"", ""Reading"": ""estimated""}, {""Time"": ""00:00"", ""Depth mMD"": ""4017"", ""Depth TVD"": null, ""Equ Mud Weight (g/cm3)"": ""1.11"", ""Reading"": ""estimated""}], ""Core Information"": [{""Core No"": ""7"", ""Depth Top mMD"": ""3990"", ""Depth Bottom mMD"": ""4017"", ""Core Length (m)"": ""26.7"", ""Recover core (%)"": ""98.9"", ""Core barrel length (m)"": ""28"", ""Inner barrel type"": ""aluminum"", ""Description"": ""none""}], ""Lithology Information"": [{""Start Depth mMD"": ""3990"", ""End Depth mMD"": ""-999.99"", ""Start Depth TVD"": null, ""End Depth TVD"": null, ""Shows Description"": null, ""Lithology Description"": ""SANDSTONE""}]}"
29,15/9-19 A,15_9_19_A_1997_08_21.pdf,"{""Pore Pressure"": [{""Time"": ""00:00"", ""Depth mMD"": ""3600"", ""Depth TVD"": null, ""Equ Mud Weight (g/cm3)"": ""1.22"", ""Reading"": ""estimated""}, {""Time"": ""00:00"", ""Depth mMD"": ""4087"", ""Depth TVD"": null, ""Equ Mud Weight (g/cm3)"": ""1.11"", ""Reading"": ""estimated""}], ""Survey Station"": [{""Depth mMD"": ""3823"", ""Depth mTVD"": ""3039.3"", ""Inclination (dega)"": ""26.1"", ""Azimuth (dega)"": ""34.2"", ""Comment"": null}, {""Depth mMD"": ""3852"", ""Depth mTVD"": ""3065.4"", ""Inclination (dega)"": ""25.5"", ""Azimuth (dega)"": ""34.7"", ""Comment"": null}, {""Depth mMD"": ""3882"", ""Depth mTVD"": ""3092.5"", ""Inclination (dega)"": ""25.6"", ""Azimuth (dega)"": ""33.3"", ""Comment"": null}, {""Depth mMD"": ""3911"", ""Depth mTVD"": ""3118.6"", ""Inclination (dega)"": ""25.6"", ""Azimuth (dega)"": ""33.8"", ""Comment"": null}, {""Depth mMD"": ""3939"", ""Depth mTVD"": ""3143.9"", ""Inclination (dega)"": ""25.7"", ""Azimuth (dega)"": ""33.9"", ""Comment"": null}, {""Depth mMD"": ""3968"", ""Depth mTVD"": ""3170"", ""Inclination (dega)"": ""25.9"", ""Azimuth (dega)"": ""32.9"", ""Comment"": null}, {""Depth mMD"": ""3997"", ""Depth mTVD"": ""3196.1"", ""Inclination (dega)"": ""25.9"", ""Azimuth (dega)"": ""32.5"", ""Comment"": null}, {""Depth mMD"": ""4025"", ""Depth mTVD"": ""3221.3"", ""Inclination (dega)"": ""25.6"", ""Azimuth (dega)"": ""32.2"", ""Comment"": null}], ""Lithology Information"": [{""Start Depth mMD"": ""4017"", ""End Depth mMD"": ""-999.99"", ""Start Depth TVD"": null, ""End Depth TVD"": null, ""Shows Description"": null, ""Lithology Description"": ""SANDSTONE WITH LAMINA - THIN BEDS OF CLAYSTONE""}], ""Gas Reading Information"": [{""Time"": ""00:00"", ""Class"": ""trip gas"", ""Depth to Top mMD"": ""4017"", ""Depth to Bottom MD"": null, ""Depth to Top TVD"": null, ""Depth to Bottom TVD"": null, ""Highest Gas (%)"": ""5.7"", ""Lowest Gas ()"": null, ""C1 (ppm)"": ""45852"", ""C2 (ppm)"": ""1304"", ""C3 (ppm)"": ""34"", ""IC4 (ppm)"": ""8"", ""IC5 (ppm)"": ""2""}, {""Time"": ""00:00"", ""Class"": ""drilling gas pea k"", ""Depth to Top mMD"": ""4046"", ""Depth to Bottom MD"": null, ""Depth to Top TVD"": null, ""Depth to Bottom TVD"": null, ""Highest Gas (%)"": "".72"", ""Lowest Gas ()"": null, ""C1 (ppm)"": ""5439"", ""C2 (ppm)"": ""396"", ""C3 (ppm)"": ""49"", ""IC4 (ppm)"": ""2"", ""IC5 (ppm)"": ""2""}]}"
30,15/9-19 A,15_9_19_A_1997_08_22.pdf,"{""Survey Station"": [{""Depth mMD"": ""4084"", ""Depth mTVD"": ""3275.2"", ""Inclination (dega)"": ""22.5"", ""Azimuth (dega)"": ""29.6"", ""Comment"": null}, {""Depth mMD"": ""4111"", ""Depth mTVD"": ""3300.2"", ""Inclination (dega)"": ""21.6"", ""Azimuth (dega)"": ""27.9"", ""Comment"": null}], ""Log Information"": [{""Run No"": ""1"", ""Service Company"": ""Western Atlas"", ""Depth Top mMD"": ""2128"", ""Depth Bottom mTVD"": ""2754"", ""Tool"": ""HDIL - MAC - DGR - CH T"", ""BHST (degC)"": ""-999.99""}], ""Lithology Information"": [{""Start Depth mMD"": ""4068"", ""End Depth mMD"": ""-999.99"", ""Start Depth TVD"": null, ""End Depth TVD"": null, ""Shows Description"": null, ""Lithology Description"": ""SANDSTONE WITH LAMINA - THIN BEDS OF CLAYSTONE""}, {""Start Depth mMD"": ""4101"", ""End Depth mMD"": ""-999.99"", ""Start Depth TVD"": null, ""End Depth TVD"": null, ""Shows Description"": null, ""Lithology Description"": ""CLAYST0NE/SILTY SANDSTONE WITH OCCASIONAL BEDS OF SANDSTONE AND MINOR CLAYSTONE""}], ""Gas Reading Information"": [{""Time"": ""00:00"", ""Class"": ""connection gas"", ""Depth to Top mMD"": ""4072"", ""Depth to Bottom MD"": null, ""Depth to Top TVD"": null, ""Depth to Bottom TVD"": null, ""Highest Gas (%)"": "".72"", ""Lowest Gas ()"": null, ""C1 (ppm)"": ""4557"", ""C2 (ppm)"": ""188"", ""C3 (ppm)"": ""20"", ""IC4 (ppm)"": ""2"", ""IC5 (ppm)"": ""2""}, {""Time"": ""00:00"", ""Class"": ""drilling gas pea k"", ""Depth to Top mMD"": ""4095"", ""Depth to Bottom MD"": null, ""Depth to Top TVD"": null, ""Depth to Bottom TVD"": null, ""Highest Gas (%)"": "".33"", ""Lowest Gas ()"": null, ""C1 (ppm)"": ""2271"", ""C2 (ppm)"": ""124"", ""C3 (ppm)"": ""14"", ""IC4 (ppm)"": ""1"", ""IC5 (ppm)"": ""2""}, {""Time"": ""00:00"", ""Class"": ""connection gas"", ""Depth to Top mMD"": ""4104"", ""Depth to Bottom MD"": null, ""Depth to Top TVD"": null, ""Depth to Bottom TVD"": null, ""Highest Gas (%)"": "".23"", ""Lowest Gas ()"": null, ""C1 (ppm)"": ""1608"", ""C2 (ppm)"": ""95"", ""C3 (ppm)"": ""14"", ""IC4 (ppm)"": ""1"", ""IC5 (ppm)"": ""2""}, {""Time"": ""00:00"", ""Class"": ""drilling gas pea k"", ""Depth to Top mMD"": ""4109"", ""Depth to Bottom MD"": null, ""Depth to Top TVD"": null, ""Depth to Bottom TVD"": null, ""Highest Gas (%)"": "".26"", ""Lowest Gas ()"": null, ""C1 (ppm)"": ""1974"", ""C2 (ppm)"": ""131"", ""C3 (ppm)"": ""14"", ""IC4 (ppm)"": ""1"", ""IC5 (ppm)"": ""2""}]}"
31,15/9-19 A,15_9_19_A_1997_08_23.pdf,"{""Pore Pressure"": [{""Time"": ""00:00"", ""Depth mMD"": ""3600"", ""Depth TVD"": null, ""Equ Mud Weight (g/cm3)"": ""1.22"", ""Reading"": ""estimated""}, {""Time"": ""00:00"", ""Depth mMD"": ""4131"", ""Depth TVD"": null, ""Equ Mud Weight (g/cm3)"": ""1.11"", ""Reading"": ""estimated""}], ""Log Information"": [{""Run No"": ""2"", ""Service Company"": ""Western Atlas"", ""Depth Top mMD"": ""980"", ""Depth Bottom mTVD"": ""2670"", ""Tool"": ""VSP - G R"", ""BHST (degC)"": ""-999.99""}]}"
32,15/9-19 A,15_9_19_A_1997_08_24.pdf,"{""Pore Pressure"": [{""Time"": ""00:00"", ""Depth mMD"": ""3600"", ""Depth TVD"": null, ""Equ Mud Weight (g/cm3)"": ""1.22"", ""Reading"": ""estimated""}], ""Log Information"": [{""Run No"": ""3"", ""Service Company"": ""Western Atlas"", ""Depth Top mMD"": ""2178"", ""Depth Bottom mTVD"": ""4131"", ""Tool"": ""HDIL - MAC - ZDL - CND - SPL - VSP - CH T"", ""BHST (degC)"": ""-999.99""}]}"
33,15/9-19 A,15_9_19_A_1997_08_25.pdf,{}
34,15/9-19 A,15_9_19_A_1997_08_26.pdf,"{""Pore Pressure"": [{""Time"": ""00:00"", ""Depth mMD"": ""3600"", ""Depth TVD"": null, ""Equ Mud Weight (g/cm3)"": ""1.22"", ""Reading"": ""estimated""}, {""Time"": ""00:00"", ""Depth mMD"": ""4131"", ""Depth TVD"": null, ""Equ Mud Weight (g/cm3)"": ""1.11"", ""Reading"": ""estimated""}], ""Stratigraphic Information"": [{""Depth to Top of Formation mMD"": ""109"", ""Depth to Top of Formation mTVD"": ""109"", ""Description"": ""Nordland Gp""}, {""Depth to Top of Formation mMD"": ""1112"", ""Depth to Top of Formation mTVD"": ""1059.5"", ""Description"": ""Hordaland Gp""}, {""Depth to Top of Formation mMD"": ""1319"", ""Depth to Top of Formation mTVD"": ""1181.5"", ""Description"": ""Skade Fm""}, {""Depth to Top of Formation mMD"": ""2777.5"", ""Depth to Top of Formation mTVD"": ""2084.5"", ""Description"": ""Grid Fm""}, {""Depth to Top of Formation mMD"": ""2961"", ""Depth to Top of Formation mTVD"": ""2253.5"", ""Description"": ""Balder Fm .""}, {""Depth to Top of Formation mMD"": ""3021"", ""Depth to Top of Formation mTVD"": ""2309"", ""Description"": ""Sele Fm""}, {""Depth to Top of Formation mMD"": ""3101.5"", ""Depth to Top of Formation mTVD"": ""2382.5"", ""Description"": ""Lista Fm""}, {""Depth to Top of Formation mMD"": ""3178"", ""Depth to Top of Formation mTVD"": ""2452.5"", ""Description"": ""Ty Fm""}, {""Depth to Top of Formation mMD"": ""3312.5"", ""Depth to Top of Formation mTVD"": ""2575"", ""Description"": ""Ekofisk Fm""}, {""Depth to Top of Formation mMD"": ""3327.5"", ""Depth to Top of Formation mTVD"": ""2588.5"", ""Description"": ""Tor Fm""}, {""Depth to Top of Formation mMD"": ""3476"", ""Depth to Top of Formation mTVD"": ""2723.5"", ""Description"": ""Hod Fm""}, {""Depth to Top of Formation mMD"": ""3559"", ""Depth to Top of Formation mTVD"": ""2799.5"", ""Description"": ""Blodøks Fm""}, {""Depth to Top of Formation mMD"": ""3572"", ""Depth to Top of Formation mTVD"": ""2811"", ""Description"": ""Hidra Fm""}, {""Depth to Top of Formation mMD"": ""3582"", ""Depth to Top of Formation mTVD"": ""2820.5"", ""Description"": ""Rødby Fm""}, {""Depth to Top of Formation mMD"": ""3597"", ""Depth to Top of Formation mTVD"": ""2834.5"", ""Description"": ""Sola Fm""}, {""Depth to Top of Formation mMD"": ""3605.5"", ""Depth to Top of Formation mTVD"": ""2842"", ""Description"": ""Åsgard Fm""}, {""Depth to Top of Formation mMD"": ""3666.5"", ""Depth to Top of Formation mTVD"": ""2898.5"", ""Description"": ""Draupne Fm""}, {""Depth to Top of Formation mMD"": ""3706"", ""Depth to Top of Formation mTVD"": ""2935"", ""Description"": ""Heather Fm.""}, {""Depth to Top of Formation mMD"": ""3796.5"", ""Depth to Top of Formation mTVD"": ""3015.5"", ""Description"": ""Hugin Fm""}, {""Depth to Top of Formation mMD"": ""3920"", ""Depth to Top of Formation mTVD"": ""3127"", ""Description"": ""Sleipner Fm""}, {""Depth to Top of Formation mMD"": ""3992"", ""Depth to Top of Formation mTVD"": ""3191.5"", ""Description"": ""Skagerak Fm""}, {""Depth to Top of Formation mMD"": ""4097"", ""Depth to Top of Formation mTVD"": ""3287"", ""Description"": ""Smith Bank Fm""}, {""Depth to Top of Formation mMD"": ""851"", ""Depth to Top of Formation mTVD"": ""842.5"", ""Description"": ""Utsira Fm""}]}"
35,15/9-19 A,15_9_19_A_1997_08_27.pdf,"{""Pore Pressure"": [{""Time"": ""00:00"", ""Depth mMD"": ""3600"", ""Depth TVD"": null, ""Equ Mud Weight (g/cm3)"": ""1.22"", ""Reading"": ""estimated""}, {""Time"": ""00:00"", ""Depth mMD"": ""4131"", ""Depth TVD"": null, ""Equ Mud Weight (g/cm3)"": ""1.11"", ""Reading"": ""estimated""}]}"
36,15/9-19 A,15_9_19_A_1997_08_28.pdf,"{""Pore Pressure"": [{""Time"": ""00:00"", ""Depth mMD"": ""3600"", ""Depth TVD"": null, ""Equ Mud Weight (g/cm3)"": ""1.22"", ""Reading"": ""estimated""}, {""Time"": ""00:00"", ""Depth mMD"": ""4131"", ""Depth TVD"": null, ""Equ Mud Weight (g/cm3)"": ""1.11"", ""Reading"": ""estimated""}], ""Gas Reading Information"": [{""Time"": ""00:00"", ""Class"": ""trip gas"", ""Depth to Top mMD"": ""2168"", ""Depth to Bottom MD"": null, ""Depth to Top mTVD"": ""1619"", ""Depth to Bottom TVD"": null, ""Highest Gas (%)"": ""5.32"", ""Lowest Gas ()"": null, ""C1 (ppm)"": ""42965"", ""C2 (ppm)"": ""1531"", ""C3 (ppm)"": ""52"", ""IC4 (ppm)"": ""1"", ""IC5 (ppm)"": ""-999.99""}]}"
37,15/9-19 A,15_9_19_A_1997_08_29.pdf,"{""Log Information"": [{""Run No"": ""5"", ""Service Company"": ""Western Atlas"", ""Depth Top mMD"": ""-999.99"", ""Depth Bottom mTVD"": ""-999.99"", ""Tool"": ""FMT - MAC - ZDL - HDIL - G R"", ""BHST (degC)"": ""-999.99""}], ""Gas Reading Information"": [{""Time"": ""00:00"", ""Class"": ""trip gas"", ""Depth to Top mMD"": ""3640"", ""Depth to Bottom MD"": null, ""Depth to Top mTVD"": ""2874"", ""Depth to Bottom TVD"": null, ""Highest Gas (%)"": ""4"", ""Lowest Gas ()"": null, ""C1 (ppm)"": ""34000"", ""C2 (ppm)"": ""2000"", ""C3 (ppm)"": ""100"", ""IC4 (ppm)"": ""20"", ""IC5 (ppm)"": ""-999.99""}, {""Time"": ""00:00"", ""Class"": ""trip gas"", ""Depth to Top mMD"": ""4123"", ""Depth to Bottom MD"": null, ""Depth to Top mTVD"": ""31"", ""Depth to Bottom TVD"": null, ""Highest Gas (%)"": ""1.86"", ""Lowest Gas ()"": null, ""C1 (ppm)"": ""15000"", ""C2 (ppm)"": ""1000"", ""C3 (ppm)"": ""300"", ""IC4 (ppm)"": ""-999.99"", ""IC5 (ppm)"": ""-999.99""}]}"
38,15/9-19 A,15_9_19_A_1997_08_30.pdf,"{""Pore Pressure"": [{""Time"": ""00:00"", ""Depth mMD"": ""3600"", ""Depth TVD"": null, ""Equ Mud Weight (g/cm3)"": ""1.22"", ""Reading"": ""estimated""}, {""Time"": ""00:00"", ""Depth mMD"": ""4131"", ""Depth TVD"": null, ""Equ Mud Weight (g/cm3)"": ""1.11"", ""Reading"": ""estimated""}]}"
39,15/9-19 A,15_9_19_A_1997_08_31.pdf,"{""Pore Pressure"": [{""Time"": ""00:00"", ""Depth mMD"": ""4131"", ""Depth TVD"": null, ""Equ Mud Weight (g/cm3)"": ""1.22"", ""Reading"": ""estimated""}], ""Gas Reading Information"": [{""Time"": ""00:00"", ""Class"": ""trip gas"", ""Depth to Top mMD"": ""4070"", ""Depth to Bottom MD"": null, ""Depth to Top mTVD"": ""3263"", ""Depth to Bottom TVD"": null, ""Highest Gas (%)"": ""1.5"", ""Lowest Gas ()"": null, ""C1 (ppm)"": ""3400"", ""C2 (ppm)"": ""75"", ""C3 (ppm)"": ""10"", ""IC4 (ppm)"": ""3"", ""IC5 (ppm)"": ""-999.99""}]}"
40,15/9-19 A,15_9_19_A_1997_09_01.pdf,"{""Pore Pressure"": [{""Time"": ""00:00"", ""Depth mMD"": ""4131"", ""Depth TVD"": null, ""Equ Mud Weight (g/cm3)"": ""1.22"", ""Reading"": ""estimated""}]}"
41,15/9-19 A,15_9_19_A_1997_09_02.pdf,"{""Gas Reading Information"": [{""Time"": ""00:00"", ""Class"": ""trip gas"", ""Depth to Top mMD"": ""4044"", ""Depth to Bottom MD"": null, ""Depth to Top mTVD"": ""3239"", ""Depth to Bottom TVD"": null, ""Highest Gas (%)"": ""17"", ""Lowest Gas ()"": null, ""C1 (ppm)"": ""137000"", ""C2 (ppm)"": ""5030"", ""C3 (ppm)"": ""1500"", ""IC4 (ppm)"": ""53"", ""IC5 (ppm)"": ""-999.99""}], ""Casing Liner Tubing"": [{""start_time"": null, ""end_time"": null, ""type_of_pipe"": ""Casing"", ""casing_type"": null, ""outside_diameter_in"": ""7"", ""inside_diameter_in"": ""6.094"", ""weight_lbm_ft"": ""32"", ""grade"": ""L-80"", ""connection"": ""New Vam"", ""length_m"": ""3936"", ""top_mmd"": ""108"", ""bottom_mmd"": ""4044"", ""description"": null, ""comment"": null}]}"
42,15/9-19 A,15_9_19_A_1997_09_03.pdf,{}
43,15/9-19 A,15_9_19_A_1997_09_04.pdf,{}
44,15/9-19 A,15_9_19_A_1997_09_05.pdf,{}
45,15/9-19 A,15_9_19_A_1997_09_06.pdf,{}
46,15/9-19 A,15_9_19_A_1997_09_07.pdf,{}
47,15/9-19 A,15_9_19_A_1997_09_08.pdf,{}
48,15/9-19 A,15_9_19_A_1997_09_09.pdf,{}
49,15/9-19 A,15_9_19_A_1997_09_10.pdf,{}
50,15/9-19 A,15_9_19_A_1997_09_11.pdf,{}
51,15/9-19 A,15_9_19_A_1997_09_12.pdf,{}
52,15/9-19 A,15_9_19_A_1997_09_13.pdf,{}
53,15/9-19 A,15_9_19_A_1997_09_14.pdf,{}
54,15/9-19 A,15_9_19_A_1997_09_15.pdf,{}
55,15/9-19 A,15_9_19_A_1997_09_16.pdf,{}
56,15/9-19 A,15_9_19_A_1997_09_17.pdf,{}
57,15/9-19 A,15_9_19_A_1997_09_18.pdf,{}
58,15/9-19 A,15_9_19_A_1997_09_19.pdf,{}
59,15/9-19 A,15_9_19_A_1997_09_20.pdf,{}
60,15/9-19 A,15_9_19_A_1997_09_21.pdf,{}
61,15/9-19 A,15_9_19_A_1997_09_22.pdf,{}
62,15/9-19 A,15_9_19_A_1997_09_23.pdf,{}
63,15/9-19 A,15_9_19_A_1997_09_24.pdf,{}
64,15/9-19 A,15_9_19_A_1997_09_25.pdf,{}
65,15/9-19 A,15_9_19_A_1997_09_26.pdf,{}
66,15/9-19 A,15_9_19_A_1997_09_27.pdf,{}
67,15/9-19 A,15_9_19_A_1997_09_28.pdf,{}
68,15/9-19 A,15_9_19_A_1997_09_29.pdf,{}
69,15/9-19 A,15_9_19_A_1997_09_30.pdf,{}
70,15/9-19 A,15_9_19_A_1997_10_01.pdf,{}
71,15/9-19 A,15_9_19_A_1997_10_02.pdf,{}
72,15/9-19 A,15_9_19_A_1997_10_03.pdf,{}
73,15/9-19 A,15_9_19_A_1997_10_04.pdf,{}
74,15/9-19 A,15_9_19_A_1997_10_05.pdf,{}
75,15/9-19 A,15_9_19_A_1997_10_06.pdf,{}
76,15/9-19 A,15_9_19_A_1997_10_07.pdf,{}
77,15/9-19 A,15_9_19_A_1997_10_08.pdf,{}
78,15/9-19 A,15_9_19_A_1997_10_09.pdf,"{""Log Information"": [{""Run No"": ""6"", ""Service Company"": ""Western Atlas"", ""Depth Top mMD"": ""2592"", ""Depth Bottom mTVD"": ""3993"", ""Tool"": ""SBT - GR - C L"", ""BHST (degC)"": ""-999.99""}]}"
79,15/9-19 A,15_9_19_A_1997_10_10.pdf,{}
80,15/9-19 A,15_9_19_A_1997_10_11.pdf,"{""Log Information"": [{""Run No"": ""7"", ""Service Company"": ""Western Atlas"", ""Depth Top mMD"": ""2600"", ""Depth Bottom mTVD"": ""3500"", ""Tool"": ""MAC - G R"", ""BHST (degC)"": ""-999.99""}]}"
81,15/9-19 A,15_9_19_A_1997_10_12.pdf,"{""Pore Pressure"": [{""Time"": ""00:00"", ""Depth mMD"": ""3982"", ""Depth TVD"": null, ""Equ Mud Weight (g/cm3)"": ""1.15"", ""Reading"": ""estimated""}]}"
82,15/9-19 A,15_9_19_A_1997_10_13.pdf,"{""Pore Pressure"": [{""Time"": ""00:00"", ""Depth mMD"": ""3955"", ""Depth TVD"": null, ""Equ Mud Weight (g/cm3)"": ""1.15"", ""Reading"": ""estimated""}], ""Log Information"": [{""Run No"": ""8"", ""Service Company"": ""Western Atlas"", ""Depth Top mMD"": ""3940"", ""Depth Bottom mTVD"": ""4016"", ""Tool"": ""CCL"", ""BHST (degC)"": ""-999.99""}]}"
83,15/9-19 A,15_9_19_A_1997_10_14.pdf,"{""Pore Pressure"": [{""Time"": ""00:00"", ""Depth mMD"": ""3955"", ""Depth TVD"": null, ""Equ Mud Weight (g/cm3)"": ""1.15"", ""Reading"": ""estimated""}]}"
84,15/9-19 A,15_9_19_A_1997_10_15.pdf,"{""Pore Pressure"": [{""Time"": ""00:00"", ""Depth mMD"": ""3955"", ""Depth TVD"": null, ""Equ Mud Weight (g/cm3)"": ""1.15"", ""Reading"": ""estimated""}]}"
85,15/9-19 A,15_9_19_A_1997_10_16.pdf,"{""Pore Pressure"": [{""Time"": ""00:00"", ""Depth mMD"": ""3955"", ""Depth TVD"": null, ""Equ Mud Weight (g/cm3)"": ""1.15"", ""Reading"": ""estimated""}]}"
86,15/9-19 A,15_9_19_A_1997_10_17.pdf,"{""Pore Pressure"": [{""Time"": ""00:00"", ""Depth mMD"": ""4131"", ""Depth TVD"": null, ""Equ Mud Weight (g/cm3)"": ""1.15"", ""Reading"": ""estimated""}], ""Log Information"": [{""Run No"": ""9"", ""Service Company"": ""Western Atlas"", ""Depth Top mMD"": ""3475"", ""Depth Bottom mTVD"": ""3983"", ""Tool"": ""GR - C L"", ""BHST (degC)"": ""-999.99""}]}"
87,15/9-19 A,15_9_19_A_1997_10_18.pdf,"{""Pore Pressure"": [{""Time"": ""00:00"", ""Depth mMD"": ""4131"", ""Depth TVD"": null, ""Equ Mud Weight (g/cm3)"": ""1.15"", ""Reading"": ""estimated""}]}"
88,15/9-19 A,15_9_19_A_1997_10_19.pdf,"{""Pore Pressure"": [{""Time"": ""00:00"", ""Depth mMD"": ""4131"", ""Depth TVD"": null, ""Equ Mud Weight (g/cm3)"": ""1.15"", ""Reading"": ""estimated""}]}"
89,15/9-19 A,15_9_19_A_1997_10_20.pdf,"{""Pore Pressure"": [{""Time"": ""00:00"", ""Depth mMD"": ""4131"", ""Depth TVD"": null, ""Equ Mud Weight (g/cm3)"": ""1.15"", ""Reading"": ""estimated""}]}"
90,15/9-19 A,15_9_19_A_1997_10_21.pdf,"{""Pore Pressure"": [{""Time"": ""00:00"", ""Depth mMD"": ""4131"", ""Depth TVD"": null, ""Equ Mud Weight (g/cm3)"": ""1.15"", ""Reading"": ""estimated""}]}"
91,15/9-19 A,15_9_19_A_1997_10_22.pdf,"{""Pore Pressure"": [{""Time"": ""00:00"", ""Depth mMD"": ""4131"", ""Depth TVD"": null, ""Equ Mud Weight (g/cm3)"": ""1.15"", ""Reading"": ""estimated""}]}"
92,15/9-19 A,15_9_19_A_1997_10_23.pdf,"{""Pore Pressure"": [{""Time"": ""00:00"", ""Depth mMD"": ""4131"", ""Depth TVD"": null, ""Equ Mud Weight (g/cm3)"": ""1.15"", ""Reading"": ""estimated""}]}"
93,15/9-19 A,15_9_19_A_1997_10_24.pdf,"{""Pore Pressure"": [{""Time"": ""00:00"", ""Depth mMD"": ""4131"", ""Depth TVD"": null, ""Equ Mud Weight (g/cm3)"": ""1.15"", ""Reading"": ""estimated""}]}"
94,15/9-19 A,15_9_19_A_1997_10_25.pdf,{}
95,15/9-19 A,15_9_19_A_1997_10_26.pdf,{}
96,15/9-19 A,15_9_19_A_1997_10_27.pdf,"{""Pore Pressure"": [{""Time"": ""00:00"", ""Depth mMD"": ""4131"", ""Depth TVD"": null, ""Equ Mud Weight (g/cm3)"": ""1.15"", ""Reading"": ""estimated""}]}"
97,15/9-19 A,15_9_19_A_1997_10_28.pdf,"{""Pore Pressure"": [{""Time"": ""00:00"", ""Depth mMD"": ""4131"", ""Depth TVD"": null, ""Equ Mud Weight (g/cm3)"": ""1.15"", ""Reading"": ""estimated""}], ""Welltest Information"": [{""Time"": ""00:00"", ""Test No"": ""1"", ""Type"": ""drill stem te st"", ""Depth Top mMD"": ""-999.99"", ""Depth Bottom (m)"": ""-999.99"", ""Choke size (mm)"": ""15.1"", ""Oil rate (m3/d)"": ""298"", ""Gas rate (M(m3)/d)"": "".02628"", ""Water rate (m3/d)"": ""0"", ""Shutin press (MPa)"": ""0"", ""Flowing press (MPa)"": ""3.2"", ""BHP (MPa)"": ""-999.99"", ""GoR (m3/m3)"": ""8""}]}"
98,15/9-19 A,15_9_19_A_1997_10_29.pdf,"{""Pore Pressure"": [{""Time"": ""00:00"", ""Depth mMD"": ""4131"", ""Depth TVD"": null, ""Equ Mud Weight (g/cm3)"": ""1.15"", ""Reading"": ""estimated""}]}"
99,15/9-19 A,15_9_19_A_1997_10_30.pdf,"{""Pore Pressure"": [{""Time"": ""00:00"", ""Depth mMD"": ""4131"", ""Depth TVD"": null, ""Equ Mud Weight (g/cm3)"": ""1.15"", ""Reading"": ""estimated""}]}"
100,15/9-19 A,15_9_19_A_1997_10_31.pdf,"{""Pore Pressure"": [{""Time"": ""00:00"", ""Depth mMD"": ""4131"", ""Depth TVD"": null, ""Equ Mud Weight (g/cm3)"": ""1.15"", ""Reading"": ""estimated""}]}"
101,15/9-19 A,15_9_19_A_1997_11_01.pdf,"{""Welltest Information"": [{""Time"": ""00:00"", ""Test No"": ""2"", ""Type"": ""drill stem te st"", ""Depth Top mMD"": ""3826"", ""Depth Bottom (m)"": ""3888.5"", ""Choke size (mm)"": ""13.5"", ""Oil rate (m3/d)"": ""660"", ""Gas rate (M(m3)/d)"": "".04143"", ""Water rate (m3/d)"": ""0"", ""Shutin press (MPa)"": ""0"", ""Flowing press (MPa)"": ""9.5"", ""BHP (MPa)"": ""-999.99"", ""GoR (m3/m3)"": ""63""}]}"
102,15/9-19 A,15_9_19_A_1997_11_02.pdf,"{""Pore Pressure"": [{""Time"": ""00:00"", ""Depth mMD"": ""4131"", ""Depth TVD"": null, ""Equ Mud Weight (g/cm3)"": ""1.15"", ""Reading"": ""estimated""}]}"
103,15/9-19 A,15_9_19_A_1997_11_03.pdf,"{""Pore Pressure"": [{""Time"": ""00:00"", ""Depth mMD"": ""4131"", ""Depth TVD"": null, ""Equ Mud Weight (g/cm3)"": ""1.15"", ""Reading"": ""estimated""}]}"
104,15/9-19 A,15_9_19_A_1997_11_04.pdf,{}
105,15/9-19 A,15_9_19_A_1997_11_05.pdf,"{""Pore Pressure"": [{""Time"": ""00:00"", ""Depth mMD"": ""4131"", ""Depth TVD"": null, ""Equ Mud Weight (g/cm3)"": ""1.15"", ""Reading"": ""estimated""}]}"
106,15/9-19 A,15_9_19_A_1997_11_06.pdf,"{""Pore Pressure"": [{""Time"": ""00:00"", ""Depth mMD"": ""4131"", ""Depth TVD"": null, ""Equ Mud Weight (g/cm3)"": ""1.15"", ""Reading"": ""estimated""}]}"
107,15/9-19 A,15_9_19_A_1997_11_07.pdf,{}
108,15/9-19 A,15_9_19_A_1997_11_08.pdf,{}
109,15/9-19 A,15_9_19_A_1997_11_09.pdf,{}
110,15/9-19 A,15_9_19_A_1997_11_10.pdf,{}
111,15/9-19 B,15_9_19_B_1997_11_10.pdf,"{""Pore Pressure"": [{""Time"": ""00:00"", ""Depth mMD"": ""2205"", ""Depth TVD"": null, ""Equ Mud Weight (g/cm3)"": ""1.03"", ""Reading"": ""estimated""}]}"
112,15/9-19 B,15_9_19_B_1997_11_11.pdf,"{""Pore Pressure"": [{""Time"": ""00:00"", ""Depth mMD"": ""27"", ""Depth TVD"": null, ""Equ Mud Weight (g/cm3)"": ""1.03"", ""Reading"": ""estimated""}], ""Survey Station"": [{""Depth mMD"": ""2253"", ""Depth mTVD"": ""1668"", ""Inclination (dega)"": ""55.4"", ""Azimuth (dega)"": ""285.4"", ""Comment"": null}], ""Lithology Information"": [{""Start Depth mMD"": ""2221.5"", ""End Depth mMD"": ""-999.99"", ""Start Depth TVD"": null, ""End Depth TVD"": null, ""Shows Description"": null, ""Lithology Description"": ""CLAYSTONE WITH THIN LIMESTONE STRINGERS, HEAVILY CEMENT CONTAMINATE D""}]}"
113,15/9-19 B,15_9_19_B_1997_11_12.pdf,"{""Pore Pressure"": [{""Time"": ""00:00"", ""Depth mMD"": ""2349"", ""Depth TVD"": null, ""Equ Mud Weight (g/cm3)"": ""1.03"", ""Reading"": ""estimated""}], ""Survey Station"": [{""Depth mMD"": ""2321"", ""Depth mTVD"": ""1713.9"", ""Inclination (dega)"": ""52"", ""Azimuth (dega)"": ""282.1"", ""Comment"": null}], ""Lithology Information"": [{""Start Depth mMD"": ""2260"", ""End Depth mMD"": ""-999.99"", ""Start Depth TVD"": null, ""End Depth TVD"": null, ""Shows Description"": null, ""Lithology Description"": ""CLAYSTONE WITH THIN LIMESTONE STRINGERS""}], ""Gas Reading Information"": [{""Time"": ""00:00"", ""Class"": ""drilling gas pea k"", ""Depth to Top mMD"": ""28"", ""Depth to Bottom MD"": null, ""Depth to Top mTVD"": ""1690.5"", ""Depth to Bottom TVD"": null, ""Highest Gas (%)"": ""3.62"", ""Lowest Gas ()"": null, ""C1 (ppm)"": ""25595"", ""C2 (ppm)"": ""1662"", ""C3 (ppm)"": ""15"", ""IC4 (ppm)"": ""-999.99"", ""IC5 (ppm)"": ""-999.99""}]}"
114,15/9-19 B,15_9_19_B_1997_11_13.pdf,"{""Survey Station"": [{""Depth mMD"": ""2328"", ""Depth mTVD"": ""1725.7"", ""Inclination (dega)"": ""49.8"", ""Azimuth (dega)"": ""279.9"", ""Comment"": null}, {""Depth mMD"": ""2378"", ""Depth mTVD"": ""1746"", ""Inclination (dega)"": ""45.1"", ""Azimuth (dega)"": ""273.8"", ""Comment"": null}, {""Depth mMD"": ""2406"", ""Depth mTVD"": ""1766.5"", ""Inclination (dega)"": ""40.8"", ""Azimuth (dega)"": ""271.7"", ""Comment"": null}, {""Depth mMD"": ""2435"", ""Depth mTVD"": ""1788.8"", ""Inclination (dega)"": ""38.5"", ""Azimuth (dega)"": ""267.5"", ""Comment"": null}, {""Depth mMD"": ""2464"", ""Depth mTVD"": ""1812"", ""Inclination (dega)"": ""35.7"", ""Azimuth (dega)"": ""263.9"", ""Comment"": null}, {""Depth mMD"": ""2493"", ""Depth mTVD"": ""1836"", ""Inclination (dega)"": ""32.6"", ""Azimuth (dega)"": ""258.4"", ""Comment"": null}, {""Depth mMD"": ""2521"", ""Depth mTVD"": ""1859.9"", ""Inclination (dega)"": ""30.3"", ""Azimuth (dega)"": ""252.1"", ""Comment"": null}, {""Depth mMD"": ""2551"", ""Depth mTVD"": ""1886"", ""Inclination (dega)"": ""28.6"", ""Azimuth (dega)"": ""243.8"", ""Comment"": null}, {""Depth mMD"": ""2579"", ""Depth mTVD"": ""1910.9"", ""Inclination (dega)"": ""26.1"", ""Azimuth (dega)"": ""236.3"", ""Comment"": null}, {""Depth mMD"": ""2608"", ""Depth mTVD"": ""1937.2"", ""Inclination (dega)"": ""23.4"", ""Azimuth (dega)"": ""230.3"", ""Comment"": null}, {""Depth mMD"": ""2637"", ""Depth mTVD"": ""1964"", ""Inclination (dega)"": ""2"", ""Azimuth (dega)"": ""222.3"", ""Comment"": null}, {""Depth mMD"": ""2666"", ""Depth mTVD"": ""1990.9"", ""Inclination (dega)"": ""21.8"", ""Azimuth (dega)"": ""213"", ""Comment"": null}, {""Depth mMD"": ""2694"", ""Depth mTVD"": ""2016.9"", ""Inclination (dega)"": ""21.2"", ""Azimuth (dega)"": ""202"", ""Comment"": null}, {""Depth mMD"": ""2724"", ""Depth mTVD"": ""2044.9"", ""Inclination (dega)"": ""21.7"", ""Azimuth (dega)"": ""192.3"", ""Comment"": null}, {""Depth mMD"": ""2753"", ""Depth mTVD"": ""2071.7"", ""Inclination (dega)"": ""23.3"", ""Azimuth (dega)"": ""183.5"", ""Comment"": null}, {""Depth mMD"": ""2782"", ""Depth mTVD"": ""2098"", ""Inclination (dega)"": ""25.9"", ""Azimuth (dega)"": ""177.2"", ""Comment"": null}], ""Stratigraphic Information"": [{""Depth to Top of Formation mMD"": ""110"", ""Depth to Top of Formation mTVD"": ""110"", ""Description"": ""Nordland Gp""}, {""Depth to Top of Formation mMD"": ""11"", ""Depth to Top of Formation mTVD"": ""1059.5"", ""Description"": ""Hordaland Gp""}, {""Depth to Top of Formation mMD"": ""1316.5"", ""Depth to Top of Formation mTVD"": ""1181.5"", ""Description"": ""Skade Fm""}, {""Depth to Top of Formation mMD"": ""2781.5"", ""Depth to Top of Formation mTVD"": ""2097.5"", ""Description"": ""Grid Fm""}, {""Depth to Top of Formation mMD"": ""851"", ""Depth to Top of Formation mTVD"": ""842.5"", ""Description"": ""Utsira Fm""}], ""Lithology Information"": [{""Start Depth mMD"": ""2340"", ""End Depth mMD"": ""-999.99"", ""Start Depth TVD"": null, ""End Depth TVD"": null, ""Shows Description"": null, ""Lithology Description"": ""CLAYSTONE WITH THIN LIMESTONE STRINGERS""}, {""Start Depth mMD"": ""2590"", ""End Depth mMD"": ""-999.99"", ""Start Depth TVD"": null, ""End Depth TVD"": null, ""Shows Description"": null, ""Lithology Description"": ""CLAYSTONE WITH LIMESTONE STRINGERS""}, {""Start Depth mMD"": ""2781.5"", ""End Depth mMD"": ""-999.99"", ""Start Depth TVD"": null, ""End Depth TVD"": null, ""Shows Description"": null, ""Lithology Description"": ""SANDSTONE""}], ""Gas Reading Information"": [{""Time"": ""00:00"", ""Class"": ""trip gas"", ""Depth to Top mMD"": ""2345"", ""Depth to Bottom MD"": null, ""Depth to Top mTVD"": ""1724"", ""Depth to Bottom TVD"": null, ""Highest Gas (%)"": ""8.6"", ""Lowest Gas ()"": null, ""C1 (ppm)"": ""58438"", ""C2 (ppm)"": ""3101"", ""C3 (ppm)"": ""150"", ""IC4 (ppm)"": ""20"", ""IC5 (ppm)"": ""-999.99""}]}"
115,15/9-19 B,15_9_19_B_1997_11_14.pdf,"{""Pore Pressure"": [{""Time"": ""00:00"", ""Depth mMD"": ""2850"", ""Depth TVD"": null, ""Equ Mud Weight (g/cm3)"": ""1.03"", ""Reading"": ""estimated""}], ""Survey Station"": [{""Depth mMD"": ""2810"", ""Depth mTVD"": ""2122.8"", ""Inclination (dega)"": ""28.8"", ""Azimuth (dega)"": ""167.5"", ""Comment"": null}], ""Lithology Information"": [{""Start Depth mMD"": ""2800"", ""End Depth mMD"": ""-999.99"", ""Start Depth TVD"": null, ""End Depth TVD"": null, ""Shows Description"": null, ""Lithology Description"": ""SANDSTONE INTERBEDDED WITH CLAYSTONE""}], ""Gas Reading Information"": [{""Time"": ""00:00"", ""Class"": ""trip gas"", ""Depth to Top mMD"": ""2811"", ""Depth to Bottom MD"": null, ""Depth to Top mTVD"": ""2124"", ""Depth to Bottom TVD"": null, ""Highest Gas (%)"": ""6.1"", ""Lowest Gas ()"": null, ""C1 (ppm)"": ""51000"", ""C2 (ppm)"": ""2500"", ""C3 (ppm)"": ""35"", ""IC4 (ppm)"": ""1"", ""IC5 (ppm)"": ""-999.99""}]}"
116,15/9-19 B,15_9_19_B_1997_11_15.pdf,"{""Pore Pressure"": [{""Time"": ""00:00"", ""Depth mMD"": ""3039"", ""Depth TVD"": null, ""Equ Mud Weight (g/cm3)"": ""1.03"", ""Reading"": ""estimated""}], ""Survey Station"": [{""Depth mMD"": ""2838"", ""Depth mTVD"": ""2147.2"", ""Inclination (dega)"": ""29.7"", ""Azimuth (dega)"": ""165"", ""Comment"": null}, {""Depth mMD"": ""2868"", ""Depth mTVD"": ""2172.9"", ""Inclination (dega)"": ""32.3"", ""Azimuth (dega)"": ""160.4"", ""Comment"": null}, {""Depth mMD"": ""2897"", ""Depth mTVD"": ""2197.3"", ""Inclination (dega)"": ""33.6"", ""Azimuth (dega)"": ""157.4"", ""Comment"": null}, {""Depth mMD"": ""2926"", ""Depth mTVD"": ""2221.4"", ""Inclination (dega)"": ""33.5"", ""Azimuth (dega)"": ""156.7"", ""Comment"": null}, {""Depth mMD"": ""2955"", ""Depth mTVD"": ""2245.6"", ""Inclination (dega)"": ""33.5"", ""Azimuth (dega)"": ""157.4"", ""Comment"": null}, {""Depth mMD"": ""2984"", ""Depth mTVD"": ""2269.8"", ""Inclination (dega)"": ""33.4"", ""Azimuth (dega)"": ""158.2"", ""Comment"": null}], ""Stratigraphic Information"": [{""Depth to Top of Formation mMD"": ""2971"", ""Depth to Top of Formation mTVD"": ""2259"", ""Description"": ""Balder Fm .""}], ""Lithology Information"": [{""Start Depth mMD"": ""2830"", ""End Depth mMD"": ""-999.99"", ""Start Depth TVD"": null, ""End Depth TVD"": null, ""Shows Description"": null, ""Lithology Description"": ""CLAYSTONE WITH SANDSTONE STRINGERS""}, {""Start Depth mMD"": ""2850"", ""End Depth mMD"": ""-999.99"", ""Start Depth TVD"": null, ""End Depth TVD"": null, ""Shows Description"": null, ""Lithology Description"": ""CLAYSTONE WITH TRACES OF LIMESTONE""}, {""Start Depth mMD"": ""2971"", ""End Depth mMD"": ""-999.99"", ""Start Depth TVD"": null, ""End Depth TVD"": null, ""Shows Description"": null, ""Lithology Description"": ""CLAYSTONE WITH TUFFACEOUS BEDS AND MINOR LIMESTONE""}], ""Gas Reading Information"": [{""Time"": ""00:00"", ""Class"": ""drilling gas pea k"", ""Depth to Top mMD"": ""3036"", ""Depth to Bottom MD"": null, ""Depth to Top mTVD"": ""2313"", ""Depth to Bottom TVD"": null, ""Highest Gas (%)"": ""11.21"", ""Lowest Gas ()"": null, ""C1 (ppm)"": ""81355"", ""C2 (ppm)"": ""2570"", ""C3 (ppm)"": ""38"", ""IC4 (ppm)"": ""2"", ""IC5 (ppm)"": ""-999.99""}, {""Time"": ""00:00"", ""Class"": ""drilling gas pea k"", ""Depth to Top mMD"": ""3036.1"", ""Depth to Bottom MD"": null, ""Depth to Top mTVD"": ""2313"", ""Depth to Bottom TVD"": null, ""Highest Gas (%)"": ""11.84"", ""Lowest Gas ()"": null, ""C1 (ppm)"": ""82830"", ""C2 (ppm)"": ""2480"", ""C3 (ppm)"": ""29"", ""IC4 (ppm)"": ""2"", ""IC5 (ppm)"": ""-999.99""}, {""Time"": ""00:00"", ""Class"": ""drilling gas pea k"", ""Depth to Top mMD"": ""3036.2"", ""Depth to Bottom MD"": null, ""Depth to Top mTVD"": ""2313"", ""Depth to Bottom TVD"": null, ""Highest Gas (%)"": ""11.15"", ""Lowest Gas ()"": null, ""C1 (ppm)"": ""81220"", ""C2 (ppm)"": ""1840"", ""C3 (ppm)"": ""30"", ""IC4 (ppm)"": ""2"", ""IC5 (ppm)"": ""-999.99""}, {""Time"": ""00:00"", ""Class"": ""drilling gas pea k"", ""Depth to Top mMD"": ""3036.3"", ""Depth to Bottom MD"": null, ""Depth to Top mTVD"": ""2313"", ""Depth to Bottom TVD"": null, ""Highest Gas (%)"": ""12.06"", ""Lowest Gas ()"": null, ""C1 (ppm)"": ""89570"", ""C2 (ppm)"": ""2927"", ""C3 (ppm)"": ""3"", ""IC4 (ppm)"": ""2"", ""IC5 (ppm)"": ""-999.99""}, {""Time"": ""00:00"", ""Class"": ""drilling gas pea k"", ""Depth to Top mMD"": ""3036.4"", ""Depth to Bottom MD"": null, ""Depth to Top mTVD"": ""2313"", ""Depth to Bottom TVD"": null, ""Highest Gas (%)"": ""14.32"", ""Lowest Gas ()"": null, ""C1 (ppm)"": ""101745"", ""C2 (ppm)"": ""3890"", ""C3 (ppm)"": ""35"", ""IC4 (ppm)"": ""1"", ""IC5 (ppm)"": ""-999.99""}, {""Time"": ""00:00"", ""Class"": ""drilling gas pea k"", ""Depth to Top mMD"": ""3036.5"", ""Depth to Bottom MD"": null, ""Depth to Top mTVD"": ""2313"", ""Depth to Bottom TVD"": null, ""Highest Gas (%)"": ""14.68"", ""Lowest Gas ()"": null, ""C1 (ppm)"": ""108108"", ""C2 (ppm)"": ""2741"", ""C3 (ppm)"": ""38"", ""IC4 (ppm)"": ""1"", ""IC5 (ppm)"": ""-999.99""}, {""Time"": ""00:00"", ""Class"": ""drilling gas pea k"", ""Depth to Top mMD"": ""3036.6"", ""Depth to Bottom MD"": null, ""Depth to Top mTVD"": ""2313"", ""Depth to Bottom TVD"": null, ""Highest Gas (%)"": ""17.25"", ""Lowest Gas ()"": null, ""C1 (ppm)"": ""139682"", ""C2 (ppm)"": ""2810"", ""C3 (ppm)"": ""46"", ""IC4 (ppm)"": ""1"", ""IC5 (ppm)"": ""-999.99""}, {""Time"": ""00:00"", ""Class"": ""drilling gas pea k"", ""Depth to Top mMD"": ""3036.7"", ""Depth to Bottom MD"": null, ""Depth to Top mTVD"": ""2313"", ""Depth to Bottom TVD"": null, ""Highest Gas (%)"": ""18.98"", ""Lowest Gas ()"": null, ""C1 (ppm)"": ""155702"", ""C2 (ppm)"": ""2598"", ""C3 (ppm)"": ""46"", ""IC4 (ppm)"": ""1"", ""IC5 (ppm)"": ""-999.99""}]}"
117,15/9-19 B,15_9_19_B_1997_11_16.pdf,"{""Pore Pressure"": [{""Time"": ""00:00"", ""Depth mMD"": ""3039"", ""Depth TVD"": null, ""Equ Mud Weight (g/cm3)"": ""1.03"", ""Reading"": ""estimated""}], ""Gas Reading Information"": [{""Time"": ""00:00"", ""Class"": ""trip gas"", ""Depth to Top mMD"": ""3039"", ""Depth to Bottom MD"": null, ""Depth to Top mTVD"": ""2315.5"", ""Depth to Bottom TVD"": null, ""Highest Gas (%)"": ""29"", ""Lowest Gas ()"": null, ""C1 (ppm)"": ""234009"", ""C2 (ppm)"": ""3721"", ""C3 (ppm)"": ""1003"", ""IC4 (ppm)"": ""2"", ""IC5 (ppm)"": ""-999.99""}, {""Time"": ""00:00"", ""Class"": ""trip gas"", ""Depth to Top mMD"": ""3039.1"", ""Depth to Bottom MD"": null, ""Depth to Top mTVD"": ""2315.5"", ""Depth to Bottom TVD"": null, ""Highest Gas (%)"": ""18.9"", ""Lowest Gas ()"": null, ""C1 (ppm)"": ""147752"", ""C2 (ppm)"": ""3084"", ""C3 (ppm)"": ""58"", ""IC4 (ppm)"": ""2"", ""IC5 (ppm)"": ""-999.99""}]}"
118,15/9-19 B,15_9_19_B_1997_11_17.pdf,"{""Pore Pressure"": [{""Time"": ""00:00"", ""Depth mMD"": ""3039"", ""Depth TVD"": null, ""Equ Mud Weight (g/cm3)"": ""1.03"", ""Reading"": ""estimated""}]}"
119,15/9-19 B,15_9_19_B_1997_11_18.pdf,"{""Pore Pressure"": [{""Time"": ""00:00"", ""Depth mMD"": ""3054"", ""Depth TVD"": null, ""Equ Mud Weight (g/cm3)"": ""1.03"", ""Reading"": ""estimated""}], ""Lithology Information"": [{""Start Depth mMD"": ""3035"", ""End Depth mMD"": ""-999.99"", ""Start Depth TVD"": null, ""End Depth TVD"": null, ""Shows Description"": null, ""Lithology Description"": ""CLAYSTONE WITH TUFFACEOUS BEDS AND MINOR LIMESTONE""}], ""Gas Reading Information"": [{""Time"": ""00:00"", ""Class"": ""drilling gas pea k"", ""Depth to Top mMD"": ""3054"", ""Depth to Bottom MD"": null, ""Depth to Top mTVD"": ""2328.5"", ""Depth to Bottom TVD"": null, ""Highest Gas (%)"": ""7.6"", ""Lowest Gas ()"": null, ""C1 (ppm)"": ""58679"", ""C2 (ppm)"": ""2780"", ""C3 (ppm)"": ""60"", ""IC4 (ppm)"": ""5"", ""IC5 (ppm)"": ""-999.99""}, {""Time"": ""00:00"", ""Class"": ""drilling gas pea k"", ""Depth to Top mMD"": ""3054.1"", ""Depth to Bottom MD"": null, ""Depth to Top mTVD"": ""2328.5"", ""Depth to Bottom TVD"": null, ""Highest Gas (%)"": ""3.9"", ""Lowest Gas ()"": null, ""C1 (ppm)"": ""29010"", ""C2 (ppm)"": ""2245"", ""C3 (ppm)"": ""28"", ""IC4 (ppm)"": ""-999.99"", ""IC5 (ppm)"": ""-999.99""}]}"
120,15/9-19 B,15_9_19_B_1997_11_19.pdf,"{""Pore Pressure"": [{""Time"": ""00:00"", ""Depth mMD"": ""3054"", ""Depth TVD"": null, ""Equ Mud Weight (g/cm3)"": ""1.03"", ""Reading"": ""estimated""}]}"
121,15/9-19 B,15_9_19_B_1997_11_20.pdf,"{""Pore Pressure"": [{""Time"": ""00:00"", ""Depth mMD"": ""3054"", ""Depth TVD"": null, ""Equ Mud Weight (g/cm3)"": ""1.03"", ""Reading"": ""estimated""}]}"
122,15/9-19 B,15_9_19_B_1997_11_21.pdf,"{""Pore Pressure"": [{""Time"": ""00:00"", ""Depth mMD"": ""3054"", ""Depth TVD"": null, ""Equ Mud Weight (g/cm3)"": ""1.03"", ""Reading"": ""estimated""}]}"
123,15/9-19 B,15_9_19_B_1997_11_22.pdf,"{""Pore Pressure"": [{""Time"": ""00:00"", ""Depth mMD"": ""3054"", ""Depth TVD"": null, ""Equ Mud Weight (g/cm3)"": ""1.03"", ""Reading"": ""estimated""}]}"
124,15/9-19 B,15_9_19_B_1997_11_23.pdf,"{""Pore Pressure"": [{""Time"": ""00:00"", ""Depth mMD"": ""3054"", ""Depth TVD"": null, ""Equ Mud Weight (g/cm3)"": ""1.03"", ""Reading"": ""estimated""}]}"
125,15/9-19 B,15_9_19_B_1997_11_24.pdf,"{""Pore Pressure"": [{""Time"": ""00:00"", ""Depth mMD"": ""3054"", ""Depth TVD"": null, ""Equ Mud Weight (g/cm3)"": ""1.03"", ""Reading"": ""estimated""}]}"
126,15/9-19 B,15_9_19_B_1997_11_25.pdf,"{""Pore Pressure"": [{""Time"": ""00:00"", ""Depth mMD"": ""3054"", ""Depth TVD"": null, ""Equ Mud Weight (g/cm3)"": ""1.03"", ""Reading"": ""estimated""}]}"
127,15/9-19 B,15_9_19_B_1997_11_26.pdf,"{""Pore Pressure"": [{""Time"": ""00:00"", ""Depth mMD"": ""3054"", ""Depth TVD"": null, ""Equ Mud Weight (g/cm3)"": ""1.03"", ""Reading"": ""estimated""}], ""Gas Reading Information"": [{""Time"": ""00:00"", ""Class"": ""drilling gas pea k"", ""Depth to Top mMD"": ""106"", ""Depth to Bottom MD"": null, ""Depth to Top TVD"": null, ""Depth to Bottom TVD"": null, ""Highest Gas (%)"": ""8.8"", ""Lowest Gas ()"": null, ""C1 (ppm)"": ""77502"", ""C2 (ppm)"": ""1020"", ""C3 (ppm)"": ""21"", ""IC4 (ppm)"": ""1"", ""IC5 (ppm)"": ""-999.99""}]}"
128,15/9-19 B,15_9_19_B_1997_11_27.pdf,"{""Pore Pressure"": [{""Time"": ""00:00"", ""Depth mMD"": ""3183"", ""Depth TVD"": null, ""Equ Mud Weight (g/cm3)"": ""1.03"", ""Reading"": ""estimated""}], ""Survey Station"": [{""Depth mMD"": ""3043"", ""Depth mTVD"": ""2319.1"", ""Inclination (dega)"": ""33.4"", ""Azimuth (dega)"": ""158.2"", ""Comment"": null}, {""Depth mMD"": ""3071"", ""Depth mTVD"": ""2342.5"", ""Inclination (dega)"": ""32.9"", ""Azimuth (dega)"": ""158.2"", ""Comment"": null}, {""Depth mMD"": ""3099"", ""Depth mTVD"": ""2366"", ""Inclination (dega)"": ""32.9"", ""Azimuth (dega)"": ""158.4"", ""Comment"": null}, {""Depth mMD"": ""3128"", ""Depth mTVD"": ""2390.4"", ""Inclination (dega)"": ""33.1"", ""Azimuth (dega)"": ""158.5"", ""Comment"": null}, {""Depth mMD"": ""3157"", ""Depth mTVD"": ""2414.7"", ""Inclination (dega)"": ""33.1"", ""Azimuth (dega)"": ""159"", ""Comment"": null}, {""Depth mMD"": ""3186"", ""Depth mTVD"": ""2439"", ""Inclination (dega)"": ""32.9"", ""Azimuth (dega)"": ""158.7"", ""Comment"": null}], ""Stratigraphic Information"": [{""Depth to Top of Formation mMD"": ""3039"", ""Depth to Top of Formation mTVD"": ""2315.5"", ""Description"": ""Sele Fm""}, {""Depth to Top of Formation mMD"": ""3122"", ""Depth to Top of Formation mTVD"": ""2385.5"", ""Description"": ""Lista Fm""}], ""Lithology Information"": [{""Start Depth mMD"": ""3054"", ""End Depth mMD"": ""-999.99"", ""Start Depth TVD"": null, ""End Depth TVD"": null, ""Shows Description"": null, ""Lithology Description"": ""CLAYSTONE WITH MINOR LIMSTONE STRINGERS""}], ""Gas Reading Information"": [{""Time"": ""00:00"", ""Class"": ""drilling gas pea k"", ""Depth to Top mMD"": ""3066"", ""Depth to Bottom MD"": null, ""Depth to Top TVD"": null, ""Depth to Bottom TVD"": null, ""Highest Gas (%)"": ""1.5"", ""Lowest Gas ()"": null, ""C1 (ppm)"": ""12053"", ""C2 (ppm)"": ""1420"", ""C3 (ppm)"": ""15"", ""IC4 (ppm)"": ""-999.99"", ""IC5 (ppm)"": ""-999.99""}, {""Time"": ""00:00"", ""Class"": ""drilling gas pea k"", ""Depth to Top mMD"": ""3080"", ""Depth to Bottom MD"": null, ""Depth to Top TVD"": null, ""Depth to Bottom TVD"": null, ""Highest Gas (%)"": ""1.4"", ""Lowest Gas ()"": null, ""C1 (ppm)"": ""8579"", ""C2 (ppm)"": ""1329"", ""C3 (ppm)"": ""32"", ""IC4 (ppm)"": ""1"", ""IC5 (ppm)"": ""-999.99""}, {""Time"": ""00:00"", ""Class"": ""drilling gas pea k"", ""Depth to Top mMD"": ""3091"", ""Depth to Bottom MD"": null, ""Depth to Top TVD"": null, ""Depth to Bottom TVD"": null, ""Highest Gas (%)"": ""1.5"", ""Lowest Gas ()"": null, ""C1 (ppm)"": ""9884"", ""C2 (ppm)"": ""1065"", ""C3 (ppm)"": ""20"", ""IC4 (ppm)"": ""1"", ""IC5 (ppm)"": ""-999.99""}, {""Time"": ""00:00"", ""Class"": ""drilling gas pea k"", ""Depth to Top mMD"": ""3095"", ""Depth to Bottom MD"": null, ""Depth to Top TVD"": null, ""Depth to Bottom TVD"": null, ""Highest Gas (%)"": ""1.6"", ""Lowest Gas ()"": null, ""C1 (ppm)"": ""10461"", ""C2 (ppm)"": ""1019"", ""C3 (ppm)"": ""16"", ""IC4 (ppm)"": ""1"", ""IC5 (ppm)"": ""-999.99""}, {""Time"": ""00:00"", ""Class"": ""drilling gas pea k"", ""Depth to Top mMD"": ""3110"", ""Depth to Bottom MD"": null, ""Depth to Top TVD"": null, ""Depth to Bottom TVD"": null, ""Highest Gas (%)"": ""3.9"", ""Lowest Gas ()"": null, ""C1 (ppm)"": ""21854"", ""C2 (ppm)"": ""1585"", ""C3 (ppm)"": ""26"", ""IC4 (ppm)"": ""1"", ""IC5 (ppm)"": ""-999.99""}, {""Time"": ""00:00"", ""Class"": ""drilling gas pea k"", ""Depth to Top mMD"": ""3115"", ""Depth to Bottom MD"": null, ""Depth to Top TVD"": null, ""Depth to Bottom TVD"": null, ""Highest Gas (%)"": ""2.3"", ""Lowest Gas ()"": null, ""C1 (ppm)"": ""19512"", ""C2 (ppm)"": ""1065"", ""C3 (ppm)"": ""20"", ""IC4 (ppm)"": ""1"", ""IC5 (ppm)"": ""-999.99""}, {""Time"": ""00:00"", ""Class"": ""drilling gas pea k"", ""Depth to Top mMD"": ""3124"", ""Depth to Bottom MD"": null, ""Depth to Top TVD"": null, ""Depth to Bottom TVD"": null, ""Highest Gas (%)"": ""1.3"", ""Lowest Gas ()"": null, ""C1 (ppm)"": ""8339"", ""C2 (ppm)"": ""1065"", ""C3 (ppm)"": ""20"", ""IC4 (ppm)"": ""-999.99"", ""IC5 (ppm)"": ""-999.99""}, {""Time"": ""00:00"", ""Class"": ""drilling gas pea k"", ""Depth to Top mMD"": ""3127"", ""Depth to Bottom MD"": null, ""Depth to Top TVD"": null, ""Depth to Bottom TVD"": null, ""Highest Gas (%)"": ""1.4"", ""Lowest Gas ()"": null, ""C1 (ppm)"": ""9608"", ""C2 (ppm)"": ""954"", ""C3 (ppm)"": ""18"", ""IC4 (ppm)"": ""-999.99"", ""IC5 (ppm)"": ""-999.99""}, {""Time"": ""00:00"", ""Class"": ""drilling gas pea k"", ""Depth to Top mMD"": ""3153"", ""Depth to Bottom MD"": null, ""Depth to Top TVD"": null, ""Depth to Bottom TVD"": null, ""Highest Gas (%)"": ""1.5"", ""Lowest Gas ()"": null, ""C1 (ppm)"": ""6106"", ""C2 (ppm)"": ""1551"", ""C3 (ppm)"": ""18"", ""IC4 (ppm)"": ""1"", ""IC5 (ppm)"": ""-999.99""}]}"
129,15/9-19 B,15_9_19_B_1997_11_28.pdf,"{""Pore Pressure"": [{""Time"": ""00:00"", ""Depth mMD"": ""3272"", ""Depth TVD"": null, ""Equ Mud Weight (g/cm3)"": ""1.03"", ""Reading"": ""estimated""}], ""Survey Station"": [{""Depth mMD"": ""3215"", ""Depth mTVD"": ""2463.3"", ""Inclination (dega)"": ""32.9"", ""Azimuth (dega)"": ""158.8"", ""Comment"": null}, {""Depth mMD"": ""3244"", ""Depth mTVD"": ""2487.6"", ""Inclination (dega)"": ""33.1"", ""Azimuth (dega)"": ""158.8"", ""Comment"": null}], ""Stratigraphic Information"": [{""Depth to Top of Formation mMD"": ""3208"", ""Depth to Top of Formation mTVD"": ""2457.5"", ""Description"": ""Ty Fm""}], ""Lithology Information"": [{""Start Depth mMD"": ""3183"", ""End Depth mMD"": ""-999.99"", ""Start Depth TVD"": null, ""End Depth TVD"": null, ""Shows Description"": null, ""Lithology Description"": ""CLAYSTONE WITH MINOR LIMESTONE STRINGERS""}, {""Start Depth mMD"": ""3208"", ""End Depth mMD"": ""-999.99"", ""Start Depth TVD"": null, ""End Depth TVD"": null, ""Shows Description"": null, ""Lithology Description"": ""SANDSTONE WITH CLAYSTONE AND LIMESTONE BEDS""}], ""Gas Reading Information"": [{""Time"": ""00:00"", ""Class"": ""drilling gas pea k"", ""Depth to Top mMD"": ""3155"", ""Depth to Bottom MD"": null, ""Depth to Top TVD"": null, ""Depth to Bottom TVD"": null, ""Highest Gas (%)"": ""1.2"", ""Lowest Gas ()"": null, ""C1 (ppm)"": ""7035"", ""C2 (ppm)"": ""1389"", ""C3 (ppm)"": ""21"", ""IC4 (ppm)"": ""-999.99"", ""IC5 (ppm)"": ""-999.99""}, {""Time"": ""00:00"", ""Class"": ""drilling gas pea k"", ""Depth to Top mMD"": ""3174"", ""Depth to Bottom MD"": null, ""Depth to Top TVD"": null, ""Depth to Bottom TVD"": null, ""Highest Gas (%)"": ""1.3"", ""Lowest Gas ()"": null, ""C1 (ppm)"": ""7237"", ""C2 (ppm)"": ""893"", ""C3 (ppm)"": ""18"", ""IC4 (ppm)"": ""-999.99"", ""IC5 (ppm)"": ""-999.99""}, {""Time"": ""00:00"", ""Class"": ""drilling gas pea k"", ""Depth to Top mMD"": ""3183"", ""Depth to Bottom MD"": null, ""Depth to Top TVD"": null, ""Depth to Bottom TVD"": null, ""Highest Gas (%)"": ""1.5"", ""Lowest Gas ()"": null, ""C1 (ppm)"": ""9079"", ""C2 (ppm)"": ""1190"", ""C3 (ppm)"": ""24"", ""IC4 (ppm)"": ""-999.99"", ""IC5 (ppm)"": ""-999.99""}, {""Time"": ""00:00"", ""Class"": ""drilling gas pea k"", ""Depth to Top mMD"": ""3204"", ""Depth to Bottom MD"": null, ""Depth to Top TVD"": null, ""Depth to Bottom TVD"": null, ""Highest Gas (%)"": ""1.1"", ""Lowest Gas ()"": null, ""C1 (ppm)"": ""8579"", ""C2 (ppm)"": ""1502"", ""C3 (ppm)"": ""16"", ""IC4 (ppm)"": ""-999.99"", ""IC5 (ppm)"": ""-999.99""}, {""Time"": ""00:00"", ""Class"": ""drilling gas pea k"", ""Depth to Top mMD"": ""3211"", ""Depth to Bottom MD"": null, ""Depth to Top TVD"": null, ""Depth to Bottom TVD"": null, ""Highest Gas (%)"": ""1.2"", ""Lowest Gas ()"": null, ""C1 (ppm)"": ""9608"", ""C2 (ppm)"": ""993"", ""C3 (ppm)"": ""19"", ""IC4 (ppm)"": ""1"", ""IC5 (ppm)"": ""-999.99""}, {""Time"": ""00:00"", ""Class"": ""drilling gas pea k"", ""Depth to Top mMD"": ""3215"", ""Depth to Bottom MD"": null, ""Depth to Top TVD"": null, ""Depth to Bottom TVD"": null, ""Highest Gas (%)"": ""1.4"", ""Lowest Gas ()"": null, ""C1 (ppm)"": ""8825"", ""C2 (ppm)"": ""1243"", ""C3 (ppm)"": ""27"", ""IC4 (ppm)"": ""-999.99"", ""IC5 (ppm)"": ""-999.99""}, {""Time"": ""00:00"", ""Class"": ""drilling gas pea k"", ""Depth to Top mMD"": ""3240"", ""Depth to Bottom MD"": null, ""Depth to Top TVD"": null, ""Depth to Bottom TVD"": null, ""Highest Gas (%)"": ""1.2"", ""Lowest Gas ()"": null, ""C1 (ppm)"": ""81"", ""C2 (ppm)"": ""1138"", ""C3 (ppm)"": ""20"", ""IC4 (ppm)"": ""-999.99"", ""IC5 (ppm)"": ""-999.99""}, {""Time"": ""00:00"", ""Class"": ""drilling gas pea k"", ""Depth to Top mMD"": ""3254"", ""Depth to Bottom MD"": null, ""Depth to Top TVD"": null, ""Depth to Bottom TVD"": null, ""Highest Gas (%)"": ""1.2"", ""Lowest Gas ()"": null, ""C1 (ppm)"": ""8339"", ""C2 (ppm)"": ""1259"", ""C3 (ppm)"": ""13"", ""IC4 (ppm)"": ""-999.99"", ""IC5 (ppm)"": ""-999.99""}]}"
130,15/9-19 B,15_9_19_B_1997_11_29.pdf,"{""Pore Pressure"": [{""Time"": ""00:00"", ""Depth mMD"": ""3272"", ""Depth TVD"": null, ""Equ Mud Weight (g/cm3)"": ""1.03"", ""Reading"": ""estimated""}]}"
131,15/9-19 B,15_9_19_B_1997_11_30.pdf,"{""Pore Pressure"": [{""Time"": ""00:00"", ""Depth mMD"": ""3272"", ""Depth TVD"": null, ""Equ Mud Weight (g/cm3)"": ""1.03"", ""Reading"": ""estimated""}]}"
132,15/9-19 B,15_9_19_B_1997_12_01.pdf,"{""Pore Pressure"": [{""Time"": ""00:00"", ""Depth mMD"": ""3272"", ""Depth TVD"": null, ""Equ Mud Weight (g/cm3)"": ""1.03"", ""Reading"": ""estimated""}]}"
133,15/9-19 B,15_9_19_B_1997_12_02.pdf,"{""Pore Pressure"": [{""Time"": ""00:00"", ""Depth mMD"": ""3272"", ""Depth TVD"": null, ""Equ Mud Weight (g/cm3)"": ""1.03"", ""Reading"": ""estimated""}]}"
134,15/9-19 B,15_9_19_B_1997_12_03.pdf,"{""Pore Pressure"": [{""Time"": ""00:00"", ""Depth mMD"": ""3272"", ""Depth TVD"": null, ""Equ Mud Weight (g/cm3)"": ""1.03"", ""Reading"": ""estimated""}]}"
135,15/9-19 B,15_9_19_B_1997_12_04.pdf,"{""Pore Pressure"": [{""Time"": ""00:00"", ""Depth mMD"": ""3272"", ""Depth TVD"": null, ""Equ Mud Weight (g/cm3)"": ""1.03"", ""Reading"": ""estimated""}]}"
136,15/9-19 B,15_9_19_B_1997_12_05.pdf,"{""Pore Pressure"": [{""Time"": ""00:00"", ""Depth mMD"": ""3272"", ""Depth TVD"": null, ""Equ Mud Weight (g/cm3)"": ""1.03"", ""Reading"": ""estimated""}]}"
137,15/9-19 B,15_9_19_B_1997_12_06.pdf,"{""Survey Station"": [{""Depth mMD"": ""2916"", ""Depth mTVD"": ""2213"", ""Inclination (dega)"": ""34.4"", ""Azimuth (dega)"": ""157"", ""Comment"": null}, {""Depth mMD"": ""2945"", ""Depth mTVD"": ""2237"", ""Inclination (dega)"": ""34.4"", ""Azimuth (dega)"": ""151.4"", ""Comment"": null}, {""Depth mMD"": ""2975"", ""Depth mTVD"": ""2261.7"", ""Inclination (dega)"": ""34.3"", ""Azimuth (dega)"": ""151.3"", ""Comment"": null}, {""Depth mMD"": ""3000"", ""Depth mTVD"": ""2282.4"", ""Inclination (dega)"": ""34.1"", ""Azimuth (dega)"": ""147.8"", ""Comment"": null}]}"
138,15/9-19 BT2,15_9_19_BT2_1997_12_06.pdf,"{""Pore Pressure"": [{""Time"": ""00:00"", ""Depth mMD"": ""3042"", ""Depth TVD"": null, ""Equ Mud Weight (g/cm3)"": ""1.03"", ""Reading"": ""estimated""}]}"
139,15/9-19 BT2,15_9_19_BT2_1997_12_07.pdf,"{""Survey Station"": [{""Depth mMD"": ""3029"", ""Depth mTVD"": ""2306.4"", ""Inclination (dega)"": ""34.4"", ""Azimuth (dega)"": ""148"", ""Comment"": null}, {""Depth mMD"": ""3061"", ""Depth mTVD"": ""2332.9"", ""Inclination (dega)"": ""33.8"", ""Azimuth (dega)"": ""149.1"", ""Comment"": null}, {""Depth mMD"": ""3090"", ""Depth mTVD"": ""2357.3"", ""Inclination (dega)"": ""31.5"", ""Azimuth (dega)"": ""158.2"", ""Comment"": null}, {""Depth mMD"": ""3119"", ""Depth mTVD"": ""2382.1"", ""Inclination (dega)"": ""31.4"", ""Azimuth (dega)"": ""161.3"", ""Comment"": null}]}"
140,15/9-19 BT2,15_9_19_BT2_1997_12_08.pdf,"{""Pore Pressure"": [{""Time"": ""00:00"", ""Depth mMD"": ""3220"", ""Depth TVD"": null, ""Equ Mud Weight (g/cm3)"": ""1.03"", ""Reading"": ""estimated""}], ""Survey Station"": [{""Depth mMD"": ""3148"", ""Depth mTVD"": ""2406.8"", ""Inclination (dega)"": ""31.6"", ""Azimuth (dega)"": ""160.1"", ""Comment"": null}, {""Depth mMD"": ""3177"", ""Depth mTVD"": ""2431.5"", ""Inclination (dega)"": ""31.4"", ""Azimuth (dega)"": ""160.9"", ""Comment"": null}, {""Depth mMD"": ""3203"", ""Depth mTVD"": ""2453.7"", ""Inclination (dega)"": ""31.1"", ""Azimuth (dega)"": ""159.6"", ""Comment"": null}]}"
141,15/9-19 BT2,15_9_19_BT2_1997_12_09.pdf,"{""Pore Pressure"": [{""Time"": ""00:00"", ""Depth mMD"": ""3220"", ""Depth TVD"": null, ""Equ Mud Weight (g/cm3)"": ""1.03"", ""Reading"": ""estimated""}], ""Stratigraphic Information"": [{""Depth to Top of Formation mMD"": ""1561.5"", ""Depth to Top of Formation mTVD"": ""1497"", ""Description"": ""Kai Fm""}, {""Depth to Top of Formation mMD"": ""2137.5"", ""Depth to Top of Formation mTVD"": ""1966.1"", ""Description"": ""Brygge Fm""}, {""Depth to Top of Formation mMD"": ""2445.5"", ""Depth to Top of Formation mTVD"": ""2229"", ""Description"": ""Tare Fm""}, {""Depth to Top of Formation mMD"": ""2517.5"", ""Depth to Top of Formation mTVD"": ""2295.7"", ""Description"": ""Tang Fm""}, {""Depth to Top of Formation mMD"": ""2586"", ""Depth to Top of Formation mTVD"": ""2360.1"", ""Description"": ""Springar Fm""}, {""Depth to Top of Formation mMD"": ""2747"", ""Depth to Top of Formation mTVD"": ""2516.1"", ""Description"": ""Nise Fm""}, {""Depth to Top of Formation mMD"": ""2941"", ""Depth to Top of Formation mTVD"": ""2708.9"", ""Description"": ""Kvitnos Fm""}, {""Depth to Top of Formation mMD"": ""330"", ""Depth to Top of Formation mTVD"": ""330"", ""Description"": ""Naust Fm""}, {""Depth to Top of Formation mMD"": ""3416"", ""Depth to Top of Formation mTVD"": ""3162.2"", ""Description"": ""Lysing Fm""}, {""Depth to Top of Formation mMD"": ""3458"", ""Depth to Top of Formation mTVD"": ""3200.3"", ""Description"": ""Lange Fm""}, {""Depth to Top of Formation mMD"": ""4235.5"", ""Depth to Top of Formation mTVD"": ""3777.4"", ""Description"": ""Lyr Fm""}, {""Depth to Top of Formation mMD"": ""4263.5"", ""Depth to Top of Formation mTVD"": ""3793.7"", ""Description"": ""Spekk Fm""}, {""Depth to Top of Formation mMD"": ""4373"", ""Depth to Top of Formation mTVD"": ""3857.1"", ""Description"": ""Melke Fm""}]}"
142,15/9-19 BT2,15_9_19_BT2_1997_12_10.pdf,"{""Pore Pressure"": [{""Time"": ""00:00"", ""Depth mMD"": ""3220"", ""Depth TVD"": null, ""Equ Mud Weight (g/cm3)"": ""1.03"", ""Reading"": ""estimated""}]}"
143,15/9-19 BT2,15_9_19_BT2_1997_12_11.pdf,{}
144,15/9-19 BT2,15_9_19_BT2_1997_12_12.pdf,"{""Pore Pressure"": [{""Time"": ""00:00"", ""Depth mMD"": ""3220"", ""Depth TVD"": null, ""Equ Mud Weight (g/cm3)"": ""1.03"", ""Reading"": ""estimated""}]}"
145,15/9-19 BT2,15_9_19_BT2_1997_12_13.pdf,"{""Pore Pressure"": [{""Time"": ""00:00"", ""Depth mMD"": ""3220"", ""Depth TVD"": null, ""Equ Mud Weight (g/cm3)"": ""1.03"", ""Reading"": ""estimated""}]}"
146,15/9-19 BT2,15_9_19_BT2_1997_12_14.pdf,"{""Pore Pressure"": [{""Time"": ""00:00"", ""Depth mMD"": ""3220"", ""Depth TVD"": null, ""Equ Mud Weight (g/cm3)"": ""1.03"", ""Reading"": ""estimated""}]}"
147,15/9-19 BT2,15_9_19_BT2_1997_12_15.pdf,"{""Pore Pressure"": [{""Time"": ""00:00"", ""Depth mMD"": ""3220"", ""Depth TVD"": null, ""Equ Mud Weight (g/cm3)"": ""1.03"", ""Reading"": ""estimated""}], ""Casing Liner Tubing"": [{""start_time"": null, ""end_time"": null, ""type_of_pipe"": ""Liner"", ""casing_type"": null, ""outside_diameter_in"": ""7"", ""inside_diameter_in"": ""6.094"", ""weight_lbm_ft"": ""32"", ""grade"": ""L-80"", ""connection"": ""New Vam"", ""length_m"": ""1101"", ""top_mmd"": ""2097"", ""bottom_mmd"": ""3198"", ""description"": null, ""comment"": null}]}"
148,15/9-19 BT2,15_9_19_BT2_1997_12_16.pdf,"{""Pore Pressure"": [{""Time"": ""00:00"", ""Depth mMD"": ""3220"", ""Depth TVD"": null, ""Equ Mud Weight (g/cm3)"": ""1.03"", ""Reading"": ""estimated""}]}"
149,15/9-19 BT2,15_9_19_BT2_1997_12_17.pdf,"{""Pore Pressure"": [{""Time"": ""00:00"", ""Depth mMD"": ""3220"", ""Depth TVD"": null, ""Equ Mud Weight (g/cm3)"": ""1.03"", ""Reading"": ""estimated""}]}"
150,15/9-19 BT2,15_9_19_BT2_1997_12_18.pdf,"{""Pore Pressure"": [{""Time"": ""00:00"", ""Depth mMD"": ""3220"", ""Depth TVD"": null, ""Equ Mud Weight (g/cm3)"": ""1.03"", ""Reading"": ""estimated""}]}"
151,15/9-19 BT2,15_9_19_BT2_1997_12_19.pdf,"{""Pore Pressure"": [{""Time"": ""00:00"", ""Depth mMD"": ""3348"", ""Depth TVD"": null, ""Equ Mud Weight (g/cm3)"": ""1.03"", ""Reading"": ""estimated""}], ""Survey Station"": [{""Depth mMD"": ""3262"", ""Depth mTVD"": ""2505"", ""Inclination (dega)"": ""31.9"", ""Azimuth (dega)"": ""156.7"", ""Comment"": null}, {""Depth mMD"": ""3292"", ""Depth mTVD"": ""2529.4"", ""Inclination (dega)"": ""31.9"", ""Azimuth (dega)"": ""155.5"", ""Comment"": null}, {""Depth mMD"": ""3321"", ""Depth mTVD"": ""2554.3"", ""Inclination (dega)"": ""30.1"", ""Azimuth (dega)"": ""153.3"", ""Comment"": null}], ""Lithology Information"": [{""Start Depth mMD"": ""3220"", ""End Depth mMD"": ""-999.99"", ""Start Depth TVD"": null, ""End Depth TVD"": null, ""Shows Description"": null, ""Lithology Description"": ""SANDSTONE WITH SOME CLAYSTONE""}], ""Gas Reading Information"": [{""Time"": ""00:00"", ""Class"": ""drilling gas pea k"", ""Depth to Top mMD"": ""3169"", ""Depth to Bottom MD"": null, ""Depth to Top TVD"": null, ""Depth to Bottom TVD"": null, ""Highest Gas (%)"": ""12.4"", ""Lowest Gas ()"": null, ""C1 (ppm)"": ""113546"", ""C2 (ppm)"": ""926"", ""C3 (ppm)"": ""9"", ""IC4 (ppm)"": ""1"", ""IC5 (ppm)"": ""-999.99""}, {""Time"": ""00:00"", ""Class"": ""drilling gas pea k"", ""Depth to Top mMD"": ""3317"", ""Depth to Bottom MD"": null, ""Depth to Top TVD"": null, ""Depth to Bottom TVD"": null, ""Highest Gas (%)"": ""3.27"", ""Lowest Gas ()"": null, ""C1 (ppm)"": ""20778"", ""C2 (ppm)"": ""910"", ""C3 (ppm)"": ""21"", ""IC4 (ppm)"": ""1"", ""IC5 (ppm)"": ""-999.99""}]}"
152,15/9-19 BT2,15_9_19_BT2_1997_12_20.pdf,"{""Pore Pressure"": [{""Time"": ""00:00"", ""Depth mMD"": ""3360"", ""Depth TVD"": null, ""Equ Mud Weight (g/cm3)"": ""1.03"", ""Reading"": ""estimated""}], ""Survey Station"": [{""Depth mMD"": ""33"", ""Depth mTVD"": ""2564.7"", ""Inclination (dega)"": ""29.8"", ""Azimuth (dega)"": ""152.1"", ""Comment"": null}], ""Lithology Information"": [{""Start Depth mMD"": ""3340"", ""End Depth mMD"": ""-999.99"", ""Start Depth TVD"": null, ""End Depth TVD"": null, ""Shows Description"": null, ""Lithology Description"": ""SANDSTONE""}], ""Gas Reading Information"": [{""Time"": ""00:00"", ""Class"": ""trip gas"", ""Depth to Top mMD"": ""3360"", ""Depth to Bottom MD"": null, ""Depth to Top mTVD"": ""2585"", ""Depth to Bottom TVD"": null, ""Highest Gas (%)"": ""10.1"", ""Lowest Gas ()"": null, ""C1 (ppm)"": ""90024"", ""C2 (ppm)"": ""1920"", ""C3 (ppm)"": ""28"", ""IC4 (ppm)"": ""1"", ""IC5 (ppm)"": ""-999.99""}]}"
153,15/9-19 BT2,15_9_19_BT2_1997_12_21.pdf,"{""Pore Pressure"": [{""Time"": ""00:00"", ""Depth mMD"": ""3405"", ""Depth TVD"": null, ""Equ Mud Weight (g/cm3)"": ""1.03"", ""Reading"": ""estimated""}], ""Survey Station"": [{""Depth mMD"": ""3352"", ""Depth mTVD"": ""2581.2"", ""Inclination (dega)"": ""29.3"", ""Azimuth (dega)"": ""151.9"", ""Comment"": null}, {""Depth mMD"": ""3381"", ""Depth mTVD"": ""2606.5"", ""Inclination (dega)"": ""29.3"", ""Azimuth (dega)"": ""149.5"", ""Comment"": null}], ""Lithology Information"": [{""Start Depth mMD"": ""3360"", ""End Depth mMD"": ""-999.99"", ""Start Depth TVD"": null, ""End Depth TVD"": null, ""Shows Description"": null, ""Lithology Description"": ""SANDSTONE AND LIMESTONE IN LOWER PART""}], ""Gas Reading Information"": [{""Time"": ""00:00"", ""Class"": ""trip gas"", ""Depth to Top mMD"": ""3360"", ""Depth to Bottom MD"": null, ""Depth to Top mTVD"": ""2585"", ""Depth to Bottom TVD"": null, ""Highest Gas (%)"": ""12.1"", ""Lowest Gas ()"": null, ""C1 (ppm)"": ""100890"", ""C2 (ppm)"": ""3005"", ""C3 (ppm)"": ""28"", ""IC4 (ppm)"": ""1"", ""IC5 (ppm)"": ""-999.99""}]}"
154,15/9-19 BT2,15_9_19_BT2_1997_12_22.pdf,"{""Survey Station"": [{""Depth mMD"": ""3410"", ""Depth mTVD"": ""2631.6"", ""Inclination (dega)"": ""31.1"", ""Azimuth (dega)"": ""148.3"", ""Comment"": null}, {""Depth mMD"": ""3439"", ""Depth mTVD"": ""2656.2"", ""Inclination (dega)"": ""32.8"", ""Azimuth (dega)"": ""148.7"", ""Comment"": null}], ""Stratigraphic Information"": [{""Depth to Top of Formation mMD"": ""3374.5"", ""Depth to Top of Formation mTVD"": ""2601"", ""Description"": ""Ekofisk Fm""}, {""Depth to Top of Formation mMD"": ""3403"", ""Depth to Top of Formation mTVD"": ""2625.5"", ""Description"": ""Tor Fm""}], ""Lithology Information"": [{""Start Depth mMD"": ""3400"", ""End Depth mMD"": ""-999.99"", ""Start Depth TVD"": null, ""End Depth TVD"": null, ""Shows Description"": null, ""Lithology Description"": ""LIMESTONE""}], ""Gas Reading Information"": [{""Time"": ""00:00"", ""Class"": ""drilling gas pea k"", ""Depth to Top mMD"": ""3405"", ""Depth to Bottom MD"": null, ""Depth to Top TVD"": null, ""Depth to Bottom TVD"": null, ""Highest Gas (%)"": ""18.2"", ""Lowest Gas ()"": null, ""C1 (ppm)"": ""159200"", ""C2 (ppm)"": ""2410"", ""C3 (ppm)"": ""3"", ""IC4 (ppm)"": ""1"", ""IC5 (ppm)"": ""-999.99""}]}"
155,15/9-19 BT2,15_9_19_BT2_1997_12_23.pdf,"{""Survey Station"": [{""Depth mMD"": ""3466"", ""Depth mTVD"": ""2678.7"", ""Inclination (dega)"": ""34.2"", ""Azimuth (dega)"": ""149.1"", ""Comment"": null}, {""Depth mMD"": ""3491"", ""Depth mTVD"": ""2699.2"", ""Inclination (dega)"": ""35.7"", ""Azimuth (dega)"": ""149.7"", ""Comment"": null}], ""Lithology Information"": [{""Start Depth mMD"": ""3470"", ""End Depth mMD"": ""-999.99"", ""Start Depth TVD"": null, ""End Depth TVD"": null, ""Shows Description"": null, ""Lithology Description"": ""LIMESTONE""}]}"
156,15/9-19 BT2,15_9_19_BT2_1997_12_24.pdf,"{""Pore Pressure"": [{""Time"": ""00:00"", ""Depth mMD"": ""3603"", ""Depth TVD"": null, ""Equ Mud Weight (g/cm3)"": ""1.19"", ""Reading"": ""estimated""}], ""Survey Station"": [{""Depth mMD"": ""3496"", ""Depth mTVD"": ""2703.3"", ""Inclination (dega)"": ""35.8"", ""Azimuth (dega)"": ""149.6"", ""Comment"": null}, {""Depth mMD"": ""3528"", ""Depth mTVD"": ""2729.1"", ""Inclination (dega)"": ""36.5"", ""Azimuth (dega)"": ""149.9"", ""Comment"": null}, {""Depth mMD"": ""3553"", ""Depth mTVD"": ""2749.3"", ""Inclination (dega)"": ""35.7"", ""Azimuth (dega)"": ""148.4"", ""Comment"": null}, {""Depth mMD"": ""3582"", ""Depth mTVD"": ""2773"", ""Inclination (dega)"": ""34.7"", ""Azimuth (dega)"": ""146.9"", ""Comment"": null}], ""Lithology Information"": [{""Start Depth mMD"": ""3510"", ""End Depth mMD"": ""-999.99"", ""Start Depth TVD"": null, ""End Depth TVD"": null, ""Shows Description"": null, ""Lithology Description"": ""LIMESTONE""}], ""Gas Reading Information"": [{""Time"": ""00:00"", ""Class"": ""drilling gas pea k"", ""Depth to Top mMD"": ""3511"", ""Depth to Bottom MD"": null, ""Depth to Top TVD"": null, ""Depth to Bottom TVD"": null, ""Highest Gas (%)"": ""12.2"", ""Lowest Gas ()"": null, ""C1 (ppm)"": ""11200"", ""C2 (ppm)"": ""2253"", ""C3 (ppm)"": ""34"", ""IC4 (ppm)"": ""1"", ""IC5 (ppm)"": ""-999.99""}]}"
157,15/9-19 BT2,15_9_19_BT2_1997_12_25.pdf,"{""Pore Pressure"": [{""Time"": ""00:00"", ""Depth mMD"": ""3603"", ""Depth TVD"": null, ""Equ Mud Weight (g/cm3)"": ""1.19"", ""Reading"": ""estimated""}], ""Stratigraphic Information"": [{""Depth to Top of Formation mMD"": ""3557.5"", ""Depth to Top of Formation mTVD"": ""2753.5"", ""Description"": ""Hod Fm""}, {""Depth to Top of Formation mMD"": ""3654"", ""Depth to Top of Formation mTVD"": ""2833.5"", ""Description"": ""Blodøks Fm""}, {""Depth to Top of Formation mMD"": ""3676"", ""Depth to Top of Formation mTVD"": ""2852.5"", ""Description"": ""Hidra Fm""}, {""Depth to Top of Formation mMD"": ""3780"", ""Depth to Top of Formation mTVD"": ""2943.5"", ""Description"": ""Heather Fm.""}], ""Lithology Information"": [{""Start Depth mMD"": ""3600"", ""End Depth mMD"": ""-999.99"", ""Start Depth TVD"": null, ""End Depth TVD"": null, ""Shows Description"": null, ""Lithology Description"": ""LIMESTONE""}], ""Gas Reading Information"": [{""Time"": ""00:00"", ""Class"": ""drilling gas pea k"", ""Depth to Top mMD"": ""3601"", ""Depth to Bottom MD"": null, ""Depth to Top TVD"": null, ""Depth to Bottom TVD"": null, ""Highest Gas (%)"": ""3.36"", ""Lowest Gas ()"": null, ""C1 (ppm)"": ""31119"", ""C2 (ppm)"": ""1060"", ""C3 (ppm)"": ""24"", ""IC4 (ppm)"": ""-999.99"", ""IC5 (ppm)"": ""-999.99""}, {""Time"": ""00:00"", ""Class"": ""drilling gas pea k"", ""Depth to Top mMD"": ""3603"", ""Depth to Bottom MD"": null, ""Depth to Top TVD"": null, ""Depth to Bottom TVD"": null, ""Highest Gas (%)"": ""3.53"", ""Lowest Gas ()"": null, ""C1 (ppm)"": ""30823"", ""C2 (ppm)"": ""1416"", ""C3 (ppm)"": ""26"", ""IC4 (ppm)"": ""1"", ""IC5 (ppm)"": ""-999.99""}]}"
158,15/9-19 BT2,15_9_19_BT2_1997_12_26.pdf,"{""Survey Station"": [{""Depth mMD"": ""3610"", ""Depth mTVD"": ""2796.3"", ""Inclination (dega)"": ""32.6"", ""Azimuth (dega)"": ""148.1"", ""Comment"": null}, {""Depth mMD"": ""3636"", ""Depth mTVD"": ""2818.3"", ""Inclination (dega)"": ""31.9"", ""Azimuth (dega)"": ""159"", ""Comment"": null}], ""Lithology Information"": [{""Start Depth mMD"": ""3610"", ""End Depth mMD"": ""-999.99"", ""Start Depth TVD"": null, ""End Depth TVD"": null, ""Shows Description"": null, ""Lithology Description"": ""LIMESTONE AND MINOR MARL""}], ""Gas Reading Information"": [{""Time"": ""00:00"", ""Class"": ""drilling gas pea k"", ""Depth to Top mMD"": ""3603"", ""Depth to Bottom MD"": null, ""Depth to Top TVD"": null, ""Depth to Bottom TVD"": null, ""Highest Gas (%)"": ""23.4"", ""Lowest Gas ()"": null, ""C1 (ppm)"": ""196358"", ""C2 (ppm)"": ""2144"", ""C3 (ppm)"": ""29"", ""IC4 (ppm)"": ""1"", ""IC5 (ppm)"": ""-999.99""}, {""Time"": ""00:00"", ""Class"": ""drilling gas pea k"", ""Depth to Top mMD"": ""3656"", ""Depth to Bottom MD"": null, ""Depth to Top TVD"": null, ""Depth to Bottom TVD"": null, ""Highest Gas (%)"": ""3.37"", ""Lowest Gas ()"": null, ""C1 (ppm)"": ""21502"", ""C2 (ppm)"": ""33"", ""C3 (ppm)"": ""1323"", ""IC4 (ppm)"": ""147"", ""IC5 (ppm)"": ""13""}]}"
159,15/9-19 BT2,15_9_19_BT2_1997_12_27.pdf,"{""Pore Pressure"": [{""Time"": ""00:00"", ""Depth mMD"": ""3690"", ""Depth TVD"": null, ""Equ Mud Weight (g/cm3)"": ""1.26"", ""Reading"": ""estimated""}], ""Lithology Information"": [{""Start Depth mMD"": ""3650"", ""End Depth mMD"": ""-999.99"", ""Start Depth TVD"": null, ""End Depth TVD"": null, ""Shows Description"": null, ""Lithology Description"": ""LIMESTONE WITH MINOR MARL AND CLAYSTONE""}, {""Start Depth mMD"": ""3680"", ""End Depth mMD"": ""-999.99"", ""Start Depth TVD"": null, ""End Depth TVD"": null, ""Shows Description"": null, ""Lithology Description"": ""CLAYSTONE WITH LIMESTONE/MARL INTERBEDS""}], ""Gas Reading Information"": [{""Time"": ""00:00"", ""Class"": ""drilling gas pea k"", ""Depth to Top mMD"": ""3656"", ""Depth to Bottom MD"": null, ""Depth to Top mTVD"": ""2835.8"", ""Depth to Bottom TVD"": null, ""Highest Gas (%)"": ""16.7"", ""Lowest Gas ()"": null, ""C1 (ppm)"": ""147395"", ""C2 (ppm)"": ""33"", ""C3 (ppm)"": ""1323"", ""IC4 (ppm)"": ""155"", ""IC5 (ppm)"": ""12""}, {""Time"": ""00:00"", ""Class"": ""drilling gas pea k"", ""Depth to Top mMD"": ""3658"", ""Depth to Bottom MD"": null, ""Depth to Top mTVD"": ""2837"", ""Depth to Bottom TVD"": null, ""Highest Gas (%)"": ""3"", ""Lowest Gas ()"": null, ""C1 (ppm)"": ""23476"", ""C2 (ppm)"": ""1303"", ""C3 (ppm)"": ""296"", ""IC4 (ppm)"": ""32"", ""IC5 (ppm)"": ""-999.99""}, {""Time"": ""00:00"", ""Class"": ""drilling gas pea k"", ""Depth to Top mMD"": ""3663"", ""Depth to Bottom MD"": null, ""Depth to Top mTVD"": ""2841.2"", ""Depth to Bottom TVD"": null, ""Highest Gas (%)"": ""2.7"", ""Lowest Gas ()"": null, ""C1 (ppm)"": ""22899"", ""C2 (ppm)"": ""1407"", ""C3 (ppm)"": ""3"", ""IC4 (ppm)"": ""3"", ""IC5 (ppm)"": ""-999.99""}]}"
160,15/9-19 BT2,15_9_19_BT2_1997_12_28.pdf,"{""Survey Station"": [{""Depth mMD"": ""3668"", ""Depth mTVD"": ""2845.6"", ""Inclination (dega)"": ""31.5"", ""Azimuth (dega)"": ""159.9"", ""Comment"": null}], ""Lithology Information"": [{""Start Depth mMD"": ""3690"", ""End Depth mMD"": ""-999.99"", ""Start Depth TVD"": null, ""End Depth TVD"": null, ""Shows Description"": null, ""Lithology Description"": ""CLAYSTONE WITH LIMESTONE/MARL LAMINAE""}], ""Gas Reading Information"": [{""Time"": ""00:00"", ""Class"": ""drilling gas pea k"", ""Depth to Top mMD"": ""3690"", ""Depth to Bottom MD"": null, ""Depth to Top mTVD"": ""2864.4"", ""Depth to Bottom TVD"": null, ""Highest Gas (%)"": ""16.2"", ""Lowest Gas ()"": null, ""C1 (ppm)"": ""148494"", ""C2 (ppm)"": ""2740"", ""C3 (ppm)"": ""258"", ""IC4 (ppm)"": ""45"", ""IC5 (ppm)"": ""3""}]}"
161,15/9-19 BT2,15_9_19_BT2_1997_12_29.pdf,"{""Pore Pressure"": [{""Time"": ""00:00"", ""Depth mMD"": ""3728"", ""Depth TVD"": null, ""Equ Mud Weight (g/cm3)"": ""1.27"", ""Reading"": ""estimated""}], ""Survey Station"": [{""Depth mMD"": ""3698"", ""Depth mTVD"": ""2871.4"", ""Inclination (dega)"": ""29.7"", ""Azimuth (dega)"": ""159.1"", ""Comment"": null}], ""Lithology Information"": [{""Start Depth mMD"": ""3700"", ""End Depth mMD"": ""-999.99"", ""Start Depth TVD"": null, ""End Depth TVD"": null, ""Shows Description"": null, ""Lithology Description"": ""CLAYSTONE WITH INTERLAMINATED MARL""}], ""Gas Reading Information"": [{""Time"": ""00:00"", ""Class"": ""drilling gas pea k"", ""Depth to Top mMD"": ""3717"", ""Depth to Bottom MD"": null, ""Depth to Top mTVD"": ""2887.4"", ""Depth to Bottom TVD"": null, ""Highest Gas (%)"": ""20"", ""Lowest Gas ()"": null, ""C1 (ppm)"": ""165412"", ""C2 (ppm)"": ""5210"", ""C3 (ppm)"": ""1010"", ""IC4 (ppm)"": ""21"", ""IC5 (ppm)"": ""-999.99""}]}"
162,15/9-19 BT2,15_9_19_BT2_1997_12_30.pdf,"{""Pore Pressure"": [{""Time"": ""00:00"", ""Depth mMD"": ""3775"", ""Depth TVD"": null, ""Equ Mud Weight (g/cm3)"": ""1.3"", ""Reading"": ""estimated""}, {""Time"": ""00:00"", ""Depth mMD"": ""3950"", ""Depth TVD"": null, ""Equ Mud Weight (g/cm3)"": ""1.2"", ""Reading"": ""estimated""}], ""Survey Station"": [{""Depth mMD"": ""3698"", ""Depth mTVD"": ""2871.4"", ""Inclination (dega)"": ""29.7"", ""Azimuth (dega)"": ""159.1"", ""Comment"": null}, {""Depth mMD"": ""3726"", ""Depth mTVD"": ""2895.9"", ""Inclination (dega)"": ""28"", ""Azimuth (dega)"": ""158"", ""Comment"": null}, {""Depth mMD"": ""3755"", ""Depth mTVD"": ""2921.5"", ""Inclination (dega)"": ""27.6"", ""Azimuth (dega)"": ""158.4"", ""Comment"": null}, {""Depth mMD"": ""3783"", ""Depth mTVD"": ""2946.4"", ""Inclination (dega)"": ""27.2"", ""Azimuth (dega)"": ""158.5"", ""Comment"": null}, {""Depth mMD"": ""3814"", ""Depth mTVD"": ""2974"", ""Inclination (dega)"": ""27"", ""Azimuth (dega)"": ""158.2"", ""Comment"": null}, {""Depth mMD"": ""3843"", ""Depth mTVD"": ""2999.9"", ""Inclination (dega)"": ""26.8"", ""Azimuth (dega)"": ""157.9"", ""Comment"": null}, {""Depth mMD"": ""3872"", ""Depth mTVD"": ""3025.8"", ""Inclination (dega)"": ""26.4"", ""Azimuth (dega)"": ""157.2"", ""Comment"": null}, {""Depth mMD"": ""3900"", ""Depth mTVD"": ""3050.9"", ""Inclination (dega)"": ""26"", ""Azimuth (dega)"": ""157.2"", ""Comment"": null}], ""Lithology Information"": [{""Start Depth mMD"": ""3750"", ""End Depth mMD"": ""-999.99"", ""Start Depth TVD"": null, ""End Depth TVD"": null, ""Shows Description"": null, ""Lithology Description"": ""CLAYSTONE""}], ""Gas Reading Information"": [{""Time"": ""00:00"", ""Class"": ""drilling gas pea k"", ""Depth to Top mMD"": ""3912"", ""Depth to Bottom MD"": null, ""Depth to Top mTVD"": ""2972.3"", ""Depth to Bottom TVD"": null, ""Highest Gas (%)"": ""3.2"", ""Lowest Gas ()"": null, ""C1 (ppm)"": ""27112"", ""C2 (ppm)"": ""1751"", ""C3 (ppm)"": ""165"", ""IC4 (ppm)"": ""30"", ""IC5 (ppm)"": ""13""}]}"
163,15/9-19 BT2,15_9_19_BT2_1997_12_31.pdf,"{""Pore Pressure"": [{""Time"": ""00:00"", ""Depth mMD"": ""3775"", ""Depth TVD"": null, ""Equ Mud Weight (g/cm3)"": ""1.3"", ""Reading"": ""estimated""}, {""Time"": ""00:00"", ""Depth mMD"": ""4031"", ""Depth TVD"": null, ""Equ Mud Weight (g/cm3)"": ""1.13"", ""Reading"": ""estimated""}], ""Survey Station"": [{""Depth mMD"": ""3929"", ""Depth mTVD"": ""3077"", ""Inclination (dega)"": ""26"", ""Azimuth (dega)"": ""156.7"", ""Comment"": null}, {""Depth mMD"": ""3957"", ""Depth mTVD"": ""3102.2"", ""Inclination (dega)"": ""25.7"", ""Azimuth (dega)"": ""156.2"", ""Comment"": null}], ""Lithology Information"": [{""Start Depth mMD"": ""3927"", ""End Depth mMD"": ""-999.99"", ""Start Depth TVD"": null, ""End Depth TVD"": null, ""Shows Description"": null, ""Lithology Description"": ""CLAYSTONE WITH FEW THIN LIMESTONE STREAKS""}, {""Start Depth mMD"": ""4008"", ""End Depth mMD"": ""-999.99"", ""Start Depth TVD"": null, ""End Depth TVD"": null, ""Shows Description"": null, ""Lithology Description"": ""CLAYSTONE W/ARKOSIC SANDSTONE""}], ""Gas Reading Information"": [{""Time"": ""00:00"", ""Class"": ""drilling gas pea k"", ""Depth to Top mMD"": ""3940"", ""Depth to Bottom MD"": null, ""Depth to Top mTVD"": ""3086.4"", ""Depth to Bottom TVD"": null, ""Highest Gas (%)"": ""2.62"", ""Lowest Gas ()"": null, ""C1 (ppm)"": ""24677"", ""C2 (ppm)"": ""1386"", ""C3 (ppm)"": ""135"", ""IC4 (ppm)"": ""14"", ""IC5 (ppm)"": ""6""}]}"
164,15/9-19 BT2,15_9_19_BT2_1998_01_01.pdf,"{""Pore Pressure"": [{""Time"": ""00:00"", ""Depth mMD"": ""3775"", ""Depth TVD"": null, ""Equ Mud Weight (g/cm3)"": ""1.3"", ""Reading"": ""estimated""}, {""Time"": ""00:00"", ""Depth mMD"": ""4031"", ""Depth TVD"": null, ""Equ Mud Weight (g/cm3)"": ""1.13"", ""Reading"": ""estimated""}]}"
165,15/9-19 BT2,15_9_19_BT2_1998_01_02.pdf,"{""Pore Pressure"": [{""Time"": ""00:00"", ""Depth mMD"": ""3775"", ""Depth TVD"": null, ""Equ Mud Weight (g/cm3)"": ""1.3"", ""Reading"": ""estimated""}, {""Time"": ""00:00"", ""Depth mMD"": ""4031"", ""Depth TVD"": null, ""Equ Mud Weight (g/cm3)"": ""1.13"", ""Reading"": ""estimated""}]}"
166,15/9-19 BT2,15_9_19_BT2_1998_01_03.pdf,"{""Pore Pressure"": [{""Time"": ""00:00"", ""Depth mMD"": ""3775"", ""Depth TVD"": null, ""Equ Mud Weight (g/cm3)"": ""1.3"", ""Reading"": ""estimated""}, {""Time"": ""00:00"", ""Depth mMD"": ""4031"", ""Depth TVD"": null, ""Equ Mud Weight (g/cm3)"": ""1.13"", ""Reading"": ""estimated""}]}"
167,15/9-19 BT2,15_9_19_BT2_1998_01_04.pdf,"{""Pore Pressure"": [{""Time"": ""00:00"", ""Depth mMD"": ""3775"", ""Depth TVD"": null, ""Equ Mud Weight (g/cm3)"": ""1.3"", ""Reading"": ""estimated""}, {""Time"": ""00:00"", ""Depth mMD"": ""4037"", ""Depth TVD"": null, ""Equ Mud Weight (g/cm3)"": ""1.13"", ""Reading"": ""estimated""}], ""Lithology Information"": [{""Start Depth mMD"": ""4031"", ""End Depth mMD"": ""-999.99"", ""Start Depth TVD"": null, ""End Depth TVD"": null, ""Shows Description"": null, ""Lithology Description"": ""CLAYSTONE WITH MINOR SANDSTONE""}]}"
168,15/9-19 BT2,15_9_19_BT2_1998_01_05.pdf,{}
169,15/9-19 BT2,15_9_19_BT2_1998_01_06.pdf,"{""Pore Pressure"": [{""Time"": ""00:00"", ""Depth mMD"": ""3775"", ""Depth TVD"": null, ""Equ Mud Weight (g/cm3)"": ""1.3"", ""Reading"": ""estimated""}, {""Time"": ""00:00"", ""Depth mMD"": ""4070.5"", ""Depth TVD"": null, ""Equ Mud Weight (g/cm3)"": ""1.13"", ""Reading"": ""estimated""}], ""Core Information"": [{""Core No"": ""1"", ""Depth Top mMD"": ""4037"", ""Depth Bottom mMD"": ""4054.5"", ""Core Length (m)"": ""12.8"", ""Recover core (%)"": ""73"", ""Core barrel length (m)"": ""18.5"", ""Inner barrel type"": ""aluminum"", ""Description"": ""none""}], ""Lithology Information"": [{""Start Depth mMD"": ""4037"", ""End Depth mMD"": ""-999.99"", ""Start Depth TVD"": null, ""End Depth TVD"": null, ""Shows Description"": null, ""Lithology Description"": ""SANDSTONE""}, {""Start Depth mMD"": ""4072"", ""End Depth mMD"": ""-999.99"", ""Start Depth TVD"": null, ""End Depth TVD"": null, ""Shows Description"": null, ""Lithology Description"": ""SANDSTONE W/MINOR SILTSTONE AND LIMESTONE STREAKS""}]}"
170,15/9-19 BT2,15_9_19_BT2_1998_01_07.pdf,"{""Pore Pressure"": [{""Time"": ""00:00"", ""Depth mMD"": ""3775"", ""Depth TVD"": null, ""Equ Mud Weight (g/cm3)"": ""1.3"", ""Reading"": ""estimated""}, {""Time"": ""00:00"", ""Depth mMD"": ""4090"", ""Depth TVD"": null, ""Equ Mud Weight (g/cm3)"": ""1.12"", ""Reading"": ""estimated""}], ""Core Information"": [{""Core No"": ""2"", ""Depth Top mMD"": ""4054.5"", ""Depth Bottom mMD"": ""4072"", ""Core Length (m)"": ""17.3"", ""Recover core (%)"": ""98.9"", ""Core barrel length (m)"": ""18.5"", ""Inner barrel type"": ""aluminum"", ""Description"": ""none""}], ""Stratigraphic Information"": [{""Depth to Top of Formation mMD"": ""3678"", ""Depth to Top of Formation mTVD"": ""2854"", ""Description"": ""Rødby Fm""}, {""Depth to Top of Formation mMD"": ""3768"", ""Depth to Top of Formation mTVD"": ""2915.5"", ""Description"": ""Draupne Fm""}, {""Depth to Top of Formation mMD"": ""3995"", ""Depth to Top of Formation mTVD"": ""3136.5"", ""Description"": ""Hugin Fm""}], ""Lithology Information"": [{""Start Depth mMD"": ""4054.5"", ""End Depth mMD"": ""-999.99"", ""Start Depth TVD"": null, ""End Depth TVD"": null, ""Shows Description"": null, ""Lithology Description"": ""SANDSTONE""}], ""Gas Reading Information"": [{""Time"": ""00:00"", ""Class"": ""drilling gas pea k"", ""Depth to Top mMD"": ""4072"", ""Depth to Bottom MD"": null, ""Depth to Top mTVD"": ""3206.4"", ""Depth to Bottom TVD"": null, ""Highest Gas (%)"": ""1.24"", ""Lowest Gas ()"": null, ""C1 (ppm)"": ""9015"", ""C2 (ppm)"": ""34"", ""C3 (ppm)"": ""1"", ""IC4 (ppm)"": ""-999.99"", ""IC5 (ppm)"": ""-999.99""}, {""Time"": ""00:00"", ""Class"": ""drilling gas pea k"", ""Depth to Top mMD"": ""4075"", ""Depth to Bottom MD"": null, ""Depth to Top mTVD"": ""3209"", ""Depth to Bottom TVD"": null, ""Highest Gas (%)"": ""1.8"", ""Lowest Gas ()"": null, ""C1 (ppm)"": ""17346"", ""C2 (ppm)"": ""1246"", ""C3 (ppm)"": ""26"", ""IC4 (ppm)"": ""1"", ""IC5 (ppm)"": ""-999.99""}]}"
171,15/9-19 BT2,15_9_19_BT2_1998_01_08.pdf,"{""Pore Pressure"": [{""Time"": ""00:00"", ""Depth mMD"": ""3775"", ""Depth TVD"": null, ""Equ Mud Weight (g/cm3)"": ""1.3"", ""Reading"": ""estimated""}, {""Time"": ""00:00"", ""Depth mMD"": ""4108"", ""Depth TVD"": null, ""Equ Mud Weight (g/cm3)"": ""1.12"", ""Reading"": ""estimated""}], ""Core Information"": [{""Core No"": ""3"", ""Depth Top mMD"": ""4072"", ""Depth Bottom mMD"": ""4090"", ""Core Length (m)"": ""18"", ""Recover core (%)"": ""100"", ""Core barrel length (m)"": ""18.5"", ""Inner barrel type"": ""aluminum"", ""Description"": ""none""}]}"
172,15/9-19 BT2,15_9_19_BT2_1998_01_09.pdf,"{""Pore Pressure"": [{""Time"": ""00:00"", ""Depth mMD"": ""3775"", ""Depth TVD"": null, ""Equ Mud Weight (g/cm3)"": ""1.3"", ""Reading"": ""estimated""}, {""Time"": ""00:00"", ""Depth mMD"": ""4140"", ""Depth TVD"": null, ""Equ Mud Weight (g/cm3)"": ""1.12"", ""Reading"": ""estimated""}], ""Survey Station"": [{""Depth mMD"": ""3987"", ""Depth mTVD"": ""3129.2"", ""Inclination (dega)"": ""25.5"", ""Azimuth (dega)"": ""156.2"", ""Comment"": null}, {""Depth mMD"": ""4015"", ""Depth mTVD"": ""3154.6"", ""Inclination (dega)"": ""25"", ""Azimuth (dega)"": ""156.5"", ""Comment"": null}, {""Depth mMD"": ""4044"", ""Depth mTVD"": ""3180.8"", ""Inclination (dega)"": ""25.2"", ""Azimuth (dega)"": ""156"", ""Comment"": null}, {""Depth mMD"": ""4073"", ""Depth mTVD"": ""3206.9"", ""Inclination (dega)"": ""26.4"", ""Azimuth (dega)"": ""155.2"", ""Comment"": null}, {""Depth mMD"": ""4102"", ""Depth mTVD"": ""3232.7"", ""Inclination (dega)"": ""28.1"", ""Azimuth (dega)"": ""154.3"", ""Comment"": null}], ""Core Information"": [{""Core No"": ""4"", ""Depth Top mMD"": ""4090.5"", ""Depth Bottom mMD"": ""4109"", ""Core Length (m)"": ""18.8"", ""Recover core (%)"": ""100"", ""Core barrel length (m)"": ""18.5"", ""Inner barrel type"": ""aluminum"", ""Description"": ""none""}], ""Lithology Information"": [{""Start Depth mMD"": ""4109"", ""End Depth mMD"": ""-999.99"", ""Start Depth TVD"": null, ""End Depth TVD"": null, ""Shows Description"": null, ""Lithology Description"": ""SANDSTONE W/ABUNDANT KAOLINITE MATRIX""}]}"
173,15/9-19 BT2,15_9_19_BT2_1998_01_10.pdf,"{""Survey Station"": [{""Depth mMD"": ""4140"", ""Depth mTVD"": ""3265.9"", ""Inclination (dega)"": ""30"", ""Azimuth (dega)"": ""154.1"", ""Comment"": null}, {""Depth mMD"": ""4170"", ""Depth mTVD"": ""3291.8"", ""Inclination (dega)"": ""30.9"", ""Azimuth (dega)"": ""154"", ""Comment"": null}, {""Depth mMD"": ""4197"", ""Depth mTVD"": ""3314.9"", ""Inclination (dega)"": ""31.2"", ""Azimuth (dega)"": ""152.9"", ""Comment"": null}, {""Depth mMD"": ""4226"", ""Depth mTVD"": ""3339.7"", ""Inclination (dega)"": ""31.5"", ""Azimuth (dega)"": ""152.8"", ""Comment"": null}], ""Lithology Information"": [{""Start Depth mMD"": ""4137"", ""End Depth mMD"": ""-999.99"", ""Start Depth TVD"": null, ""End Depth TVD"": null, ""Shows Description"": null, ""Lithology Description"": ""INTERBEDDED CLAYSTONE AND SANDSTONE WITH COAL STRINGERS""}, {""Start Depth mMD"": ""4214"", ""End Depth mMD"": ""-999.99"", ""Start Depth TVD"": null, ""End Depth TVD"": null, ""Shows Description"": null, ""Lithology Description"": ""CLAYSTONE (RED BEDS) WITH OCCASIONAL VERY THIN SANDSTONE STRINGERS""}], ""Gas Reading Information"": [{""Time"": ""00:00"", ""Class"": ""drilling gas pea k"", ""Depth to Top mMD"": ""4152"", ""Depth to Bottom MD"": null, ""Depth to Top mTVD"": ""3276"", ""Depth to Bottom TVD"": null, ""Highest Gas (%)"": ""1.87"", ""Lowest Gas ()"": null, ""C1 (ppm)"": ""16710"", ""C2 (ppm)"": ""2339"", ""C3 (ppm)"": ""35"", ""IC4 (ppm)"": ""2"", ""IC5 (ppm)"": ""-999.99""}, {""Time"": ""00:00"", ""Class"": ""drilling gas pea k"", ""Depth to Top mMD"": ""4161"", ""Depth to Bottom MD"": null, ""Depth to Top mTVD"": ""3284"", ""Depth to Bottom TVD"": null, ""Highest Gas (%)"": ""1.93"", ""Lowest Gas ()"": null, ""C1 (ppm)"": ""18211"", ""C2 (ppm)"": ""1488"", ""C3 (ppm)"": ""105"", ""IC4 (ppm)"": ""4"", ""IC5 (ppm)"": ""-999.99""}]}"
174,15/9-19 BT2,15_9_19_BT2_1998_01_11.pdf,"{""Pore Pressure"": [{""Time"": ""00:00"", ""Depth mMD"": ""3775"", ""Depth TVD"": null, ""Equ Mud Weight (g/cm3)"": ""1.3"", ""Reading"": ""estimated""}, {""Time"": ""00:00"", ""Depth mMD"": ""4250"", ""Depth TVD"": null, ""Equ Mud Weight (g/cm3)"": ""1.12"", ""Reading"": ""estimated""}], ""Log Information"": [{""Run No"": ""1"", ""Service Company"": ""Western Atlas"", ""Depth Top mMD"": ""2095"", ""Depth Bottom mTVD"": ""3198"", ""Tool"": ""MAC - GR - TTR M"", ""BHST (degC)"": ""-999.99""}]}"
175,15/9-19 BT2,15_9_19_BT2_1998_01_12.pdf,"{""Pore Pressure"": [{""Time"": ""00:00"", ""Depth mMD"": ""3775"", ""Depth TVD"": null, ""Equ Mud Weight (g/cm3)"": ""1.3"", ""Reading"": ""estimated""}, {""Time"": ""00:00"", ""Depth mMD"": ""4250"", ""Depth TVD"": null, ""Equ Mud Weight (g/cm3)"": ""1.12"", ""Reading"": ""estimated""}], ""Log Information"": [{""Run No"": ""2"", ""Service Company"": ""Western Atlas"", ""Depth Top mMD"": ""2195"", ""Depth Bottom mTVD"": ""3200"", ""Tool"": ""VSP - G R"", ""BHST (degC)"": ""-999.99""}]}"
176,15/9-19 BT2,15_9_19_BT2_1998_01_13.pdf,"{""Pore Pressure"": [{""Time"": ""00:00"", ""Depth mMD"": ""3775"", ""Depth TVD"": null, ""Equ Mud Weight (g/cm3)"": ""1.3"", ""Reading"": ""estimated""}, {""Time"": ""00:00"", ""Depth mMD"": ""4250"", ""Depth TVD"": null, ""Equ Mud Weight (g/cm3)"": ""1.12"", ""Reading"": ""estimated""}]}"
177,15/9-19 BT2,15_9_19_BT2_1998_01_14.pdf,"{""Pore Pressure"": [{""Time"": ""00:00"", ""Depth mMD"": ""3775"", ""Depth TVD"": null, ""Equ Mud Weight (g/cm3)"": ""1.3"", ""Reading"": ""estimated""}, {""Time"": ""00:00"", ""Depth mMD"": ""4250"", ""Depth TVD"": null, ""Equ Mud Weight (g/cm3)"": ""1.12"", ""Reading"": ""estimated""}]}"
178,15/9-19 BT2,15_9_19_BT2_1998_01_15.pdf,"{""Pore Pressure"": [{""Time"": ""00:00"", ""Depth mMD"": ""3775"", ""Depth TVD"": null, ""Equ Mud Weight (g/cm3)"": ""1.3"", ""Reading"": ""estimated""}, {""Time"": ""00:00"", ""Depth mMD"": ""4250"", ""Depth TVD"": null, ""Equ Mud Weight (g/cm3)"": ""1.12"", ""Reading"": ""estimated""}], ""Log Information"": [{""Run No"": ""3"", ""Service Company"": ""Western Atlas"", ""Depth Top mMD"": ""3175"", ""Depth Bottom mTVD"": ""4210"", ""Tool"": ""VSP - GR"", ""BHST (degC)"": ""-999.99""}, {""Run No"": ""4"", ""Service Company"": ""Western Atlas"", ""Depth Top mMD"": ""3180"", ""Depth Bottom mTVD"": ""4240"", ""Tool"": ""TTRM - DSL - ZDL - CND - MAC"", ""BHST (degC)"": ""-999.99""}]}"
179,15/9-19 BT2,15_9_19_BT2_1998_01_16.pdf,"{""Pore Pressure"": [{""Time"": ""00:00"", ""Depth mMD"": ""3775"", ""Depth TVD"": null, ""Equ Mud Weight (g/cm3)"": ""1.3"", ""Reading"": ""estimated""}, {""Time"": ""00:00"", ""Depth mMD"": ""4250"", ""Depth TVD"": null, ""Equ Mud Weight (g/cm3)"": ""1.12"", ""Reading"": ""estimated""}]}"
180,15/9-19 BT2,15_9_19_BT2_1998_01_17.pdf,"{""Pore Pressure"": [{""Time"": ""00:00"", ""Depth mMD"": ""3775"", ""Depth TVD"": null, ""Equ Mud Weight (g/cm3)"": ""1.3"", ""Reading"": ""estimated""}, {""Time"": ""00:00"", ""Depth mMD"": ""4250"", ""Depth TVD"": null, ""Equ Mud Weight (g/cm3)"": ""1.09"", ""Reading"": ""estimated""}], ""Log Information"": [{""Run No"": ""5"", ""Service Company"": ""Western Atlas"", ""Depth Top mMD"": ""3223"", ""Depth Bottom mTVD"": ""4200"", ""Tool"": ""FMT - G R"", ""BHST (degC)"": ""-999.99""}]}"
181,15/9-19 BT2,15_9_19_BT2_1998_01_18.pdf,"{""Pore Pressure"": [{""Time"": ""00:00"", ""Depth mMD"": ""3775"", ""Depth TVD"": null, ""Equ Mud Weight (g/cm3)"": ""1.3"", ""Reading"": ""estimated""}, {""Time"": ""00:00"", ""Depth mMD"": ""4250"", ""Depth TVD"": null, ""Equ Mud Weight (g/cm3)"": ""1.09"", ""Reading"": ""estimated""}]}"
182,15/9-19 BT2,15_9_19_BT2_1998_01_19.pdf,"{""Pore Pressure"": [{""Time"": ""00:00"", ""Depth mMD"": ""3775"", ""Depth TVD"": null, ""Equ Mud Weight (g/cm3)"": ""1.3"", ""Reading"": ""estimated""}, {""Time"": ""00:00"", ""Depth mMD"": ""4250"", ""Depth TVD"": null, ""Equ Mud Weight (g/cm3)"": ""1.09"", ""Reading"": ""estimated""}], ""Log Information"": [{""Run No"": ""6"", ""Service Company"": ""Western Atlas"", ""Depth Top mMD"": ""3770"", ""Depth Bottom mTVD"": ""4230"", ""Tool"": ""SWC - G R"", ""BHST (degC)"": ""-999.99""}]}"
183,15/9-19 BT2,15_9_19_BT2_1998_01_20.pdf,"{""Pore Pressure"": [{""Time"": ""00:00"", ""Depth mMD"": ""3775"", ""Depth TVD"": null, ""Equ Mud Weight (g/cm3)"": ""1.3"", ""Reading"": ""estimated""}, {""Time"": ""00:00"", ""Depth mMD"": ""4250"", ""Depth TVD"": null, ""Equ Mud Weight (g/cm3)"": ""1.09"", ""Reading"": ""estimated""}]}"
184,15/9-19 BT2,15_9_19_BT2_1998_01_21.pdf,"{""Pore Pressure"": [{""Time"": ""00:00"", ""Depth mMD"": ""3775"", ""Depth TVD"": null, ""Equ Mud Weight (g/cm3)"": ""1.3"", ""Reading"": ""estimated""}, {""Time"": ""00:00"", ""Depth mMD"": ""4250"", ""Depth TVD"": null, ""Equ Mud Weight (g/cm3)"": ""1.09"", ""Reading"": ""estimated""}]}"
185,15/9-19 BT2,15_9_19_BT2_1998_01_22.pdf,"{""Pore Pressure"": [{""Time"": ""00:00"", ""Depth mMD"": ""3775"", ""Depth TVD"": null, ""Equ Mud Weight (g/cm3)"": ""1.3"", ""Reading"": ""estimated""}, {""Time"": ""00:00"", ""Depth mMD"": ""4250"", ""Depth TVD"": null, ""Equ Mud Weight (g/cm3)"": ""1.09"", ""Reading"": ""estimated""}]}"
186,15/9-19 BT2,15_9_19_BT2_1998_01_23.pdf,"{""Pore Pressure"": [{""Time"": ""00:00"", ""Depth mMD"": ""3775"", ""Depth TVD"": null, ""Equ Mud Weight (g/cm3)"": ""1.3"", ""Reading"": ""estimated""}, {""Time"": ""00:00"", ""Depth mMD"": ""4250"", ""Depth TVD"": null, ""Equ Mud Weight (g/cm3)"": ""1.09"", ""Reading"": ""estimated""}]}"
187,15/9-19 BT2,15_9_19_BT2_1998_01_24.pdf,{}
188,15/9-19 BT2,15_9_19_BT2_1998_01_25.pdf,{}
189,15/9-19 BT2,15_9_19_BT2_1998_01_26.pdf,{}
190,15/9-19 BT2,15_9_19_BT2_1998_01_27.pdf,{}
191,15/9-19 BT2,15_9_19_BT2_1998_01_28.pdf,{}
192,15/9-19 BT2,15_9_19_BT2_1998_01_29.pdf,{}
193,15/9-19 BT2,15_9_19_BT2_1998_01_30.pdf,{}
194,15/9-19 BT2,15_9_19_BT2_1998_01_31.pdf,{}
195,15/9-19 BT2,15_9_19_BT2_1998_02_01.pdf,{}
196,15/9-19 BT2,15_9_19_BT2_1998_02_02.pdf,{}
197,15/9-19 BT2,15_9_19_BT2_1998_02_03.pdf,{}
198,15/9-19 BT2,15_9_19_BT2_1998_02_04.pdf,{}
199,15/9-19 BT2,15_9_19_BT2_1998_02_05.pdf,{}
200,15/9-19 S,15_9_19_S_1992_09_09.pdf,{}
201,15/9-19 S,15_9_19_S_1992_09_10.pdf,{}
202,15/9-19 S,15_9_19_S_1992_09_11.pdf,{}
203,15/9-19 S,15_9_19_S_1992_09_12.pdf,{}
204,15/9-19 S,15_9_19_S_1992_09_13.pdf,{}
205,15/9-19 S,15_9_19_S_1992_09_14.pdf,{}
206,15/9-19 S,15_9_19_S_1992_09_15.pdf,{}
207,15/9-19 S,15_9_19_S_1992_09_16.pdf,{}
208,15/9-19 S,15_9_19_S_1992_09_17.pdf,{}
209,15/9-19 S,15_9_19_S_1992_09_18.pdf,"{""Survey Station"": [{""Depth mMD"": ""106"", ""Depth mTVD"": ""-999.99"", ""Inclination (dega)"": ""-999.99"", ""Azimuth (dega)"": ""-999.99"", ""Comment"": null}, {""Depth mMD"": ""120.4"", ""Depth mTVD"": ""-999.99"", ""Inclination (dega)"": "".2"", ""Azimuth (dega)"": ""96.18"", ""Comment"": null}, {""Depth mMD"": ""136.1"", ""Depth mTVD"": ""-999.99"", ""Inclination (dega)"": "".2"", ""Azimuth (dega)"": ""31.13"", ""Comment"": null}, {""Depth mMD"": ""163.1"", ""Depth mTVD"": ""-999.99"", ""Inclination (dega)"": "".1"", ""Azimuth (dega)"": ""333.63"", ""Comment"": null}]}"
210,15/9-19 S,15_9_19_S_1992_09_19.pdf,"{""Survey Station"": [{""Depth mMD"": ""192.9"", ""Depth mTVD"": ""-999.99"", ""Inclination (dega)"": "".15"", ""Azimuth (dega)"": ""170.16"", ""Comment"": null}, {""Depth mMD"": ""218.9"", ""Depth mTVD"": ""-999.99"", ""Inclination (dega)"": "".27"", ""Azimuth (dega)"": ""224.85"", ""Comment"": null}, {""Depth mMD"": ""247.9"", ""Depth mTVD"": ""-999.99"", ""Inclination (dega)"": "".18"", ""Azimuth (dega)"": ""302.43"", ""Comment"": null}, {""Depth mMD"": ""276.9"", ""Depth mTVD"": ""-999.99"", ""Inclination (dega)"": "".29"", ""Azimuth (dega)"": ""255.44"", ""Comment"": null}, {""Depth mMD"": ""305.6"", ""Depth mTVD"": ""-999.99"", ""Inclination (dega)"": "".54"", ""Azimuth (dega)"": ""283.64"", ""Comment"": null}, {""Depth mMD"": ""334.5"", ""Depth mTVD"": ""-999.99"", ""Inclination (dega)"": "".66"", ""Azimuth (dega)"": ""256.57"", ""Comment"": null}, {""Depth mMD"": ""364"", ""Depth mTVD"": ""-999.99"", ""Inclination (dega)"": "".52"", ""Azimuth (dega)"": ""243.84"", ""Comment"": null}, {""Depth mMD"": ""394.3"", ""Depth mTVD"": ""-999.99"", ""Inclination (dega)"": "".55"", ""Azimuth (dega)"": ""249.96"", ""Comment"": null}, {""Depth mMD"": ""421.3"", ""Depth mTVD"": ""-999.99"", ""Inclination (dega)"": "".36"", ""Azimuth (dega)"": ""216.89"", ""Comment"": null}, {""Depth mMD"": ""452.1"", ""Depth mTVD"": ""-999.99"", ""Inclination (dega)"": "".33"", ""Azimuth (dega)"": ""242.59"", ""Comment"": null}, {""Depth mMD"": ""482.2"", ""Depth mTVD"": ""-999.99"", ""Inclination (dega)"": "".57"", ""Azimuth (dega)"": ""195.38"", ""Comment"": null}, {""Depth mMD"": ""509.2"", ""Depth mTVD"": ""-999.99"", ""Inclination (dega)"": "".48"", ""Azimuth (dega)"": ""216.46"", ""Comment"": null}, {""Depth mMD"": ""536.6"", ""Depth mTVD"": ""-999.99"", ""Inclination (dega)"": "".52"", ""Azimuth (dega)"": ""179.29"", ""Comment"": null}]}"
211,15/9-19 S,15_9_19_S_1992_09_20.pdf,{}
212,15/9-19 S,15_9_19_S_1992_09_21.pdf,"{""Casing Liner Tubing"": [{""start_time"": null, ""end_time"": null, ""type_of_pipe"": ""Casing"", ""casing_type"": null, ""outside_diameter_in"": ""30"", ""inside_diameter_in"": null, ""weight_lbm_ft"": ""310"", ""grade"": ""B"", ""connection"": ""ST-2RB"", ""length_m"": ""62"", ""top_mmd"": ""104"", ""bottom_mmd"": ""166"", ""description"": null, ""comment"": null}]}"
213,15/9-19 S,15_9_19_S_1992_09_22.pdf,"{""Survey Station"": [{""Depth mMD"": ""198.5"", ""Depth mTVD"": ""-999.99"", ""Inclination (dega)"": "".4"", ""Azimuth (dega)"": ""327.39"", ""Comment"": null}, {""Depth mMD"": ""228"", ""Depth mTVD"": ""-999.99"", ""Inclination (dega)"": "".47"", ""Azimuth (dega)"": ""279.37"", ""Comment"": null}, {""Depth mMD"": ""258.2"", ""Depth mTVD"": ""-999.99"", ""Inclination (dega)"": "".18"", ""Azimuth (dega)"": ""43.83"", ""Comment"": null}]}"
214,15/9-19 S,15_9_19_S_1992_09_23.pdf,"{""Survey Station"": [{""Depth mMD"": ""286.2"", ""Depth mTVD"": ""-999.99"", ""Inclination (dega)"": "".63"", ""Azimuth (dega)"": ""269.35"", ""Comment"": null}, {""Depth mMD"": ""315.5"", ""Depth mTVD"": ""-999.99"", ""Inclination (dega)"": "".52"", ""Azimuth (dega)"": ""315.34"", ""Comment"": null}, {""Depth mMD"": ""345.8"", ""Depth mTVD"": ""-999.99"", ""Inclination (dega)"": "".84"", ""Azimuth (dega)"": ""277.36"", ""Comment"": null}, {""Depth mMD"": ""372.9"", ""Depth mTVD"": ""-999.99"", ""Inclination (dega)"": "".66"", ""Azimuth (dega)"": ""233.82"", ""Comment"": null}, {""Depth mMD"": ""400.1"", ""Depth mTVD"": ""-999.99"", ""Inclination (dega)"": "".27"", ""Azimuth (dega)"": ""261.28"", ""Comment"": null}, {""Depth mMD"": ""429.4"", ""Depth mTVD"": ""-999.99"", ""Inclination (dega)"": "".71"", ""Azimuth (dega)"": ""227.33"", ""Comment"": null}, {""Depth mMD"": ""458.4"", ""Depth mTVD"": ""-999.99"", ""Inclination (dega)"": "".7"", ""Azimuth (dega)"": ""194.52"", ""Comment"": null}, {""Depth mMD"": ""487.1"", ""Depth mTVD"": ""-999.99"", ""Inclination (dega)"": "".72"", ""Azimuth (dega)"": ""258.85"", ""Comment"": null}, {""Depth mMD"": ""516.4"", ""Depth mTVD"": ""-999.99"", ""Inclination (dega)"": "".4"", ""Azimuth (dega)"": ""248.4"", ""Comment"": null}, {""Depth mMD"": ""533.2"", ""Depth mTVD"": ""-999.99"", ""Inclination (dega)"": "".79"", ""Azimuth (dega)"": ""216.56"", ""Comment"": null}]}"
215,15/9-19 S,15_9_19_S_1992_09_24.pdf,{}
216,15/9-19 S,15_9_19_S_1992_09_25.pdf,"{""Casing Liner Tubing"": [{""start_time"": null, ""end_time"": null, ""type_of_pipe"": ""Casing"", ""casing_type"": null, ""outside_diameter_in"": ""20"", ""inside_diameter_in"": null, ""weight_lbm_ft"": ""133"", ""grade"": ""K-55"", ""connection"": ""RL-4S"", ""length_m"": ""428"", ""top_mmd"": ""103"", ""bottom_mmd"": ""531"", ""description"": null, ""comment"": null}]}"
217,15/9-19 S,15_9_19_S_1992_11_18.pdf,{}
218,15/9-19 S,15_9_19_S_1992_11_19.pdf,{}
219,15/9-19 S,15_9_19_S_1992_11_20.pdf,{}
220,15/9-19 S,15_9_19_S_1992_11_21.pdf,{}
221,15/9-19 S,15_9_19_S_1992_11_22.pdf,{}
222,15/9-19 S,15_9_19_S_1992_11_23.pdf,"{""Pore Pressure"": [{""Time"": ""00:00"", ""Depth mMD"": ""762"", ""Depth TVD"": null, ""Equ Mud Weight (g/cm3)"": ""1.04"", ""Reading"": ""estimated""}], ""Survey Station"": [{""Depth mMD"": ""533.2"", ""Depth mTVD"": ""533.2"", ""Inclination (dega)"": "".79"", ""Azimuth (dega)"": ""216.56"", ""Comment"": null}, {""Depth mMD"": ""541.5"", ""Depth mTVD"": ""541.5"", ""Inclination (dega)"": "".2"", ""Azimuth (dega)"": ""159.5"", ""Comment"": null}, {""Depth mMD"": ""554.3"", ""Depth mTVD"": ""554.3"", ""Inclination (dega)"": "".5"", ""Azimuth (dega)"": ""238.7"", ""Comment"": null}, {""Depth mMD"": ""583.1"", ""Depth mTVD"": ""583.1"", ""Inclination (dega)"": ""2"", ""Azimuth (dega)"": ""279.1"", ""Comment"": null}, {""Depth mMD"": ""612.5"", ""Depth mTVD"": ""612.4"", ""Inclination (dega)"": ""4.7"", ""Azimuth (dega)"": ""289.4"", ""Comment"": null}, {""Depth mMD"": ""641.7"", ""Depth mTVD"": ""641.5"", ""Inclination (dega)"": ""6.7"", ""Azimuth (dega)"": ""288.5"", ""Comment"": null}, {""Depth mMD"": ""671.9"", ""Depth mTVD"": ""671.4"", ""Inclination (dega)"": ""9.1"", ""Azimuth (dega)"": ""287.1"", ""Comment"": null}, {""Depth mMD"": ""701.8"", ""Depth mTVD"": ""700.8"", ""Inclination (dega)"": ""11.2"", ""Azimuth (dega)"": ""290"", ""Comment"": null}, {""Depth mMD"": ""731.2"", ""Depth mTVD"": ""729.5"", ""Inclination (dega)"": ""13.4"", ""Azimuth (dega)"": ""285.6"", ""Comment"": null}], ""Lithology Information"": [{""Start Depth mMD"": ""547"", ""End Depth mMD"": ""690"", ""Start Depth mTVD"": ""547"", ""End Depth mTVD"": ""689.6"", ""Shows Description"": null, ""Lithology Description"": ""CLAYSTONE GRADINDG ARGILLACEOUS SILTSTONE""}, {""Start Depth mMD"": ""690"", ""End Depth mMD"": ""740"", ""Start Depth mTVD"": ""689.6"", ""End Depth mTVD"": ""739.3"", ""Shows Description"": null, ""Lithology Description"": ""CLAYSTONE""}], ""Gas Reading Information"": [{""Time"": ""00:00"", ""Class"": ""trip gas"", ""Depth to Top mMD"": ""547"", ""Depth to Bottom MD"": null, ""Depth to Top mTVD"": ""547"", ""Depth to Bottom TVD"": null, ""Highest Gas (%)"": "".49"", ""Lowest Gas ()"": null, ""C1 (ppm)"": ""-999.99"", ""C2 (ppm)"": ""-999.99"", ""C3 (ppm)"": ""-999.99"", ""IC4 (ppm)"": ""-999.99"", ""IC5 (ppm)"": ""-999.99""}, {""Time"": ""00:00"", ""Class"": ""drilling gas pea k"", ""Depth to Top mMD"": ""660"", ""Depth to Bottom MD"": null, ""Depth to Top mTVD"": ""659.6"", ""Depth to Bottom TVD"": null, ""Highest Gas (%)"": ""1"", ""Lowest Gas ()"": null, ""C1 (ppm)"": ""10136"", ""C2 (ppm)"": ""-999.99"", ""C3 (ppm)"": ""-999.99"", ""IC4 (ppm)"": ""-999.99"", ""IC5 (ppm)"": ""-999.99""}, {""Time"": ""00:00"", ""Class"": ""drilling gas pea k"", ""Depth to Top mMD"": ""667"", ""Depth to Bottom MD"": null, ""Depth to Top mTVD"": ""666.6"", ""Depth to Bottom TVD"": null, ""Highest Gas (%)"": ""1.6"", ""Lowest Gas ()"": null, ""C1 (ppm)"": ""15840"", ""C2 (ppm)"": ""-999.99"", ""C3 (ppm)"": ""-999.99"", ""IC4 (ppm)"": ""-999.99"", ""IC5 (ppm)"": ""-999.99""}]}"
223,15/9-19 S,15_9_19_S_1992_11_24.pdf,"{""Pore Pressure"": [{""Time"": ""00:00"", ""Depth mMD"": ""1117"", ""Depth TVD"": null, ""Equ Mud Weight (g/cm3)"": ""1.04"", ""Reading"": ""estimated""}], ""Survey Station"": [{""Depth mMD"": ""1027"", ""Depth mTVD"": ""994.3"", ""Inclination (dega)"": ""36.7"", ""Azimuth (dega)"": ""283.7"", ""Comment"": null}, {""Depth mMD"": ""1055.6"", ""Depth mTVD"": ""1016.9"", ""Inclination (dega)"": ""38.5"", ""Azimuth (dega)"": ""285.51"", ""Comment"": null}, {""Depth mMD"": ""1084.1"", ""Depth mTVD"": ""1038.7"", ""Inclination (dega)"": ""41.9"", ""Azimuth (dega)"": ""283.62"", ""Comment"": null}, {""Depth mMD"": ""761.8"", ""Depth mTVD"": ""759.1"", ""Inclination (dega)"": ""17.1"", ""Azimuth (dega)"": ""288.7"", ""Comment"": null}, {""Depth mMD"": ""790.6"", ""Depth mTVD"": ""786.4"", ""Inclination (dega)"": ""20"", ""Azimuth (dega)"": ""288.8"", ""Comment"": null}, {""Depth mMD"": ""819.9"", ""Depth mTVD"": ""813.7"", ""Inclination (dega)"": ""22.5"", ""Azimuth (dega)"": ""288.6"", ""Comment"": null}, {""Depth mMD"": ""848.5"", ""Depth mTVD"": ""839.9"", ""Inclination (dega)"": ""24.5"", ""Azimuth (dega)"": ""287.7"", ""Comment"": null}, {""Depth mMD"": ""878.5"", ""Depth mTVD"": ""867.1"", ""Inclination (dega)"": ""25.6"", ""Azimuth (dega)"": ""289"", ""Comment"": null}, {""Depth mMD"": ""908.5"", ""Depth mTVD"": ""893.8"", ""Inclination (dega)"": ""28.1"", ""Azimuth (dega)"": ""287.2"", ""Comment"": null}, {""Depth mMD"": ""937.3"", ""Depth mTVD"": ""918.9"", ""Inclination (dega)"": ""30.6"", ""Azimuth (dega)"": ""287.1"", ""Comment"": null}, {""Depth mMD"": ""966.6"", ""Depth mTVD"": ""944"", ""Inclination (dega)"": ""31.6"", ""Azimuth (dega)"": ""287.1"", ""Comment"": null}, {""Depth mMD"": ""996.2"", ""Depth mTVD"": ""969"", ""Inclination (dega)"": ""33.2"", ""Azimuth (dega)"": ""284.77"", ""Comment"": null}], ""Lithology Information"": [{""Start Depth mMD"": ""740"", ""End Depth mMD"": ""847.5"", ""Start Depth mTVD"": ""739.3"", ""End Depth mTVD"": ""839"", ""Shows Description"": null, ""Lithology Description"": ""CLAYSTONE""}, {""Start Depth mMD"": ""847.5"", ""End Depth mMD"": ""10"", ""Start Depth mTVD"": ""839"", ""End Depth mTVD"": ""1050.5"", ""Shows Description"": null, ""Lithology Description"": ""SANDSTONE WITH MINOR CLAYSTONE BEDS""}], ""Gas Reading Information"": [{""Time"": ""00:00"", ""Class"": ""drilling gas pea k"", ""Depth to Top mMD"": ""772"", ""Depth to Bottom MD"": null, ""Depth to Top mTVD"": ""767.5"", ""Depth to Bottom TVD"": null, ""Highest Gas (%)"": "".55"", ""Lowest Gas ()"": null, ""C1 (ppm)"": ""50"", ""C2 (ppm)"": ""-999.99"", ""C3 (ppm)"": ""-999.99"", ""IC4 (ppm)"": ""-999.99"", ""IC5 (ppm)"": ""-999.99""}]}"
224,15/9-19 S,15_9_19_S_1992_11_25.pdf,"{""Pore Pressure"": [{""Time"": ""00:00"", ""Depth mMD"": ""1450"", ""Depth TVD"": null, ""Equ Mud Weight (g/cm3)"": ""1.04"", ""Reading"": ""estimated""}], ""Survey Station"": [{""Depth mMD"": ""1112.8"", ""Depth mTVD"": ""1059.7"", ""Inclination (dega)"": ""44.2"", ""Azimuth (dega)"": ""285.9"", ""Comment"": null}, {""Depth mMD"": ""1141.9"", ""Depth mTVD"": ""1079.9"", ""Inclination (dega)"": ""47.5"", ""Azimuth (dega)"": ""285.36"", ""Comment"": null}, {""Depth mMD"": ""1171.4"", ""Depth mTVD"": ""1099.2"", ""Inclination (dega)"": ""50.8"", ""Azimuth (dega)"": ""285"", ""Comment"": null}, {""Depth mMD"": ""1200.7"", ""Depth mTVD"": ""1117.2"", ""Inclination (dega)"": ""53.7"", ""Azimuth (dega)"": ""286.1"", ""Comment"": null}, {""Depth mMD"": ""1230.3"", ""Depth mTVD"": ""1134"", ""Inclination (dega)"": ""56.7"", ""Azimuth (dega)"": ""286.5"", ""Comment"": null}, {""Depth mMD"": ""1259.7"", ""Depth mTVD"": ""1150"", ""Inclination (dega)"": ""57.7"", ""Azimuth (dega)"": ""286"", ""Comment"": null}, {""Depth mMD"": ""1288.8"", ""Depth mTVD"": ""1165.3"", ""Inclination (dega)"": ""58.7"", ""Azimuth (dega)"": ""285.7"", ""Comment"": null}, {""Depth mMD"": ""1317"", ""Depth mTVD"": ""1179.9"", ""Inclination (dega)"": ""59.1"", ""Azimuth (dega)"": ""285"", ""Comment"": null}, {""Depth mMD"": ""1347.4"", ""Depth mTVD"": ""1195.8"", ""Inclination (dega)"": ""57.9"", ""Azimuth (dega)"": ""285.3"", ""Comment"": null}, {""Depth mMD"": ""1376"", ""Depth mTVD"": ""1211.3"", ""Inclination (dega)"": ""56.4"", ""Azimuth (dega)"": ""285.3"", ""Comment"": null}, {""Depth mMD"": ""1406"", ""Depth mTVD"": ""1228"", ""Inclination (dega)"": ""55.8"", ""Azimuth (dega)"": ""286.1"", ""Comment"": null}, {""Depth mMD"": ""1435.9"", ""Depth mTVD"": ""1244.4"", ""Inclination (dega)"": ""57.5"", ""Azimuth (dega)"": ""285.6"", ""Comment"": null}], ""Lithology Information"": [{""Start Depth mMD"": ""10"", ""End Depth mMD"": ""1106"", ""Start Depth mTVD"": ""1050.5"", ""End Depth mTVD"": ""1054.8"", ""Shows Description"": null, ""Lithology Description"": ""SANDSTONE""}, {""Start Depth mMD"": ""1106"", ""End Depth mMD"": ""1313"", ""Start Depth mTVD"": ""1054.8"", ""End Depth mTVD"": ""1177.8"", ""Shows Description"": null, ""Lithology Description"": ""CLAYSTONE WITH RARE LIMESTONE""}, {""Start Depth mMD"": ""1313"", ""End Depth mMD"": ""1430"", ""Start Depth mTVD"": ""1177.8"", ""End Depth mTVD"": ""1241.5"", ""Shows Description"": null, ""Lithology Description"": ""SANDSTONE WITH RARE SILTY CLAYSTONE BEDS SANDSTONE HAS STRONG CALC CMT I/P. (GRADING TO ARENACEO US LIMESTONE)""}]}"
225,15/9-19 S,15_9_19_S_1992_11_26.pdf,"{""Pore Pressure"": [{""Time"": ""00:00"", ""Depth mMD"": ""1490"", ""Depth TVD"": null, ""Equ Mud Weight (g/cm3)"": ""1.04"", ""Reading"": ""estimated""}], ""Survey Station"": [{""Depth mMD"": ""1467"", ""Depth mTVD"": ""1260.9"", ""Inclination (dega)"": ""58.7"", ""Azimuth (dega)"": ""285.6"", ""Comment"": null}], ""Lithology Information"": [{""Start Depth mMD"": ""1430"", ""End Depth mMD"": ""1450.5"", ""Start Depth mTVD"": ""1241.5"", ""End Depth mTVD"": ""1252.3"", ""Shows Description"": null, ""Lithology Description"": ""SANDSTONE WITH MINOR LIMESTONE AND CLAYSTONE""}, {""Start Depth mMD"": ""1450.5"", ""End Depth mMD"": ""1490"", ""Start Depth mTVD"": ""1252.3"", ""End Depth mTVD"": ""1272.8"", ""Shows Description"": null, ""Lithology Description"": ""CLAYSTONE WITH RARE LIMESTONE""}]}"
226,15/9-19 S,15_9_19_S_1992_11_27.pdf,"{""Pore Pressure"": [{""Time"": ""00:00"", ""Depth mMD"": ""1490"", ""Depth TVD"": null, ""Equ Mud Weight (g/cm3)"": ""1.04"", ""Reading"": ""estimated""}]}"
227,15/9-19 S,15_9_19_S_1992_11_28.pdf,"{""Pore Pressure"": [{""Time"": ""00:00"", ""Depth mMD"": ""1490"", ""Depth TVD"": null, ""Equ Mud Weight (g/cm3)"": ""1.04"", ""Reading"": ""estimated""}], ""Casing Liner Tubing"": [{""start_time"": null, ""end_time"": null, ""type_of_pipe"": ""Casing"", ""casing_type"": null, ""outside_diameter_in"": ""13.375"", ""inside_diameter_in"": ""12.415"", ""weight_lbm_ft"": ""68"", ""grade"": ""N-80"", ""connection"": ""BTC API5B"", ""length_m"": ""1375.5"", ""top_mmd"": ""106.2"", ""bottom_mmd"": ""1481.7"", ""description"": null, ""comment"": null}]}"
228,15/9-19 S,15_9_19_S_1992_11_29.pdf,"{""Pore Pressure"": [{""Time"": ""00:00"", ""Depth mMD"": ""1490"", ""Depth TVD"": null, ""Equ Mud Weight (g/cm3)"": ""1.04"", ""Reading"": ""estimated""}]}"
229,15/9-19 S,15_9_19_S_1992_11_30.pdf,"{""Pore Pressure"": [{""Time"": ""00:00"", ""Depth mMD"": ""1748"", ""Depth TVD"": null, ""Equ Mud Weight (g/cm3)"": ""1.04"", ""Reading"": ""estimated""}], ""Survey Station"": [{""Depth mMD"": ""1500.2"", ""Depth mTVD"": ""1279.2"", ""Inclination (dega)"": ""60"", ""Azimuth (dega)"": ""283.3"", ""Comment"": null}, {""Depth mMD"": ""1529.7"", ""Depth mTVD"": ""1293.8"", ""Inclination (dega)"": ""60.3"", ""Azimuth (dega)"": ""284.1"", ""Comment"": null}, {""Depth mMD"": ""1558.5"", ""Depth mTVD"": ""1308.1"", ""Inclination (dega)"": ""60.5"", ""Azimuth (dega)"": ""283"", ""Comment"": null}, {""Depth mMD"": ""1587"", ""Depth mTVD"": ""1322.2"", ""Inclination (dega)"": ""60.1"", ""Azimuth (dega)"": ""283.8"", ""Comment"": null}, {""Depth mMD"": ""1614.9"", ""Depth mTVD"": ""1336.2"", ""Inclination (dega)"": ""59.5"", ""Azimuth (dega)"": ""283.9"", ""Comment"": null}, {""Depth mMD"": ""1645.3"", ""Depth mTVD"": ""1351.6"", ""Inclination (dega)"": ""59.9"", ""Azimuth (dega)"": ""284.8"", ""Comment"": null}, {""Depth mMD"": ""1672.9"", ""Depth mTVD"": ""1365.4"", ""Inclination (dega)"": ""59.7"", ""Azimuth (dega)"": ""282.3"", ""Comment"": null}, {""Depth mMD"": ""1702.4"", ""Depth mTVD"": ""1380.6"", ""Inclination (dega)"": ""58.3"", ""Azimuth (dega)"": ""281.7"", ""Comment"": null}], ""Lithology Information"": [{""Start Depth mMD"": ""1490"", ""End Depth mMD"": ""1720"", ""Start Depth mTVD"": ""1272.8"", ""End Depth mTVD"": ""1389.2"", ""Shows Description"": null, ""Lithology Description"": ""CLAYSTONE WITH RARE ARENACEOUS LIMESTONE GRADING SANDSTONE I/P""}], ""Gas Reading Information"": [{""Time"": ""00:00"", ""Class"": ""drilling gas pea k"", ""Depth to Top mMD"": ""1720"", ""Depth to Bottom MD"": null, ""Depth to Top mTVD"": ""1389.2"", ""Depth to Bottom TVD"": null, ""Highest Gas (%)"": "".49"", ""Lowest Gas ()"": null, ""C1 (ppm)"": ""4900"", ""C2 (ppm)"": ""5"", ""C3 (ppm)"": ""-999.99"", ""IC4 (ppm)"": ""-999.99"", ""IC5 (ppm)"": ""-999.99""}]}"
230,15/9-19 S,15_9_19_S_1992_12_01.pdf,"{""Pore Pressure"": [{""Time"": ""00:00"", ""Depth mMD"": ""2018"", ""Depth TVD"": null, ""Equ Mud Weight (g/cm3)"": ""1.07"", ""Reading"": ""estimated""}], ""Survey Station"": [{""Depth mMD"": ""1729.3"", ""Depth mTVD"": ""1394.7"", ""Inclination (dega)"": ""58.5"", ""Azimuth (dega)"": ""284.2"", ""Comment"": null}, {""Depth mMD"": ""1759.3"", ""Depth mTVD"": ""1410.4"", ""Inclination (dega)"": ""58.5"", ""Azimuth (dega)"": ""282.5"", ""Comment"": null}, {""Depth mMD"": ""1788.6"", ""Depth mTVD"": ""1425.7"", ""Inclination (dega)"": ""58.5"", ""Azimuth (dega)"": ""284"", ""Comment"": null}, {""Depth mMD"": ""1818.2"", ""Depth mTVD"": ""1441.2"", ""Inclination (dega)"": ""58.6"", ""Azimuth (dega)"": ""282.6"", ""Comment"": null}, {""Depth mMD"": ""1847.3"", ""Depth mTVD"": ""1456.4"", ""Inclination (dega)"": ""58.3"", ""Azimuth (dega)"": ""282.1"", ""Comment"": null}, {""Depth mMD"": ""1874.9"", ""Depth mTVD"": ""1470.9"", ""Inclination (dega)"": ""58.1"", ""Azimuth (dega)"": ""283"", ""Comment"": null}, {""Depth mMD"": ""1903.5"", ""Depth mTVD"": ""1486.2"", ""Inclination (dega)"": ""57.5"", ""Azimuth (dega)"": ""282.9"", ""Comment"": null}, {""Depth mMD"": ""1932.1"", ""Depth mTVD"": ""1501.5"", ""Inclination (dega)"": ""57.7"", ""Azimuth (dega)"": ""283.7"", ""Comment"": null}, {""Depth mMD"": ""1961.3"", ""Depth mTVD"": ""1517.1"", ""Inclination (dega)"": ""57.5"", ""Azimuth (dega)"": ""282.7"", ""Comment"": null}, {""Depth mMD"": ""1990.6"", ""Depth mTVD"": ""1532.9"", ""Inclination (dega)"": ""57.6"", ""Azimuth (dega)"": ""282.8"", ""Comment"": null}], ""Lithology Information"": [{""Start Depth mMD"": ""1720"", ""End Depth mMD"": ""2010"", ""Start Depth mTVD"": ""1389.2"", ""End Depth mTVD"": ""1543.2"", ""Shows Description"": null, ""Lithology Description"": ""CLAYSTONE WITH TRACE LIMESTONE & DOLOMITE""}], ""Gas Reading Information"": [{""Time"": ""00:00"", ""Class"": ""drilling gas pea k"", ""Depth to Top mMD"": ""1828"", ""Depth to Bottom MD"": null, ""Depth to Top mTVD"": ""1446.2"", ""Depth to Bottom TVD"": null, ""Highest Gas (%)"": "".81"", ""Lowest Gas ()"": null, ""C1 (ppm)"": ""8100"", ""C2 (ppm)"": ""-999.99"", ""C3 (ppm)"": ""-999.99"", ""IC4 (ppm)"": ""-999.99"", ""IC5 (ppm)"": ""-999.99""}, {""Time"": ""00:00"", ""Class"": ""drilling gas pea k"", ""Depth to Top mMD"": ""1890"", ""Depth to Bottom MD"": null, ""Depth to Top mTVD"": ""1478.9"", ""Depth to Bottom TVD"": null, ""Highest Gas (%)"": "".67"", ""Lowest Gas ()"": null, ""C1 (ppm)"": ""6700"", ""C2 (ppm)"": ""-999.99"", ""C3 (ppm)"": ""-999.99"", ""IC4 (ppm)"": ""-999.99"", ""IC5 (ppm)"": ""-999.99""}, {""Time"": ""00:00"", ""Class"": ""drilling gas pea k"", ""Depth to Top mMD"": ""1936"", ""Depth to Bottom MD"": null, ""Depth to Top mTVD"": ""1503.2"", ""Depth to Bottom TVD"": null, ""Highest Gas (%)"": "".45"", ""Lowest Gas ()"": null, ""C1 (ppm)"": ""4500"", ""C2 (ppm)"": ""-999.99"", ""C3 (ppm)"": ""-999.99"", ""IC4 (ppm)"": ""-999.99"", ""IC5 (ppm)"": ""-999.99""}]}"
231,15/9-19 S,15_9_19_S_1992_12_02.pdf,"{""Pore Pressure"": [{""Time"": ""00:00"", ""Depth mMD"": ""2166"", ""Depth TVD"": null, ""Equ Mud Weight (g/cm3)"": ""1.07"", ""Reading"": ""estimated""}], ""Survey Station"": [{""Depth mMD"": ""2017.6"", ""Depth mTVD"": ""1547.4"", ""Inclination (dega)"": ""57.5"", ""Azimuth (dega)"": ""284"", ""Comment"": null}, {""Depth mMD"": ""2047.7"", ""Depth mTVD"": ""1563.6"", ""Inclination (dega)"": ""57.4"", ""Azimuth (dega)"": ""283.2"", ""Comment"": null}, {""Depth mMD"": ""2076.4"", ""Depth mTVD"": ""1579"", ""Inclination (dega)"": ""57.6"", ""Azimuth (dega)"": ""283.4"", ""Comment"": null}, {""Depth mMD"": ""2105.9"", ""Depth mTVD"": ""1594.8"", ""Inclination (dega)"": ""57.3"", ""Azimuth (dega)"": ""285"", ""Comment"": null}, {""Depth mMD"": ""2134.7"", ""Depth mTVD"": ""1610.3"", ""Inclination (dega)"": ""58"", ""Azimuth (dega)"": ""283.8"", ""Comment"": null}], ""Lithology Information"": [{""Start Depth mMD"": ""2010"", ""End Depth mMD"": ""2140"", ""Start Depth mTVD"": ""1543.2"", ""End Depth mTVD"": ""1613.3"", ""Shows Description"": null, ""Lithology Description"": ""CLAYSTONE WITH TRACE LIMESTONE""}], ""Gas Reading Information"": [{""Time"": ""00:00"", ""Class"": ""trip gas"", ""Depth to Top mMD"": ""2018"", ""Depth to Bottom MD"": null, ""Depth to Top mTVD"": ""1547.5"", ""Depth to Bottom TVD"": null, ""Highest Gas (%)"": ""1.25"", ""Lowest Gas ()"": null, ""C1 (ppm)"": ""12600"", ""C2 (ppm)"": ""90"", ""C3 (ppm)"": ""10"", ""IC4 (ppm)"": ""-999.99"", ""IC5 (ppm)"": ""-999.99""}]}"
232,15/9-19 S,15_9_19_S_1992_12_03.pdf,"{""Pore Pressure"": [{""Time"": ""00:00"", ""Depth mMD"": ""2531"", ""Depth TVD"": null, ""Equ Mud Weight (g/cm3)"": ""1.14"", ""Reading"": ""estimated""}], ""Survey Station"": [{""Depth mMD"": ""2164"", ""Depth mTVD"": ""1625.6"", ""Inclination (dega)"": ""58.8"", ""Azimuth (dega)"": ""284.3"", ""Comment"": null}, {""Depth mMD"": ""2193.1"", ""Depth mTVD"": ""1640.7"", ""Inclination (dega)"": ""58.7"", ""Azimuth (dega)"": ""283.9"", ""Comment"": null}, {""Depth mMD"": ""22"", ""Depth mTVD"": ""1655.7"", ""Inclination (dega)"": ""58.9"", ""Azimuth (dega)"": ""282.4"", ""Comment"": null}, {""Depth mMD"": ""2250"", ""Depth mTVD"": ""1670.2"", ""Inclination (dega)"": ""58.8"", ""Azimuth (dega)"": ""284.3"", ""Comment"": null}, {""Depth mMD"": ""2278.7"", ""Depth mTVD"": ""1685"", ""Inclination (dega)"": ""58.8"", ""Azimuth (dega)"": ""284.2"", ""Comment"": null}, {""Depth mMD"": ""2306.6"", ""Depth mTVD"": ""1699.5"", ""Inclination (dega)"": ""58.8"", ""Azimuth (dega)"": ""283.5"", ""Comment"": null}, {""Depth mMD"": ""2335.6"", ""Depth mTVD"": ""1714.5"", ""Inclination (dega)"": ""58.9"", ""Azimuth (dega)"": ""284.1"", ""Comment"": null}, {""Depth mMD"": ""2364"", ""Depth mTVD"": ""1729.2"", ""Inclination (dega)"": ""58.9"", ""Azimuth (dega)"": ""283.5"", ""Comment"": null}, {""Depth mMD"": ""2392.7"", ""Depth mTVD"": ""1744"", ""Inclination (dega)"": ""58.9"", ""Azimuth (dega)"": ""283.6"", ""Comment"": null}, {""Depth mMD"": ""2421.6"", ""Depth mTVD"": ""1758.9"", ""Inclination (dega)"": ""58.9"", ""Azimuth (dega)"": ""283"", ""Comment"": null}, {""Depth mMD"": ""2450.9"", ""Depth mTVD"": ""1774.1"", ""Inclination (dega)"": ""58.8"", ""Azimuth (dega)"": ""284.2"", ""Comment"": null}, {""Depth mMD"": ""2481.4"", ""Depth mTVD"": ""1789.8"", ""Inclination (dega)"": ""58.8"", ""Azimuth (dega)"": ""283.3"", ""Comment"": null}, {""Depth mMD"": ""2510.9"", ""Depth mTVD"": ""1805.1"", ""Inclination (dega)"": ""58.8"", ""Azimuth (dega)"": ""284.1"", ""Comment"": null}], ""Lithology Information"": [{""Start Depth mMD"": ""2140"", ""End Depth mMD"": ""2531"", ""Start Depth mTVD"": ""1613.3"", ""End Depth mTVD"": ""1815.5"", ""Shows Description"": null, ""Lithology Description"": ""CLAYSTONE WITH MINOR LIMESTONE""}], ""Gas Reading Information"": [{""Time"": ""00:00"", ""Class"": ""drilling gas pea k"", ""Depth to Top mMD"": ""2303"", ""Depth to Bottom MD"": null, ""Depth to Top mTVD"": ""1698"", ""Depth to Bottom TVD"": null, ""Highest Gas (%)"": "".44"", ""Lowest Gas ()"": null, ""C1 (ppm)"": ""40"", ""C2 (ppm)"": ""5"", ""C3 (ppm)"": ""5"", ""IC4 (ppm)"": ""-999.99"", ""IC5 (ppm)"": ""-999.99""}]}"
233,15/9-19 S,15_9_19_S_1992_12_04.pdf,"{""Pore Pressure"": [{""Time"": ""00:00"", ""Depth mMD"": ""2632"", ""Depth TVD"": null, ""Equ Mud Weight (g/cm3)"": ""1.14"", ""Reading"": ""estimated""}], ""Survey Station"": [{""Depth mMD"": ""2538"", ""Depth mTVD"": ""1819.2"", ""Inclination (dega)"": ""58.9"", ""Azimuth (dega)"": ""284.3"", ""Comment"": null}, {""Depth mMD"": ""2566"", ""Depth mTVD"": ""1833.6"", ""Inclination (dega)"": ""59"", ""Azimuth (dega)"": ""284.5"", ""Comment"": null}, {""Depth mMD"": ""2594"", ""Depth mTVD"": ""1848"", ""Inclination (dega)"": ""58.9"", ""Azimuth (dega)"": ""284.1"", ""Comment"": null}], ""Gas Reading Information"": [{""Time"": ""00:00"", ""Class"": ""trip gas"", ""Depth to Top mMD"": ""1535"", ""Depth to Bottom MD"": null, ""Depth to Top mTVD"": ""1296"", ""Depth to Bottom TVD"": null, ""Highest Gas (%)"": ""2.2"", ""Lowest Gas ()"": null, ""C1 (ppm)"": ""-999.99"", ""C2 (ppm)"": ""-999.99"", ""C3 (ppm)"": ""-999.99"", ""IC4 (ppm)"": ""-999.99"", ""IC5 (ppm)"": ""-999.99""}, {""Time"": ""00:00"", ""Class"": ""trip gas"", ""Depth to Top mMD"": ""1829"", ""Depth to Bottom MD"": null, ""Depth to Top mTVD"": ""1446"", ""Depth to Bottom TVD"": null, ""Highest Gas (%)"": ""2.05"", ""Lowest Gas ()"": null, ""C1 (ppm)"": ""-999.99"", ""C2 (ppm)"": ""-999.99"", ""C3 (ppm)"": ""-999.99"", ""IC4 (ppm)"": ""-999.99"", ""IC5 (ppm)"": ""-999.99""}, {""Time"": ""00:00"", ""Class"": ""trip gas"", ""Depth to Top mMD"": ""2094"", ""Depth to Bottom MD"": null, ""Depth to Top mTVD"": ""1588"", ""Depth to Bottom TVD"": null, ""Highest Gas (%)"": ""1.15"", ""Lowest Gas ()"": null, ""C1 (ppm)"": ""-999.99"", ""C2 (ppm)"": ""-999.99"", ""C3 (ppm)"": ""-999.99"", ""IC4 (ppm)"": ""-999.99"", ""IC5 (ppm)"": ""-999.99""}, {""Time"": ""00:00"", ""Class"": ""trip gas"", ""Depth to Top mMD"": ""2531"", ""Depth to Bottom MD"": null, ""Depth to Top mTVD"": ""1815"", ""Depth to Bottom TVD"": null, ""Highest Gas (%)"": ""4.8"", ""Lowest Gas ()"": null, ""C1 (ppm)"": ""45613"", ""C2 (ppm)"": ""71"", ""C3 (ppm)"": ""23"", ""IC4 (ppm)"": ""-999.99"", ""IC5 (ppm)"": ""-999.99""}]}"
234,15/9-19 S,15_9_19_S_1992_12_05.pdf,"{""Pore Pressure"": [{""Time"": ""00:00"", ""Depth mMD"": ""2890"", ""Depth TVD"": null, ""Equ Mud Weight (g/cm3)"": ""1.2"", ""Reading"": ""estimated""}, {""Time"": ""00:00"", ""Depth mMD"": ""2990"", ""Depth TVD"": null, ""Equ Mud Weight (g/cm3)"": ""1.04"", ""Reading"": ""estimated""}], ""Survey Station"": [{""Depth mMD"": ""2623.9"", ""Depth mTVD"": ""1863.5"", ""Inclination (dega)"": ""58.9"", ""Azimuth (dega)"": ""283.4"", ""Comment"": null}, {""Depth mMD"": ""2652.8"", ""Depth mTVD"": ""1878.4"", ""Inclination (dega)"": ""58.9"", ""Azimuth (dega)"": ""284.1"", ""Comment"": null}, {""Depth mMD"": ""2681.6"", ""Depth mTVD"": ""1893.5"", ""Inclination (dega)"": ""58"", ""Azimuth (dega)"": ""282.3"", ""Comment"": null}, {""Depth mMD"": ""2710.6"", ""Depth mTVD"": ""1909"", ""Inclination (dega)"": ""57.4"", ""Azimuth (dega)"": ""282.8"", ""Comment"": null}, {""Depth mMD"": ""2740.1"", ""Depth mTVD"": ""1924.8"", ""Inclination (dega)"": ""57.6"", ""Azimuth (dega)"": ""282.4"", ""Comment"": null}, {""Depth mMD"": ""2768.8"", ""Depth mTVD"": ""1940.2"", ""Inclination (dega)"": ""57.6"", ""Azimuth (dega)"": ""282.4"", ""Comment"": null}, {""Depth mMD"": ""2797.6"", ""Depth mTVD"": ""1955.6"", ""Inclination (dega)"": ""57.7"", ""Azimuth (dega)"": ""280.8"", ""Comment"": null}, {""Depth mMD"": ""2826.5"", ""Depth mTVD"": ""1971"", ""Inclination (dega)"": ""57.8"", ""Azimuth (dega)"": ""282.9"", ""Comment"": null}, {""Depth mMD"": ""2854.9"", ""Depth mTVD"": ""1986.2"", ""Inclination (dega)"": ""57.8"", ""Azimuth (dega)"": ""282.9"", ""Comment"": null}, {""Depth mMD"": ""2883.7"", ""Depth mTVD"": ""2001.5"", ""Inclination (dega)"": ""57.9"", ""Azimuth (dega)"": ""282.8"", ""Comment"": null}, {""Depth mMD"": ""2911.8"", ""Depth mTVD"": ""2016.4"", ""Inclination (dega)"": ""58"", ""Azimuth (dega)"": ""282.3"", ""Comment"": null}, {""Depth mMD"": ""2940.4"", ""Depth mTVD"": ""2031.6"", ""Inclination (dega)"": ""57.9"", ""Azimuth (dega)"": ""280.9"", ""Comment"": null}, {""Depth mMD"": ""2968.9"", ""Depth mTVD"": ""2046.8"", ""Inclination (dega)"": ""57.7"", ""Azimuth (dega)"": ""281.4"", ""Comment"": null}], ""Lithology Information"": [{""Start Depth mMD"": ""2590"", ""End Depth mMD"": ""2740"", ""Start Depth mTVD"": ""1846"", ""End Depth mTVD"": ""1925"", ""Shows Description"": null, ""Lithology Description"": ""CLAYSTONE""}, {""Start Depth mMD"": ""2740"", ""End Depth mMD"": ""2890"", ""Start Depth mTVD"": ""1925"", ""End Depth mTVD"": ""2005"", ""Shows Description"": null, ""Lithology Description"": ""CLAYSTONE WITH MINOR DOLOMITE + LIMESTONE STRINGER S""}, {""Start Depth mMD"": ""2890"", ""End Depth mMD"": ""2990"", ""Start Depth mTVD"": ""2005"", ""End Depth mTVD"": ""2058"", ""Shows Description"": null, ""Lithology Description"": ""CLAYSTONE WITH TRACE SANDSTONE""}]}"
235,15/9-19 S,15_9_19_S_1992_12_06.pdf,"{""Pore Pressure"": [{""Time"": ""00:00"", ""Depth mMD"": ""2890"", ""Depth TVD"": null, ""Equ Mud Weight (g/cm3)"": ""1.2"", ""Reading"": ""estimated""}, {""Time"": ""00:00"", ""Depth mMD"": ""3017.5"", ""Depth TVD"": null, ""Equ Mud Weight (g/cm3)"": ""1.04"", ""Reading"": ""estimated""}], ""Lithology Information"": [{""Start Depth mMD"": ""2990"", ""End Depth mMD"": ""3017.5"", ""Start Depth mTVD"": ""2058"", ""End Depth mTVD"": ""2073"", ""Shows Description"": null, ""Lithology Description"": ""CLAYSTONE WITH TRACE DOLOMITE""}]}"
236,15/9-19 S,15_9_19_S_1992_12_07.pdf,"{""Pore Pressure"": [{""Time"": ""00:00"", ""Depth mMD"": ""3040"", ""Depth TVD"": null, ""Equ Mud Weight (g/cm3)"": ""1.04"", ""Reading"": ""estimated""}], ""Survey Station"": [{""Depth mMD"": ""2996.2"", ""Depth mTVD"": ""2061.4"", ""Inclination (dega)"": ""57.8"", ""Azimuth (dega)"": ""282.5"", ""Comment"": null}, {""Depth mMD"": ""3026.6"", ""Depth mTVD"": ""2077.5"", ""Inclination (dega)"": ""58.2"", ""Azimuth (dega)"": ""281.8"", ""Comment"": null}, {""Depth mMD"": ""3055.8"", ""Depth mTVD"": ""2092.9"", ""Inclination (dega)"": ""57.8"", ""Azimuth (dega)"": ""283.4"", ""Comment"": null}], ""Lithology Information"": [{""Start Depth mMD"": ""3017"", ""End Depth mMD"": ""3040"", ""Start Depth mTVD"": ""2072"", ""End Depth mTVD"": ""2084.5"", ""Shows Description"": null, ""Lithology Description"": ""CLAYSTONE""}], ""Gas Reading Information"": [{""Time"": ""00:00"", ""Class"": ""trip gas"", ""Depth to Top mMD"": ""3017"", ""Depth to Bottom MD"": null, ""Depth to Top mTVD"": ""2072"", ""Depth to Bottom TVD"": null, ""Highest Gas (%)"": ""1.55"", ""Lowest Gas ()"": null, ""C1 (ppm)"": ""13940"", ""C2 (ppm)"": ""25"", ""C3 (ppm)"": ""10"", ""IC4 (ppm)"": ""-999.99"", ""IC5 (ppm)"": ""-999.99""}]}"
237,15/9-19 S,15_9_19_S_1992_12_08.pdf,"{""Survey Station"": [{""Depth mMD"": ""3084.6"", ""Depth mTVD"": ""2108.2"", ""Inclination (dega)"": ""58"", ""Azimuth (dega)"": ""282.4"", ""Comment"": null}, {""Depth mMD"": ""3111.8"", ""Depth mTVD"": ""2122.6"", ""Inclination (dega)"": ""58.2"", ""Azimuth (dega)"": ""282.5"", ""Comment"": null}, {""Depth mMD"": ""3141"", ""Depth mTVD"": ""2138"", ""Inclination (dega)"": ""58.3"", ""Azimuth (dega)"": ""284.8"", ""Comment"": null}, {""Depth mMD"": ""3171.2"", ""Depth mTVD"": ""2153.9"", ""Inclination (dega)"": ""58"", ""Azimuth (dega)"": ""285.5"", ""Comment"": null}, {""Depth mMD"": ""3201.5"", ""Depth mTVD"": ""2170.1"", ""Inclination (dega)"": ""57.5"", ""Azimuth (dega)"": ""284.3"", ""Comment"": null}, {""Depth mMD"": ""3230"", ""Depth mTVD"": ""2185.5"", ""Inclination (dega)"": ""57.2"", ""Azimuth (dega)"": ""284.3"", ""Comment"": null}, {""Depth mMD"": ""3258.8"", ""Depth mTVD"": ""2201"", ""Inclination (dega)"": ""57.5"", ""Azimuth (dega)"": ""285.3"", ""Comment"": null}], ""Lithology Information"": [{""Start Depth mMD"": ""3016"", ""End Depth mMD"": ""3215"", ""Start Depth mTVD"": ""2072"", ""End Depth mTVD"": ""2177"", ""Shows Description"": null, ""Lithology Description"": ""3016-3052M SANDSTONE, 3052-3169M CLAYSTONE, 3169-3215M SANDSTON E""}]}"
238,15/9-19 S,15_9_19_S_1992_12_09.pdf,"{""Pore Pressure"": [{""Time"": ""00:00"", ""Depth mMD"": ""3353"", ""Depth TVD"": null, ""Equ Mud Weight (g/cm3)"": ""1.04"", ""Reading"": ""estimated""}], ""Survey Station"": [{""Depth mMD"": ""3285"", ""Depth mTVD"": ""2215.1"", ""Inclination (dega)"": ""57.2"", ""Azimuth (dega)"": ""285.7"", ""Comment"": null}, {""Depth mMD"": ""3316"", ""Depth mTVD"": ""2232.1"", ""Inclination (dega)"": ""56.6"", ""Azimuth (dega)"": ""283.8"", ""Comment"": null}], ""Lithology Information"": [{""Start Depth mMD"": ""3280"", ""End Depth mMD"": ""3326"", ""Start Depth mTVD"": ""2212"", ""End Depth mTVD"": ""2237.6"", ""Shows Description"": null, ""Lithology Description"": ""CLAYSTONE""}, {""Start Depth mMD"": ""3326"", ""End Depth mMD"": ""3353"", ""Start Depth mTVD"": ""2237.6"", ""End Depth mTVD"": ""2252"", ""Shows Description"": null, ""Lithology Description"": ""CLAYSTONE WITH TRACE TUFFACEOUS FRAGMENTS + TRACE LIMESTONE""}]}"
239,15/9-19 S,15_9_19_S_1992_12_10.pdf,"{""Pore Pressure"": [{""Time"": ""00:00"", ""Depth mMD"": ""3353"", ""Depth TVD"": null, ""Equ Mud Weight (g/cm3)"": ""1.04"", ""Reading"": ""estimated""}], ""Gas Reading Information"": [{""Time"": ""00:00"", ""Class"": ""drilling gas pea k"", ""Depth to Top mMD"": ""2923"", ""Depth to Bottom MD"": null, ""Depth to Top TVD"": null, ""Depth to Bottom TVD"": null, ""Highest Gas (%)"": ""1.24"", ""Lowest Gas ()"": null, ""C1 (ppm)"": ""-999.99"", ""C2 (ppm)"": ""-999.99"", ""C3 (ppm)"": ""-999.99"", ""IC4 (ppm)"": ""-999.99"", ""IC5 (ppm)"": ""-999.99""}]}"
240,15/9-19 S,15_9_19_S_1992_12_11.pdf,"{""Pore Pressure"": [{""Time"": ""00:00"", ""Depth mMD"": ""3353"", ""Depth TVD"": null, ""Equ Mud Weight (g/cm3)"": ""1.04"", ""Reading"": ""estimated""}]}"
241,15/9-19 S,15_9_19_S_1992_12_12.pdf,"{""Pore Pressure"": [{""Time"": ""00:00"", ""Depth mMD"": ""3353"", ""Depth TVD"": null, ""Equ Mud Weight (g/cm3)"": ""1.04"", ""Reading"": ""estimated""}]}"
242,15/9-19 S,15_9_19_S_1992_12_13.pdf,"{""Pore Pressure"": [{""Time"": ""00:00"", ""Depth mMD"": ""2510"", ""Depth TVD"": null, ""Equ Mud Weight (g/cm3)"": ""1.15"", ""Reading"": ""estimated""}, {""Time"": ""00:00"", ""Depth mMD"": ""2890"", ""Depth TVD"": null, ""Equ Mud Weight (g/cm3)"": ""1.2"", ""Reading"": ""estimated""}]}"
243,15/9-19 S,15_9_19_S_1992_12_14.pdf,"{""Pore Pressure"": [{""Time"": ""00:00"", ""Depth mMD"": ""2220"", ""Depth TVD"": null, ""Equ Mud Weight (g/cm3)"": ""1.04"", ""Reading"": ""estimated""}, {""Time"": ""00:00"", ""Depth mMD"": ""2890"", ""Depth TVD"": null, ""Equ Mud Weight (g/cm3)"": ""1.2"", ""Reading"": ""estimated""}], ""Gas Reading Information"": [{""Time"": ""00:00"", ""Class"": ""drilling gas pea k"", ""Depth to Top mMD"": ""20"", ""Depth to Bottom MD"": null, ""Depth to Top TVD"": null, ""Depth to Bottom TVD"": null, ""Highest Gas (%)"": ""2.55"", ""Lowest Gas ()"": null, ""C1 (ppm)"": ""21369"", ""C2 (ppm)"": ""23"", ""C3 (ppm)"": ""13"", ""IC4 (ppm)"": ""-999.99"", ""IC5 (ppm)"": ""-999.99""}]}"
244,15/9-19 S,15_9_19_S_1992_12_15.pdf,"{""Pore Pressure"": [{""Time"": ""00:00"", ""Depth mMD"": ""1481.7"", ""Depth TVD"": null, ""Equ Mud Weight (g/cm3)"": ""1.04"", ""Reading"": ""estimated""}], ""Gas Reading Information"": [{""Time"": ""00:00"", ""Class"": ""drilling gas pea k"", ""Depth to Top mMD"": ""2220"", ""Depth to Bottom MD"": null, ""Depth to Top mTVD"": ""1655"", ""Depth to Bottom TVD"": null, ""Highest Gas (%)"": "".54"", ""Lowest Gas ()"": null, ""C1 (ppm)"": ""-999.99"", ""C2 (ppm)"": ""-999.99"", ""C3 (ppm)"": ""-999.99"", ""IC4 (ppm)"": ""-999.99"", ""IC5 (ppm)"": ""-999.99""}]}"
245,15/9-19 S,15_9_19_S_1992_12_16.pdf,"{""Pore Pressure"": [{""Time"": ""00:00"", ""Depth mMD"": ""1481.7"", ""Depth TVD"": null, ""Equ Mud Weight (g/cm3)"": ""1.04"", ""Reading"": ""estimated""}], ""Gas Reading Information"": [{""Time"": ""00:00"", ""Class"": ""drilling gas pea k"", ""Depth to Top mMD"": ""1527"", ""Depth to Bottom MD"": null, ""Depth to Top mTVD"": ""1292"", ""Depth to Bottom TVD"": null, ""Highest Gas (%)"": "".21"", ""Lowest Gas ()"": null, ""C1 (ppm)"": ""709"", ""C2 (ppm)"": ""-999.99"", ""C3 (ppm)"": ""-999.99"", ""IC4 (ppm)"": ""-999.99"", ""IC5 (ppm)"": ""-999.99""}]}"
246,15/9-19 S,15_9_19_S_1992_12_17.pdf,"{""Pore Pressure"": [{""Time"": ""00:00"", ""Depth mMD"": ""1481.7"", ""Depth TVD"": null, ""Equ Mud Weight (g/cm3)"": ""1.03"", ""Reading"": ""estimated""}]}"
247,15/9-19 S,15_9_19_S_1992_12_18.pdf,"{""Pore Pressure"": [{""Time"": ""00:00"", ""Depth mMD"": ""1481.7"", ""Depth TVD"": null, ""Equ Mud Weight (g/cm3)"": ""1.03"", ""Reading"": ""estimated""}], ""Gas Reading Information"": [{""Time"": ""00:00"", ""Class"": ""drilling gas pea k"", ""Depth to Top mMD"": ""1481.7"", ""Depth to Bottom MD"": null, ""Depth to Top mTVD"": ""1268.5"", ""Depth to Bottom TVD"": null, ""Highest Gas (%)"": "".03"", ""Lowest Gas ()"": null, ""C1 (ppm)"": ""271"", ""C2 (ppm)"": ""-999.99"", ""C3 (ppm)"": ""-999.99"", ""IC4 (ppm)"": ""-999.99"", ""IC5 (ppm)"": ""-999.99""}]}"
248,15/9-19 S,15_9_19_S_1992_12_19.pdf,"{""Survey Station"": [{""Depth mMD"": ""1500"", ""Depth mTVD"": ""1280.4"", ""Inclination (dega)"": ""58.4"", ""Azimuth (dega)"": ""284.6"", ""Comment"": null}, {""Depth mMD"": ""1530"", ""Depth mTVD"": ""1296.1"", ""Inclination (dega)"": ""58.1"", ""Azimuth (dega)"": ""287.3"", ""Comment"": null}, {""Depth mMD"": ""1559"", ""Depth mTVD"": ""1311.2"", ""Inclination (dega)"": ""59.2"", ""Azimuth (dega)"": ""289.2"", ""Comment"": null}], ""Lithology Information"": [{""Start Depth mMD"": ""1493"", ""End Depth mMD"": ""1570"", ""Start Depth mTVD"": ""1276.7"", ""End Depth mTVD"": ""1316.8"", ""Shows Description"": null, ""Lithology Description"": ""CLAYSTONE WITH MINOR LIMESTONE.""}], ""Gas Reading Information"": [{""Time"": ""00:00"", ""Class"": ""drilling gas pea k"", ""Depth to Top mMD"": ""1520"", ""Depth to Bottom MD"": null, ""Depth to Top mTVD"": ""1290.3"", ""Depth to Bottom TVD"": null, ""Highest Gas (%)"": "".19"", ""Lowest Gas ()"": null, ""C1 (ppm)"": ""1520"", ""C2 (ppm)"": ""-999.99"", ""C3 (ppm)"": ""-999.99"", ""IC4 (ppm)"": ""-999.99"", ""IC5 (ppm)"": ""-999.99""}]}"
249,15/9-19 ST2,15_9_19_ST2_1992_12_19.pdf,{}
250,15/9-19 ST2,15_9_19_ST2_1992_12_20.pdf,"{""Pore Pressure"": [{""Time"": ""00:00"", ""Depth mMD"": ""1653"", ""Depth TVD"": null, ""Equ Mud Weight (g/cm3)"": ""1.04"", ""Reading"": ""estimated""}], ""Survey Station"": [{""Depth mMD"": ""1588"", ""Depth mTVD"": ""1325.8"", ""Inclination (dega)"": ""60.6"", ""Azimuth (dega)"": ""294.6"", ""Comment"": null}, {""Depth mMD"": ""1619.6"", ""Depth mTVD"": ""1341.2"", ""Inclination (dega)"": ""61.1"", ""Azimuth (dega)"": ""298.4"", ""Comment"": null}], ""Lithology Information"": [{""Start Depth mMD"": ""1570"", ""End Depth mMD"": ""1653"", ""Start Depth mTVD"": ""1316.8"", ""End Depth mTVD"": ""1357.3"", ""Shows Description"": null, ""Lithology Description"": ""CLAYSTONE""}], ""Gas Reading Information"": [{""Time"": ""00:00"", ""Class"": ""drilling gas pea k"", ""Depth to Top mMD"": ""1610"", ""Depth to Bottom MD"": null, ""Depth to Top mTVD"": ""1337.4"", ""Depth to Bottom TVD"": null, ""Highest Gas (%)"": "".3"", ""Lowest Gas ()"": null, ""C1 (ppm)"": ""3000"", ""C2 (ppm)"": ""-999.99"", ""C3 (ppm)"": ""-999.99"", ""IC4 (ppm)"": ""-999.99"", ""IC5 (ppm)"": ""-999.99""}]}"
251,15/9-19 ST2,15_9_19_ST2_1992_12_21.pdf,"{""Pore Pressure"": [{""Time"": ""00:00"", ""Depth mMD"": ""1900"", ""Depth TVD"": null, ""Equ Mud Weight (g/cm3)"": ""1.07"", ""Reading"": ""estimated""}], ""Survey Station"": [{""Depth mMD"": ""1644.2"", ""Depth mTVD"": ""1353.1"", ""Inclination (dega)"": ""60.9"", ""Azimuth (dega)"": ""297.8"", ""Comment"": null}, {""Depth mMD"": ""1675"", ""Depth mTVD"": ""1368.5"", ""Inclination (dega)"": ""59.2"", ""Azimuth (dega)"": ""294.8"", ""Comment"": null}, {""Depth mMD"": ""1701.8"", ""Depth mTVD"": ""1382.1"", ""Inclination (dega)"": ""59.7"", ""Azimuth (dega)"": ""292.1"", ""Comment"": null}, {""Depth mMD"": ""1729.7"", ""Depth mTVD"": ""1396.2"", ""Inclination (dega)"": ""59.5"", ""Azimuth (dega)"": ""291"", ""Comment"": null}, {""Depth mMD"": ""1758.8"", ""Depth mTVD"": ""1411.1"", ""Inclination (dega)"": ""59.1"", ""Azimuth (dega)"": ""288.5"", ""Comment"": null}, {""Depth mMD"": ""1786.6"", ""Depth mTVD"": ""1425.4"", ""Inclination (dega)"": ""58.9"", ""Azimuth (dega)"": ""287.1"", ""Comment"": null}, {""Depth mMD"": ""1817"", ""Depth mTVD"": ""1441.1"", ""Inclination (dega)"": ""58.8"", ""Azimuth (dega)"": ""285.3"", ""Comment"": null}, {""Depth mMD"": ""1846.6"", ""Depth mTVD"": ""1456.5"", ""Inclination (dega)"": ""58.6"", ""Azimuth (dega)"": ""284.3"", ""Comment"": null}, {""Depth mMD"": ""1876.7"", ""Depth mTVD"": ""1472.2"", ""Inclination (dega)"": ""58.6"", ""Azimuth (dega)"": ""284.1"", ""Comment"": null}, {""Depth mMD"": ""1902.9"", ""Depth mTVD"": ""1485.8"", ""Inclination (dega)"": ""58.9"", ""Azimuth (dega)"": ""284"", ""Comment"": null}], ""Lithology Information"": [{""Start Depth mMD"": ""1653"", ""End Depth mMD"": ""1900"", ""Start Depth mTVD"": ""1357.3"", ""End Depth mTVD"": ""1484.3"", ""Shows Description"": null, ""Lithology Description"": ""CLAYSTONE WITH MINOR LIMESTONE AND DOLOMITE""}], ""Gas Reading Information"": [{""Time"": ""00:00"", ""Class"": ""trip gas"", ""Depth to Top mMD"": ""1653"", ""Depth to Bottom MD"": null, ""Depth to Top mTVD"": ""1357.3"", ""Depth to Bottom TVD"": null, ""Highest Gas (%)"": "".45"", ""Lowest Gas ()"": null, ""C1 (ppm)"": ""4500"", ""C2 (ppm)"": ""-999.99"", ""C3 (ppm)"": ""-999.99"", ""IC4 (ppm)"": ""-999.99"", ""IC5 (ppm)"": ""-999.99""}, {""Time"": ""00:00"", ""Class"": ""drilling gas pea k"", ""Depth to Top mMD"": ""1765"", ""Depth to Bottom MD"": null, ""Depth to Top mTVD"": ""1414.3"", ""Depth to Bottom TVD"": null, ""Highest Gas (%)"": "".85"", ""Lowest Gas ()"": null, ""C1 (ppm)"": ""8500"", ""C2 (ppm)"": ""-999.99"", ""C3 (ppm)"": ""-999.99"", ""IC4 (ppm)"": ""-999.99"", ""IC5 (ppm)"": ""-999.99""}, {""Time"": ""00:00"", ""Class"": ""drilling gas pea k"", ""Depth to Top mMD"": ""1791"", ""Depth to Bottom MD"": null, ""Depth to Top mTVD"": ""1427.6"", ""Depth to Bottom TVD"": null, ""Highest Gas (%)"": ""1"", ""Lowest Gas ()"": null, ""C1 (ppm)"": ""10000"", ""C2 (ppm)"": ""-999.99"", ""C3 (ppm)"": ""-999.99"", ""IC4 (ppm)"": ""-999.99"", ""IC5 (ppm)"": ""-999.99""}]}"
252,15/9-19 ST2,15_9_19_ST2_1992_12_22.pdf,"{""Pore Pressure"": [{""Time"": ""00:00"", ""Depth mMD"": ""2357"", ""Depth TVD"": null, ""Equ Mud Weight (g/cm3)"": ""1.1"", ""Reading"": ""estimated""}], ""Survey Station"": [{""Depth mMD"": ""1935.1"", ""Depth mTVD"": ""1502.5"", ""Inclination (dega)"": ""58.6"", ""Azimuth (dega)"": ""283.2"", ""Comment"": null}, {""Depth mMD"": ""1963.7"", ""Depth mTVD"": ""1517.4"", ""Inclination (dega)"": ""58.6"", ""Azimuth (dega)"": ""282.5"", ""Comment"": null}, {""Depth mMD"": ""1992.2"", ""Depth mTVD"": ""1532.2"", ""Inclination (dega)"": ""58.6"", ""Azimuth (dega)"": ""281.7"", ""Comment"": null}, {""Depth mMD"": ""2021.4"", ""Depth mTVD"": ""1547.5"", ""Inclination (dega)"": ""58.5"", ""Azimuth (dega)"": ""285.2"", ""Comment"": null}, {""Depth mMD"": ""2050.2"", ""Depth mTVD"": ""1562.5"", ""Inclination (dega)"": ""58.7"", ""Azimuth (dega)"": ""285"", ""Comment"": null}, {""Depth mMD"": ""2077.8"", ""Depth mTVD"": ""1576.8"", ""Inclination (dega)"": ""58.7"", ""Azimuth (dega)"": ""285.5"", ""Comment"": null}, {""Depth mMD"": ""2107.5"", ""Depth mTVD"": ""1592.2"", ""Inclination (dega)"": ""58.9"", ""Azimuth (dega)"": ""285.1"", ""Comment"": null}, {""Depth mMD"": ""2133"", ""Depth mTVD"": ""1605.4"", ""Inclination (dega)"": ""58.8"", ""Azimuth (dega)"": ""283.1"", ""Comment"": null}, {""Depth mMD"": ""2161.7"", ""Depth mTVD"": ""1620.3"", ""Inclination (dega)"": ""58.8"", ""Azimuth (dega)"": ""282.9"", ""Comment"": null}, {""Depth mMD"": ""2191.8"", ""Depth mTVD"": ""1635.8"", ""Inclination (dega)"": ""58.9"", ""Azimuth (dega)"": ""283.6"", ""Comment"": null}, {""Depth mMD"": ""2221"", ""Depth mTVD"": ""1650.9"", ""Inclination (dega)"": ""59"", ""Azimuth (dega)"": ""282.9"", ""Comment"": null}, {""Depth mMD"": ""2250.5"", ""Depth mTVD"": ""1666.2"", ""Inclination (dega)"": ""58.6"", ""Azimuth (dega)"": ""284.3"", ""Comment"": null}, {""Depth mMD"": ""2278"", ""Depth mTVD"": ""1680.5"", ""Inclination (dega)"": ""58.6"", ""Azimuth (dega)"": ""283.9"", ""Comment"": null}, {""Depth mMD"": ""2307.4"", ""Depth mTVD"": ""1695.8"", ""Inclination (dega)"": ""58.7"", ""Azimuth (dega)"": ""282.6"", ""Comment"": null}, {""Depth mMD"": ""2334.4"", ""Depth mTVD"": ""1709.8"", ""Inclination (dega)"": ""58.7"", ""Azimuth (dega)"": ""284"", ""Comment"": null}], ""Lithology Information"": [{""Start Depth mMD"": ""1900"", ""End Depth mMD"": ""2320"", ""Start Depth mTVD"": ""1484.3"", ""End Depth mTVD"": ""1702.4"", ""Shows Description"": null, ""Lithology Description"": ""CLAYSTONE WITH MINOR LIMESTONE""}], ""Gas Reading Information"": [{""Time"": ""00:00"", ""Class"": ""drilling gas pea k"", ""Depth to Top mMD"": ""2097"", ""Depth to Bottom MD"": null, ""Depth to Top mTVD"": ""1586.2"", ""Depth to Bottom TVD"": null, ""Highest Gas (%)"": "".6"", ""Lowest Gas ()"": null, ""C1 (ppm)"": ""6000"", ""C2 (ppm)"": ""-999.99"", ""C3 (ppm)"": ""-999.99"", ""IC4 (ppm)"": ""-999.99"", ""IC5 (ppm)"": ""-999.99""}, {""Time"": ""00:00"", ""Class"": ""drilling gas pea k"", ""Depth to Top mMD"": ""2269"", ""Depth to Bottom MD"": null, ""Depth to Top mTVD"": ""1675.8"", ""Depth to Bottom TVD"": null, ""Highest Gas (%)"": "".72"", ""Lowest Gas ()"": null, ""C1 (ppm)"": ""7200"", ""C2 (ppm)"": ""-999.99"", ""C3 (ppm)"": ""-999.99"", ""IC4 (ppm)"": ""-999.99"", ""IC5 (ppm)"": ""-999.99""}, {""Time"": ""00:00"", ""Class"": ""drilling gas pea k"", ""Depth to Top mMD"": ""2298"", ""Depth to Bottom MD"": null, ""Depth to Top mTVD"": ""1690.9"", ""Depth to Bottom TVD"": null, ""Highest Gas (%)"": "".78"", ""Lowest Gas ()"": null, ""C1 (ppm)"": ""7800"", ""C2 (ppm)"": ""-999.99"", ""C3 (ppm)"": ""-999.99"", ""IC4 (ppm)"": ""-999.99"", ""IC5 (ppm)"": ""-999.99""}]}"
253,15/9-19 ST2,15_9_19_ST2_1992_12_23.pdf,"{""Survey Station"": [{""Depth mMD"": ""2365.4"", ""Depth mTVD"": ""1725.9"", ""Inclination (dega)"": ""58.7"", ""Azimuth (dega)"": ""283.1"", ""Comment"": null}, {""Depth mMD"": ""2393.4"", ""Depth mTVD"": ""1740.4"", ""Inclination (dega)"": ""58.3"", ""Azimuth (dega)"": ""284"", ""Comment"": null}, {""Depth mMD"": ""2424"", ""Depth mTVD"": ""1756.7"", ""Inclination (dega)"": ""58.1"", ""Azimuth (dega)"": ""283.2"", ""Comment"": null}, {""Depth mMD"": ""2453.4"", ""Depth mTVD"": ""1772.3"", ""Inclination (dega)"": ""57.9"", ""Azimuth (dega)"": ""284.1"", ""Comment"": null}, {""Depth mMD"": ""2479.8"", ""Depth mTVD"": ""1786.3"", ""Inclination (dega)"": ""57.9"", ""Azimuth (dega)"": ""283.1"", ""Comment"": null}, {""Depth mMD"": ""2508.7"", ""Depth mTVD"": ""1801.7"", ""Inclination (dega)"": ""58.1"", ""Azimuth (dega)"": ""284.2"", ""Comment"": null}, {""Depth mMD"": ""2537.2"", ""Depth mTVD"": ""1816.8"", ""Inclination (dega)"": ""58.1"", ""Azimuth (dega)"": ""284"", ""Comment"": null}], ""Lithology Information"": [{""Start Depth mMD"": ""2320"", ""End Depth mMD"": ""2530"", ""Start Depth mTVD"": ""1723"", ""End Depth mTVD"": ""1813.3"", ""Shows Description"": null, ""Lithology Description"": ""CLAYSTONE WITH MINOR LIMESTONE""}], ""Gas Reading Information"": [{""Time"": ""00:00"", ""Class"": ""drilling gas pea k"", ""Depth to Top mMD"": ""2387"", ""Depth to Bottom MD"": null, ""Depth to Top mTVD"": ""1737.2"", ""Depth to Bottom TVD"": null, ""Highest Gas (%)"": "".73"", ""Lowest Gas ()"": null, ""C1 (ppm)"": ""7300"", ""C2 (ppm)"": ""-999.99"", ""C3 (ppm)"": ""-999.99"", ""IC4 (ppm)"": ""-999.99"", ""IC5 (ppm)"": ""-999.99""}, {""Time"": ""00:00"", ""Class"": ""trip gas"", ""Depth to Top mMD"": ""2502"", ""Depth to Bottom MD"": null, ""Depth to Top mTVD"": ""1798.3"", ""Depth to Bottom TVD"": null, ""Highest Gas (%)"": "".63"", ""Lowest Gas ()"": null, ""C1 (ppm)"": ""6300"", ""C2 (ppm)"": ""-999.99"", ""C3 (ppm)"": ""-999.99"", ""IC4 (ppm)"": ""-999.99"", ""IC5 (ppm)"": ""-999.99""}]}"
254,15/9-19 ST2,15_9_19_ST2_1992_12_24.pdf,"{""Survey Station"": [{""Depth mMD"": ""2567.2"", ""Depth mTVD"": ""1832.7"", ""Inclination (dega)"": ""57.7"", ""Azimuth (dega)"": ""284.4"", ""Comment"": null}, {""Depth mMD"": ""2594.6"", ""Depth mTVD"": ""1847.3"", ""Inclination (dega)"": ""57.7"", ""Azimuth (dega)"": ""285"", ""Comment"": null}, {""Depth mMD"": ""2623.6"", ""Depth mTVD"": ""1862.8"", ""Inclination (dega)"": ""57.7"", ""Azimuth (dega)"": ""285.7"", ""Comment"": null}, {""Depth mMD"": ""2653.5"", ""Depth mTVD"": ""1878.8"", ""Inclination (dega)"": ""57.8"", ""Azimuth (dega)"": ""286.2"", ""Comment"": null}, {""Depth mMD"": ""2709.9"", ""Depth mTVD"": ""1908.9"", ""Inclination (dega)"": ""57.8"", ""Azimuth (dega)"": ""285.1"", ""Comment"": null}, {""Depth mMD"": ""2738.6"", ""Depth mTVD"": ""1924.3"", ""Inclination (dega)"": ""57.3"", ""Azimuth (dega)"": ""285.6"", ""Comment"": null}, {""Depth mMD"": ""2764.7"", ""Depth mTVD"": ""1938.3"", ""Inclination (dega)"": ""57.7"", ""Azimuth (dega)"": ""285.3"", ""Comment"": null}, {""Depth mMD"": ""2794.3"", ""Depth mTVD"": ""1954"", ""Inclination (dega)"": ""58.3"", ""Azimuth (dega)"": ""285.4"", ""Comment"": null}, {""Depth mMD"": ""2824.9"", ""Depth mTVD"": ""1970.1"", ""Inclination (dega)"": ""58.1"", ""Azimuth (dega)"": ""284.8"", ""Comment"": null}, {""Depth mMD"": ""2852.7"", ""Depth mTVD"": ""1984.8"", ""Inclination (dega)"": ""58.2"", ""Azimuth (dega)"": ""285.2"", ""Comment"": null}, {""Depth mMD"": ""2882.1"", ""Depth mTVD"": ""2000.2"", ""Inclination (dega)"": ""58.4"", ""Azimuth (dega)"": ""285.4"", ""Comment"": null}], ""Lithology Information"": [{""Start Depth mMD"": ""2530"", ""End Depth mMD"": ""2720"", ""Start Depth mTVD"": ""1813"", ""End Depth mTVD"": ""1915.4"", ""Shows Description"": null, ""Lithology Description"": ""CLAYSTONE WITH MINOR LIMESTONE""}, {""Start Depth mMD"": ""2720"", ""End Depth mMD"": ""2900"", ""Start Depth mTVD"": ""1915.4"", ""End Depth mTVD"": ""2010.1"", ""Shows Description"": null, ""Lithology Description"": ""CLAYSTONE (LESS FIRM), WITH MINOR LIMESTONE""}], ""Gas Reading Information"": [{""Time"": ""00:00"", ""Class"": ""drilling gas pea k"", ""Depth to Top mMD"": ""2570"", ""Depth to Bottom MD"": null, ""Depth to Top mTVD"": ""1834.2"", ""Depth to Bottom TVD"": null, ""Highest Gas (%)"": "".68"", ""Lowest Gas ()"": null, ""C1 (ppm)"": ""6800"", ""C2 (ppm)"": ""-999.99"", ""C3 (ppm)"": ""-999.99"", ""IC4 (ppm)"": ""-999.99"", ""IC5 (ppm)"": ""-999.99""}]}"
255,15/9-19 ST2,15_9_19_ST2_1992_12_25.pdf,"{""Pore Pressure"": [{""Time"": ""00:00"", ""Depth mMD"": ""3018"", ""Depth TVD"": null, ""Equ Mud Weight (g/cm3)"": ""1.04"", ""Reading"": ""estimated""}], ""Survey Station"": [{""Depth mMD"": ""2852"", ""Depth mTVD"": ""1984.8"", ""Inclination (dega)"": ""58.2"", ""Azimuth (dega)"": ""285.2"", ""Comment"": null}, {""Depth mMD"": ""2882"", ""Depth mTVD"": ""2000.2"", ""Inclination (dega)"": ""58.4"", ""Azimuth (dega)"": ""285.4"", ""Comment"": null}, {""Depth mMD"": ""2910.7"", ""Depth mTVD"": ""2015.3"", ""Inclination (dega)"": ""58"", ""Azimuth (dega)"": ""285.6"", ""Comment"": null}, {""Depth mMD"": ""2940.2"", ""Depth mTVD"": ""2030.9"", ""Inclination (dega)"": ""58.1"", ""Azimuth (dega)"": ""285.5"", ""Comment"": null}, {""Depth mMD"": ""2996.9"", ""Depth mTVD"": ""2059.8"", ""Inclination (dega)"": ""60.6"", ""Azimuth (dega)"": ""284.6"", ""Comment"": null}], ""Lithology Information"": [{""Start Depth mMD"": ""2900"", ""End Depth mMD"": ""3018"", ""Start Depth mTVD"": ""2010.1"", ""End Depth mTVD"": ""2070.1"", ""Shows Description"": null, ""Lithology Description"": ""CLAYSTONE WITH TRACE LIMESTONE AND TRACE SANDSTONE""}], ""Gas Reading Information"": [{""Time"": ""00:00"", ""Class"": ""drilling gas pea k"", ""Depth to Top mMD"": ""2957"", ""Depth to Bottom MD"": null, ""Depth to Top mTVD"": ""2039.7"", ""Depth to Bottom TVD"": null, ""Highest Gas (%)"": "".48"", ""Lowest Gas ()"": null, ""C1 (ppm)"": ""4800"", ""C2 (ppm)"": ""7"", ""C3 (ppm)"": ""-999.99"", ""IC4 (ppm)"": ""-999.99"", ""IC5 (ppm)"": ""-999.99""}, {""Time"": ""00:00"", ""Class"": ""drilling gas pea k"", ""Depth to Top mMD"": ""3018"", ""Depth to Bottom MD"": null, ""Depth to Top mTVD"": ""2070.1"", ""Depth to Bottom TVD"": null, ""Highest Gas (%)"": "".98"", ""Lowest Gas ()"": null, ""C1 (ppm)"": ""9800"", ""C2 (ppm)"": ""18"", ""C3 (ppm)"": ""7"", ""IC4 (ppm)"": ""-999.99"", ""IC5 (ppm)"": ""-999.99""}]}"
256,15/9-19 ST2,15_9_19_ST2_1992_12_26.pdf,"{""Pore Pressure"": [{""Time"": ""00:00"", ""Depth mMD"": ""3018"", ""Depth TVD"": null, ""Equ Mud Weight (g/cm3)"": ""1.04"", ""Reading"": ""estimated""}]}"
257,15/9-19 ST2,15_9_19_ST2_1992_12_27.pdf,"{""Pore Pressure"": [{""Time"": ""00:00"", ""Depth mMD"": ""3018"", ""Depth TVD"": null, ""Equ Mud Weight (g/cm3)"": ""1.04"", ""Reading"": ""estimated""}]}"
258,15/9-19 ST2,15_9_19_ST2_1992_12_28.pdf,"{""Pore Pressure"": [{""Time"": ""00:00"", ""Depth mMD"": ""3018"", ""Depth TVD"": null, ""Equ Mud Weight (g/cm3)"": ""1.04"", ""Reading"": ""estimated""}]}"
259,15/9-19 ST2,15_9_19_ST2_1992_12_29.pdf,"{""Pore Pressure"": [{""Time"": ""00:00"", ""Depth mMD"": ""3018"", ""Depth TVD"": null, ""Equ Mud Weight (g/cm3)"": ""1.04"", ""Reading"": ""estimated""}]}"
260,15/9-19 ST2,15_9_19_ST2_1992_12_30.pdf,"{""Pore Pressure"": [{""Time"": ""00:00"", ""Depth mMD"": ""3018"", ""Depth TVD"": null, ""Equ Mud Weight (g/cm3)"": ""1.04"", ""Reading"": ""estimated""}]}"
261,15/9-19 ST2,15_9_19_ST2_1992_12_31.pdf,"{""Pore Pressure"": [{""Time"": ""00:00"", ""Depth mMD"": ""2920"", ""Depth TVD"": null, ""Equ Mud Weight (g/cm3)"": ""1.2"", ""Reading"": ""estimated""}, {""Time"": ""00:00"", ""Depth mMD"": ""3050"", ""Depth TVD"": null, ""Equ Mud Weight (g/cm3)"": ""1.04"", ""Reading"": ""estimated""}], ""Survey Station"": [{""Depth mMD"": ""3020.7"", ""Depth mTVD"": ""2071.6"", ""Inclination (dega)"": ""59.9"", ""Azimuth (dega)"": ""286.6"", ""Comment"": null}], ""Lithology Information"": [{""Start Depth mMD"": ""3018"", ""End Depth mMD"": ""3050"", ""Start Depth mTVD"": ""2070"", ""End Depth mTVD"": ""2086.3"", ""Shows Description"": null, ""Lithology Description"": ""SANDSTONE WITH OCCASIONAL THIN CLAYSTONES""}], ""Gas Reading Information"": [{""Time"": ""00:00"", ""Class"": ""trip gas"", ""Depth to Top mMD"": ""3018"", ""Depth to Bottom MD"": null, ""Depth to Top mTVD"": ""2070"", ""Depth to Bottom TVD"": null, ""Highest Gas (%)"": ""1.01"", ""Lowest Gas ()"": null, ""C1 (ppm)"": ""-999.99"", ""C2 (ppm)"": ""-999.99"", ""C3 (ppm)"": ""-999.99"", ""IC4 (ppm)"": ""-999.99"", ""IC5 (ppm)"": ""-999.99""}]}"
262,15/9-19 ST2,15_9_19_ST2_1993_01_01.pdf,"{""Pore Pressure"": [{""Time"": ""00:00"", ""Depth mMD"": ""2920"", ""Depth TVD"": null, ""Equ Mud Weight (g/cm3)"": ""1.2"", ""Reading"": ""estimated""}, {""Time"": ""00:00"", ""Depth mMD"": ""3052"", ""Depth TVD"": null, ""Equ Mud Weight (g/cm3)"": ""1.04"", ""Reading"": ""estimated""}], ""Gas Reading Information"": [{""Time"": ""00:00"", ""Class"": ""trip gas"", ""Depth to Top mMD"": ""3050"", ""Depth to Bottom MD"": null, ""Depth to Top mTVD"": ""2086.3"", ""Depth to Bottom TVD"": null, ""Highest Gas (%)"": "".21"", ""Lowest Gas ()"": null, ""C1 (ppm)"": ""-999.99"", ""C2 (ppm)"": ""-999.99"", ""C3 (ppm)"": ""-999.99"", ""IC4 (ppm)"": ""-999.99"", ""IC5 (ppm)"": ""-999.99""}]}"
263,15/9-19 ST2,15_9_19_ST2_1993_01_02.pdf,"{""Pore Pressure"": [{""Time"": ""00:00"", ""Depth mMD"": ""2920"", ""Depth TVD"": null, ""Equ Mud Weight (g/cm3)"": ""1.2"", ""Reading"": ""estimated""}, {""Time"": ""00:00"", ""Depth mMD"": ""3052"", ""Depth TVD"": null, ""Equ Mud Weight (g/cm3)"": ""1.04"", ""Reading"": ""estimated""}]}"
264,15/9-19 ST2,15_9_19_ST2_1993_01_03.pdf,"{""Pore Pressure"": [{""Time"": ""00:00"", ""Depth mMD"": ""2920"", ""Depth TVD"": null, ""Equ Mud Weight (g/cm3)"": ""1.2"", ""Reading"": ""estimated""}, {""Time"": ""00:00"", ""Depth mMD"": ""3137"", ""Depth TVD"": null, ""Equ Mud Weight (g/cm3)"": ""1.04"", ""Reading"": ""estimated""}], ""Survey Station"": [{""Depth mMD"": ""3058.2"", ""Depth mTVD"": ""2091.1"", ""Inclination (dega)"": ""57.3"", ""Azimuth (dega)"": ""285"", ""Comment"": null}, {""Depth mMD"": ""3084.4"", ""Depth mTVD"": ""2105.6"", ""Inclination (dega)"": ""55.6"", ""Azimuth (dega)"": ""286.2"", ""Comment"": null}, {""Depth mMD"": ""3105.5"", ""Depth mTVD"": ""2117.5"", ""Inclination (dega)"": ""55.6"", ""Azimuth (dega)"": ""285.3"", ""Comment"": null}], ""Lithology Information"": [{""Start Depth mMD"": ""3052"", ""End Depth mMD"": ""3083"", ""Start Depth mTVD"": ""2087.3"", ""End Depth mTVD"": ""2104.8"", ""Shows Description"": null, ""Lithology Description"": ""SANDSTONE, MINOR CLAYSTONE""}, {""Start Depth mMD"": ""3083"", ""End Depth mMD"": ""3137"", ""Start Depth mTVD"": ""2104.8"", ""End Depth mTVD"": ""2135.3"", ""Shows Description"": null, ""Lithology Description"": ""CLAYSTONE""}], ""Gas Reading Information"": [{""Time"": ""00:00"", ""Class"": ""trip gas"", ""Depth to Top mMD"": ""3052"", ""Depth to Bottom MD"": null, ""Depth to Top mTVD"": ""2087.3"", ""Depth to Bottom TVD"": null, ""Highest Gas (%)"": "".31"", ""Lowest Gas ()"": null, ""C1 (ppm)"": ""-999.99"", ""C2 (ppm)"": ""-999.99"", ""C3 (ppm)"": ""-999.99"", ""IC4 (ppm)"": ""-999.99"", ""IC5 (ppm)"": ""-999.99""}]}"
265,15/9-19 ST2,15_9_19_ST2_1993_01_04.pdf,"{""Pore Pressure"": [{""Time"": ""00:00"", ""Depth mMD"": ""2920"", ""Depth TVD"": null, ""Equ Mud Weight (g/cm3)"": ""1.2"", ""Reading"": ""estimated""}, {""Time"": ""00:00"", ""Depth mMD"": ""3141"", ""Depth TVD"": null, ""Equ Mud Weight (g/cm3)"": ""1.04"", ""Reading"": ""estimated""}]}"
266,15/9-19 ST2,15_9_19_ST2_1993_01_05.pdf,"{""Pore Pressure"": [{""Time"": ""00:00"", ""Depth mMD"": ""2920"", ""Depth TVD"": null, ""Equ Mud Weight (g/cm3)"": ""1.2"", ""Reading"": ""estimated""}, {""Time"": ""00:00"", ""Depth mMD"": ""3168"", ""Depth TVD"": null, ""Equ Mud Weight (g/cm3)"": ""1.04"", ""Reading"": ""estimated""}], ""Survey Station"": [{""Depth mMD"": ""3143.5"", ""Depth mTVD"": ""2139.2"", ""Inclination (dega)"": ""54.9"", ""Azimuth (dega)"": ""282.4"", ""Comment"": null}], ""Lithology Information"": [{""Start Depth mMD"": ""3141"", ""End Depth mMD"": ""3158"", ""Start Depth mTVD"": ""2137.6"", ""End Depth mTVD"": ""2147.2"", ""Shows Description"": null, ""Lithology Description"": ""CLAYSTONE""}], ""Gas Reading Information"": [{""Time"": ""00:00"", ""Class"": ""trip gas"", ""Depth to Top mMD"": ""3141"", ""Depth to Bottom MD"": null, ""Depth to Top mTVD"": ""2137.6"", ""Depth to Bottom TVD"": null, ""Highest Gas (%)"": "".57"", ""Lowest Gas ()"": null, ""C1 (ppm)"": ""-999.99"", ""C2 (ppm)"": ""-999.99"", ""C3 (ppm)"": ""-999.99"", ""IC4 (ppm)"": ""-999.99"", ""IC5 (ppm)"": ""-999.99""}]}"
267,15/9-19 ST2,15_9_19_ST2_1993_01_06.pdf,"{""Pore Pressure"": [{""Time"": ""00:00"", ""Depth mMD"": ""2920"", ""Depth TVD"": null, ""Equ Mud Weight (g/cm3)"": ""1.2"", ""Reading"": ""estimated""}, {""Time"": ""00:00"", ""Depth mMD"": ""3204"", ""Depth TVD"": null, ""Equ Mud Weight (g/cm3)"": ""1.04"", ""Reading"": ""estimated""}], ""Survey Station"": [{""Depth mMD"": ""3170.3"", ""Depth mTVD"": ""2154.7"", ""Inclination (dega)"": ""54.6"", ""Azimuth (dega)"": ""281.5"", ""Comment"": null}], ""Lithology Information"": [{""Start Depth mMD"": ""3158"", ""End Depth mMD"": ""3204"", ""Start Depth mTVD"": ""2147.2"", ""End Depth mTVD"": ""2174.2"", ""Shows Description"": null, ""Lithology Description"": ""SANDTONE WITH INTERBEDDED CLAYSTONE""}]}"
268,15/9-19 ST2,15_9_19_ST2_1993_01_07.pdf,"{""Pore Pressure"": [{""Time"": ""00:00"", ""Depth mMD"": ""2920"", ""Depth TVD"": null, ""Equ Mud Weight (g/cm3)"": ""1.2"", ""Reading"": ""estimated""}, {""Time"": ""00:00"", ""Depth mMD"": ""3215"", ""Depth TVD"": null, ""Equ Mud Weight (g/cm3)"": ""1.04"", ""Reading"": ""estimated""}], ""Lithology Information"": [{""Start Depth mMD"": ""3204"", ""End Depth mMD"": ""3215"", ""Start Depth mTVD"": ""2174.2"", ""End Depth mTVD"": ""2180.6"", ""Shows Description"": null, ""Lithology Description"": ""SANDSTONE, MINOR CLAYSTONE""}]}"
269,15/9-19 ST2,15_9_19_ST2_1993_01_08.pdf,"{""Pore Pressure"": [{""Time"": ""00:00"", ""Depth mMD"": ""2920"", ""Depth TVD"": null, ""Equ Mud Weight (g/cm3)"": ""1.2"", ""Reading"": ""estimated""}, {""Time"": ""00:00"", ""Depth mMD"": ""3321"", ""Depth TVD"": null, ""Equ Mud Weight (g/cm3)"": ""1.04"", ""Reading"": ""estimated""}], ""Survey Station"": [{""Depth mMD"": ""3191.6"", ""Depth mTVD"": ""2167.1"", ""Inclination (dega)"": ""53.7"", ""Azimuth (dega)"": ""281.2"", ""Comment"": null}, {""Depth mMD"": ""3224"", ""Depth mTVD"": ""2186.3"", ""Inclination (dega)"": ""53.7"", ""Azimuth (dega)"": ""281.7"", ""Comment"": null}, {""Depth mMD"": ""3250"", ""Depth mTVD"": ""2201.8"", ""Inclination (dega)"": ""53"", ""Azimuth (dega)"": ""280.1"", ""Comment"": null}, {""Depth mMD"": ""3276"", ""Depth mTVD"": ""2217.6"", ""Inclination (dega)"": ""52.5"", ""Azimuth (dega)"": ""280.7"", ""Comment"": null}], ""Lithology Information"": [{""Start Depth mMD"": ""3215"", ""End Depth mMD"": ""3240"", ""Start Depth mTVD"": ""2180.6"", ""End Depth mTVD"": ""2195.8"", ""Shows Description"": null, ""Lithology Description"": ""INTERBEDDED CLAYSTONE AND SANDSTONE""}, {""Start Depth mMD"": ""3240"", ""End Depth mMD"": ""3310"", ""Start Depth mTVD"": ""2195.8"", ""End Depth mTVD"": ""2238.3"", ""Shows Description"": null, ""Lithology Description"": ""CLAYSTONE WITH CALCAREOUS SANDSTONE AND LIMESTONE STRINGERS""}], ""Gas Reading Information"": [{""Time"": ""00:00"", ""Class"": ""trip gas"", ""Depth to Top mMD"": ""3215"", ""Depth to Bottom MD"": null, ""Depth to Top mTVD"": ""2180.6"", ""Depth to Bottom TVD"": null, ""Highest Gas (%)"": "".33"", ""Lowest Gas ()"": null, ""C1 (ppm)"": ""3799"", ""C2 (ppm)"": ""72"", ""C3 (ppm)"": ""1"", ""IC4 (ppm)"": ""-999.99"", ""IC5 (ppm)"": ""-999.99""}]}"
270,15/9-19 ST2,15_9_19_ST2_1993_01_09.pdf,"{""Pore Pressure"": [{""Time"": ""00:00"", ""Depth mMD"": ""2920"", ""Depth TVD"": null, ""Equ Mud Weight (g/cm3)"": ""1.2"", ""Reading"": ""estimated""}, {""Time"": ""00:00"", ""Depth mMD"": ""3436"", ""Depth TVD"": null, ""Equ Mud Weight (g/cm3)"": ""1.04"", ""Reading"": ""estimated""}], ""Survey Station"": [{""Depth mMD"": ""30"", ""Depth mTVD"": ""2232.1"", ""Inclination (dega)"": ""53.1"", ""Azimuth (dega)"": ""278.6"", ""Comment"": null}, {""Depth mMD"": ""3337"", ""Depth mTVD"": ""2254.4"", ""Inclination (dega)"": ""52.8"", ""Azimuth (dega)"": ""278.3"", ""Comment"": null}, {""Depth mMD"": ""3365"", ""Depth mTVD"": ""2271.4"", ""Inclination (dega)"": ""52.5"", ""Azimuth (dega)"": ""278.6"", ""Comment"": null}, {""Depth mMD"": ""3394"", ""Depth mTVD"": ""2289.1"", ""Inclination (dega)"": ""52.1"", ""Azimuth (dega)"": ""279"", ""Comment"": null}], ""Lithology Information"": [{""Start Depth mMD"": ""3310"", ""End Depth mMD"": ""3410"", ""Start Depth mTVD"": ""2238.3"", ""End Depth mTVD"": ""2298.9"", ""Shows Description"": null, ""Lithology Description"": ""CLAYSTONE WITH MINOR TUFFS AND LIMESTONE/DOLOMITE STRINGERS""}]}"
271,15/9-19 ST2,15_9_19_ST2_1993_01_10.pdf,"{""Pore Pressure"": [{""Time"": ""00:00"", ""Depth mMD"": ""2920"", ""Depth TVD"": null, ""Equ Mud Weight (g/cm3)"": ""1.2"", ""Reading"": ""estimated""}, {""Time"": ""00:00"", ""Depth mMD"": ""3562"", ""Depth TVD"": null, ""Equ Mud Weight (g/cm3)"": ""1.04"", ""Reading"": ""estimated""}], ""Survey Station"": [{""Depth mMD"": ""3425"", ""Depth mTVD"": ""2308.3"", ""Inclination (dega)"": ""51.6"", ""Azimuth (dega)"": ""278.7"", ""Comment"": null}, {""Depth mMD"": ""3453"", ""Depth mTVD"": ""2325.7"", ""Inclination (dega)"": ""51.4"", ""Azimuth (dega)"": ""279.3"", ""Comment"": null}, {""Depth mMD"": ""3483"", ""Depth mTVD"": ""2344.4"", ""Inclination (dega)"": ""51.2"", ""Azimuth (dega)"": ""279.3"", ""Comment"": null}, {""Depth mMD"": ""3511"", ""Depth mTVD"": ""2362"", ""Inclination (dega)"": ""50.9"", ""Azimuth (dega)"": ""277.8"", ""Comment"": null}, {""Depth mMD"": ""3540"", ""Depth mTVD"": ""2380.4"", ""Inclination (dega)"": ""50.5"", ""Azimuth (dega)"": ""278.4"", ""Comment"": null}], ""Lithology Information"": [{""Start Depth mMD"": ""3410"", ""End Depth mMD"": ""3483"", ""Start Depth mTVD"": ""2298.9"", ""End Depth mTVD"": ""2344.4"", ""Shows Description"": null, ""Lithology Description"": ""CLAYSTONE WITH DOLOMITE AND LIMESTONE STRINGERS (SELE FM)""}, {""Start Depth mMD"": ""3483"", ""End Depth mMD"": ""3562"", ""Start Depth mTVD"": ""2344.4"", ""End Depth mTVD"": ""2394.4"", ""Shows Description"": null, ""Lithology Description"": ""CLAYSTONE WITH DOLOMITE & LIMESTONE STRINGERS (LISTA FM)""}]}"
272,15/9-19 ST2,15_9_19_ST2_1993_01_11.pdf,"{""Pore Pressure"": [{""Time"": ""00:00"", ""Depth mMD"": ""2920"", ""Depth TVD"": null, ""Equ Mud Weight (g/cm3)"": ""1.2"", ""Reading"": ""estimated""}, {""Time"": ""00:00"", ""Depth mMD"": ""3580"", ""Depth TVD"": null, ""Equ Mud Weight (g/cm3)"": ""1.04"", ""Reading"": ""estimated""}], ""Lithology Information"": [{""Start Depth mMD"": ""3562"", ""End Depth mMD"": ""3580"", ""Start Depth mTVD"": ""2394.4"", ""End Depth mTVD"": ""2405.8"", ""Shows Description"": null, ""Lithology Description"": ""CLAYSTONE WITH MINOR LIMESTONE AND SANDSTONE""}], ""Gas Reading Information"": [{""Time"": ""00:00"", ""Class"": ""drilling gas pea k"", ""Depth to Top mMD"": ""3580"", ""Depth to Bottom MD"": null, ""Depth to Top mTVD"": ""2405.8"", ""Depth to Bottom TVD"": null, ""Highest Gas (%)"": "".17"", ""Lowest Gas ()"": null, ""C1 (ppm)"": ""1067"", ""C2 (ppm)"": ""64"", ""C3 (ppm)"": ""18"", ""IC4 (ppm)"": ""-999.99"", ""IC5 (ppm)"": ""-999.99""}]}"
273,15/9-19 ST2,15_9_19_ST2_1993_01_12.pdf,{}
274,15/9-19 ST2,15_9_19_ST2_1993_01_13.pdf,"{""Pore Pressure"": [{""Time"": ""00:00"", ""Depth mMD"": ""2920"", ""Depth TVD"": null, ""Equ Mud Weight (g/cm3)"": ""1.2"", ""Reading"": ""estimated""}, {""Time"": ""00:00"", ""Depth mMD"": ""3580"", ""Depth TVD"": null, ""Equ Mud Weight (g/cm3)"": ""1.04"", ""Reading"": ""estimated""}]}"
275,15/9-19 ST2,15_9_19_ST2_1993_01_14.pdf,"{""Pore Pressure"": [{""Time"": ""00:00"", ""Depth mMD"": ""2929"", ""Depth TVD"": null, ""Equ Mud Weight (g/cm3)"": ""1.2"", ""Reading"": ""estimated""}, {""Time"": ""00:00"", ""Depth mMD"": ""3580"", ""Depth TVD"": null, ""Equ Mud Weight (g/cm3)"": ""1.04"", ""Reading"": ""estimated""}]}"
276,15/9-19 ST2,15_9_19_ST2_1993_01_15.pdf,{}
277,15/9-19 ST2,15_9_19_ST2_1993_01_16.pdf,"{""Pore Pressure"": [{""Time"": ""00:00"", ""Depth mMD"": ""2720"", ""Depth TVD"": null, ""Equ Mud Weight (g/cm3)"": ""1.23"", ""Reading"": ""estimated""}, {""Time"": ""00:00"", ""Depth mMD"": ""3580"", ""Depth TVD"": null, ""Equ Mud Weight (g/cm3)"": ""1.03"", ""Reading"": ""estimated""}]}"
278,15/9-19 ST2,15_9_19_ST2_1993_01_17.pdf,"{""Pore Pressure"": [{""Time"": ""00:00"", ""Depth mMD"": ""2720"", ""Depth TVD"": null, ""Equ Mud Weight (g/cm3)"": ""1.23"", ""Reading"": ""estimated""}, {""Time"": ""00:00"", ""Depth mMD"": ""3580"", ""Depth TVD"": null, ""Equ Mud Weight (g/cm3)"": ""1.03"", ""Reading"": ""estimated""}]}"
279,15/9-19 ST2,15_9_19_ST2_1993_01_18.pdf,{}
280,15/9-19 ST2,15_9_19_ST2_1993_01_19.pdf,{}
281,15/9-19 ST2,15_9_19_ST2_1993_01_20.pdf,{}
282,15/9-19 ST2,15_9_19_ST2_1993_01_21.pdf,{}
283,15/9-19 ST2,15_9_19_ST2_1993_01_22.pdf,{}
284,15/9-19 ST2,15_9_19_ST2_1993_01_23.pdf,{}
285,15/9-19 ST2,15_9_19_ST2_1993_01_24.pdf,{}
286,15/9-19 ST2,15_9_19_ST2_1993_01_25.pdf,"{""Pore Pressure"": [{""Time"": ""00:00"", ""Depth mMD"": ""2720"", ""Depth TVD"": null, ""Equ Mud Weight (g/cm3)"": ""1.23"", ""Reading"": ""estimated""}, {""Time"": ""00:00"", ""Depth mMD"": ""3580"", ""Depth TVD"": null, ""Equ Mud Weight (g/cm3)"": ""1.03"", ""Reading"": ""estimated""}]}"
287,15/9-19 ST2,15_9_19_ST2_1993_01_26.pdf,"{""Pore Pressure"": [{""Time"": ""00:00"", ""Depth mMD"": ""2720"", ""Depth TVD"": null, ""Equ Mud Weight (g/cm3)"": ""1.23"", ""Reading"": ""estimated""}, {""Time"": ""00:00"", ""Depth mMD"": ""3580"", ""Depth TVD"": null, ""Equ Mud Weight (g/cm3)"": ""1.03"", ""Reading"": ""estimated""}]}"
288,15/9-19 ST2,15_9_19_ST2_1993_01_27.pdf,"{""Pore Pressure"": [{""Time"": ""00:00"", ""Depth mMD"": ""2720"", ""Depth TVD"": null, ""Equ Mud Weight (g/cm3)"": ""1.23"", ""Reading"": ""estimated""}, {""Time"": ""00:00"", ""Depth mMD"": ""3580"", ""Depth TVD"": null, ""Equ Mud Weight (g/cm3)"": ""1.03"", ""Reading"": ""estimated""}]}"
289,15/9-19 ST2,15_9_19_ST2_1993_01_28.pdf,"{""Pore Pressure"": [{""Time"": ""00:00"", ""Depth mMD"": ""2720"", ""Depth TVD"": null, ""Equ Mud Weight (g/cm3)"": ""1.23"", ""Reading"": ""estimated""}, {""Time"": ""00:00"", ""Depth mMD"": ""3580"", ""Depth TVD"": null, ""Equ Mud Weight (g/cm3)"": ""1.03"", ""Reading"": ""estimated""}]}"
290,15/9-19 ST2,15_9_19_ST2_1993_01_29.pdf,{}
291,15/9-19 ST2,15_9_19_ST2_1993_01_30.pdf,{}
292,15/9-19 ST2,15_9_19_ST2_1993_01_31.pdf,{}
293,15/9-19 ST2,15_9_19_ST2_1993_02_01.pdf,{}
294,15/9-19 ST2,15_9_19_ST2_1993_02_18.pdf,{}
295,15/9-19 ST2,15_9_19_ST2_1993_02_19.pdf,{}
296,15/9-19 ST2,15_9_19_ST2_1993_02_20.pdf,{}
297,15/9-19 ST2,15_9_19_ST2_1993_02_21.pdf,{}
298,15/9-19 ST2,15_9_19_ST2_1993_02_22.pdf,{}
299,15/9-19 ST2,15_9_19_ST2_1993_02_23.pdf,{}
300,15/9-19 ST2,15_9_19_ST2_1993_02_24.pdf,{}
301,15/9-19 ST2,15_9_19_ST2_1993_02_25.pdf,{}
302,15/9-19 ST2,15_9_19_ST2_1993_02_26.pdf,"{""Pore Pressure"": [{""Time"": ""00:00"", ""Depth mMD"": ""3595"", ""Depth TVD"": null, ""Equ Mud Weight (g/cm3)"": ""1.04"", ""Reading"": ""estimated""}], ""Survey Station"": [{""Depth mMD"": ""3586"", ""Depth mTVD"": ""2404.6"", ""Inclination (dega)"": ""51.21"", ""Azimuth (dega)"": ""278.25"", ""Comment"": null}], ""Lithology Information"": [{""Start Depth mMD"": ""3580"", ""End Depth mMD"": ""3595"", ""Start Depth mTVD"": ""2405.8"", ""End Depth mTVD"": ""2414"", ""Shows Description"": null, ""Lithology Description"": ""VARIABLY SILTY CLAYSTONE WITH MINOR THIN SANDS, AND RARE THIN LIMESTONES""}]}"
303,15/9-19 ST2,15_9_19_ST2_1993_02_27.pdf,"{""Pore Pressure"": [{""Time"": ""00:00"", ""Depth mMD"": ""3643"", ""Depth TVD"": null, ""Equ Mud Weight (g/cm3)"": ""1.04"", ""Reading"": ""estimated""}], ""Survey Station"": [{""Depth mMD"": ""3615"", ""Depth mTVD"": ""2422.5"", ""Inclination (dega)"": ""52.4"", ""Azimuth (dega)"": ""278.2"", ""Comment"": null}], ""Lithology Information"": [{""Start Depth mMD"": ""3595"", ""End Depth mMD"": ""3630"", ""Start Depth mTVD"": ""2414"", ""End Depth mTVD"": ""2431.4"", ""Shows Description"": null, ""Lithology Description"": ""VARIABLY SILTY CLAYSTONE WITH THIN CALCAREOUS SANDSTONES GRADING TO LIMESTONE.""}, {""Start Depth mMD"": ""3630"", ""End Depth mMD"": ""3643"", ""Start Depth mTVD"": ""2431.4"", ""End Depth mTVD"": ""2439"", ""Shows Description"": null, ""Lithology Description"": ""MASSIVE SANDSTONE WITH MINOR THIN CLAYSTONES""}], ""Gas Reading Information"": [{""Time"": ""00:00"", ""Class"": ""trip gas"", ""Depth to Top mMD"": ""3595"", ""Depth to Bottom MD"": null, ""Depth to Top mTVD"": ""2414"", ""Depth to Bottom TVD"": null, ""Highest Gas (%)"": "".15"", ""Lowest Gas ()"": null, ""C1 (ppm)"": ""-999.99"", ""C2 (ppm)"": ""-999.99"", ""C3 (ppm)"": ""-999.99"", ""IC4 (ppm)"": ""-999.99"", ""IC5 (ppm)"": ""-999.99""}, {""Time"": ""00:00"", ""Class"": ""drilling gas pea k"", ""Depth to Top mMD"": ""3614"", ""Depth to Bottom MD"": null, ""Depth to Top mTVD"": ""2421.7"", ""Depth to Bottom TVD"": null, ""Highest Gas (%)"": "".07"", ""Lowest Gas ()"": null, ""C1 (ppm)"": ""538"", ""C2 (ppm)"": ""27"", ""C3 (ppm)"": ""10"", ""IC4 (ppm)"": ""-999.99"", ""IC5 (ppm)"": ""-999.99""}]}"
304,15/9-19 ST2,15_9_19_ST2_1993_02_28.pdf,"{""Pore Pressure"": [{""Time"": ""00:00"", ""Depth mMD"": ""3648"", ""Depth TVD"": null, ""Equ Mud Weight (g/cm3)"": ""1.04"", ""Reading"": ""estimated""}], ""Survey Station"": [{""Depth mMD"": ""3634"", ""Depth mTVD"": ""2433.8"", ""Inclination (dega)"": ""54.2"", ""Azimuth (dega)"": ""278.3"", ""Comment"": null}], ""Core Information"": [{""Core No"": ""1"", ""Depth Top mMD"": ""3643"", ""Depth Bottom mMD"": ""3648"", ""Core Length (m)"": ""4.7"", ""Recover core (%)"": ""94"", ""Core barrel length (m)"": ""27"", ""Inner barrel type"": ""aluminum"", ""Description"": ""none""}], ""Lithology Information"": [{""Start Depth mMD"": ""3643"", ""End Depth mMD"": ""3647.7"", ""Start Depth mTVD"": ""2439"", ""End Depth mTVD"": ""2441.8"", ""Shows Description"": null, ""Lithology Description"": ""CORE NO 1 CUT 5M REC 4.7M MASSIVE SANDSTONE WITH MINOR CLAYSTONE AT BASE""}], ""Gas Reading Information"": [{""Time"": ""00:00"", ""Class"": ""trip gas"", ""Depth to Top mMD"": ""3643"", ""Depth to Bottom MD"": null, ""Depth to Top mTVD"": ""2439"", ""Depth to Bottom TVD"": null, ""Highest Gas (%)"": "".05"", ""Lowest Gas ()"": null, ""C1 (ppm)"": ""-999.99"", ""C2 (ppm)"": ""-999.99"", ""C3 (ppm)"": ""-999.99"", ""IC4 (ppm)"": ""-999.99"", ""IC5 (ppm)"": ""-999.99""}]}"
305,15/9-19 ST2,15_9_19_ST2_1993_03_01.pdf,"{""Survey Station"": [{""Depth mMD"": ""3645"", ""Depth mTVD"": ""2440.2"", ""Inclination (dega)"": ""55.1"", ""Azimuth (dega)"": ""278.7"", ""Comment"": null}, {""Depth mMD"": ""3674"", ""Depth mTVD"": ""2456.6"", ""Inclination (dega)"": ""56.1"", ""Azimuth (dega)"": ""277.7"", ""Comment"": null}, {""Depth mMD"": ""3704"", ""Depth mTVD"": ""2473.6"", ""Inclination (dega)"": ""54.9"", ""Azimuth (dega)"": ""274.9"", ""Comment"": null}, {""Depth mMD"": ""3733"", ""Depth mTVD"": ""2490.5"", ""Inclination (dega)"": ""53.9"", ""Azimuth (dega)"": ""272.4"", ""Comment"": null}, {""Depth mMD"": ""3761"", ""Depth mTVD"": ""2507.4"", ""Inclination (dega)"": ""52"", ""Azimuth (dega)"": ""270.2"", ""Comment"": null}], ""Lithology Information"": [{""Start Depth mMD"": ""3648"", ""End Depth mMD"": ""3779"", ""Start Depth mTVD"": ""2442"", ""End Depth mTVD"": ""2518.4"", ""Shows Description"": null, ""Lithology Description"": ""SANDSTONE WITH CLAYSTONE INTERBEDS (SANDSTONES BECOMING MORE CALCAREOUS BELOW 3747M MD + WITH TRACES OF CARBONACEOUS MATERIAL)""}], ""Gas Reading Information"": [{""Time"": ""00:00"", ""Class"": ""trip gas"", ""Depth to Top mMD"": ""3648"", ""Depth to Bottom MD"": null, ""Depth to Top mTVD"": ""2442"", ""Depth to Bottom TVD"": null, ""Highest Gas (%)"": "".5"", ""Lowest Gas ()"": null, ""C1 (ppm)"": ""-999.99"", ""C2 (ppm)"": ""-999.99"", ""C3 (ppm)"": ""-999.99"", ""IC4 (ppm)"": ""-999.99"", ""IC5 (ppm)"": ""-999.99""}, {""Time"": ""00:00"", ""Class"": ""drilling gas pea k"", ""Depth to Top mMD"": ""3747"", ""Depth to Bottom MD"": null, ""Depth to Top mTVD"": ""2498"", ""Depth to Bottom TVD"": null, ""Highest Gas (%)"": "".32"", ""Lowest Gas ()"": null, ""C1 (ppm)"": ""1187"", ""C2 (ppm)"": ""85"", ""C3 (ppm)"": ""24"", ""IC4 (ppm)"": ""-999.99"", ""IC5 (ppm)"": ""-999.99""}]}"
306,15/9-19 ST2,15_9_19_ST2_1993_03_02.pdf,"{""Pore Pressure"": [{""Time"": ""00:00"", ""Depth mMD"": ""3825"", ""Depth TVD"": null, ""Equ Mud Weight (g/cm3)"": ""1.04"", ""Reading"": ""estimated""}, {""Time"": ""00:00"", ""Depth mMD"": ""3894"", ""Depth TVD"": null, ""Equ Mud Weight (g/cm3)"": ""1.3"", ""Reading"": ""estimated""}], ""Survey Station"": [{""Depth mMD"": ""3789"", ""Depth mTVD"": ""2524.8"", ""Inclination (dega)"": ""50.9"", ""Azimuth (dega)"": ""270"", ""Comment"": null}, {""Depth mMD"": ""3818"", ""Depth mTVD"": ""2543.3"", ""Inclination (dega)"": ""50"", ""Azimuth (dega)"": ""270.2"", ""Comment"": null}, {""Depth mMD"": ""3847"", ""Depth mTVD"": ""2562"", ""Inclination (dega)"": ""49.7"", ""Azimuth (dega)"": ""268.9"", ""Comment"": null}, {""Depth mMD"": ""3876"", ""Depth mTVD"": ""2580.7"", ""Inclination (dega)"": ""49.8"", ""Azimuth (dega)"": ""268.5"", ""Comment"": null}], ""Lithology Information"": [{""Start Depth mMD"": ""3779"", ""End Depth mMD"": ""3831.5"", ""Start Depth mTVD"": ""2518.4"", ""End Depth mTVD"": ""2552"", ""Shows Description"": null, ""Lithology Description"": ""SANDSTONE WITH MINOR CLAYSTONE""}, {""Start Depth mMD"": ""3831.5"", ""End Depth mMD"": ""3856"", ""Start Depth mTVD"": ""2552"", ""End Depth mTVD"": ""2567.8"", ""Shows Description"": null, ""Lithology Description"": ""ARGILLACEOUS LIMESTONE WITH MINOR CLAYSTONE BEDS""}, {""Start Depth mMD"": ""3856"", ""End Depth mMD"": ""3887"", ""Start Depth mTVD"": ""2567.8"", ""End Depth mTVD"": ""2587.8"", ""Shows Description"": null, ""Lithology Description"": ""MASSIVE CHALKY LIMESTONE""}], ""Gas Reading Information"": [{""Time"": ""00:00"", ""Class"": ""trip gas"", ""Depth to Top mMD"": ""3872"", ""Depth to Bottom MD"": null, ""Depth to Top mTVD"": ""2577"", ""Depth to Bottom TVD"": null, ""Highest Gas (%)"": "".07"", ""Lowest Gas ()"": null, ""C1 (ppm)"": ""-999.99"", ""C2 (ppm)"": ""-999.99"", ""C3 (ppm)"": ""-999.99"", ""IC4 (ppm)"": ""-999.99"", ""IC5 (ppm)"": ""-999.99""}, {""Time"": ""00:00"", ""Class"": ""drilling gas pea k"", ""Depth to Top mMD"": ""3881.9"", ""Depth to Bottom MD"": null, ""Depth to Top mTVD"": ""2583.6"", ""Depth to Bottom TVD"": null, ""Highest Gas (%)"": "".17"", ""Lowest Gas ()"": null, ""C1 (ppm)"": ""1200"", ""C2 (ppm)"": ""229"", ""C3 (ppm)"": ""30"", ""IC4 (ppm)"": ""-999.99"", ""IC5 (ppm)"": ""-999.99""}]}"
307,15/9-19 ST2,15_9_19_ST2_1993_03_03.pdf,"{""Pore Pressure"": [{""Time"": ""00:00"", ""Depth mMD"": ""3955"", ""Depth TVD"": null, ""Equ Mud Weight (g/cm3)"": ""1.3"", ""Reading"": ""estimated""}], ""Survey Station"": [{""Depth mMD"": ""3905"", ""Depth mTVD"": ""2599.3"", ""Inclination (dega)"": ""50.2"", ""Azimuth (dega)"": ""268.9"", ""Comment"": null}, {""Depth mMD"": ""3935"", ""Depth mTVD"": ""2618.6"", ""Inclination (dega)"": ""50.1"", ""Azimuth (dega)"": ""268.7"", ""Comment"": null}], ""Lithology Information"": [{""Start Depth mMD"": ""3887"", ""End Depth mMD"": ""3955"", ""Start Depth mTVD"": ""2587.8"", ""End Depth mTVD"": ""2631.6"", ""Shows Description"": null, ""Lithology Description"": ""MASSIVE CHALKY LIMESTONE""}]}"
308,15/9-19 ST2,15_9_19_ST2_1993_03_04.pdf,"{""Pore Pressure"": [{""Time"": ""00:00"", ""Depth mMD"": ""3955"", ""Depth TVD"": null, ""Equ Mud Weight (g/cm3)"": ""1.3"", ""Reading"": ""estimated""}]}"
309,15/9-19 ST2,15_9_19_ST2_1993_03_05.pdf,"{""Pore Pressure"": [{""Time"": ""00:00"", ""Depth mMD"": ""4107"", ""Depth TVD"": null, ""Equ Mud Weight (g/cm3)"": ""1.3"", ""Reading"": ""estimated""}], ""Survey Station"": [{""Depth mMD"": ""3963"", ""Depth mTVD"": ""2636.5"", ""Inclination (dega)"": ""50.2"", ""Azimuth (dega)"": ""268.4"", ""Comment"": null}, {""Depth mMD"": ""3993"", ""Depth mTVD"": ""2655.8"", ""Inclination (dega)"": ""49.7"", ""Azimuth (dega)"": ""268.4"", ""Comment"": null}, {""Depth mMD"": ""4022"", ""Depth mTVD"": ""2674.7"", ""Inclination (dega)"": ""49.1"", ""Azimuth (dega)"": ""268.6"", ""Comment"": null}, {""Depth mMD"": ""4049"", ""Depth mTVD"": ""2692.5"", ""Inclination (dega)"": ""48.3"", ""Azimuth (dega)"": ""268.5"", ""Comment"": null}, {""Depth mMD"": ""4079"", ""Depth mTVD"": ""2712.6"", ""Inclination (dega)"": ""47.7"", ""Azimuth (dega)"": ""267.9"", ""Comment"": null}, {""Depth mMD"": ""4107"", ""Depth mTVD"": ""2731.5"", ""Inclination (dega)"": ""47.1"", ""Azimuth (dega)"": ""268.9"", ""Comment"": null}], ""Lithology Information"": [{""Start Depth mMD"": ""3955"", ""End Depth mMD"": ""4107"", ""Start Depth mTVD"": ""2631.4"", ""End Depth mTVD"": ""2731.5"", ""Shows Description"": null, ""Lithology Description"": ""MASSIVE CHALKY LIMESTONE (BECOMING PREDOMINANTLY PALE RED BELOW 3980M MD 2648M TVDRKB )""}], ""Gas Reading Information"": [{""Time"": ""00:00"", ""Class"": ""trip gas"", ""Depth to Top mMD"": ""3955"", ""Depth to Bottom MD"": null, ""Depth to Top mTVD"": ""2631.4"", ""Depth to Bottom TVD"": null, ""Highest Gas (%)"": "".11"", ""Lowest Gas ()"": null, ""C1 (ppm)"": ""-999.99"", ""C2 (ppm)"": ""-999.99"", ""C3 (ppm)"": ""-999.99"", ""IC4 (ppm)"": ""-999.99"", ""IC5 (ppm)"": ""-999.99""}]}"
310,15/9-19 ST2,15_9_19_ST2_1993_03_06.pdf,"{""Survey Station"": [{""Depth mMD"": ""4136"", ""Depth mTVD"": ""2751.5"", ""Inclination (dega)"": ""46.1"", ""Azimuth (dega)"": ""267.7"", ""Comment"": null}, {""Depth mMD"": ""4165"", ""Depth mTVD"": ""2771.8"", ""Inclination (dega)"": ""44.8"", ""Azimuth (dega)"": ""268.1"", ""Comment"": null}, {""Depth mMD"": ""4193"", ""Depth mTVD"": ""2791.9"", ""Inclination (dega)"": ""43.7"", ""Azimuth (dega)"": ""267.8"", ""Comment"": null}, {""Depth mMD"": ""4223"", ""Depth mTVD"": ""2813.7"", ""Inclination (dega)"": ""42.6"", ""Azimuth (dega)"": ""267.9"", ""Comment"": null}, {""Depth mMD"": ""4252"", ""Depth mTVD"": ""2835.2"", ""Inclination (dega)"": ""41.8"", ""Azimuth (dega)"": ""267.6"", ""Comment"": null}, {""Depth mMD"": ""4281"", ""Depth mTVD"": ""2857"", ""Inclination (dega)"": ""40.8"", ""Azimuth (dega)"": ""267.2"", ""Comment"": null}, {""Depth mMD"": ""4309"", ""Depth mTVD"": ""2878.3"", ""Inclination (dega)"": ""40.2"", ""Azimuth (dega)"": ""267.2"", ""Comment"": null}], ""Lithology Information"": [{""Start Depth mMD"": ""4107"", ""End Depth mMD"": ""4175.5"", ""Start Depth mTVD"": ""2731.5"", ""End Depth mTVD"": ""2779.3"", ""Shows Description"": null, ""Lithology Description"": ""LIMESTONE WITH MINOR MARL + TRACE CLAYSTONE""}, {""Start Depth mMD"": ""4175.5"", ""End Depth mMD"": ""4307.5"", ""Start Depth mTVD"": ""2779.3"", ""End Depth mTVD"": ""2877.2"", ""Shows Description"": null, ""Lithology Description"": ""LIMESTONE GRADING INCREASINGLY TO MARL AND CLAYSTONE WITH DEPTH. DOMINANTLY SILTSTONE BELOW 4275M.""}, {""Start Depth mMD"": ""4307.5"", ""End Depth mMD"": ""4319"", ""Start Depth mTVD"": ""2877.2"", ""End Depth mTVD"": ""2885.9"", ""Shows Description"": null, ""Lithology Description"": ""CLAYSTONE""}, {""Start Depth mMD"": ""4319"", ""End Depth mMD"": ""4328"", ""Start Depth mTVD"": ""2885.9"", ""End Depth mTVD"": ""2892.8"", ""Shows Description"": null, ""Lithology Description"": ""SANDSTONE""}], ""Gas Reading Information"": [{""Time"": ""00:00"", ""Class"": ""drilling gas pea k"", ""Depth to Top mMD"": ""4309"", ""Depth to Bottom MD"": null, ""Depth to Top mTVD"": ""2878.3"", ""Depth to Bottom TVD"": null, ""Highest Gas (%)"": ""1.61"", ""Lowest Gas ()"": null, ""C1 (ppm)"": ""12217"", ""C2 (ppm)"": ""735"", ""C3 (ppm)"": ""348"", ""IC4 (ppm)"": ""19"", ""IC5 (ppm)"": ""-999.99""}, {""Time"": ""00:00"", ""Class"": ""drilling gas pea k"", ""Depth to Top mMD"": ""4320.4"", ""Depth to Bottom MD"": null, ""Depth to Top mTVD"": ""2887"", ""Depth to Bottom TVD"": null, ""Highest Gas (%)"": ""3.7"", ""Lowest Gas ()"": null, ""C1 (ppm)"": ""20436"", ""C2 (ppm)"": ""1440"", ""C3 (ppm)"": ""823"", ""IC4 (ppm)"": ""5"", ""IC5 (ppm)"": ""-999.99""}]}"
311,15/9-19 ST2,15_9_19_ST2_1993_03_07.pdf,"{""Pore Pressure"": [{""Time"": ""00:00"", ""Depth mMD"": ""4107"", ""Depth TVD"": null, ""Equ Mud Weight (g/cm3)"": ""1.3"", ""Reading"": ""estimated""}, {""Time"": ""00:00"", ""Depth mMD"": ""4338"", ""Depth TVD"": null, ""Equ Mud Weight (g/cm3)"": ""1.1"", ""Reading"": ""estimated""}], ""Gas Reading Information"": [{""Time"": ""00:00"", ""Class"": ""trip gas"", ""Depth to Top mMD"": ""4328"", ""Depth to Bottom MD"": null, ""Depth to Top mTVD"": ""2892.8"", ""Depth to Bottom TVD"": null, ""Highest Gas (%)"": "".4"", ""Lowest Gas ()"": null, ""C1 (ppm)"": ""13"", ""C2 (ppm)"": ""115"", ""C3 (ppm)"": ""78"", ""IC4 (ppm)"": ""-999.99"", ""IC5 (ppm)"": ""-999.99""}, {""Time"": ""00:00"", ""Class"": ""drilling gas pea k"", ""Depth to Top mMD"": ""4331"", ""Depth to Bottom MD"": null, ""Depth to Top mTVD"": ""2894.9"", ""Depth to Bottom TVD"": null, ""Highest Gas (%)"": "".43"", ""Lowest Gas ()"": null, ""C1 (ppm)"": ""2475"", ""C2 (ppm)"": ""520"", ""C3 (ppm)"": ""183"", ""IC4 (ppm)"": ""-999.99"", ""IC5 (ppm)"": ""-999.99""}]}"
312,15/9-19 ST2,15_9_19_ST2_1993_03_08.pdf,"{""Pore Pressure"": [{""Time"": ""00:00"", ""Depth mMD"": ""4107"", ""Depth TVD"": null, ""Equ Mud Weight (g/cm3)"": ""1.3"", ""Reading"": ""estimated""}, {""Time"": ""00:00"", ""Depth mMD"": ""4355"", ""Depth TVD"": null, ""Equ Mud Weight (g/cm3)"": ""1.1"", ""Reading"": ""estimated""}], ""Gas Reading Information"": [{""Time"": ""00:00"", ""Class"": ""drilling gas pea k"", ""Depth to Top mMD"": ""4332.8"", ""Depth to Bottom MD"": null, ""Depth to Top mTVD"": ""2896.5"", ""Depth to Bottom TVD"": null, ""Highest Gas (%)"": "".52"", ""Lowest Gas ()"": null, ""C1 (ppm)"": ""2509"", ""C2 (ppm)"": ""614"", ""C3 (ppm)"": ""193"", ""IC4 (ppm)"": ""-999.99"", ""IC5 (ppm)"": ""-999.99""}]}"
313,15/9-19 ST2,15_9_19_ST2_1993_03_09.pdf,"{""Pore Pressure"": [{""Time"": ""00:00"", ""Depth mMD"": ""4017"", ""Depth TVD"": null, ""Equ Mud Weight (g/cm3)"": ""1.3"", ""Reading"": ""estimated""}, {""Time"": ""00:00"", ""Depth mMD"": ""4383"", ""Depth TVD"": null, ""Equ Mud Weight (g/cm3)"": ""1.1"", ""Reading"": ""estimated""}], ""Core Information"": [{""Core No"": ""2"", ""Depth Top mMD"": ""4328"", ""Depth Bottom mMD"": ""4355"", ""Core Length (m)"": ""26.2"", ""Recover core (%)"": ""96.9"", ""Core barrel length (m)"": ""27"", ""Inner barrel type"": ""aluminum"", ""Description"": ""none""}], ""Lithology Information"": [{""Start Depth mMD"": ""4328"", ""End Depth mMD"": ""4342"", ""Start Depth mTVD"": ""2892.8"", ""End Depth mTVD"": ""2903.5"", ""Shows Description"": null, ""Lithology Description"": ""SANDSTONE WITH TRACE OF CLAYSTONE""}, {""Start Depth mMD"": ""4343"", ""End Depth mMD"": ""4343"", ""Start Depth mTVD"": ""2904.3"", ""End Depth mTVD"": ""2904.3"", ""Shows Description"": null, ""Lithology Description"": ""SANDSTONE""}, {""Start Depth mMD"": ""4344"", ""End Depth mMD"": ""4354.2"", ""Start Depth mTVD"": ""2905"", ""End Depth mTVD"": ""2912.8"", ""Shows Description"": null, ""Lithology Description"": ""SANDSTONE GRADING LOCALLY TO SILTSTONE .""}], ""Gas Reading Information"": [{""Time"": ""00:00"", ""Class"": ""trip gas"", ""Depth to Top mMD"": ""4355"", ""Depth to Bottom MD"": null, ""Depth to Top mTVD"": ""2913.4"", ""Depth to Bottom TVD"": null, ""Highest Gas (%)"": "".84"", ""Lowest Gas ()"": null, ""C1 (ppm)"": ""3829"", ""C2 (ppm)"": ""383"", ""C3 (ppm)"": ""132"", ""IC4 (ppm)"": ""-999.99"", ""IC5 (ppm)"": ""-999.99""}, {""Time"": ""00:00"", ""Class"": ""drilling gas pea k"", ""Depth to Top mMD"": ""4361"", ""Depth to Bottom MD"": null, ""Depth to Top mTVD"": ""2918"", ""Depth to Bottom TVD"": null, ""Highest Gas (%)"": "".17"", ""Lowest Gas ()"": null, ""C1 (ppm)"": ""576"", ""C2 (ppm)"": ""152"", ""C3 (ppm)"": ""62"", ""IC4 (ppm)"": ""-999.99"", ""IC5 (ppm)"": ""-999.99""}]}"
314,15/9-19 ST2,15_9_19_ST2_1993_03_10.pdf,"{""Pore Pressure"": [{""Time"": ""00:00"", ""Depth mMD"": ""4107"", ""Depth TVD"": null, ""Equ Mud Weight (g/cm3)"": ""1.3"", ""Reading"": ""estimated""}, {""Time"": ""00:00"", ""Depth mMD"": ""4383"", ""Depth TVD"": null, ""Equ Mud Weight (g/cm3)"": ""1.1"", ""Reading"": ""estimated""}], ""Core Information"": [{""Core No"": ""3"", ""Depth Top mMD"": ""4355"", ""Depth Bottom mMD"": ""4383"", ""Core Length (m)"": ""28.2"", ""Recover core (%)"": ""100.5"", ""Core barrel length (m)"": ""28"", ""Inner barrel type"": ""aluminum"", ""Description"": ""none""}], ""Lithology Information"": [{""Start Depth mMD"": ""4355"", ""End Depth mMD"": ""4383"", ""Start Depth mTVD"": ""2913.4"", ""End Depth mTVD"": ""2934.8"", ""Shows Description"": null, ""Lithology Description"": ""SANDSTONE GRADING LOCALLY TO SILTSTONE, WITH 1 CLAYSTONE BAND AT 4364M""}]}"
315,15/9-19 ST2,15_9_19_ST2_1993_03_11.pdf,"{""Pore Pressure"": [{""Time"": ""00:00"", ""Depth mMD"": ""4107"", ""Depth TVD"": null, ""Equ Mud Weight (g/cm3)"": ""1.3"", ""Reading"": ""estimated""}, {""Time"": ""00:00"", ""Depth mMD"": ""4503"", ""Depth TVD"": null, ""Equ Mud Weight (g/cm3)"": ""1.1"", ""Reading"": ""estimated""}], ""Survey Station"": [{""Depth mMD"": ""4366"", ""Depth mTVD"": ""2922.1"", ""Inclination (dega)"": ""39.58"", ""Azimuth (dega)"": ""266.98"", ""Comment"": null}, {""Depth mMD"": ""4395"", ""Depth mTVD"": ""2944.4"", ""Inclination (dega)"": ""39.65"", ""Azimuth (dega)"": ""266.76"", ""Comment"": null}, {""Depth mMD"": ""4423"", ""Depth mTVD"": ""2966"", ""Inclination (dega)"": ""39.98"", ""Azimuth (dega)"": ""265.72"", ""Comment"": null}, {""Depth mMD"": ""4452"", ""Depth mTVD"": ""2988.1"", ""Inclination (dega)"": ""40.33"", ""Azimuth (dega)"": ""265.81"", ""Comment"": null}, {""Depth mMD"": ""4480"", ""Depth mTVD"": ""3009.4"", ""Inclination (dega)"": ""40.62"", ""Azimuth (dega)"": ""265.67"", ""Comment"": null}], ""Lithology Information"": [{""Start Depth mMD"": ""4383"", ""End Depth mMD"": ""4493"", ""Start Depth mTVD"": ""2935.1"", ""End Depth mTVD"": ""3019.3"", ""Shows Description"": null, ""Lithology Description"": ""SANDSTONE WITH VERY MINOR SILTSTONE.""}], ""Gas Reading Information"": [{""Time"": ""00:00"", ""Class"": ""trip gas"", ""Depth to Top mMD"": ""3569"", ""Depth to Bottom MD"": null, ""Depth to Top mTVD"": ""2393.9"", ""Depth to Bottom TVD"": null, ""Highest Gas (%)"": "".82"", ""Lowest Gas ()"": null, ""C1 (ppm)"": ""7009"", ""C2 (ppm)"": ""193"", ""C3 (ppm)"": ""76"", ""IC4 (ppm)"": ""-999.99"", ""IC5 (ppm)"": ""-999.99""}, {""Time"": ""00:00"", ""Class"": ""trip gas"", ""Depth to Top mMD"": ""4313"", ""Depth to Bottom MD"": null, ""Depth to Top mTVD"": ""2881.3"", ""Depth to Bottom TVD"": null, ""Highest Gas (%)"": "".66"", ""Lowest Gas ()"": null, ""C1 (ppm)"": ""5700"", ""C2 (ppm)"": ""256"", ""C3 (ppm)"": ""36"", ""IC4 (ppm)"": ""-999.99"", ""IC5 (ppm)"": ""-999.99""}, {""Time"": ""00:00"", ""Class"": ""drilling gas pea k"", ""Depth to Top mMD"": ""4421"", ""Depth to Bottom MD"": null, ""Depth to Top mTVD"": ""2964.3"", ""Depth to Bottom TVD"": null, ""Highest Gas (%)"": "".21"", ""Lowest Gas ()"": null, ""C1 (ppm)"": ""1651"", ""C2 (ppm)"": ""63"", ""C3 (ppm)"": ""17"", ""IC4 (ppm)"": ""-999.99"", ""IC5 (ppm)"": ""-999.99""}]}"
316,15/9-19 ST2,15_9_19_ST2_1993_03_12.pdf,"{""Survey Station"": [{""Depth mMD"": ""4510"", ""Depth mTVD"": ""3032.1"", ""Inclination (dega)"": ""40.92"", ""Azimuth (dega)"": ""264.86"", ""Comment"": null}, {""Depth mMD"": ""4540"", ""Depth mTVD"": ""3054.8"", ""Inclination (dega)"": ""41.16"", ""Azimuth (dega)"": ""265.37"", ""Comment"": null}, {""Depth mMD"": ""4568"", ""Depth mTVD"": ""3075.8"", ""Inclination (dega)"": ""41.51"", ""Azimuth (dega)"": ""264.47"", ""Comment"": null}, {""Depth mMD"": ""4594"", ""Depth mTVD"": ""3095.2"", ""Inclination (dega)"": ""41.61"", ""Azimuth (dega)"": ""265.01"", ""Comment"": null}, {""Depth mMD"": ""4624"", ""Depth mTVD"": ""3117.6"", ""Inclination (dega)"": ""41.8"", ""Azimuth (dega)"": ""264.88"", ""Comment"": null}], ""Lithology Information"": [{""Start Depth mMD"": ""4493"", ""End Depth mMD"": ""4641"", ""Start Depth mTVD"": ""3019.3"", ""End Depth mTVD"": ""3129.7"", ""Shows Description"": null, ""Lithology Description"": ""SANDSTONE LOCALLY GRADING TO/INTERBEDDED WITH SILTSTONE,TRACE THIN CLAYSTONE INTERBEDS""}], ""Gas Reading Information"": [{""Time"": ""00:00"", ""Class"": ""drilling gas pea k"", ""Depth to Top mMD"": ""4568"", ""Depth to Bottom MD"": null, ""Depth to Top mTVD"": ""3075.8"", ""Depth to Bottom TVD"": null, ""Highest Gas (%)"": "".16"", ""Lowest Gas ()"": null, ""C1 (ppm)"": ""867"", ""C2 (ppm)"": ""82"", ""C3 (ppm)"": ""14"", ""IC4 (ppm)"": ""-999.99"", ""IC5 (ppm)"": ""-999.99""}]}"
317,15/9-19 ST2,15_9_19_ST2_1993_03_13.pdf,"{""Pore Pressure"": [{""Time"": ""00:00"", ""Depth mMD"": ""4107"", ""Depth TVD"": null, ""Equ Mud Weight (g/cm3)"": ""1.3"", ""Reading"": ""estimated""}, {""Time"": ""00:00"", ""Depth mMD"": ""4641"", ""Depth TVD"": null, ""Equ Mud Weight (g/cm3)"": ""1.1"", ""Reading"": ""estimated""}], ""Gas Reading Information"": [{""Time"": ""00:00"", ""Class"": ""trip gas"", ""Depth to Top mMD"": ""4641"", ""Depth to Bottom MD"": null, ""Depth to Top mTVD"": ""3129.7"", ""Depth to Bottom TVD"": null, ""Highest Gas (%)"": "".37"", ""Lowest Gas ()"": null, ""C1 (ppm)"": ""2747"", ""C2 (ppm)"": ""142"", ""C3 (ppm)"": ""27"", ""IC4 (ppm)"": ""-999.99"", ""IC5 (ppm)"": ""-999.99""}]}"
318,15/9-19 ST2,15_9_19_ST2_1993_03_14.pdf,"{""Pore Pressure"": [{""Time"": ""00:00"", ""Depth mMD"": ""4107"", ""Depth TVD"": null, ""Equ Mud Weight (g/cm3)"": ""1.3"", ""Reading"": ""estimated""}, {""Time"": ""00:00"", ""Depth mMD"": ""4641"", ""Depth TVD"": null, ""Equ Mud Weight (g/cm3)"": ""1.1"", ""Reading"": ""estimated""}], ""Log Information"": [{""Run No"": ""1"", ""Service Company"": ""Western Atlas"", ""Depth Top mMD"": ""3568"", ""Depth Bottom mTVD"": ""4595"", ""Tool"": ""DIFL - AC - ZDL - CN - GR - CHT"", ""BHST (degC)"": ""-999.99""}]}"
319,15/9-19 ST2,15_9_19_ST2_1993_03_15.pdf,"{""Pore Pressure"": [{""Time"": ""00:00"", ""Depth mMD"": ""4107"", ""Depth TVD"": null, ""Equ Mud Weight (g/cm3)"": ""1.3"", ""Reading"": ""estimated""}, {""Time"": ""00:00"", ""Depth mMD"": ""4641"", ""Depth TVD"": null, ""Equ Mud Weight (g/cm3)"": ""1.1"", ""Reading"": ""estimated""}]}"
320,15/9-19 ST2,15_9_19_ST2_1993_03_16.pdf,"{""Pore Pressure"": [{""Time"": ""00:00"", ""Depth mMD"": ""4107"", ""Depth TVD"": null, ""Equ Mud Weight (g/cm3)"": ""1.3"", ""Reading"": ""estimated""}, {""Time"": ""00:00"", ""Depth mMD"": ""4641"", ""Depth TVD"": null, ""Equ Mud Weight (g/cm3)"": ""1.1"", ""Reading"": ""estimated""}]}"
321,15/9-19 ST2,15_9_19_ST2_1993_03_17.pdf,"{""Pore Pressure"": [{""Time"": ""00:00"", ""Depth mMD"": ""4107"", ""Depth TVD"": null, ""Equ Mud Weight (g/cm3)"": ""1.3"", ""Reading"": ""estimated""}, {""Time"": ""00:00"", ""Depth mMD"": ""4641"", ""Depth TVD"": null, ""Equ Mud Weight (g/cm3)"": ""1.1"", ""Reading"": ""estimated""}]}"
322,15/9-19 ST2,15_9_19_ST2_1993_03_18.pdf,"{""Pore Pressure"": [{""Time"": ""00:00"", ""Depth mMD"": ""4107"", ""Depth TVD"": null, ""Equ Mud Weight (g/cm3)"": ""1.3"", ""Reading"": ""estimated""}, {""Time"": ""00:00"", ""Depth mMD"": ""4641"", ""Depth TVD"": null, ""Equ Mud Weight (g/cm3)"": ""1.1"", ""Reading"": ""estimated""}], ""Casing Liner Tubing"": [{""start_time"": null, ""end_time"": null, ""type_of_pipe"": ""Liner"", ""casing_type"": null, ""outside_diameter_in"": ""7"", ""inside_diameter_in"": ""6.094"", ""weight_lbm_ft"": ""32"", ""grade"": ""L-80"", ""connection"": ""New Vam SC"", ""length_m"": ""1437"", ""top_mmd"": ""3203"", ""bottom_mmd"": ""4640"", ""description"": null, ""comment"": null}, {""start_time"": null, ""end_time"": null, ""type_of_pipe"": ""Liner"", ""casing_type"": null, ""outside_diameter_in"": ""7"", ""inside_diameter_in"": ""6.094"", ""weight_lbm_ft"": ""32"", ""grade"": ""13 Cr-80"", ""connection"": ""New Vam SC"", ""length_m"": ""277"", ""top_mmd"": ""4119"", ""bottom_mmd"": ""4396"", ""description"": null, ""comment"": null}]}"
323,15/9-19 ST2,15_9_19_ST2_1993_03_19.pdf,"{""Pore Pressure"": [{""Time"": ""00:00"", ""Depth mMD"": ""4107"", ""Depth TVD"": null, ""Equ Mud Weight (g/cm3)"": ""1.3"", ""Reading"": ""estimated""}, {""Time"": ""00:00"", ""Depth mMD"": ""4641"", ""Depth TVD"": null, ""Equ Mud Weight (g/cm3)"": ""1.1"", ""Reading"": ""estimated""}]}"
324,15/9-19 ST2,15_9_19_ST2_1993_03_20.pdf,{}
325,15/9-19 ST2,15_9_19_ST2_1993_03_21.pdf,{}
326,15/9-19 ST2,15_9_19_ST2_1993_03_22.pdf,{}
327,15/9-19 ST2,15_9_19_ST2_1993_03_23.pdf,{}
328,15/9-19 ST2,15_9_19_ST2_1993_03_24.pdf,{}
329,15/9-19 ST2,15_9_19_ST2_1993_03_25.pdf,{}
330,15/9-19 ST2,15_9_19_ST2_1993_03_26.pdf,{}
331,15/9-19 ST2,15_9_19_ST2_1993_03_27.pdf,{}
332,15/9-19 ST2,15_9_19_ST2_1993_03_28.pdf,{}
333,15/9-19 ST2,15_9_19_ST2_1993_03_29.pdf,{}
334,15/9-19 ST2,15_9_19_ST2_1993_03_30.pdf,{}
335,15/9-19 ST2,15_9_19_ST2_1993_03_31.pdf,{}
336,15/9-19 ST2,15_9_19_ST2_1993_04_01.pdf,{}
337,15/9-19 ST2,15_9_19_ST2_1993_04_02.pdf,{}
338,15/9-19 ST2,15_9_19_ST2_1993_04_03.pdf,{}
339,15/9-19 ST2,15_9_19_ST2_1993_04_04.pdf,{}
340,15/9-19 ST2,15_9_19_ST2_1993_04_05.pdf,{}
341,15/9-19 ST2,15_9_19_ST2_1993_04_06.pdf,{}
342,15/9-19 ST2,15_9_19_ST2_1993_04_07.pdf,{}
343,15/9-19 ST2,15_9_19_ST2_1993_04_08.pdf,{}
344,15/9-19 ST2,15_9_19_ST2_1993_04_09.pdf,{}
345,15/9-19 ST2,15_9_19_ST2_1993_04_10.pdf,{}
346,15/9-19 ST2,15_9_19_ST2_1993_04_11.pdf,{}
347,15/9-19 ST2,15_9_19_ST2_1993_04_12.pdf,{}
348,15/9-19 ST2,15_9_19_ST2_1993_04_13.pdf,{}
349,15/9-19 ST2,15_9_19_ST2_1993_04_14.pdf,{}
350,15/9-19 ST2,15_9_19_ST2_1993_04_15.pdf,{}
351,15/9-19 ST2,15_9_19_ST2_1993_04_16.pdf,{}
352,15/9-19 ST2,15_9_19_ST2_1993_04_17.pdf,{}
353,15/9-19 ST2,15_9_19_ST2_1993_04_18.pdf,{}
354,15/9-19 ST2,15_9_19_ST2_1993_04_19.pdf,{}
355,15/9-19 ST2,15_9_19_ST2_1993_04_20.pdf,{}
356,15/9-19 ST2,15_9_19_ST2_1993_04_21.pdf,{}
357,15/9-19 ST2,15_9_19_ST2_1993_04_22.pdf,{}
358,15/9-19 ST2,15_9_19_ST2_1993_04_23.pdf,{}
359,15/9-19 ST2,15_9_19_ST2_1993_04_24.pdf,{}
360,15/9-19 ST2,15_9_19_ST2_1993_04_25.pdf,{}
361,15/9-19 ST2,15_9_19_ST2_1993_04_26.pdf,{}
362,15/9-19 ST2,15_9_19_ST2_1993_04_27.pdf,{}
363,15/9-19 ST2,15_9_19_ST2_1993_04_28.pdf,{}
364,15/9-19 ST2,15_9_19_ST2_1993_04_29.pdf,{}
365,15/9-19 ST2,15_9_19_ST2_1993_04_30.pdf,{}
366,15/9-19 ST2,15_9_19_ST2_1997_07_17.pdf,{}
367,15/9-19 ST2,15_9_19_ST2_1997_07_18.pdf,{}
368,15/9-19 ST2,15_9_19_ST2_1997_07_19.pdf,{}
369,15/9-19 ST2,15_9_19_ST2_1997_07_20.pdf,{}
370,15/9-19 ST2,15_9_19_ST2_1997_07_21.pdf,{}
371,15/9-19 ST2,15_9_19_ST2_1997_07_22.pdf,{}
372,15/9-19 ST2,15_9_19_ST2_1997_07_23.pdf,{}
373,15/9-19 ST2,15_9_19_ST2_1997_07_24.pdf,{}
374,15/9-19 ST2,15_9_19_ST2_1997_07_25.pdf,{}
375,15/9-19 ST2,15_9_19_ST2_1997_07_26.pdf,{}
376,15/9-F-10,15_9_F_10_2009_04_07.pdf,"{""Survey Station"": [{""Depth mMD"": ""156.5"", ""Depth mTVD"": ""156.5"", ""Inclination (dega)"": "".27"", ""Azimuth (dega)"": ""217.76"", ""Comment"": null}, {""Depth mMD"": ""166.8"", ""Depth mTVD"": ""166.8"", ""Inclination (dega)"": "".17"", ""Azimuth (dega)"": ""192.64"", ""Comment"": null}, {""Depth mMD"": ""176"", ""Depth mTVD"": ""176"", ""Inclination (dega)"": "".21"", ""Azimuth (dega)"": ""193.77"", ""Comment"": null}, {""Depth mMD"": ""193.7"", ""Depth mTVD"": ""131.8"", ""Inclination (dega)"": "".15"", ""Azimuth (dega)"": ""131"", ""Comment"": null}]}"
377,15/9-F-10,15_9_F_10_2009_04_08.pdf,"{""Bit Record"": [{""Run No."": ""1"", ""Bit Size"": ""17.5 in"", ""Bit Type"": ""XR+VEC"", ""IADC Code"": ""115"", ""Manufacturer"": ""Smith Internation al"", ""Hrs Drilled"": ""16"", ""Start mMD"": ""142.9"", ""End mMD"": ""142.9"", ""Hole Made (last 24H)"": null, ""Hours Drilled (last 24H)"": null, ""Form ROP"": ""4"", ""Total ROP"": ""3.8"", ""Total Hole Made"": ""61.1"", ""Total Hrs Drilled"": ""16""}, {""Run No."": ""1"", ""Bit Size"": ""36 in"", ""Bit Type"": ""HOLEOPE N"", ""IADC Code"": ""435X"", ""Manufacturer"": ""Smith Red Baron"", ""Hrs Drilled"": ""16"", ""Start mMD"": ""142.9"", ""End mMD"": ""142.9"", ""Hole Made (last 24H)"": null, ""Hours Drilled (last 24H)"": null, ""Form ROP"": ""3.8"", ""Total ROP"": ""3.9"", ""Total Hole Made"": ""62.1"", ""Total Hrs Drilled"": ""16""}]}"
378,15/9-F-10,15_9_F_10_2009_04_09.pdf,{}
379,15/9-F-10,15_9_F_10_2009_04_10.pdf,"{""Casing Liner Tubing"": [{""start_time"": ""06:00"", ""end_time"": ""12:15"", ""type_of_pipe"": ""Casing"", ""casing_type"": ""Top"", ""outside_diameter_in"": ""30"", ""inside_diameter_in"": null, ""weight_lbm_ft"": ""456.6"", ""grade"": ""X-65"", ""connection"": ""ABB RL-4HC"", ""length_m"": ""25.4"", ""top_mmd"": ""139.7"", ""bottom_mmd"": ""165.1"", ""description"": ""36\"" Hole opener"", ""comment"": null}, {""start_time"": ""06:00"", ""end_time"": ""12:15"", ""type_of_pipe"": ""Casing"", ""casing_type"": ""Top"", ""outside_diameter_in"": ""30"", ""inside_diameter_in"": null, ""weight_lbm_ft"": ""309.7"", ""grade"": ""X-52"", ""connection"": ""ST-2RB"", ""length_m"": ""36.6"", ""top_mmd"": ""165.1"", ""bottom_mmd"": ""201.7"", ""description"": ""36\"" Hole opener"", ""comment"": null}]}"
380,15/9-F-10,15_9_F_10_2009_04_11.pdf,{}
381,15/9-F-10,15_9_F_10_2009_04_12.pdf,"{""Survey Station"": [{""Depth mMD"": ""150"", ""Depth mTVD"": ""150"", ""Inclination (dega)"": "".15"", ""Azimuth (dega)"": ""232.43"", ""Comment"": null}, {""Depth mMD"": ""160"", ""Depth mTVD"": ""160"", ""Inclination (dega)"": "".13"", ""Azimuth (dega)"": ""185.89"", ""Comment"": null}, {""Depth mMD"": ""170"", ""Depth mTVD"": ""170"", ""Inclination (dega)"": "".13"", ""Azimuth (dega)"": ""247.15"", ""Comment"": null}, {""Depth mMD"": ""180"", ""Depth mTVD"": ""180"", ""Inclination (dega)"": "".18"", ""Azimuth (dega)"": ""237.15"", ""Comment"": null}, {""Depth mMD"": ""190"", ""Depth mTVD"": ""190"", ""Inclination (dega)"": "".15"", ""Azimuth (dega)"": ""224.23"", ""Comment"": null}, {""Depth mMD"": ""202"", ""Depth mTVD"": ""202"", ""Inclination (dega)"": "".22"", ""Azimuth (dega)"": ""231.74"", ""Comment"": null}, {""Depth mMD"": ""210"", ""Depth mTVD"": ""210"", ""Inclination (dega)"": "".18"", ""Azimuth (dega)"": ""252.26"", ""Comment"": null}, {""Depth mMD"": ""220"", ""Depth mTVD"": ""220"", ""Inclination (dega)"": "".14"", ""Azimuth (dega)"": ""285.63"", ""Comment"": null}, {""Depth mMD"": ""230"", ""Depth mTVD"": ""230"", ""Inclination (dega)"": "".12"", ""Azimuth (dega)"": ""264.95"", ""Comment"": null}, {""Depth mMD"": ""240"", ""Depth mTVD"": ""240"", ""Inclination (dega)"": "".17"", ""Azimuth (dega)"": ""254.96"", ""Comment"": null}, {""Depth mMD"": ""250"", ""Depth mTVD"": ""250"", ""Inclination (dega)"": "".16"", ""Azimuth (dega)"": ""232.05"", ""Comment"": null}, {""Depth mMD"": ""256.7"", ""Depth mTVD"": ""256.7"", ""Inclination (dega)"": "".1"", ""Azimuth (dega)"": ""238.5"", ""Comment"": null}, {""Depth mMD"": ""266.9"", ""Depth mTVD"": ""266.9"", ""Inclination (dega)"": "".16"", ""Azimuth (dega)"": ""208.9"", ""Comment"": null}, {""Depth mMD"": ""280"", ""Depth mTVD"": ""280"", ""Inclination (dega)"": "".35"", ""Azimuth (dega)"": ""212.33"", ""Comment"": null}, {""Depth mMD"": ""320"", ""Depth mTVD"": ""320"", ""Inclination (dega)"": "".53"", ""Azimuth (dega)"": ""150.89"", ""Comment"": null}, {""Depth mMD"": ""334.8"", ""Depth mTVD"": ""334.8"", ""Inclination (dega)"": "".79"", ""Azimuth (dega)"": ""140.78"", ""Comment"": null}, {""Depth mMD"": ""351.8"", ""Depth mTVD"": ""351.8"", ""Inclination (dega)"": ""2.11"", ""Azimuth (dega)"": ""122.59"", ""Comment"": null}, {""Depth mMD"": ""360.2"", ""Depth mTVD"": ""360.2"", ""Inclination (dega)"": ""2.55"", ""Azimuth (dega)"": ""121.01"", ""Comment"": null}]}"
382,15/9-F-10,15_9_F_10_2009_04_13.pdf,"{""Survey Station"": [{""Depth mMD"": ""371.2"", ""Depth mTVD"": ""371.2"", ""Inclination (dega)"": ""2.99"", ""Azimuth (dega)"": ""118.37"", ""Comment"": null}, {""Depth mMD"": ""387.1"", ""Depth mTVD"": ""387"", ""Inclination (dega)"": ""3.68"", ""Azimuth (dega)"": ""118.37"", ""Comment"": null}, {""Depth mMD"": ""401.1"", ""Depth mTVD"": ""401"", ""Inclination (dega)"": ""4.38"", ""Azimuth (dega)"": ""116.26"", ""Comment"": null}, {""Depth mMD"": ""414.2"", ""Depth mTVD"": ""414.1"", ""Inclination (dega)"": ""4.81"", ""Azimuth (dega)"": ""117.76"", ""Comment"": null}, {""Depth mMD"": ""427.8"", ""Depth mTVD"": ""427.6"", ""Inclination (dega)"": ""4.99"", ""Azimuth (dega)"": ""114.15"", ""Comment"": null}, {""Depth mMD"": ""440.2"", ""Depth mTVD"": ""440"", ""Inclination (dega)"": ""4.99"", ""Azimuth (dega)"": ""116.44"", ""Comment"": null}, {""Depth mMD"": ""454.8"", ""Depth mTVD"": ""454.5"", ""Inclination (dega)"": ""5.72"", ""Azimuth (dega)"": ""118.37"", ""Comment"": null}, {""Depth mMD"": ""468.1"", ""Depth mTVD"": ""467.7"", ""Inclination (dega)"": ""6.03"", ""Azimuth (dega)"": ""115.65"", ""Comment"": null}, {""Depth mMD"": ""480.9"", ""Depth mTVD"": ""480.5"", ""Inclination (dega)"": ""6.46"", ""Azimuth (dega)"": ""115.74"", ""Comment"": null}, {""Depth mMD"": ""494.8"", ""Depth mTVD"": ""494.3"", ""Inclination (dega)"": ""6.81"", ""Azimuth (dega)"": ""114.5"", ""Comment"": null}, {""Depth mMD"": ""508.6"", ""Depth mTVD"": ""508"", ""Inclination (dega)"": ""7.07"", ""Azimuth (dega)"": ""113.8"", ""Comment"": null}, {""Depth mMD"": ""521.7"", ""Depth mTVD"": ""521"", ""Inclination (dega)"": ""7.33"", ""Azimuth (dega)"": ""113.19"", ""Comment"": null}, {""Depth mMD"": ""536.6"", ""Depth mTVD"": ""535.7"", ""Inclination (dega)"": ""8.03"", ""Azimuth (dega)"": ""114.94"", ""Comment"": null}, {""Depth mMD"": ""549"", ""Depth mTVD"": ""548"", ""Inclination (dega)"": ""8.72"", ""Azimuth (dega)"": ""112.83"", ""Comment"": null}, {""Depth mMD"": ""561.3"", ""Depth mTVD"": ""560.2"", ""Inclination (dega)"": ""9.33"", ""Azimuth (dega)"": ""115.47"", ""Comment"": null}, {""Depth mMD"": ""602.1"", ""Depth mTVD"": ""600.3"", ""Inclination (dega)"": ""11.7"", ""Azimuth (dega)"": ""115.82"", ""Comment"": null}, {""Depth mMD"": ""642.1"", ""Depth mTVD"": ""639.3"", ""Inclination (dega)"": ""13.07"", ""Azimuth (dega)"": ""116.96"", ""Comment"": null}, {""Depth mMD"": ""683"", ""Depth mTVD"": ""679.1"", ""Inclination (dega)"": ""13.85"", ""Azimuth (dega)"": ""121.36"", ""Comment"": null}, {""Depth mMD"": ""709.5"", ""Depth mTVD"": ""704.8"", ""Inclination (dega)"": ""14.31"", ""Azimuth (dega)"": ""122.38"", ""Comment"": null}]}"
383,15/9-F-10,15_9_F_10_2009_04_14.pdf,"{""Survey Station"": [{""Depth mMD"": ""1033.7"", ""Depth mTVD"": ""1011.8"", ""Inclination (dega)"": ""19.08"", ""Azimuth (dega)"": ""114.57"", ""Comment"": null}, {""Depth mMD"": ""1072.5"", ""Depth mTVD"": ""1048.2"", ""Inclination (dega)"": ""20.43"", ""Azimuth (dega)"": ""111.21"", ""Comment"": null}, {""Depth mMD"": ""1113.7"", ""Depth mTVD"": ""1086.7"", ""Inclination (dega)"": ""22.08"", ""Azimuth (dega)"": ""119.48"", ""Comment"": null}, {""Depth mMD"": ""1153.6"", ""Depth mTVD"": ""1123.4"", ""Inclination (dega)"": ""24"", ""Azimuth (dega)"": ""123.79"", ""Comment"": null}, {""Depth mMD"": ""1193.2"", ""Depth mTVD"": ""1159.2"", ""Inclination (dega)"": ""26.58"", ""Azimuth (dega)"": ""121.81"", ""Comment"": null}, {""Depth mMD"": ""749.5"", ""Depth mTVD"": ""743.5"", ""Inclination (dega)"": ""15.44"", ""Azimuth (dega)"": ""126.13"", ""Comment"": null}, {""Depth mMD"": ""789.4"", ""Depth mTVD"": ""781.8"", ""Inclination (dega)"": ""17.41"", ""Azimuth (dega)"": ""128.7"", ""Comment"": null}, {""Depth mMD"": ""830.5"", ""Depth mTVD"": ""820.6"", ""Inclination (dega)"": ""20.64"", ""Azimuth (dega)"": ""127.08"", ""Comment"": null}, {""Depth mMD"": ""871.3"", ""Depth mTVD"": ""858.6"", ""Inclination (dega)"": ""21.84"", ""Azimuth (dega)"": ""123.28"", ""Comment"": null}, {""Depth mMD"": ""911.8"", ""Depth mTVD"": ""896.5"", ""Inclination (dega)"": ""19.87"", ""Azimuth (dega)"": ""122.17"", ""Comment"": null}, {""Depth mMD"": ""952.7"", ""Depth mTVD"": ""935.1"", ""Inclination (dega)"": ""18.4"", ""Azimuth (dega)"": ""122.87"", ""Comment"": null}, {""Depth mMD"": ""993.3"", ""Depth mTVD"": ""973.6"", ""Inclination (dega)"": ""18.98"", ""Azimuth (dega)"": ""118.21"", ""Comment"": null}]}"
384,15/9-F-10,15_9_F_10_2009_04_15.pdf,"{""Survey Station"": [{""Depth mMD"": ""1233.3"", ""Depth mTVD"": ""1194.7"", ""Inclination (dega)"": ""28.79"", ""Azimuth (dega)"": ""118.8"", ""Comment"": null}, {""Depth mMD"": ""1273.7"", ""Depth mTVD"": ""1229.7"", ""Inclination (dega)"": ""31"", ""Azimuth (dega)"": ""118.14"", ""Comment"": null}, {""Depth mMD"": ""1314.4"", ""Depth mTVD"": ""1265"", ""Inclination (dega)"": ""28.73"", ""Azimuth (dega)"": ""118.71"", ""Comment"": null}, {""Depth mMD"": ""1355.2"", ""Depth mTVD"": ""1301.1"", ""Inclination (dega)"": ""27.17"", ""Azimuth (dega)"": ""119.64"", ""Comment"": null}, {""Depth mMD"": ""1381.6"", ""Depth mTVD"": ""1324.5"", ""Inclination (dega)"": ""27.47"", ""Azimuth (dega)"": ""120.39"", ""Comment"": null}]}"
385,15/9-F-10,15_9_F_10_2009_04_16.pdf,"{""Bit Record"": [{""Run No."": ""2"", ""Bit Size"": ""26 in"", ""Bit Type"": ""MG04B"", ""IADC Code"": ""415"", ""Manufacturer"": ""Smith Internation al"", ""Hrs Drilled"": ""51.8"", ""Start mMD"": ""207"", ""End mMD"": ""207"", ""Hole Made (last 24H)"": null, ""Hours Drilled (last 24H)"": null, ""Form ROP"": ""23"", ""Total ROP"": ""22.9"", ""Total Hole Made"": ""19"", ""Total Hrs Drilled"": ""52.4""}]}"
386,15/9-F-10,15_9_F_10_2009_04_17.pdf,{}
387,15/9-F-10,15_9_F_10_2009_04_18.pdf,"{""Casing Liner Tubing"": [{""start_time"": ""06:15"", ""end_time"": ""11:45"", ""type_of_pipe"": ""Casing"", ""casing_type"": ""Top"", ""outside_diameter_in"": ""20"", ""inside_diameter_in"": ""18.73"", ""weight_lbm_ft"": ""133"", ""grade"": ""N-80"", ""connection"": ""TenarisER"", ""length_m"": ""1250"", ""top_mmd"": ""138.9"", ""bottom_mmd"": ""1388.9"", ""description"": ""26\"" drilling BHA"", ""comment"": null}]}"
388,15/9-F-10,15_9_F_10_2009_04_19.pdf,{}
389,15/9-F-10,15_9_F_10_2009_04_20.pdf,{}
390,15/9-F-10,15_9_F_10_2009_04_21.pdf,{}
391,15/9-F-10,15_9_F_10_2009_04_22.pdf,{}
392,15/9-F-10,15_9_F_10_2009_04_23.pdf,"{""Pore Pressure"": [{""Time"": ""00:00"", ""Depth mMD"": ""1463"", ""Depth TVD"": null, ""Equ Mud Weight (g/cm3)"": ""1"", ""Reading"": ""estimated""}], ""Survey Station"": [{""Depth mMD"": ""1430.6"", ""Depth mTVD"": ""1367.9"", ""Inclination (dega)"": ""27.95"", ""Azimuth (dega)"": ""118.95"", ""Comment"": null}], ""Log Information"": [{""Run No"": ""100"", ""Service Company"": ""Schlumberger"", ""Depth Top mMD"": ""1400"", ""Depth Bottom mTVD"": ""1463"", ""Tool"": ""ARCVRES9"", ""BHST (degC)"": ""-999.99""}], ""Lithology Information"": [{""Start Depth mMD"": ""1400"", ""End Depth mMD"": ""1463"", ""Start Depth mTVD"": ""1343.6"", ""End Depth mTVD"": ""1396.8"", ""Shows Description"": null, ""Lithology Description"": ""Claystone with minor limestone (Hordaland Gp )""}], ""Gas Reading Information"": [{""Time"": ""00:00"", ""Class"": ""drilling gas pea k"", ""Depth to Top mMD"": ""1455"", ""Depth to Bottom MD"": null, ""Depth to Top TVD"": null, ""Depth to Bottom TVD"": null, ""Highest Gas (%)"": ""1.1"", ""Lowest Gas ()"": null, ""C1 (ppm)"": ""9912"", ""C2 (ppm)"": ""0"", ""C3 (ppm)"": ""2"", ""IC4 (ppm)"": ""1"", ""IC5 (ppm)"": ""2""}]}"
393,15/9-F-10,15_9_F_10_2009_04_24.pdf,"{""Bit Record"": [{""Run No."": ""3"", ""Bit Size"": ""17.5 in"", ""Bit Type"": ""RSR716M-C 9"", ""IADC Code"": null, ""Manufacturer"": ""REED"", ""Hrs Drilled"": ""3.2"", ""Start mMD"": ""1400"", ""End mMD"": ""1400"", ""Hole Made (last 24H)"": null, ""Hours Drilled (last 24H)"": null, ""Form ROP"": ""19.7"", ""Total ROP"": ""19.7"", ""Total Hole Made"": ""63"", ""Total Hrs Drilled"": ""3.2""}], ""Pore Pressure"": [{""Time"": ""00:00"", ""Depth mMD"": ""1567"", ""Depth TVD"": null, ""Equ Mud Weight (g/cm3)"": ""1"", ""Reading"": ""estimated""}], ""Survey Station"": [{""Depth mMD"": ""1472.8"", ""Depth mTVD"": ""1404.6"", ""Inclination (dega)"": ""27.19"", ""Azimuth (dega)"": ""118.74"", ""Comment"": null}, {""Depth mMD"": ""1512.8"", ""Depth mTVD"": ""1440.9"", ""Inclination (dega)"": ""26.83"", ""Azimuth (dega)"": ""118.26"", ""Comment"": null}], ""Log Information"": [{""Run No"": ""101"", ""Service Company"": ""Schlumberger"", ""Depth Top mMD"": ""1463"", ""Depth Bottom mTVD"": ""-999.99"", ""Tool"": ""ARCVRES9"", ""BHST (degC)"": ""-999.99""}], ""Lithology Information"": [{""Start Depth mMD"": ""1463"", ""End Depth mMD"": ""1550"", ""Start Depth mTVD"": ""1399"", ""End Depth mTVD"": ""1478"", ""Shows Description"": null, ""Lithology Description"": ""Claystone with Limestone stringers""}], ""Gas Reading Information"": [{""Time"": ""00:00"", ""Class"": ""drilling gas pea k"", ""Depth to Top mMD"": ""1496"", ""Depth to Bottom MD"": null, ""Depth to Top mTVD"": ""1428.8"", ""Depth to Bottom TVD"": null, ""Highest Gas (%)"": "".87"", ""Lowest Gas ()"": null, ""C1 (ppm)"": ""8174"", ""C2 (ppm)"": ""8"", ""C3 (ppm)"": ""3"", ""IC4 (ppm)"": ""1"", ""IC5 (ppm)"": ""6""}]}"
394,15/9-F-10,15_9_F_10_2009_04_25.pdf,"{""Pore Pressure"": [{""Time"": ""00:00"", ""Depth mMD"": ""1889"", ""Depth TVD"": null, ""Equ Mud Weight (g/cm3)"": ""1"", ""Reading"": ""estimated""}], ""Survey Station"": [{""Depth mMD"": ""1553.3"", ""Depth mTVD"": ""1477.2"", ""Inclination (dega)"": ""26.43"", ""Azimuth (dega)"": ""117.32"", ""Comment"": null}, {""Depth mMD"": ""1633.8"", ""Depth mTVD"": ""1549.5"", ""Inclination (dega)"": ""25.65"", ""Azimuth (dega)"": ""116.79"", ""Comment"": null}, {""Depth mMD"": ""1673.4"", ""Depth mTVD"": ""1585.3"", ""Inclination (dega)"": ""25.27"", ""Azimuth (dega)"": ""116.46"", ""Comment"": null}, {""Depth mMD"": ""1714.1"", ""Depth mTVD"": ""1621.9"", ""Inclination (dega)"": ""26.25"", ""Azimuth (dega)"": ""116.02"", ""Comment"": null}, {""Depth mMD"": ""1754.5"", ""Depth mTVD"": ""1657.7"", ""Inclination (dega)"": ""28.6"", ""Azimuth (dega)"": ""117.2"", ""Comment"": null}, {""Depth mMD"": ""1794.9"", ""Depth mTVD"": ""1692.9"", ""Inclination (dega)"": ""30.38"", ""Azimuth (dega)"": ""118.73"", ""Comment"": null}, {""Depth mMD"": ""1835.3"", ""Depth mTVD"": ""1727.5"", ""Inclination (dega)"": ""32.07"", ""Azimuth (dega)"": ""120.84"", ""Comment"": null}], ""Stratigraphic Information"": [{""Depth to Top of Formation mMD"": ""1235"", ""Depth to Top of Formation mTVD"": ""2276"", ""Description"": ""Hordaland Gp""}], ""Lithology Information"": [{""Start Depth mMD"": ""1550"", ""End Depth mMD"": ""1850"", ""Start Depth mTVD"": ""1473.8"", ""End Depth mTVD"": ""1740.4"", ""Shows Description"": null, ""Lithology Description"": ""Claystone with minor Limestone stringer s""}], ""Gas Reading Information"": [{""Time"": ""00:00"", ""Class"": ""drilling gas pea k"", ""Depth to Top mMD"": ""1706"", ""Depth to Bottom MD"": null, ""Depth to Top mTVD"": ""1587.6"", ""Depth to Bottom TVD"": null, ""Highest Gas (%)"": "".95"", ""Lowest Gas ()"": null, ""C1 (ppm)"": ""5930"", ""C2 (ppm)"": ""15"", ""C3 (ppm)"": ""5"", ""IC4 (ppm)"": ""3"", ""IC5 (ppm)"": ""9""}, {""Time"": ""00:00"", ""Class"": ""drilling gas pea k"", ""Depth to Top mMD"": ""1831"", ""Depth to Bottom MD"": null, ""Depth to Top mTVD"": ""1723.8"", ""Depth to Bottom TVD"": null, ""Highest Gas (%)"": "".76"", ""Lowest Gas ()"": null, ""C1 (ppm)"": ""7515"", ""C2 (ppm)"": ""17"", ""C3 (ppm)"": ""6"", ""IC4 (ppm)"": ""4"", ""IC5 (ppm)"": ""7""}]}"
395,15/9-F-10,15_9_F_10_2009_04_26.pdf,"{""Pore Pressure"": [{""Time"": ""00:00"", ""Depth mMD"": ""2179"", ""Depth TVD"": null, ""Equ Mud Weight (g/cm3)"": ""1"", ""Reading"": ""estimated""}], ""Survey Station"": [{""Depth mMD"": ""1875.8"", ""Depth mTVD"": ""1761.3"", ""Inclination (dega)"": ""34.57"", ""Azimuth (dega)"": ""123.43"", ""Comment"": null}, {""Depth mMD"": ""1916"", ""Depth mTVD"": ""1793.9"", ""Inclination (dega)"": ""37.32"", ""Azimuth (dega)"": ""125.83"", ""Comment"": null}, {""Depth mMD"": ""2002.1"", ""Depth mTVD"": ""1859.1"", ""Inclination (dega)"": ""44.04"", ""Azimuth (dega)"": ""127.68"", ""Comment"": null}, {""Depth mMD"": ""2036.9"", ""Depth mTVD"": ""1884"", ""Inclination (dega)"": ""44.79"", ""Azimuth (dega)"": ""127.31"", ""Comment"": null}, {""Depth mMD"": ""2077.1"", ""Depth mTVD"": ""1912.5"", ""Inclination (dega)"": ""44.92"", ""Azimuth (dega)"": ""126.13"", ""Comment"": null}, {""Depth mMD"": ""2156.9"", ""Depth mTVD"": ""1968.9"", ""Inclination (dega)"": ""45.08"", ""Azimuth (dega)"": ""125.02"", ""Comment"": null}], ""Lithology Information"": [{""Start Depth mMD"": ""1850"", ""End Depth mMD"": ""2160"", ""Start Depth mTVD"": ""1740.4"", ""End Depth mTVD"": ""1971.7"", ""Shows Description"": null, ""Lithology Description"": ""Claystone with minor Limestone stringer s""}], ""Gas Reading Information"": [{""Time"": ""00:00"", ""Class"": ""drilling gas pea k"", ""Depth to Top mMD"": ""1913"", ""Depth to Bottom MD"": null, ""Depth to Top mTVD"": ""1791.5"", ""Depth to Bottom TVD"": null, ""Highest Gas (%)"": "".66"", ""Lowest Gas ()"": null, ""C1 (ppm)"": ""6180"", ""C2 (ppm)"": ""15"", ""C3 (ppm)"": ""6"", ""IC4 (ppm)"": ""4"", ""IC5 (ppm)"": ""6""}, {""Time"": ""00:00"", ""Class"": ""drilling gas pea k"", ""Depth to Top mMD"": ""2000"", ""Depth to Bottom MD"": null, ""Depth to Top mTVD"": ""1858"", ""Depth to Bottom TVD"": null, ""Highest Gas (%)"": "".56"", ""Lowest Gas ()"": null, ""C1 (ppm)"": ""5518"", ""C2 (ppm)"": ""13"", ""C3 (ppm)"": ""5"", ""IC4 (ppm)"": ""3"", ""IC5 (ppm)"": ""4""}, {""Time"": ""00:00"", ""Class"": ""drilling gas pea k"", ""Depth to Top mMD"": ""2099"", ""Depth to Bottom MD"": null, ""Depth to Top mTVD"": ""1924.1"", ""Depth to Bottom TVD"": null, ""Highest Gas (%)"": "".55"", ""Lowest Gas ()"": null, ""C1 (ppm)"": ""5561"", ""C2 (ppm)"": ""16"", ""C3 (ppm)"": ""5"", ""IC4 (ppm)"": ""3"", ""IC5 (ppm)"": ""5""}, {""Time"": ""00:00"", ""Class"": ""drilling gas pea k"", ""Depth to Top mMD"": ""2116"", ""Depth to Bottom MD"": null, ""Depth to Top mTVD"": ""1934.5"", ""Depth to Bottom TVD"": null, ""Highest Gas (%)"": "".63"", ""Lowest Gas ()"": null, ""C1 (ppm)"": ""5838"", ""C2 (ppm)"": ""16"", ""C3 (ppm)"": ""4"", ""IC4 (ppm)"": ""3"", ""IC5 (ppm)"": ""5""}]}"
396,15/9-F-10,15_9_F_10_2009_04_27.pdf,"{""Pore Pressure"": [{""Time"": ""00:00"", ""Depth mMD"": ""2467"", ""Depth TVD"": null, ""Equ Mud Weight (g/cm3)"": ""1"", ""Reading"": ""estimated""}], ""Survey Station"": [{""Depth mMD"": ""2237.8"", ""Depth mTVD"": ""2026"", ""Inclination (dega)"": ""45.02"", ""Azimuth (dega)"": ""124.92"", ""Comment"": null}, {""Depth mMD"": ""2318.5"", ""Depth mTVD"": ""2083.1"", ""Inclination (dega)"": ""45.05"", ""Azimuth (dega)"": ""124.26"", ""Comment"": null}, {""Depth mMD"": ""2359.4"", ""Depth mTVD"": ""2111.9"", ""Inclination (dega)"": ""45.04"", ""Azimuth (dega)"": ""124.04"", ""Comment"": null}, {""Depth mMD"": ""2399.1"", ""Depth mTVD"": ""2140"", ""Inclination (dega)"": ""44.98"", ""Azimuth (dega)"": ""124.64"", ""Comment"": null}, {""Depth mMD"": ""2439.7"", ""Depth mTVD"": ""2168.7"", ""Inclination (dega)"": ""45.08"", ""Azimuth (dega)"": ""125.23"", ""Comment"": null}], ""Lithology Information"": [{""Start Depth mMD"": ""2160"", ""End Depth mMD"": ""2337"", ""Start Depth mTVD"": ""1971.7"", ""End Depth mTVD"": ""2096.8"", ""Shows Description"": null, ""Lithology Description"": ""Claystone with minor Limestone stringers""}, {""Start Depth mMD"": ""2337"", ""End Depth mMD"": ""2440"", ""Start Depth mTVD"": ""2096.8"", ""End Depth mTVD"": ""2169.7"", ""Shows Description"": null, ""Lithology Description"": ""Sandstone, with Claystone, Siltstone and Limestone (Grid Fm )""}], ""Gas Reading Information"": [{""Time"": ""00:00"", ""Class"": ""drilling gas pea k"", ""Depth to Top mMD"": ""2125"", ""Depth to Bottom MD"": null, ""Depth to Top mTVD"": ""1939.9"", ""Depth to Bottom TVD"": null, ""Highest Gas (%)"": "".53"", ""Lowest Gas ()"": null, ""C1 (ppm)"": ""5264"", ""C2 (ppm)"": ""18"", ""C3 (ppm)"": ""5"", ""IC4 (ppm)"": ""3"", ""IC5 (ppm)"": ""4""}, {""Time"": ""00:00"", ""Class"": ""drilling gas pea k"", ""Depth to Top mMD"": ""2191"", ""Depth to Bottom MD"": null, ""Depth to Top mTVD"": ""1992.8"", ""Depth to Bottom TVD"": null, ""Highest Gas (%)"": "".35"", ""Lowest Gas ()"": null, ""C1 (ppm)"": ""3371"", ""C2 (ppm)"": ""7"", ""C3 (ppm)"": ""2"", ""IC4 (ppm)"": ""4"", ""IC5 (ppm)"": ""4""}, {""Time"": ""00:00"", ""Class"": ""drilling gas pea k"", ""Depth to Top mMD"": ""2231"", ""Depth to Bottom MD"": null, ""Depth to Top mTVD"": ""2020.9"", ""Depth to Bottom TVD"": null, ""Highest Gas (%)"": "".34"", ""Lowest Gas ()"": null, ""C1 (ppm)"": ""3287"", ""C2 (ppm)"": ""7"", ""C3 (ppm)"": ""2"", ""IC4 (ppm)"": ""4"", ""IC5 (ppm)"": ""4""}, {""Time"": ""00:00"", ""Class"": ""drilling gas pea k"", ""Depth to Top mMD"": ""2270"", ""Depth to Bottom MD"": null, ""Depth to Top mTVD"": ""2048.3"", ""Depth to Bottom TVD"": null, ""Highest Gas (%)"": "".33"", ""Lowest Gas ()"": null, ""C1 (ppm)"": ""2944"", ""C2 (ppm)"": ""7"", ""C3 (ppm)"": ""2"", ""IC4 (ppm)"": ""5"", ""IC5 (ppm)"": ""5""}, {""Time"": ""00:00"", ""Class"": ""drilling gas pea k"", ""Depth to Top mMD"": ""2367"", ""Depth to Bottom MD"": null, ""Depth to Top mTVD"": ""2117.3"", ""Depth to Bottom TVD"": null, ""Highest Gas (%)"": "".31"", ""Lowest Gas ()"": null, ""C1 (ppm)"": ""2761"", ""C2 (ppm)"": ""27"", ""C3 (ppm)"": ""13"", ""IC4 (ppm)"": ""5"", ""IC5 (ppm)"": ""9""}, {""Time"": ""00:00"", ""Class"": ""drilling gas pea k"", ""Depth to Top mMD"": ""2413"", ""Depth to Bottom MD"": null, ""Depth to Top mTVD"": ""2149.8"", ""Depth to Bottom TVD"": null, ""Highest Gas (%)"": "".38"", ""Lowest Gas ()"": null, ""C1 (ppm)"": ""3756"", ""C2 (ppm)"": ""42"", ""C3 (ppm)"": ""8"", ""IC4 (ppm)"": ""5"", ""IC5 (ppm)"": ""8""}]}"
397,15/9-F-10,15_9_F_10_2009_04_28.pdf,"{""Pore Pressure"": [{""Time"": ""00:00"", ""Depth mMD"": ""2616"", ""Depth TVD"": null, ""Equ Mud Weight (g/cm3)"": ""1"", ""Reading"": ""estimated""}], ""Survey Station"": [{""Depth mMD"": ""2479.8"", ""Depth mTVD"": ""2197.1"", ""Inclination (dega)"": ""44.68"", ""Azimuth (dega)"": ""125.28"", ""Comment"": null}, {""Depth mMD"": ""2519.9"", ""Depth mTVD"": ""2225.6"", ""Inclination (dega)"": ""44.74"", ""Azimuth (dega)"": ""124.88"", ""Comment"": null}, {""Depth mMD"": ""2600.4"", ""Depth mTVD"": ""2282.9"", ""Inclination (dega)"": ""44.53"", ""Azimuth (dega)"": ""126.09"", ""Comment"": null}], ""Stratigraphic Information"": [{""Depth to Top of Formation mMD"": ""2420"", ""Depth to Top of Formation mTVD"": ""2081"", ""Description"": ""Grid Fm""}, {""Depth to Top of Formation mMD"": ""2591"", ""Depth to Top of Formation mTVD"": ""2276.2"", ""Description"": ""Rogaland Gp""}], ""Lithology Information"": [{""Start Depth mMD"": ""2450"", ""End Depth mMD"": ""2540"", ""Start Depth mTVD"": ""2176.7"", ""End Depth mTVD"": ""2240.3"", ""Shows Description"": null, ""Lithology Description"": ""Claystone with minor limestone stringers""}, {""Start Depth mMD"": ""2540"", ""End Depth mMD"": ""2590"", ""Start Depth mTVD"": ""2240.3"", ""End Depth mTVD"": ""2275.6"", ""Shows Description"": null, ""Lithology Description"": ""Varicoloured Claystone with minor limestone stringer s""}, {""Start Depth mMD"": ""2590"", ""End Depth mMD"": ""2616"", ""Start Depth mTVD"": ""2275.6"", ""End Depth mTVD"": ""2294"", ""Shows Description"": null, ""Lithology Description"": ""Varicoloured Claystone, Tuff, and minor Limestone""}], ""Gas Reading Information"": [{""Time"": ""00:00"", ""Class"": ""drilling gas pea k"", ""Depth to Top mMD"": ""2473"", ""Depth to Bottom MD"": null, ""Depth to Top mTVD"": ""2192.2"", ""Depth to Bottom TVD"": null, ""Highest Gas (%)"": "".66"", ""Lowest Gas ()"": null, ""C1 (ppm)"": ""6588"", ""C2 (ppm)"": ""61"", ""C3 (ppm)"": ""16"", ""IC4 (ppm)"": ""6"", ""IC5 (ppm)"": ""8""}, {""Time"": ""00:00"", ""Class"": ""drilling gas pea k"", ""Depth to Top mMD"": ""2493"", ""Depth to Bottom MD"": null, ""Depth to Top mTVD"": ""2206.3"", ""Depth to Bottom TVD"": null, ""Highest Gas (%)"": "".45"", ""Lowest Gas ()"": null, ""C1 (ppm)"": ""4315"", ""C2 (ppm)"": ""45"", ""C3 (ppm)"": ""16"", ""IC4 (ppm)"": ""6"", ""IC5 (ppm)"": ""9""}, {""Time"": ""00:00"", ""Class"": ""drilling gas pea k"", ""Depth to Top mMD"": ""2603"", ""Depth to Bottom MD"": null, ""Depth to Top mTVD"": ""2284.6"", ""Depth to Bottom TVD"": null, ""Highest Gas (%)"": "".5"", ""Lowest Gas ()"": null, ""C1 (ppm)"": ""4384"", ""C2 (ppm)"": ""61"", ""C3 (ppm)"": ""14"", ""IC4 (ppm)"": ""7"", ""IC5 (ppm)"": ""8""}]}"
398,15/9-F-10,15_9_F_10_2009_04_29.pdf,"{""Pore Pressure"": [{""Time"": ""00:00"", ""Depth mMD"": ""2616"", ""Depth TVD"": null, ""Equ Mud Weight (g/cm3)"": ""1"", ""Reading"": ""estimated""}]}"
399,15/9-F-10,15_9_F_10_2009_04_30.pdf,"{""Pore Pressure"": [{""Time"": ""00:00"", ""Depth mMD"": ""2616"", ""Depth TVD"": null, ""Equ Mud Weight (g/cm3)"": ""1"", ""Reading"": ""estimated""}], ""Log Information"": [{""Run No"": ""102"", ""Service Company"": ""Schlumberger"", ""Depth Top mMD"": ""1463"", ""Depth Bottom mTVD"": ""2616"", ""Tool"": ""ARCVRES9"", ""BHST (degC)"": ""-999.99""}]}"
400,15/9-F-10,15_9_F_10_2009_05_01.pdf,"{""Bit Record"": [{""Run No."": ""4"", ""Bit Size"": ""17.5 in"", ""Bit Type"": ""RSR716M-C 9"", ""IADC Code"": null, ""Manufacturer"": ""REED"", ""Hrs Drilled"": ""74.1"", ""Start mMD"": ""1463"", ""End mMD"": ""1463"", ""Hole Made (last 24H)"": null, ""Hours Drilled (last 24H)"": null, ""Form ROP"": ""15.6"", ""Total ROP"": ""15.6"", ""Total Hole Made"": ""1153"", ""Total Hrs Drilled"": ""74.1""}]}"
401,15/9-F-10,15_9_F_10_2009_05_02.pdf,{}
402,15/9-F-10,15_9_F_10_2009_05_03.pdf,"{""Pore Pressure"": [{""Time"": ""00:00"", ""Depth mMD"": ""2616"", ""Depth TVD"": null, ""Equ Mud Weight (g/cm3)"": ""1.01"", ""Reading"": ""estimated""}]}"
403,15/9-F-10,15_9_F_10_2009_05_04.pdf,"{""Pore Pressure"": [{""Time"": ""00:00"", ""Depth mMD"": ""2616"", ""Depth TVD"": null, ""Equ Mud Weight (g/cm3)"": ""1.01"", ""Reading"": ""estimated""}], ""Casing Liner Tubing"": [{""start_time"": ""08:45"", ""end_time"": ""04:45"", ""type_of_pipe"": ""Casing"", ""casing_type"": ""Intermediate"", ""outside_diameter_in"": ""13.375"", ""inside_diameter_in"": ""12.347"", ""weight_lbm_ft"": ""72"", ""grade"": ""P-110"", ""connection"": ""Vam TOP"", ""length_m"": ""2467.2"", ""top_mmd"": ""140.3"", ""bottom_mmd"": ""2607.5"", ""description"": ""17 1/2\"" Drilling BHA"", ""comment"": null}]}"
404,15/9-F-10,15_9_F_10_2009_05_05.pdf,"{""Pore Pressure"": [{""Time"": ""00:00"", ""Depth mMD"": ""2616"", ""Depth TVD"": null, ""Equ Mud Weight (g/cm3)"": ""1.01"", ""Reading"": ""estimated""}]}"
405,15/9-F-10,15_9_F_10_2009_05_06.pdf,"{""Pore Pressure"": [{""Time"": ""00:00"", ""Depth mMD"": ""2616"", ""Depth TVD"": null, ""Equ Mud Weight (g/cm3)"": ""1.01"", ""Reading"": ""estimated""}]}"
406,15/9-F-10,15_9_F_10_2009_05_07.pdf,"{""Pore Pressure"": [{""Time"": ""00:00"", ""Depth mMD"": ""2825"", ""Depth TVD"": null, ""Equ Mud Weight (g/cm3)"": ""1.01"", ""Reading"": ""estimated""}], ""Survey Station"": [{""Depth mMD"": ""2625.4"", ""Depth mTVD"": ""2300.8"", ""Inclination (dega)"": ""44.18"", ""Azimuth (dega)"": ""126.28"", ""Comment"": null}, {""Depth mMD"": ""2665.7"", ""Depth mTVD"": ""2329.5"", ""Inclination (dega)"": ""44.88"", ""Azimuth (dega)"": ""125.57"", ""Comment"": null}, {""Depth mMD"": ""2705.9"", ""Depth mTVD"": ""2357.9"", ""Inclination (dega)"": ""45.37"", ""Azimuth (dega)"": ""126.06"", ""Comment"": null}, {""Depth mMD"": ""2746.2"", ""Depth mTVD"": ""2386.1"", ""Inclination (dega)"": ""45.78"", ""Azimuth (dega)"": ""126.69"", ""Comment"": null}, {""Depth mMD"": ""2786.6"", ""Depth mTVD"": ""2414.1"", ""Inclination (dega)"": ""46.68"", ""Azimuth (dega)"": ""126.08"", ""Comment"": null}], ""Stratigraphic Information"": [{""Depth to Top of Formation mMD"": ""2671.5"", ""Depth to Top of Formation mTVD"": ""2333.5"", ""Description"": ""Sele Fm""}]}"
407,15/9-F-10,15_9_F_10_2009_05_08.pdf,"{""Bit Record"": [{""Run No."": ""5"", ""Bit Size"": ""12.25 in"", ""Bit Type"": ""MDI716"", ""IADC Code"": ""M323"", ""Manufacturer"": ""Smith Internation al"", ""Hrs Drilled"": ""8.5"", ""Start mMD"": ""2616"", ""End mMD"": ""2616"", ""Hole Made (last 24H)"": null, ""Hours Drilled (last 24H)"": null, ""Form ROP"": ""24.6"", ""Total ROP"": ""24.6"", ""Total Hole Made"": ""209"", ""Total Hrs Drilled"": ""8.5""}], ""Pore Pressure"": [{""Time"": ""00:00"", ""Depth mMD"": ""2825"", ""Depth TVD"": null, ""Equ Mud Weight (g/cm3)"": ""1.01"", ""Reading"": ""estimated""}], ""Survey Station"": [{""Depth mMD"": ""2827.1"", ""Depth mTVD"": ""2441.7"", ""Inclination (dega)"": ""47.37"", ""Azimuth (dega)"": ""126.78"", ""Comment"": null}, {""Depth mMD"": ""2867"", ""Depth mTVD"": ""2467.8"", ""Inclination (dega)"": ""50.97"", ""Azimuth (dega)"": ""125.56"", ""Comment"": null}], ""Stratigraphic Information"": [{""Depth to Top of Formation mMD"": ""2888"", ""Depth to Top of Formation mTVD"": ""2480"", ""Description"": ""Heimdal Fm""}, {""Depth to Top of Formation mMD"": ""2899"", ""Depth to Top of Formation mTVD"": ""2487"", ""Description"": ""Ty Fm""}]}"
408,15/9-F-10,15_9_F_10_2009_05_09.pdf,"{""Pore Pressure"": [{""Time"": ""00:00"", ""Depth mMD"": ""3280"", ""Depth TVD"": null, ""Equ Mud Weight (g/cm3)"": ""1.03"", ""Reading"": ""estimated""}], ""Survey Station"": [{""Depth mMD"": ""2916.7"", ""Depth mTVD"": ""2498"", ""Inclination (dega)"": ""54.14"", ""Azimuth (dega)"": ""124.5"", ""Comment"": null}, {""Depth mMD"": ""2947.7"", ""Depth mTVD"": ""2515.6"", ""Inclination (dega)"": ""56.47"", ""Azimuth (dega)"": ""123.94"", ""Comment"": null}, {""Depth mMD"": ""2988.1"", ""Depth mTVD"": ""2537"", ""Inclination (dega)"": ""59.76"", ""Azimuth (dega)"": ""123.25"", ""Comment"": null}, {""Depth mMD"": ""3028.4"", ""Depth mTVD"": ""2556.4"", ""Inclination (dega)"": ""62.56"", ""Azimuth (dega)"": ""121.73"", ""Comment"": null}, {""Depth mMD"": ""3068.3"", ""Depth mTVD"": ""2573.7"", ""Inclination (dega)"": ""65.91"", ""Azimuth (dega)"": ""121.12"", ""Comment"": null}, {""Depth mMD"": ""3108.6"", ""Depth mTVD"": ""2589"", ""Inclination (dega)"": ""69.51"", ""Azimuth (dega)"": ""120.26"", ""Comment"": null}, {""Depth mMD"": ""3149.2"", ""Depth mTVD"": ""2602.3"", ""Inclination (dega)"": ""72.22"", ""Azimuth (dega)"": ""120.17"", ""Comment"": null}, {""Depth mMD"": ""3192.6"", ""Depth mTVD"": ""2615"", ""Inclination (dega)"": ""73.84"", ""Azimuth (dega)"": ""119.84"", ""Comment"": null}, {""Depth mMD"": ""3230.2"", ""Depth mTVD"": ""2624.6"", ""Inclination (dega)"": ""76.5"", ""Azimuth (dega)"": ""120.17"", ""Comment"": null}], ""Log Information"": [{""Run No"": ""103"", ""Service Company"": ""Schlumberger"", ""Depth Top mMD"": ""2616"", ""Depth Bottom mTVD"": ""2598"", ""Tool"": ""ARCVRES8"", ""BHST (degC)"": ""-999.99""}, {""Run No"": ""105"", ""Service Company"": ""Schlumberger"", ""Depth Top mMD"": ""2598"", ""Depth Bottom mTVD"": ""3319"", ""Tool"": ""ARCVRES8"", ""BHST (degC)"": ""-999.99""}], ""Lithology Information"": [{""Start Depth mMD"": ""2825"", ""End Depth mMD"": ""2888"", ""Start Depth mTVD"": ""2440"", ""End Depth mTVD"": ""2480"", ""Shows Description"": null, ""Lithology Description"": ""Claystones with traces of Limestone""}, {""Start Depth mMD"": ""2888"", ""End Depth mMD"": ""2899"", ""Start Depth mTVD"": ""2480"", ""End Depth mTVD"": ""2487"", ""Shows Description"": null, ""Lithology Description"": ""Claystone with Limestone and Sandstone (Heimdal Fm)""}, {""Start Depth mMD"": ""2899"", ""End Depth mMD"": ""3266"", ""Start Depth mTVD"": ""2487"", ""End Depth mTVD"": ""2632"", ""Shows Description"": null, ""Lithology Description"": ""Sandstones with Claystone stringers and trace Limestone (Ty Fm )""}]}"
409,15/9-F-10,15_9_F_10_2009_05_10.pdf,"{""Survey Station"": [{""Depth mMD"": ""3270.4"", ""Depth mTVD"": ""2633.4"", ""Inclination (dega)"": ""78.35"", ""Azimuth (dega)"": ""119.88"", ""Comment"": null}], ""Stratigraphic Information"": [{""Depth to Top of Formation mMD"": ""3266"", ""Depth to Top of Formation mTVD"": ""2632"", ""Description"": ""Ekofisk Fm""}], ""Lithology Information"": [{""Start Depth mMD"": ""3266"", ""End Depth mMD"": ""3315"", ""Start Depth mTVD"": ""2632"", ""End Depth mTVD"": ""2641"", ""Shows Description"": null, ""Lithology Description"": ""Limestone""}]}"
410,15/9-F-10,15_9_F_10_2009_05_11.pdf,"{""Pore Pressure"": [{""Time"": ""00:00"", ""Depth mMD"": ""3319"", ""Depth TVD"": null, ""Equ Mud Weight (g/cm3)"": ""1.03"", ""Reading"": ""estimated""}], ""Lithology Information"": [{""Start Depth mMD"": ""3315"", ""End Depth mMD"": ""3319"", ""Start Depth mTVD"": ""2641"", ""End Depth mTVD"": ""2641.6"", ""Shows Description"": null, ""Lithology Description"": null}]}"
411,15/9-F-10,15_9_F_10_2009_05_12.pdf,"{""Bit Record"": [{""Run No."": ""6"", ""Bit Size"": ""12.25 in"", ""Bit Type"": ""MDI716"", ""IADC Code"": ""M323"", ""Manufacturer"": ""Smith Internation al"", ""Hrs Drilled"": ""49.2"", ""Start mMD"": ""2825"", ""End mMD"": ""2825"", ""Hole Made (last 24H)"": null, ""Hours Drilled (last 24H)"": null, ""Form ROP"": ""10"", ""Total ROP"": ""10"", ""Total Hole Made"": ""494"", ""Total Hrs Drilled"": ""49.2""}], ""Pore Pressure"": [{""Time"": ""00:00"", ""Depth mMD"": ""3319"", ""Depth TVD"": null, ""Equ Mud Weight (g/cm3)"": ""1.03"", ""Reading"": ""estimated""}]}"
412,15/9-F-10,15_9_F_10_2009_05_13.pdf,"{""Pore Pressure"": [{""Time"": ""00:00"", ""Depth mMD"": ""3433"", ""Depth TVD"": null, ""Equ Mud Weight (g/cm3)"": ""1.03"", ""Reading"": ""estimated""}], ""Survey Station"": [{""Depth mMD"": ""3311.3"", ""Depth mTVD"": ""2640.7"", ""Inclination (dega)"": ""80.89"", ""Azimuth (dega)"": ""120.36"", ""Comment"": null}, {""Depth mMD"": ""3351.1"", ""Depth mTVD"": ""2646.1"", ""Inclination (dega)"": ""83.52"", ""Azimuth (dega)"": ""121.19"", ""Comment"": null}, {""Depth mMD"": ""3389.8"", ""Depth mTVD"": ""2649.8"", ""Inclination (dega)"": ""85.52"", ""Azimuth (dega)"": ""121.43"", ""Comment"": null}, {""Depth mMD"": ""3426.6"", ""Depth mTVD"": ""2652.7"", ""Inclination (dega)"": ""85.4"", ""Azimuth (dega)"": ""121.89"", ""Comment"": null}], ""Log Information"": [{""Run No"": ""107"", ""Service Company"": ""Schlumberger"", ""Depth Top mMD"": ""3319"", ""Depth Bottom mTVD"": ""3442"", ""Tool"": ""ARCVRES8"", ""BHST (degC)"": ""-999.99""}], ""Stratigraphic Information"": [{""Depth to Top of Formation mMD"": ""2758"", ""Depth to Top of Formation mTVD"": ""2394.5"", ""Description"": ""Lista Fm""}], ""Lithology Information"": [{""Start Depth mMD"": ""3319"", ""End Depth mMD"": ""3433"", ""Start Depth mTVD"": ""2641"", ""End Depth mTVD"": ""2652"", ""Shows Description"": null, ""Lithology Description"": ""Limestone""}]}"
413,15/9-F-10,15_9_F_10_2009_05_14.pdf,"{""Pore Pressure"": [{""Time"": ""00:00"", ""Depth mMD"": ""3442"", ""Depth TVD"": null, ""Equ Mud Weight (g/cm3)"": ""1.03"", ""Reading"": ""estimated""}], ""Lithology Information"": [{""Start Depth mMD"": ""3433"", ""End Depth mMD"": ""3442"", ""Start Depth mTVD"": ""2652"", ""End Depth mTVD"": ""2653.9"", ""Shows Description"": null, ""Lithology Description"": ""Limestone""}]}"
414,15/9-F-10,15_9_F_10_2009_05_15.pdf,"{""Bit Record"": [{""Run No."": ""7"", ""Bit Size"": ""12.25 in"", ""Bit Type"": ""RSX819S"", ""IADC Code"": ""S422"", ""Manufacturer"": ""HYCALOG"", ""Hrs Drilled"": ""18.7"", ""Start mMD"": ""3319"", ""End mMD"": ""3319"", ""Hole Made (last 24H)"": null, ""Hours Drilled (last 24H)"": null, ""Form ROP"": ""6.6"", ""Total ROP"": ""6.6"", ""Total Hole Made"": ""123"", ""Total Hrs Drilled"": ""18.7""}]}"
415,15/9-F-10,15_9_F_10_2009_05_16.pdf,"{""Casing Liner Tubing"": [{""start_time"": ""01:45"", ""end_time"": ""12:45"", ""type_of_pipe"": ""Liner"", ""casing_type"": ""Production"", ""outside_diameter_in"": ""9.625"", ""inside_diameter_in"": ""8.535"", ""weight_lbm_ft"": ""53.5"", ""grade"": ""C-95"", ""connection"": ""Vam TOP"", ""length_m"": ""934"", ""top_mmd"": ""2507"", ""bottom_mmd"": ""3441"", ""description"": ""12 1/4\"" Drilling BHA"", ""comment"": null}]}"
416,15/9-F-10,15_9_F_10_2009_05_17.pdf,{}
417,15/9-F-10,15_9_F_10_2009_05_18.pdf,{}
418,15/9-F-10,15_9_F_10_2009_05_19.pdf,{}
419,15/9-F-10,15_9_F_10_2009_05_20.pdf,{}
420,15/9-F-10,15_9_F_10_2009_05_21.pdf,"{""Survey Station"": [{""Depth mMD"": ""3484.8"", ""Depth mTVD"": ""2657.2"", ""Inclination (dega)"": ""85.77"", ""Azimuth (dega)"": ""122.97"", ""Comment"": null}]}"
421,15/9-F-10,15_9_F_10_2009_05_22.pdf,"{""Pore Pressure"": [{""Time"": ""00:00"", ""Depth mMD"": ""3600"", ""Depth TVD"": null, ""Equ Mud Weight (g/cm3)"": ""1.06"", ""Reading"": ""measured""}], ""Survey Station"": [{""Depth mMD"": ""3565.5"", ""Depth mTVD"": ""2663.1"", ""Inclination (dega)"": ""85.77"", ""Azimuth (dega)"": ""123.79"", ""Comment"": null}], ""Stratigraphic Information"": [{""Depth to Top of Formation mMD"": ""3492.5"", ""Depth to Top of Formation mTVD"": ""2657.6"", ""Description"": ""Tor Fm""}], ""Lithology Information"": [{""Start Depth mMD"": ""3450"", ""End Depth mMD"": ""3580"", ""Start Depth TVD"": null, ""End Depth TVD"": null, ""Shows Description"": null, ""Lithology Description"": ""Predominantly limestone, very slightly argillaceous in places.""}]}"
422,15/9-F-10,15_9_F_10_2009_05_23.pdf,"{""Pore Pressure"": [{""Time"": ""00:00"", ""Depth mMD"": ""3675"", ""Depth TVD"": null, ""Equ Mud Weight (g/cm3)"": ""1.06"", ""Reading"": ""estimated""}], ""Survey Station"": [{""Depth mMD"": ""3605.4"", ""Depth mTVD"": ""2666.1"", ""Inclination (dega)"": ""85.85"", ""Azimuth (dega)"": ""123.97"", ""Comment"": null}, {""Depth mMD"": ""3646.4"", ""Depth mTVD"": ""2669"", ""Inclination (dega)"": ""85.79"", ""Azimuth (dega)"": ""123.69"", ""Comment"": null}], ""Lithology Information"": [{""Start Depth mMD"": ""3580"", ""End Depth mMD"": ""3660"", ""Start Depth TVD"": null, ""End Depth TVD"": null, ""Shows Description"": null, ""Lithology Description"": ""Limestone, very slightly argillaceous in places.""}]}"
423,15/9-F-10,15_9_F_10_2009_05_24.pdf,"{""Bit Record"": [{""Run No."": ""9"", ""Bit Size"": ""8.5 in"", ""Bit Type"": ""RSR716D-C 8"", ""IADC Code"": ""M422"", ""Manufacturer"": ""Reed-Hycalog"", ""Hrs Drilled"": ""75.7"", ""Start mMD"": ""3442"", ""End mMD"": ""3442"", ""Hole Made (last 24H)"": null, ""Hours Drilled (last 24H)"": null, ""Form ROP"": ""3.3"", ""Total ROP"": ""3.3"", ""Total Hole Made"": ""253.5"", ""Total Hrs Drilled"": ""75.7""}], ""Pore Pressure"": [{""Time"": ""00:00"", ""Depth mMD"": ""3695.5"", ""Depth TVD"": null, ""Equ Mud Weight (g/cm3)"": ""1.06"", ""Reading"": ""estimated""}], ""Log Information"": [{""Run No"": ""109"", ""Service Company"": ""Schlumberger"", ""Depth Top mMD"": ""3442"", ""Depth Bottom mTVD"": ""3695.5"", ""Tool"": ""ECOSCOPE - STETHSCOPE - TELESCOPE - ISON"", ""BHST (degC)"": ""-999.99""}], ""Lithology Information"": [{""Start Depth mMD"": ""3670"", ""End Depth mMD"": ""3690"", ""Start Depth TVD"": null, ""End Depth TVD"": null, ""Shows Description"": null, ""Lithology Description"": ""Limestone, very slightly argillaceous in places.""}]}"
424,15/9-F-10,15_9_F_10_2009_05_25.pdf,"{""Pore Pressure"": [{""Time"": ""00:00"", ""Depth mMD"": ""3862.5"", ""Depth TVD"": null, ""Equ Mud Weight (g/cm3)"": ""1.07"", ""Reading"": ""estimated""}], ""Survey Station"": [{""Depth mMD"": ""3688"", ""Depth mTVD"": ""2672"", ""Inclination (dega)"": ""85.91"", ""Azimuth (dega)"": ""122.41"", ""Comment"": null}, {""Depth mMD"": ""3728.3"", ""Depth mTVD"": ""2677.8"", ""Inclination (dega)"": ""86.2"", ""Azimuth (dega)"": ""119.37"", ""Comment"": null}, {""Depth mMD"": ""3768.9"", ""Depth mTVD"": ""2677.8"", ""Inclination (dega)"": ""85.37"", ""Azimuth (dega)"": ""119.94"", ""Comment"": null}, {""Depth mMD"": ""3809.7"", ""Depth mTVD"": ""2681"", ""Inclination (dega)"": ""85.57"", ""Azimuth (dega)"": ""120.88"", ""Comment"": null}], ""Lithology Information"": [{""Start Depth mMD"": ""3690"", ""End Depth mMD"": ""3840"", ""Start Depth TVD"": null, ""End Depth TVD"": null, ""Shows Description"": null, ""Lithology Description"": ""Interval of variably hard limestone; very slightly argillaceous in places. Rare, very thin claystone horizons also occur .""}]}"
425,15/9-F-10,15_9_F_10_2009_05_26.pdf,"{""Pore Pressure"": [{""Time"": ""00:00"", ""Depth mMD"": ""4266"", ""Depth TVD"": null, ""Equ Mud Weight (g/cm3)"": ""1.07"", ""Reading"": ""estimated""}], ""Survey Station"": [{""Depth mMD"": ""3843"", ""Depth mTVD"": ""2638.6"", ""Inclination (dega)"": ""85.56"", ""Azimuth (dega)"": ""122.62"", ""Comment"": null}, {""Depth mMD"": ""3890.2"", ""Depth mTVD"": ""2687.3"", ""Inclination (dega)"": ""85.54"", ""Azimuth (dega)"": ""123.89"", ""Comment"": null}, {""Depth mMD"": ""3928.3"", ""Depth mTVD"": ""2690.3"", ""Inclination (dega)"": ""85.45"", ""Azimuth (dega)"": ""124.71"", ""Comment"": null}, {""Depth mMD"": ""3969.7"", ""Depth mTVD"": ""2693.6"", ""Inclination (dega)"": ""85.33"", ""Azimuth (dega)"": ""125.47"", ""Comment"": null}, {""Depth mMD"": ""4009.5"", ""Depth mTVD"": ""2696.8"", ""Inclination (dega)"": ""85.54"", ""Azimuth (dega)"": ""126.31"", ""Comment"": null}, {""Depth mMD"": ""4049.9"", ""Depth mTVD"": ""2700.1"", ""Inclination (dega)"": ""85.02"", ""Azimuth (dega)"": ""127.2"", ""Comment"": null}, {""Depth mMD"": ""4091.1"", ""Depth mTVD"": ""2703.2"", ""Inclination (dega)"": ""86.28"", ""Azimuth (dega)"": ""125.6"", ""Comment"": null}, {""Depth mMD"": ""4132.1"", ""Depth mTVD"": ""2705.9"", ""Inclination (dega)"": ""86.08"", ""Azimuth (dega)"": ""118.05"", ""Comment"": null}, {""Depth mMD"": ""4172.5"", ""Depth mTVD"": ""2709"", ""Inclination (dega)"": ""85.25"", ""Azimuth (dega)"": ""113.91"", ""Comment"": null}, {""Depth mMD"": ""4212.8"", ""Depth mTVD"": ""2712.2"", ""Inclination (dega)"": ""85.63"", ""Azimuth (dega)"": ""119.43"", ""Comment"": null}], ""Lithology Information"": [{""Start Depth mMD"": ""3850"", ""End Depth mMD"": ""4220"", ""Start Depth TVD"": null, ""End Depth TVD"": null, ""Shows Description"": null, ""Lithology Description"": ""Interval of variably hard limestone; very slightly argillaceous in places. Rare, very thin claystone horizons also occur .""}]}"
426,15/9-F-10,15_9_F_10_2009_05_27.pdf,"{""Pore Pressure"": [{""Time"": ""00:00"", ""Depth mMD"": ""4549"", ""Depth TVD"": null, ""Equ Mud Weight (g/cm3)"": ""1.07"", ""Reading"": ""estimated""}], ""Survey Station"": [{""Depth mMD"": ""4252.8"", ""Depth mTVD"": ""2715.3"", ""Inclination (dega)"": ""85.54"", ""Azimuth (dega)"": ""123.01"", ""Comment"": null}, {""Depth mMD"": ""4291.7"", ""Depth mTVD"": ""2718.2"", ""Inclination (dega)"": ""85.85"", ""Azimuth (dega)"": ""128.42"", ""Comment"": null}, {""Depth mMD"": ""4334.3"", ""Depth mTVD"": ""2721.3"", ""Inclination (dega)"": ""85.82"", ""Azimuth (dega)"": ""131.37"", ""Comment"": null}, {""Depth mMD"": ""4374.6"", ""Depth mTVD"": ""2724.2"", ""Inclination (dega)"": ""86.06"", ""Azimuth (dega)"": ""131.14"", ""Comment"": null}, {""Depth mMD"": ""4415.1"", ""Depth mTVD"": ""2726.9"", ""Inclination (dega)"": ""86.05"", ""Azimuth (dega)"": ""131.5"", ""Comment"": null}, {""Depth mMD"": ""4455.4"", ""Depth mTVD"": ""2729.7"", ""Inclination (dega)"": ""86.17"", ""Azimuth (dega)"": ""131.51"", ""Comment"": null}, {""Depth mMD"": ""4495.7"", ""Depth mTVD"": ""2732.1"", ""Inclination (dega)"": ""86.83"", ""Azimuth (dega)"": ""131.74"", ""Comment"": null}, {""Depth mMD"": ""4535.6"", ""Depth mTVD"": ""2734"", ""Inclination (dega)"": ""87.71"", ""Azimuth (dega)"": ""131.8"", ""Comment"": null}], ""Log Information"": [{""Run No"": ""108"", ""Service Company"": ""Schlumberger"", ""Depth Top mMD"": ""3695.5"", ""Depth Bottom mTVD"": ""4750"", ""Tool"": ""TELESCOPE"", ""BHST (degC)"": ""-999.99""}], ""Lithology Information"": [{""Start Depth mMD"": ""4230"", ""End Depth mMD"": ""4540"", ""Start Depth TVD"": null, ""End Depth TVD"": null, ""Shows Description"": null, ""Lithology Description"": ""Interval of variably hard limestone with occasional thin claystone horizons .""}]}"
427,15/9-F-10,15_9_F_10_2009_05_28.pdf,"{""Pore Pressure"": [{""Time"": ""00:00"", ""Depth mMD"": ""4750"", ""Depth TVD"": null, ""Equ Mud Weight (g/cm3)"": ""1.08"", ""Reading"": ""estimated""}], ""Survey Station"": [{""Depth mMD"": ""4576.2"", ""Depth mTVD"": ""2736.4"", ""Inclination (dega)"": ""85.71"", ""Azimuth (dega)"": ""131.07"", ""Comment"": null}, {""Depth mMD"": ""4616.5"", ""Depth mTVD"": ""2739.4"", ""Inclination (dega)"": ""85.65"", ""Azimuth (dega)"": ""131.64"", ""Comment"": null}, {""Depth mMD"": ""4656.9"", ""Depth mTVD"": ""2742.4"", ""Inclination (dega)"": ""85.71"", ""Azimuth (dega)"": ""132.19"", ""Comment"": null}, {""Depth mMD"": ""4696.8"", ""Depth mTVD"": ""2745.9"", ""Inclination (dega)"": ""84.25"", ""Azimuth (dega)"": ""131.74"", ""Comment"": null}], ""Stratigraphic Information"": [{""Depth to Top of Formation mMD"": ""4625"", ""Depth to Top of Formation mTVD"": ""2739.8"", ""Description"": ""Hod Fm""}], ""Lithology Information"": [{""Start Depth mMD"": ""4550"", ""End Depth mMD"": ""4620"", ""Start Depth TVD"": null, ""End Depth TVD"": null, ""Shows Description"": null, ""Lithology Description"": ""Limestone interval with thin claystone interbedding.""}, {""Start Depth mMD"": ""4630"", ""End Depth mMD"": ""4730"", ""Start Depth TVD"": null, ""End Depth TVD"": null, ""Shows Description"": null, ""Lithology Description"": ""Limestone interval with thin claystone interbedding.""}]}"
428,15/9-F-10,15_9_F_10_2009_05_29.pdf,"{""Pore Pressure"": [{""Time"": ""00:00"", ""Depth mMD"": ""4911.4"", ""Depth TVD"": null, ""Equ Mud Weight (g/cm3)"": ""1.08"", ""Reading"": ""estimated""}], ""Survey Station"": [{""Depth mMD"": ""4737.4"", ""Depth mTVD"": ""2750.5"", ""Inclination (dega)"": ""82.81"", ""Azimuth (dega)"": ""130.52"", ""Comment"": null}, {""Depth mMD"": ""4777.6"", ""Depth mTVD"": ""2756.2"", ""Inclination (dega)"": ""80.87"", ""Azimuth (dega)"": ""130.2"", ""Comment"": null}, {""Depth mMD"": ""4818"", ""Depth mTVD"": ""2763.8"", ""Inclination (dega)"": ""77.41"", ""Azimuth (dega)"": ""129.45"", ""Comment"": null}, {""Depth mMD"": ""4858.4"", ""Depth mTVD"": ""2774"", ""Inclination (dega)"": ""73.57"", ""Azimuth (dega)"": ""129.36"", ""Comment"": null}, {""Depth mMD"": ""4894.4"", ""Depth mTVD"": ""2785.4"", ""Inclination (dega)"": ""69.4"", ""Azimuth (dega)"": ""129.21"", ""Comment"": null}], ""Lithology Information"": [{""Start Depth mMD"": ""4740"", ""End Depth mMD"": ""4910"", ""Start Depth TVD"": null, ""End Depth TVD"": null, ""Shows Description"": null, ""Lithology Description"": ""Limestone interval with thin claystone interbedding.""}]}"
429,15/9-F-10,15_9_F_10_2009_05_30.pdf,"{""Pore Pressure"": [{""Time"": ""00:00"", ""Depth mMD"": ""4911.4"", ""Depth TVD"": null, ""Equ Mud Weight (g/cm3)"": ""1.08"", ""Reading"": ""estimated""}]}"
430,15/9-F-10,15_9_F_10_2009_05_31.pdf,"{""Bit Record"": [{""Run No."": ""10"", ""Bit Size"": ""8.5 in"", ""Bit Type"": ""RSR816M-C 1"", ""IADC Code"": ""M422"", ""Manufacturer"": ""HYCALOG"", ""Hrs Drilled"": ""65"", ""Start mMD"": ""3695.5"", ""End mMD"": ""3695.5"", ""Hole Made (last 24H)"": null, ""Hours Drilled (last 24H)"": null, ""Form ROP"": ""18.7"", ""Total ROP"": ""18.7"", ""Total Hole Made"": ""1215.5"", ""Total Hrs Drilled"": ""65""}], ""Pore Pressure"": [{""Time"": ""00:00"", ""Depth mMD"": ""4911.4"", ""Depth TVD"": null, ""Equ Mud Weight (g/cm3)"": ""1.08"", ""Reading"": ""estimated""}]}"
431,15/9-F-10,15_9_F_10_2009_06_01.pdf,"{""Pore Pressure"": [{""Time"": ""00:00"", ""Depth mMD"": ""4994"", ""Depth TVD"": null, ""Equ Mud Weight (g/cm3)"": ""1.08"", ""Reading"": ""estimated""}], ""Survey Station"": [{""Depth mMD"": ""4936.1"", ""Depth mTVD"": ""2793.2"", ""Inclination (dega)"": ""64.3"", ""Azimuth (dega)"": ""129.21"", ""Comment"": null}], ""Lithology Information"": [{""Start Depth mMD"": ""4911"", ""End Depth mMD"": ""4950"", ""Start Depth mTVD"": ""2791"", ""End Depth mTVD"": ""2798"", ""Shows Description"": null, ""Lithology Description"": ""Limestone with minor claystone and sandy lense s""}]}"
432,15/9-F-10,15_9_F_10_2009_06_02.pdf,"{""Pore Pressure"": [{""Time"": ""00:00"", ""Depth mMD"": ""5253"", ""Depth TVD"": null, ""Equ Mud Weight (g/cm3)"": "".3"", ""Reading"": ""measured""}, {""Time"": ""00:00"", ""Depth mMD"": ""5314"", ""Depth TVD"": null, ""Equ Mud Weight (g/cm3)"": ""1.08"", ""Reading"": ""estimated""}], ""Survey Station"": [{""Depth mMD"": ""4977.6"", ""Depth mTVD"": ""2813.1"", ""Inclination (dega)"": ""58.44"", ""Azimuth (dega)"": ""130.74"", ""Comment"": null}, {""Depth mMD"": ""5017.9"", ""Depth mTVD"": ""2835.3"", ""Inclination (dega)"": ""54.86"", ""Azimuth (dega)"": ""131.27"", ""Comment"": null}, {""Depth mMD"": ""5058.3"", ""Depth mTVD"": ""2858.7"", ""Inclination (dega)"": ""54.24"", ""Azimuth (dega)"": ""131.85"", ""Comment"": null}, {""Depth mMD"": ""5098.6"", ""Depth mTVD"": ""2882.1"", ""Inclination (dega)"": ""54.66"", ""Azimuth (dega)"": ""131.86"", ""Comment"": null}, {""Depth mMD"": ""5139"", ""Depth mTVD"": ""2905.5"", ""Inclination (dega)"": ""54.49"", ""Azimuth (dega)"": ""132.53"", ""Comment"": null}, {""Depth mMD"": ""5179.3"", ""Depth mTVD"": ""2928.9"", ""Inclination (dega)"": ""54.59"", ""Azimuth (dega)"": ""131.33"", ""Comment"": null}, {""Depth mMD"": ""5219.4"", ""Depth mTVD"": ""2952.2"", ""Inclination (dega)"": ""54.66"", ""Azimuth (dega)"": ""130.59"", ""Comment"": null}, {""Depth mMD"": ""5259.7"", ""Depth mTVD"": ""2975.6"", ""Inclination (dega)"": ""54.14"", ""Azimuth (dega)"": ""131.17"", ""Comment"": null}], ""Stratigraphic Information"": [{""Depth to Top of Formation mMD"": ""4947"", ""Depth to Top of Formation mTVD"": ""2798"", ""Description"": ""Blodøks Fm""}, {""Depth to Top of Formation mMD"": ""5004.8"", ""Depth to Top of Formation mTVD"": ""2826.9"", ""Description"": ""Hidra Fm""}, {""Depth to Top of Formation mMD"": ""5021.1"", ""Depth to Top of Formation mTVD"": ""2837.2"", ""Description"": ""Rødby Fm""}, {""Depth to Top of Formation mMD"": ""5027.6"", ""Depth to Top of Formation mTVD"": ""2841.2"", ""Description"": ""Sola Fm""}, {""Depth to Top of Formation mMD"": ""5031"", ""Depth to Top of Formation mTVD"": ""2843.2"", ""Description"": ""Åsgard Fm""}, {""Depth to Top of Formation mMD"": ""5056.4"", ""Depth to Top of Formation mTVD"": ""2859"", ""Description"": ""Draupne Fm""}, {""Depth to Top of Formation mMD"": ""5204.4"", ""Depth to Top of Formation mTVD"": ""2943.3"", ""Description"": ""Hugin Fm""}, {""Depth to Top of Formation mMD"": ""5261"", ""Depth to Top of Formation mTVD"": ""2976"", ""Description"": ""Smith Bank Fm""}], ""Lithology Information"": [{""Start Depth mMD"": ""4950"", ""End Depth mMD"": ""5052"", ""Start Depth TVD"": null, ""End Depth TVD"": null, ""Shows Description"": null, ""Lithology Description"": ""Claystones with limestone stringers""}, {""Start Depth mMD"": ""5052"", ""End Depth mMD"": ""5169"", ""Start Depth TVD"": null, ""End Depth TVD"": null, ""Shows Description"": null, ""Lithology Description"": ""Organic rich black claystones""}, {""Start Depth mMD"": ""5169"", ""End Depth mMD"": ""5205"", ""Start Depth TVD"": null, ""End Depth TVD"": null, ""Shows Description"": null, ""Lithology Description"": ""Silty dark claystones""}, {""Start Depth mMD"": ""5205"", ""End Depth mMD"": ""5262"", ""Start Depth TVD"": null, ""End Depth TVD"": null, ""Shows Description"": null, ""Lithology Description"": ""Kaolinitic Sansdstones with minor Claystone s""}, {""Start Depth mMD"": ""5262"", ""End Depth mMD"": ""5270"", ""Start Depth TVD"": null, ""End Depth TVD"": null, ""Shows Description"": null, ""Lithology Description"": ""Claystones with Limestones.""}, {""Start Depth mMD"": ""5270"", ""End Depth mMD"": ""5295"", ""Start Depth TVD"": null, ""End Depth TVD"": null, ""Shows Description"": null, ""Lithology Description"": ""Claystones with minor limestone stringers""}], ""Gas Reading Information"": [{""Time"": ""00:00"", ""Class"": ""drilling gas pea k"", ""Depth to Top mMD"": ""4999"", ""Depth to Bottom MD"": null, ""Depth to Top mTVD"": ""2824"", ""Depth to Bottom TVD"": null, ""Highest Gas (%)"": "".05"", ""Lowest Gas ()"": null, ""C1 (ppm)"": ""305"", ""C2 (ppm)"": ""13"", ""C3 (ppm)"": ""9"", ""IC4 (ppm)"": ""4"", ""IC5 (ppm)"": ""9""}, {""Time"": ""00:00"", ""Class"": ""drilling gas pea k"", ""Depth to Top mMD"": ""5069"", ""Depth to Bottom MD"": null, ""Depth to Top mTVD"": ""2874"", ""Depth to Bottom TVD"": null, ""Highest Gas (%)"": "".56"", ""Lowest Gas ()"": null, ""C1 (ppm)"": ""3939"", ""C2 (ppm)"": ""273"", ""C3 (ppm)"": ""138"", ""IC4 (ppm)"": ""2"", ""IC5 (ppm)"": ""23""}, {""Time"": ""00:00"", ""Class"": ""drilling gas pea k"", ""Depth to Top mMD"": ""5083"", ""Depth to Bottom MD"": null, ""Depth to Top mTVD"": ""2883"", ""Depth to Bottom TVD"": null, ""Highest Gas (%)"": "".66"", ""Lowest Gas ()"": null, ""C1 (ppm)"": ""5567"", ""C2 (ppm)"": ""212"", ""C3 (ppm)"": ""86"", ""IC4 (ppm)"": ""16"", ""IC5 (ppm)"": ""20""}, {""Time"": ""00:00"", ""Class"": ""drilling gas pea k"", ""Depth to Top mMD"": ""5090"", ""Depth to Bottom MD"": null, ""Depth to Top mTVD"": ""2885"", ""Depth to Bottom TVD"": null, ""Highest Gas (%)"": "".86"", ""Lowest Gas ()"": null, ""C1 (ppm)"": ""7089"", ""C2 (ppm)"": ""256"", ""C3 (ppm)"": ""106"", ""IC4 (ppm)"": ""18"", ""IC5 (ppm)"": ""21""}, {""Time"": ""00:00"", ""Class"": ""drilling gas pea k"", ""Depth to Top mMD"": ""5205"", ""Depth to Bottom MD"": null, ""Depth to Top mTVD"": ""2952"", ""Depth to Bottom TVD"": null, ""Highest Gas (%)"": "".47"", ""Lowest Gas ()"": null, ""C1 (ppm)"": ""3389"", ""C2 (ppm)"": ""243"", ""C3 (ppm)"": ""119"", ""IC4 (ppm)"": ""15"", ""IC5 (ppm)"": ""23""}, {""Time"": ""00:00"", ""Class"": ""drilling gas pea k"", ""Depth to Top mMD"": ""5232"", ""Depth to Bottom MD"": null, ""Depth to Top mTVD"": ""2967"", ""Depth to Bottom TVD"": null, ""Highest Gas (%)"": "".18"", ""Lowest Gas ()"": null, ""C1 (ppm)"": ""979"", ""C2 (ppm)"": ""75"", ""C3 (ppm)"": ""48"", ""IC4 (ppm)"": ""10"", ""IC5 (ppm)"": ""21""}, {""Time"": ""00:00"", ""Class"": ""drilling gas pea k"", ""Depth to Top mMD"": ""5240"", ""Depth to Bottom MD"": null, ""Depth to Top mTVD"": ""2972"", ""Depth to Bottom TVD"": null, ""Highest Gas (%)"": "".18"", ""Lowest Gas ()"": null, ""C1 (ppm)"": ""1021"", ""C2 (ppm)"": ""76"", ""C3 (ppm)"": ""49"", ""IC4 (ppm)"": ""10"", ""IC5 (ppm)"": ""20""}]}"
433,15/9-F-10,15_9_F_10_2009_06_03.pdf,"{""Pore Pressure"": [{""Time"": ""00:00"", ""Depth mMD"": ""5056.4"", ""Depth TVD"": null, ""Equ Mud Weight (g/cm3)"": ""1.24"", ""Reading"": ""estimated""}, {""Time"": ""00:00"", ""Depth mMD"": ""5215"", ""Depth TVD"": null, ""Equ Mud Weight (g/cm3)"": "".3"", ""Reading"": ""measured""}, {""Time"": ""00:00"", ""Depth mMD"": ""5331"", ""Depth TVD"": null, ""Equ Mud Weight (g/cm3)"": ""1.15"", ""Reading"": ""estimated""}], ""Survey Station"": [{""Depth mMD"": ""5300.1"", ""Depth mTVD"": ""2999.1"", ""Inclination (dega)"": ""54.61"", ""Azimuth (dega)"": ""130.13"", ""Comment"": null}], ""Log Information"": [{""Run No"": ""110"", ""Service Company"": ""Schlumberger"", ""Depth Top mMD"": ""4911"", ""Depth Bottom mTVD"": ""5331"", ""Tool"": ""ECOSCOPE - STETHSCOPE - TELESCOPE - ISON"", ""BHST (degC)"": ""-999.99""}], ""Lithology Information"": [{""Start Depth mMD"": ""5295"", ""End Depth mMD"": ""5331"", ""Start Depth TVD"": null, ""End Depth TVD"": null, ""Shows Description"": null, ""Lithology Description"": ""Claystone with minor sand s""}], ""Gas Reading Information"": [{""Time"": ""00:00"", ""Class"": ""drilling gas pea k"", ""Depth to Top mMD"": ""5256"", ""Depth to Bottom MD"": null, ""Depth to Top mTVD"": ""2982"", ""Depth to Bottom TVD"": null, ""Highest Gas (%)"": "".12"", ""Lowest Gas ()"": null, ""C1 (ppm)"": ""400"", ""C2 (ppm)"": ""3"", ""C3 (ppm)"": ""30"", ""IC4 (ppm)"": ""8"", ""IC5 (ppm)"": ""21""}, {""Time"": ""00:00"", ""Class"": ""drilling gas pea k"", ""Depth to Top mMD"": ""5262"", ""Depth to Bottom MD"": null, ""Depth to Top mTVD"": ""2985.5"", ""Depth to Bottom TVD"": null, ""Highest Gas (%)"": "".08"", ""Lowest Gas ()"": null, ""C1 (ppm)"": ""400"", ""C2 (ppm)"": ""14"", ""C3 (ppm)"": ""9"", ""IC4 (ppm)"": ""5"", ""IC5 (ppm)"": ""13""}]}"
434,15/9-F-10,15_9_F_10_2009_06_04.pdf,"{""Bit Record"": [{""Run No."": ""1"", ""Bit Size"": ""8.5 in"", ""Bit Type"": ""RSR816M-C 1"", ""IADC Code"": ""M422"", ""Manufacturer"": ""HYCALOG"", ""Hrs Drilled"": ""19.6"", ""Start mMD"": ""4911"", ""End mMD"": ""4911"", ""Hole Made (last 24H)"": null, ""Hours Drilled (last 24H)"": null, ""Form ROP"": ""21.4"", ""Total ROP"": ""21.4"", ""Total Hole Made"": ""420"", ""Total Hrs Drilled"": ""19.6""}]}"
435,15/9-F-10,15_9_F_10_2009_06_05.pdf,{}
436,15/9-F-10,15_9_F_10_2009_06_06.pdf,{}
437,15/9-F-10,15_9_F_10_2009_06_07.pdf,{}
438,15/9-F-10,15_9_F_10_2009_06_08.pdf,"{""Stratigraphic Information"": [{""Depth to Top of Formation mMD"": ""1235.1"", ""Depth to Top of Formation mTVD"": ""1199.1"", ""Description"": ""Skade Fm""}, {""Depth to Top of Formation mMD"": ""2591.1"", ""Depth to Top of Formation mTVD"": ""2276.1"", ""Description"": ""Balder Fm.""}, {""Depth to Top of Formation mMD"": ""3266.1"", ""Depth to Top of Formation mTVD"": ""2632.1"", ""Description"": ""Shetland Gp""}, {""Depth to Top of Formation mMD"": ""5065"", ""Depth to Top of Formation mTVD"": ""2859"", ""Description"": ""Viking Gp""}, {""Depth to Top of Formation mMD"": ""5204"", ""Depth to Top of Formation mTVD"": ""2944"", ""Description"": ""Vestland Gp""}, {""Depth to Top of Formation mMD"": ""890"", ""Depth to Top of Formation mTVD"": ""877"", ""Description"": ""Nordland Gp""}, {""Depth to Top of Formation mMD"": ""890.1"", ""Depth to Top of Formation mTVD"": ""877.1"", ""Description"": ""Utsira Fm""}]}"
439,15/9-F-10,15_9_F_10_2009_06_09.pdf,{}
440,15/9-F-10,15_9_F_10_2009_06_10.pdf,{}
441,15/9-F-10,15_9_F_10_2009_06_11.pdf,{}
442,15/9-F-10,15_9_F_10_2009_06_12.pdf,{}
443,15/9-F-10,15_9_F_10_2009_06_13.pdf,{}
444,15/9-F-10,15_9_F_10_2009_06_14.pdf,{}
445,15/9-F-10,15_9_F_10_2009_06_15.pdf,{}
446,15/9-F-10,15_9_F_10_2009_06_16.pdf,{}
447,15/9-F-11,15_9_F_11_2013_03_08.pdf,{}
448,15/9-F-11,15_9_F_11_2013_03_09.pdf,"{""Survey Station"": [{""Depth mMD"": ""0"", ""Depth mTVD"": ""0"", ""Inclination (dega)"": ""0"", ""Azimuth (dega)"": ""0"", ""Comment"": null}, {""Depth mMD"": ""145.9"", ""Depth mTVD"": ""145.9"", ""Inclination (dega)"": ""0"", ""Azimuth (dega)"": ""0"", ""Comment"": null}, {""Depth mMD"": ""147.6"", ""Depth mTVD"": ""147.6"", ""Inclination (dega)"": "".22"", ""Azimuth (dega)"": ""0"", ""Comment"": null}, {""Depth mMD"": ""160.6"", ""Depth mTVD"": ""160.6"", ""Inclination (dega)"": "".07"", ""Azimuth (dega)"": ""0"", ""Comment"": null}, {""Depth mMD"": ""169.3"", ""Depth mTVD"": ""169.3"", ""Inclination (dega)"": "".18"", ""Azimuth (dega)"": ""0"", ""Comment"": null}, {""Depth mMD"": ""178.9"", ""Depth mTVD"": ""178.9"", ""Inclination (dega)"": "".07"", ""Azimuth (dega)"": ""0"", ""Comment"": null}, {""Depth mMD"": ""184.6"", ""Depth mTVD"": ""184.6"", ""Inclination (dega)"": "".18"", ""Azimuth (dega)"": ""0"", ""Comment"": null}, {""Depth mMD"": ""194.2"", ""Depth mTVD"": ""194.2"", ""Inclination (dega)"": "".1"", ""Azimuth (dega)"": ""0"", ""Comment"": null}]}"
449,15/9-F-11,15_9_F_11_2013_03_10.pdf,"{""Bit Record"": [{""Run No."": ""1"", ""Bit Size"": ""17.5 in"", ""Bit Type"": ""VM-T303DX 0"", ""IADC Code"": ""415"", ""Manufacturer"": ""Hughes Christens en"", ""Hrs Drilled"": ""10.8"", ""Start mMD"": ""146"", ""End mMD"": ""146"", ""Hole Made (last 24H)"": null, ""Hours Drilled (last 24H)"": null, ""Form ROP"": ""5.7"", ""Total ROP"": ""5.7"", ""Total Hole Made"": ""62"", ""Total Hrs Drilled"": ""10.8""}]}"
450,15/9-F-11,15_9_F_11_2013_03_11.pdf,{}
451,15/9-F-11,15_9_F_11_2013_03_12.pdf,{}
452,15/9-F-11,15_9_F_11_2013_03_13.pdf,"{""Bit Record"": [{""Run No."": ""4"", ""Bit Size"": ""26 in"", ""Bit Type"": ""VG-03M"", ""IADC Code"": ""415"", ""Manufacturer"": ""Hughes Christense n"", ""Hrs Drilled"": ""1.2"", ""Start mMD"": ""208"", ""End mMD"": ""208"", ""Hole Made (last 24H)"": null, ""Hours Drilled (last 24H)"": null, ""Form ROP"": ""13.3"", ""Total ROP"": ""10.8"", ""Total Hole Made"": ""28"", ""Total Hrs Drilled"": ""2.6""}]}"
453,15/9-F-11,15_9_F_11_2013_03_14.pdf,"{""Casing Liner Tubing"": [{""start_time"": null, ""end_time"": null, ""type_of_pipe"": ""Casing"", ""casing_type"": null, ""outside_diameter_in"": ""30"", ""inside_diameter_in"": ""27"", ""weight_lbm_ft"": ""457"", ""grade"": ""X-56"", ""connection"": ""GE Vetco RL-4 HC DS"", ""length_m"": ""25.4"", ""top_mmd"": ""140.1"", ""bottom_mmd"": ""165.5"", ""description"": null, ""comment"": null}, {""start_time"": null, ""end_time"": null, ""type_of_pipe"": ""Casing"", ""casing_type"": null, ""outside_diameter_in"": ""30"", ""inside_diameter_in"": null, ""weight_lbm_ft"": ""309.7"", ""grade"": ""X-52"", ""connection"": ""ST-2RB"", ""length_m"": ""36.5"", ""top_mmd"": ""165.5"", ""bottom_mmd"": ""202"", ""description"": null, ""comment"": null}, {""start_time"": null, ""end_time"": null, ""type_of_pipe"": ""Casing"", ""casing_type"": null, ""outside_diameter_in"": ""30"", ""inside_diameter_in"": ""28"", ""weight_lbm_ft"": ""309.7"", ""grade"": ""X-52"", ""connection"": ""ABB ST-2 FB"", ""length_m"": ""12.6"", ""top_mmd"": ""189.7"", ""bottom_mmd"": ""202.3"", ""description"": null, ""comment"": null}, {""start_time"": null, ""end_time"": null, ""type_of_pipe"": ""Casing"", ""casing_type"": null, ""outside_diameter_in"": ""30"", ""inside_diameter_in"": ""28"", ""weight_lbm_ft"": ""309.7"", ""grade"": ""X-52"", ""connection"": ""ABB ST-2 FB"", ""length_m"": ""24.4"", ""top_mmd"": ""165.3"", ""bottom_mmd"": ""189.7"", ""description"": null, ""comment"": null}, {""start_time"": null, ""end_time"": null, ""type_of_pipe"": ""Casing"", ""casing_type"": null, ""outside_diameter_in"": ""30"", ""inside_diameter_in"": ""27"", ""weight_lbm_ft"": ""457"", ""grade"": ""X-56"", ""connection"": ""GE Vetco RL-4 HC DS"", ""length_m"": ""12.3"", ""top_mmd"": ""153"", ""bottom_mmd"": ""165.3"", ""description"": null, ""comment"": null}, {""start_time"": null, ""end_time"": null, ""type_of_pipe"": ""Casing"", ""casing_type"": null, ""outside_diameter_in"": ""30"", ""inside_diameter_in"": ""27"", ""weight_lbm_ft"": ""457"", ""grade"": ""X-56"", ""connection"": ""GE Vetco RL-4 HC DS"", ""length_m"": ""12.9"", ""top_mmd"": ""140.1"", ""bottom_mmd"": ""153"", ""description"": null, ""comment"": null}]}"
454,15/9-F-11,15_9_F_11_2013_03_15.pdf,{}
455,15/9-F-11,15_9_F_11_2013_03_16.pdf,{}
456,15/9-F-11,15_9_F_11_2013_03_17.pdf,"{""Log Information"": [{""Run No"": ""100"", ""Service Company"": ""Baker Hughes Inteq"", ""Depth Top mMD"": ""208"", ""Depth Bottom mTVD"": ""224"", ""Tool"": ""OnTrak"", ""BHST (degC)"": ""-999.99""}]}"
457,15/9-F-11,15_9_F_11_2013_03_18.pdf,"{""Bit Record"": [{""Run No."": ""5"", ""Bit Size"": ""26 in"", ""Bit Type"": ""VG-03M"", ""IADC Code"": ""415"", ""Manufacturer"": ""Hughes Christense n"", ""Hrs Drilled"": ""7.6"", ""Start mMD"": ""224"", ""End mMD"": ""224"", ""Hole Made (last 24H)"": null, ""Hours Drilled (last 24H)"": null, ""Form ROP"": ""16.2"", ""Total ROP"": ""16.2"", ""Total Hole Made"": ""123"", ""Total Hrs Drilled"": ""7.6""}]}"
458,15/9-F-11,15_9_F_11_2013_03_19.pdf,{}
459,15/9-F-11,15_9_F_11_2013_03_20.pdf,"{""Survey Station"": [{""Depth mMD"": ""167.7"", ""Depth mTVD"": ""167.7"", ""Inclination (dega)"": "".29"", ""Azimuth (dega)"": ""246.72"", ""Comment"": null}, {""Depth mMD"": ""180"", ""Depth mTVD"": ""180"", ""Inclination (dega)"": "".2"", ""Azimuth (dega)"": ""214.07"", ""Comment"": null}, {""Depth mMD"": ""193"", ""Depth mTVD"": ""193"", ""Inclination (dega)"": "".34"", ""Azimuth (dega)"": ""211.45"", ""Comment"": null}, {""Depth mMD"": ""202"", ""Depth mTVD"": ""202"", ""Inclination (dega)"": "".26"", ""Azimuth (dega)"": ""233.95"", ""Comment"": null}, {""Depth mMD"": ""208"", ""Depth mTVD"": ""208"", ""Inclination (dega)"": "".21"", ""Azimuth (dega)"": ""181.56"", ""Comment"": null}, {""Depth mMD"": ""218"", ""Depth mTVD"": ""218"", ""Inclination (dega)"": "".25"", ""Azimuth (dega)"": ""195.59"", ""Comment"": null}, {""Depth mMD"": ""228"", ""Depth mTVD"": ""228"", ""Inclination (dega)"": "".48"", ""Azimuth (dega)"": ""202.49"", ""Comment"": null}, {""Depth mMD"": ""238.5"", ""Depth mTVD"": ""238.5"", ""Inclination (dega)"": "".49"", ""Azimuth (dega)"": ""217.49"", ""Comment"": null}, {""Depth mMD"": ""251.3"", ""Depth mTVD"": ""251.3"", ""Inclination (dega)"": "".57"", ""Azimuth (dega)"": ""204.82"", ""Comment"": null}, {""Depth mMD"": ""261.3"", ""Depth mTVD"": ""261.3"", ""Inclination (dega)"": "".6"", ""Azimuth (dega)"": ""167.13"", ""Comment"": null}, {""Depth mMD"": ""263.5"", ""Depth mTVD"": ""263.5"", ""Inclination (dega)"": "".66"", ""Azimuth (dega)"": ""165.04"", ""Comment"": null}, {""Depth mMD"": ""275.3"", ""Depth mTVD"": ""275.3"", ""Inclination (dega)"": "".56"", ""Azimuth (dega)"": ""208.46"", ""Comment"": null}, {""Depth mMD"": ""278.3"", ""Depth mTVD"": ""278.3"", ""Inclination (dega)"": "".56"", ""Azimuth (dega)"": ""198.61"", ""Comment"": null}, {""Depth mMD"": ""288.3"", ""Depth mTVD"": ""288.3"", ""Inclination (dega)"": "".49"", ""Azimuth (dega)"": ""195.01"", ""Comment"": null}], ""Log Information"": [{""Run No"": ""101"", ""Service Company"": ""Baker Hughes Inteq"", ""Depth Top mMD"": ""224"", ""Depth Bottom mTVD"": ""347"", ""Tool"": ""OnTrak"", ""BHST (degC)"": ""-999.99""}]}"
460,15/9-F-11,15_9_F_11_2013_03_21.pdf,"{""Bit Record"": [{""Run No."": ""6"", ""Bit Size"": ""26 in"", ""Bit Type"": ""VG-1"", ""IADC Code"": ""115"", ""Manufacturer"": ""Hughes Christense n"", ""Hrs Drilled"": null, ""Start mMD"": ""224"", ""End mMD"": ""224"", ""Hole Made (last 24H)"": null, ""Hours Drilled (last 24H)"": null, ""Form ROP"": null, ""Total ROP"": ""0"", ""Total Hole Made"": null, ""Total Hrs Drilled"": ""7.6""}]}"
461,15/9-F-11,15_9_F_11_2013_03_22.pdf,{}
462,15/9-F-11,15_9_F_11_2013_03_23.pdf,{}
463,15/9-F-11,15_9_F_11_2013_03_24.pdf,{}
464,15/9-F-11 A,15_9_F_11_A_2013_05_15.pdf,"{""Stratigraphic Information"": [{""Depth to Top of Formation mMD"": ""2624"", ""Depth to Top of Formation mTVD"": ""2484"", ""Description"": ""Ty Fm""}], ""Lithology Information"": [{""Start Depth mMD"": ""2586"", ""End Depth mMD"": ""2595"", ""Start Depth mTVD"": ""2453"", ""End Depth mTVD"": ""2461"", ""Shows Description"": null, ""Lithology Description"": ""Claystone with traces of Sandstone""}]}"
465,15/9-F-11 A,15_9_F_11_A_2013_05_16.pdf,"{""Pore Pressure"": [{""Time"": ""00:00"", ""Depth mMD"": ""2624"", ""Depth TVD"": null, ""Equ Mud Weight (g/cm3)"": "".87"", ""Reading"": ""estimated""}, {""Time"": ""00:00"", ""Depth mMD"": ""3000"", ""Depth TVD"": null, ""Equ Mud Weight (g/cm3)"": ""1.04"", ""Reading"": ""estimated""}], ""Survey Station"": [{""Depth mMD"": ""2845.8"", ""Depth mTVD"": ""2640.9"", ""Inclination (dega)"": ""53.64"", ""Azimuth (dega)"": ""49.59"", ""Comment"": null}, {""Depth mMD"": ""2885.7"", ""Depth mTVD"": ""2663.6"", ""Inclination (dega)"": ""57.14"", ""Azimuth (dega)"": ""47.72"", ""Comment"": null}, {""Depth mMD"": ""2926.2"", ""Depth mTVD"": ""2683.9"", ""Inclination (dega)"": ""62.55"", ""Azimuth (dega)"": ""46.62"", ""Comment"": null}, {""Depth mMD"": ""2966.3"", ""Depth mTVD"": ""2700.8"", ""Inclination (dega)"": ""67.71"", ""Azimuth (dega)"": ""45.5"", ""Comment"": null}, {""Depth mMD"": ""3006.7"", ""Depth mTVD"": ""2714.5"", ""Inclination (dega)"": ""72.54"", ""Azimuth (dega)"": ""43.49"", ""Comment"": null}, {""Depth mMD"": ""3047"", ""Depth mTVD"": ""2725.8"", ""Inclination (dega)"": ""75.01"", ""Azimuth (dega)"": ""41.48"", ""Comment"": null}], ""Stratigraphic Information"": [{""Depth to Top of Formation mMD"": ""2795"", ""Depth to Top of Formation mTVD"": ""2826"", ""Description"": ""Ekofisk Fm""}, {""Depth to Top of Formation mMD"": ""2820"", ""Depth to Top of Formation mTVD"": ""2625.4"", ""Description"": ""Tor Fm""}, {""Depth to Top of Formation mMD"": ""3118"", ""Depth to Top of Formation mTVD"": ""2744.4"", ""Description"": ""Hod Fm""}], ""Lithology Information"": [{""Start Depth mMD"": ""2595"", ""End Depth mMD"": ""2620"", ""Start Depth mTVD"": ""2461"", ""End Depth mTVD"": ""2480"", ""Shows Description"": null, ""Lithology Description"": ""Interbedded Claystone and Sandstone""}, {""Start Depth mMD"": ""2620"", ""End Depth mMD"": ""2790"", ""Start Depth mTVD"": ""2480"", ""End Depth mTVD"": ""2607"", ""Shows Description"": null, ""Lithology Description"": ""Sandstone with minor Claystone and traces of Limestone""}, {""Start Depth mMD"": ""2790"", ""End Depth mMD"": ""2970"", ""Start Depth mTVD"": ""2607"", ""End Depth mTVD"": ""2702"", ""Shows Description"": null, ""Lithology Description"": ""Limestone""}, {""Start Depth mMD"": ""2970"", ""End Depth mMD"": ""3000"", ""Start Depth mTVD"": ""2702"", ""End Depth mTVD"": ""2712"", ""Shows Description"": null, ""Lithology Description"": ""Limestone""}]}"
466,15/9-F-11 A,15_9_F_11_A_2013_05_17.pdf,"{""Survey Station"": [{""Depth mMD"": ""3087.6"", ""Depth mTVD"": ""2736.4"", ""Inclination (dega)"": ""74.71"", ""Azimuth (dega)"": ""39.61"", ""Comment"": null}, {""Depth mMD"": ""3128"", ""Depth mTVD"": ""2746.9"", ""Inclination (dega)"": ""75.02"", ""Azimuth (dega)"": ""40.02"", ""Comment"": null}, {""Depth mMD"": ""3168.1"", ""Depth mTVD"": ""2757.3"", ""Inclination (dega)"": ""75.05"", ""Azimuth (dega)"": ""41.07"", ""Comment"": null}, {""Depth mMD"": ""3208.4"", ""Depth mTVD"": ""2768.7"", ""Inclination (dega)"": ""72.06"", ""Azimuth (dega)"": ""41.84"", ""Comment"": null}, {""Depth mMD"": ""3248.8"", ""Depth mTVD"": ""2782.6"", ""Inclination (dega)"": ""67.68"", ""Azimuth (dega)"": ""41.55"", ""Comment"": null}, {""Depth mMD"": ""3288.7"", ""Depth mTVD"": ""2799.1"", ""Inclination (dega)"": ""63.3"", ""Azimuth (dega)"": ""40.68"", ""Comment"": null}], ""Lithology Information"": [{""Start Depth mMD"": ""3000"", ""End Depth mMD"": ""30"", ""Start Depth mTVD"": ""2712"", ""End Depth mTVD"": ""2804"", ""Shows Description"": null, ""Lithology Description"": ""Limestone""}]}"
467,15/9-F-11 A,15_9_F_11_A_2013_05_18.pdf,"{""Pore Pressure"": [{""Time"": ""00:00"", ""Depth mMD"": ""2624"", ""Depth TVD"": null, ""Equ Mud Weight (g/cm3)"": "".87"", ""Reading"": ""estimated""}, {""Time"": ""00:00"", ""Depth mMD"": ""3302"", ""Depth TVD"": null, ""Equ Mud Weight (g/cm3)"": ""1.07"", ""Reading"": ""estimated""}]}"
468,15/9-F-11 A,15_9_F_11_A_2013_05_20.pdf,"{""Pore Pressure"": [{""Time"": ""00:00"", ""Depth mMD"": ""2624"", ""Depth TVD"": null, ""Equ Mud Weight (g/cm3)"": "".87"", ""Reading"": ""estimated""}, {""Time"": ""00:00"", ""Depth mMD"": ""3376"", ""Depth TVD"": null, ""Equ Mud Weight (g/cm3)"": ""1.13"", ""Reading"": ""estimated""}], ""Survey Station"": [{""Depth mMD"": ""3329.4"", ""Depth mTVD"": ""2817.8"", ""Inclination (dega)"": ""57.55"", ""Azimuth (dega)"": ""40.55"", ""Comment"": null}, {""Depth mMD"": ""3369.9"", ""Depth mTVD"": ""2840.8"", ""Inclination (dega)"": ""53.32"", ""Azimuth (dega)"": ""40.54"", ""Comment"": null}, {""Depth mMD"": ""3410.2"", ""Depth mTVD"": ""2865.8"", ""Inclination (dega)"": ""49.77"", ""Azimuth (dega)"": ""38.28"", ""Comment"": null}, {""Depth mMD"": ""3450.3"", ""Depth mTVD"": ""2892.2"", ""Inclination (dega)"": ""48.06"", ""Azimuth (dega)"": ""37.47"", ""Comment"": null}], ""Stratigraphic Information"": [{""Depth to Top of Formation mMD"": ""3350"", ""Depth to Top of Formation mTVD"": ""2829"", ""Description"": ""Blodøks Fm""}, {""Depth to Top of Formation mMD"": ""3398"", ""Depth to Top of Formation mTVD"": ""2858"", ""Description"": ""Hidra Fm""}, {""Depth to Top of Formation mMD"": ""3428"", ""Depth to Top of Formation mTVD"": ""2878"", ""Description"": ""Rødby Fm""}], ""Lithology Information"": [{""Start Depth mMD"": ""30"", ""End Depth mMD"": ""3360"", ""Start Depth mTVD"": ""2804"", ""End Depth mTVD"": ""2836.2"", ""Shows Description"": null, ""Lithology Description"": ""Limestone""}, {""Start Depth mMD"": ""3360"", ""End Depth mMD"": ""3420"", ""Start Depth mTVD"": ""2836.2"", ""End Depth mTVD"": ""2873.5"", ""Shows Description"": null, ""Lithology Description"": ""Limestone""}], ""Gas Reading Information"": [{""Time"": ""00:00"", ""Class"": ""drilling gas pea k"", ""Depth to Top mMD"": ""3499"", ""Depth to Bottom MD"": null, ""Depth to Top mTVD"": ""292.3"", ""Depth to Bottom TVD"": null, ""Highest Gas (%)"": "".09"", ""Lowest Gas ()"": null, ""C1 (ppm)"": ""756"", ""C2 (ppm)"": ""23"", ""C3 (ppm)"": ""6"", ""IC4 (ppm)"": ""0"", ""IC5 (ppm)"": ""-999.99""}]}"
469,15/9-F-11 A,15_9_F_11_A_2013_05_21.pdf,"{""Pore Pressure"": [{""Time"": ""00:00"", ""Depth mMD"": ""2624"", ""Depth TVD"": null, ""Equ Mud Weight (g/cm3)"": "".87"", ""Reading"": ""estimated""}, {""Time"": ""00:00"", ""Depth mMD"": ""3526"", ""Depth TVD"": null, ""Equ Mud Weight (g/cm3)"": ""1.29"", ""Reading"": ""estimated""}, {""Time"": ""00:00"", ""Depth mMD"": ""3762"", ""Depth TVD"": null, ""Equ Mud Weight (g/cm3)"": ""1.02"", ""Reading"": ""estimated""}], ""Survey Station"": [{""Depth mMD"": ""3490.7"", ""Depth mTVD"": ""2920"", ""Inclination (dega)"": ""44.78"", ""Azimuth (dega)"": ""38.77"", ""Comment"": null}, {""Depth mMD"": ""3531.1"", ""Depth mTVD"": ""2949.7"", ""Inclination (dega)"": ""40.65"", ""Azimuth (dega)"": ""38.36"", ""Comment"": null}, {""Depth mMD"": ""3571.7"", ""Depth mTVD"": ""2980.7"", ""Inclination (dega)"": ""39.98"", ""Azimuth (dega)"": ""38.78"", ""Comment"": null}, {""Depth mMD"": ""3611.1"", ""Depth mTVD"": ""3010.8"", ""Inclination (dega)"": ""40"", ""Azimuth (dega)"": ""39.49"", ""Comment"": null}, {""Depth mMD"": ""3652.3"", ""Depth mTVD"": ""3042.4"", ""Inclination (dega)"": ""40.03"", ""Azimuth (dega)"": ""39.03"", ""Comment"": null}, {""Depth mMD"": ""3692.3"", ""Depth mTVD"": ""3073.1"", ""Inclination (dega)"": ""39.89"", ""Azimuth (dega)"": ""38.16"", ""Comment"": null}, {""Depth mMD"": ""3732.8"", ""Depth mTVD"": ""3104.1"", ""Inclination (dega)"": ""39.93"", ""Azimuth (dega)"": ""38.19"", ""Comment"": null}, {""Depth mMD"": ""3749.1"", ""Depth mTVD"": ""3116.6"", ""Inclination (dega)"": ""39.98"", ""Azimuth (dega)"": ""38.48"", ""Comment"": null}, {""Depth mMD"": ""3762"", ""Depth mTVD"": ""3126.5"", ""Inclination (dega)"": ""40"", ""Azimuth (dega)"": ""38.7"", ""Comment"": null}], ""Stratigraphic Information"": [{""Depth to Top of Formation mMD"": ""3474"", ""Depth to Top of Formation mTVD"": ""2909"", ""Description"": ""Åsgard Fm""}, {""Depth to Top of Formation mMD"": ""3526"", ""Depth to Top of Formation mTVD"": ""2946"", ""Description"": ""Draupne Fm""}, {""Depth to Top of Formation mMD"": ""3575"", ""Depth to Top of Formation mTVD"": ""2983"", ""Description"": ""Heather Fm.""}, {""Depth to Top of Formation mMD"": ""3595"", ""Depth to Top of Formation mTVD"": ""2999"", ""Description"": ""Hugin Fm""}, {""Depth to Top of Formation mMD"": ""3712"", ""Depth to Top of Formation mTVD"": ""3089"", ""Description"": ""Sleipner Fm""}], ""Lithology Information"": [{""Start Depth mMD"": ""3420"", ""End Depth mMD"": ""3470"", ""Start Depth mTVD"": ""2873.5"", ""End Depth TVD"": null, ""Shows Description"": null, ""Lithology Description"": ""Limestone""}, {""Start Depth mMD"": ""3470"", ""End Depth mMD"": ""3526"", ""Start Depth mTVD"": null, ""End Depth TVD"": null, ""Shows Description"": null, ""Lithology Description"": ""Limestone/Marl""}, {""Start Depth mMD"": ""3526"", ""End Depth mMD"": ""3589"", ""Start Depth mTVD"": null, ""End Depth TVD"": null, ""Shows Description"": null, ""Lithology Description"": ""Claystone""}, {""Start Depth mMD"": ""3589"", ""End Depth mMD"": ""3712"", ""Start Depth mTVD"": null, ""End Depth TVD"": null, ""Shows Description"": null, ""Lithology Description"": ""Sandstone interbedded with minor Claystone and Siltstone""}, {""Start Depth mMD"": ""3712"", ""End Depth mMD"": ""3762"", ""Start Depth mTVD"": null, ""End Depth TVD"": null, ""Shows Description"": null, ""Lithology Description"": ""Silty Sandstone interbedded with minor Claystone""}], ""Gas Reading Information"": [{""Time"": ""00:00"", ""Class"": ""drilling gas pea k"", ""Depth to Top mMD"": ""3499"", ""Depth to Bottom MD"": null, ""Depth to Top mTVD"": ""2925.4"", ""Depth to Bottom TVD"": null, ""Highest Gas (%)"": "".09"", ""Lowest Gas ()"": null, ""C1 (ppm)"": ""756"", ""C2 (ppm)"": ""23"", ""C3 (ppm)"": ""6"", ""IC4 (ppm)"": ""0"", ""IC5 (ppm)"": ""0""}, {""Time"": ""00:00"", ""Class"": ""drilling gas pea k"", ""Depth to Top mMD"": ""3549"", ""Depth to Bottom MD"": null, ""Depth to Top mTVD"": ""2962.6"", ""Depth to Bottom TVD"": null, ""Highest Gas (%)"": ""1.81"", ""Lowest Gas ()"": null, ""C1 (ppm)"": ""17722"", ""C2 (ppm)"": ""737"", ""C3 (ppm)"": ""182"", ""IC4 (ppm)"": ""12"", ""IC5 (ppm)"": ""5""}, {""Time"": ""00:00"", ""Class"": ""drilling gas pea k"", ""Depth to Top mMD"": ""3603"", ""Depth to Bottom MD"": null, ""Depth to Top mTVD"": ""3003.9"", ""Depth to Bottom TVD"": null, ""Highest Gas (%)"": ""2.84"", ""Lowest Gas ()"": null, ""C1 (ppm)"": ""28228"", ""C2 (ppm)"": ""1433"", ""C3 (ppm)"": ""523"", ""IC4 (ppm)"": ""37"", ""IC5 (ppm)"": ""18""}, {""Time"": ""00:00"", ""Class"": ""drilling gas pea k"", ""Depth to Top mMD"": ""3623"", ""Depth to Bottom MD"": null, ""Depth to Top mTVD"": ""3019.2"", ""Depth to Bottom TVD"": null, ""Highest Gas (%)"": ""2.91"", ""Lowest Gas ()"": null, ""C1 (ppm)"": ""28739"", ""C2 (ppm)"": ""1462"", ""C3 (ppm)"": ""543"", ""IC4 (ppm)"": ""39"", ""IC5 (ppm)"": ""20""}, {""Time"": ""00:00"", ""Class"": ""drilling gas pea k"", ""Depth to Top mMD"": ""3636"", ""Depth to Bottom MD"": null, ""Depth to Top mTVD"": ""3029.1"", ""Depth to Bottom TVD"": null, ""Highest Gas (%)"": ""2.97"", ""Lowest Gas ()"": null, ""C1 (ppm)"": ""29302"", ""C2 (ppm)"": ""1534"", ""C3 (ppm)"": ""593"", ""IC4 (ppm)"": ""4"", ""IC5 (ppm)"": ""24""}, {""Time"": ""00:00"", ""Class"": ""drilling gas pea k"", ""Depth to Top mMD"": ""3646"", ""Depth to Bottom MD"": null, ""Depth to Top mTVD"": ""3036.8"", ""Depth to Bottom TVD"": null, ""Highest Gas (%)"": ""2.09"", ""Lowest Gas ()"": null, ""C1 (ppm)"": ""19078"", ""C2 (ppm)"": ""1052"", ""C3 (ppm)"": ""429"", ""IC4 (ppm)"": ""3"", ""IC5 (ppm)"": ""19""}, {""Time"": ""00:00"", ""Class"": ""drilling gas pea k"", ""Depth to Top mMD"": ""3659"", ""Depth to Bottom MD"": null, ""Depth to Top mTVD"": ""3046.8"", ""Depth to Bottom TVD"": null, ""Highest Gas (%)"": ""2.87"", ""Lowest Gas ()"": null, ""C1 (ppm)"": ""27731"", ""C2 (ppm)"": ""1435"", ""C3 (ppm)"": ""582"", ""IC4 (ppm)"": ""46"", ""IC5 (ppm)"": ""27""}, {""Time"": ""00:00"", ""Class"": ""drilling gas pea k"", ""Depth to Top mMD"": ""3681"", ""Depth to Bottom MD"": null, ""Depth to Top mTVD"": ""3064.4"", ""Depth to Bottom TVD"": null, ""Highest Gas (%)"": ""3.15"", ""Lowest Gas ()"": null, ""C1 (ppm)"": ""30264"", ""C2 (ppm)"": ""1549"", ""C3 (ppm)"": ""607"", ""IC4 (ppm)"": ""46"", ""IC5 (ppm)"": ""27""}, {""Time"": ""00:00"", ""Class"": ""drilling gas pea k"", ""Depth to Top mMD"": ""3693"", ""Depth to Bottom MD"": null, ""Depth to Top mTVD"": ""3072.8"", ""Depth to Bottom TVD"": null, ""Highest Gas (%)"": ""2.94"", ""Lowest Gas ()"": null, ""C1 (ppm)"": ""27706"", ""C2 (ppm)"": ""1499"", ""C3 (ppm)"": ""624"", ""IC4 (ppm)"": ""50"", ""IC5 (ppm)"": ""31""}]}"
470,15/9-F-11 A,15_9_F_11_A_2013_05_22.pdf,"{""Pore Pressure"": [{""Time"": ""00:00"", ""Depth mMD"": ""2624"", ""Depth TVD"": null, ""Equ Mud Weight (g/cm3)"": "".87"", ""Reading"": ""estimated""}, {""Time"": ""00:00"", ""Depth mMD"": ""3526"", ""Depth TVD"": null, ""Equ Mud Weight (g/cm3)"": ""1.29"", ""Reading"": ""estimated""}, {""Time"": ""00:00"", ""Depth mMD"": ""3602.2"", ""Depth TVD"": null, ""Equ Mud Weight (g/cm3)"": ""1.16"", ""Reading"": ""measured""}, {""Time"": ""00:00"", ""Depth mMD"": ""3671.1"", ""Depth TVD"": null, ""Equ Mud Weight (g/cm3)"": ""1.14"", ""Reading"": ""measured""}, {""Time"": ""00:00"", ""Depth mMD"": ""3762"", ""Depth TVD"": null, ""Equ Mud Weight (g/cm3)"": ""1.02"", ""Reading"": ""estimated""}]}"
471,15/9-F-11 A,15_9_F_11_A_2013_05_23.pdf,"{""Pore Pressure"": [{""Time"": ""00:00"", ""Depth mMD"": ""2624"", ""Depth TVD"": null, ""Equ Mud Weight (g/cm3)"": "".87"", ""Reading"": ""estimated""}, {""Time"": ""00:00"", ""Depth mMD"": ""3526"", ""Depth TVD"": null, ""Equ Mud Weight (g/cm3)"": ""1.29"", ""Reading"": ""estimated""}, {""Time"": ""00:00"", ""Depth mMD"": ""3602.2"", ""Depth TVD"": null, ""Equ Mud Weight (g/cm3)"": ""1.16"", ""Reading"": ""measured""}, {""Time"": ""00:00"", ""Depth mMD"": ""3762"", ""Depth TVD"": null, ""Equ Mud Weight (g/cm3)"": ""1.02"", ""Reading"": ""estimated""}]}"
472,15/9-F-11 A,15_9_F_11_A_2013_05_24.pdf,"{""Pore Pressure"": [{""Time"": ""00:00"", ""Depth mMD"": ""2624"", ""Depth TVD"": null, ""Equ Mud Weight (g/cm3)"": "".87"", ""Reading"": ""estimated""}, {""Time"": ""00:00"", ""Depth mMD"": ""3526"", ""Depth TVD"": null, ""Equ Mud Weight (g/cm3)"": ""1.29"", ""Reading"": ""estimated""}, {""Time"": ""00:00"", ""Depth mMD"": ""3602"", ""Depth TVD"": null, ""Equ Mud Weight (g/cm3)"": ""1.16"", ""Reading"": ""measured""}, {""Time"": ""00:00"", ""Depth mMD"": ""3762"", ""Depth TVD"": null, ""Equ Mud Weight (g/cm3)"": ""1.1"", ""Reading"": ""estimated""}], ""Log Information"": [{""Run No"": ""100"", ""Service Company"": ""Baker Hughes Inteq"", ""Depth Top mMD"": ""2586"", ""Depth Bottom mTVD"": ""3762"", ""Tool"": ""COP - OnTrak - ORD - CCN - TesTrak - SO U"", ""BHST (degC)"": ""-999.99""}]}"
473,15/9-F-11 A,15_9_F_11_A_2013_05_25.pdf,"{""Bit Record"": [{""Run No."": ""1"", ""Bit Size"": ""8.5 in"", ""Bit Type"": ""TD406X"", ""IADC Code"": null, ""Manufacturer"": ""Hughes Christense n"", ""Hrs Drilled"": ""58"", ""Start mMD"": ""2586"", ""End mMD"": ""2586"", ""Hole Made (last 24H)"": null, ""Hours Drilled (last 24H)"": null, ""Form ROP"": ""20.3"", ""Total ROP"": ""20.5"", ""Total Hole Made"": ""1176"", ""Total Hrs Drilled"": ""57.5""}]}"
474,15/9-F-11 A,15_9_F_11_A_2013_05_26.pdf,{}
475,15/9-F-11 A,15_9_F_11_A_2013_05_27.pdf,{}
476,15/9-F-11 A,15_9_F_11_A_2013_05_28.pdf,{}
477,15/9-F-11 A,15_9_F_11_A_2013_05_29.pdf,"{""Bit Record"": [{""Run No."": ""2"", ""Bit Size"": ""12.25 in"", ""Bit Type"": ""QD507X"", ""IADC Code"": ""M423"", ""Manufacturer"": ""Hughes Christense n"", ""Hrs Drilled"": ""10.4"", ""Start mMD"": ""2585"", ""End mMD"": ""2585"", ""Hole Made (last 24H)"": null, ""Hours Drilled (last 24H)"": null, ""Form ROP"": ""19.4"", ""Total ROP"": ""18.5"", ""Total Hole Made"": ""264"", ""Total Hrs Drilled"": ""14.3""}]}"
478,15/9-F-11 B,15_9_F_11_B_2013_05_29.pdf,"{""Survey Station"": [{""Depth mMD"": ""2603.3"", ""Depth mTVD"": ""2466.6"", ""Inclination (dega)"": ""38.69"", ""Azimuth (dega)"": ""72.5"", ""Comment"": null}, {""Depth mMD"": ""2643.4"", ""Depth mTVD"": ""2497.3"", ""Inclination (dega)"": ""41.55"", ""Azimuth (dega)"": ""75.42"", ""Comment"": null}]}"
479,15/9-F-11 B,15_9_F_11_B_2013_05_30.pdf,"{""Pore Pressure"": [{""Time"": ""00:00"", ""Depth mMD"": ""2775"", ""Depth TVD"": null, ""Equ Mud Weight (g/cm3)"": "".87"", ""Reading"": ""estimated""}, {""Time"": ""00:00"", ""Depth mMD"": ""2917"", ""Depth TVD"": null, ""Equ Mud Weight (g/cm3)"": ""1.04"", ""Reading"": ""estimated""}], ""Survey Station"": [{""Depth mMD"": ""2805.2"", ""Depth mTVD"": ""2599.5"", ""Inclination (dega)"": ""59.75"", ""Azimuth (dega)"": ""75.82"", ""Comment"": null}, {""Depth mMD"": ""2844.7"", ""Depth mTVD"": ""2618.4"", ""Inclination (dega)"": ""63.05"", ""Azimuth (dega)"": ""73.92"", ""Comment"": null}, {""Depth mMD"": ""2885.6"", ""Depth mTVD"": ""2637"", ""Inclination (dega)"": ""62.97"", ""Azimuth (dega)"": ""73.91"", ""Comment"": null}, {""Depth mMD"": ""2917"", ""Depth mTVD"": ""2651.4"", ""Inclination (dega)"": ""62.3"", ""Azimuth (dega)"": ""75.5"", ""Comment"": null}], ""Log Information"": [{""Run No"": ""100"", ""Service Company"": ""Baker Hughes Inteq"", ""Depth Top mMD"": ""2575"", ""Depth Bottom mTVD"": ""2917"", ""Tool"": ""AutoTrak - COP - OnTrak"", ""BHST (degC)"": ""-999.99""}], ""Lithology Information"": [{""Start Depth mMD"": ""2845"", ""End Depth mMD"": ""2917"", ""Start Depth mTVD"": ""2619"", ""End Depth mTVD"": ""2676"", ""Shows Description"": null, ""Lithology Description"": ""Limestone with minor Marl (Tor Formation )""}]}"
480,15/9-F-11 B,15_9_F_11_B_2013_05_31.pdf,"{""Bit Record"": [{""Run No."": ""1"", ""Bit Size"": ""12.25 in"", ""Bit Type"": ""QD507X"", ""IADC Code"": ""M423"", ""Manufacturer"": ""Hughes Christense n"", ""Hrs Drilled"": ""25.1"", ""Start mMD"": ""2585"", ""End mMD"": ""2585"", ""Hole Made (last 24H)"": null, ""Hours Drilled (last 24H)"": null, ""Form ROP"": ""13.2"", ""Total ROP"": ""13.4"", ""Total Hole Made"": ""389"", ""Total Hrs Drilled"": ""29""}], ""Pore Pressure"": [{""Time"": ""00:00"", ""Depth mMD"": ""2775"", ""Depth TVD"": null, ""Equ Mud Weight (g/cm3)"": "".87"", ""Reading"": ""estimated""}, {""Time"": ""00:00"", ""Depth mMD"": ""3103"", ""Depth TVD"": null, ""Equ Mud Weight (g/cm3)"": ""1.04"", ""Reading"": ""estimated""}], ""Survey Station"": [{""Depth mMD"": ""2925.8"", ""Depth mTVD"": ""2655.6"", ""Inclination (dega)"": ""61.95"", ""Azimuth (dega)"": ""79.05"", ""Comment"": null}, {""Depth mMD"": ""2966.3"", ""Depth mTVD"": ""2674.7"", ""Inclination (dega)"": ""61.79"", ""Azimuth (dega)"": ""84.11"", ""Comment"": null}, {""Depth mMD"": ""3005.3"", ""Depth mTVD"": ""2693.1"", ""Inclination (dega)"": ""61.93"", ""Azimuth (dega)"": ""86.52"", ""Comment"": null}, {""Depth mMD"": ""3045.9"", ""Depth mTVD"": ""2712.2"", ""Inclination (dega)"": ""61.86"", ""Azimuth (dega)"": ""90.52"", ""Comment"": null}, {""Depth mMD"": ""3086.2"", ""Depth mTVD"": ""2731.2"", ""Inclination (dega)"": ""62.08"", ""Azimuth (dega)"": ""93.76"", ""Comment"": null}], ""Lithology Information"": [{""Start Depth mMD"": ""2917"", ""End Depth mMD"": ""3025"", ""Start Depth mTVD"": ""2651"", ""End Depth mTVD"": ""2702"", ""Shows Description"": null, ""Lithology Description"": ""Limestone with minor Marl (Tor Formation )""}, {""Start Depth mMD"": ""3025"", ""End Depth mMD"": ""3103"", ""Start Depth mTVD"": ""2702"", ""End Depth mTVD"": ""2739"", ""Shows Description"": null, ""Lithology Description"": ""Limestone with minor Marl (Tor Formation )""}]}"
481,15/9-F-11 B,15_9_F_11_B_2013_06_01.pdf,"{""Bit Record"": [{""Run No."": ""2"", ""Bit Size"": ""12.25 in"", ""Bit Type"": ""DP605"", ""IADC Code"": ""M323"", ""Manufacturer"": ""Hughes Christense n"", ""Hrs Drilled"": ""10.1"", ""Start mMD"": ""2917"", ""End mMD"": ""2917"", ""Hole Made (last 24H)"": null, ""Hours Drilled (last 24H)"": null, ""Form ROP"": ""27.7"", ""Total ROP"": ""27.7"", ""Total Hole Made"": ""280"", ""Total Hrs Drilled"": ""10.1""}], ""Pore Pressure"": [{""Time"": ""00:00"", ""Depth mMD"": ""2775"", ""Depth TVD"": null, ""Equ Mud Weight (g/cm3)"": "".87"", ""Reading"": ""estimated""}, {""Time"": ""00:00"", ""Depth mMD"": ""3197"", ""Depth TVD"": null, ""Equ Mud Weight (g/cm3)"": ""1.04"", ""Reading"": ""estimated""}], ""Survey Station"": [{""Depth mMD"": ""3126.9"", ""Depth mTVD"": ""2750.3"", ""Inclination (dega)"": ""62.08"", ""Azimuth (dega)"": ""97.11"", ""Comment"": null}, {""Depth mMD"": ""3167.7"", ""Depth mTVD"": ""2769.2"", ""Inclination (dega)"": ""62.72"", ""Azimuth (dega)"": ""101.07"", ""Comment"": null}], ""Log Information"": [{""Run No"": ""101"", ""Service Company"": ""Baker Hughes Inteq"", ""Depth Top mMD"": ""2917"", ""Depth Bottom mTVD"": ""3197"", ""Tool"": ""AutoTrak - COP - OnTrak"", ""BHST (degC)"": ""-999.99""}], ""Stratigraphic Information"": [{""Depth to Top of Formation mMD"": ""2624"", ""Depth to Top of Formation mTVD"": ""2482"", ""Description"": ""Ty Fm""}, {""Depth to Top of Formation mMD"": ""2787"", ""Depth to Top of Formation mTVD"": ""2590"", ""Description"": ""Ekofisk Fm""}, {""Depth to Top of Formation mMD"": ""2823"", ""Depth to Top of Formation mTVD"": ""2608"", ""Description"": ""Tor Fm""}, {""Depth to Top of Formation mMD"": ""3090"", ""Depth to Top of Formation mTVD"": ""2733"", ""Description"": ""Hod Fm""}], ""Lithology Information"": [{""Start Depth mMD"": ""3103"", ""End Depth mMD"": ""3197"", ""Start Depth mTVD"": ""2739"", ""End Depth mTVD"": ""2782"", ""Shows Description"": null, ""Lithology Description"": ""Limestone with minor Marl""}]}"
482,15/9-F-11 B,15_9_F_11_B_2013_06_02.pdf,{}
483,15/9-F-11 B,15_9_F_11_B_2013_06_03.pdf,{}
484,15/9-F-11 B,15_9_F_11_B_2013_06_04.pdf,{}
485,15/9-F-11 B,15_9_F_11_B_2013_06_05.pdf,{}
486,15/9-F-11 B,15_9_F_11_B_2013_06_06.pdf,"{""Lithology Information"": [{""Start Depth mMD"": ""32453"", ""End Depth mMD"": ""35354"", ""Start Depth mTVD"": ""3453"", ""End Depth mTVD"": ""56354"", ""Shows Description"": null, ""Lithology Description"": ""fghjcgh""}]}"
487,15/9-F-11 B,15_9_F_11_B_2013_06_07.pdf,"{""Bit Record"": [{""Run No."": ""3"", ""Bit Size"": ""8.5 in"", ""Bit Type"": ""RC347"", ""IADC Code"": ""347"", ""Manufacturer"": ""Hughes Christense n"", ""Hrs Drilled"": ""0"", ""Start mMD"": ""3197"", ""End mMD"": ""3197"", ""Hole Made (last 24H)"": null, ""Hours Drilled (last 24H)"": null, ""Form ROP"": null, ""Total ROP"": ""30.7"", ""Total Hole Made"": ""46"", ""Total Hrs Drilled"": ""1.5""}], ""Stratigraphic Information"": [{""Depth to Top of Formation mMD"": ""3219"", ""Depth to Top of Formation mTVD"": ""2793"", ""Description"": ""Blodøks Fm""}, {""Depth to Top of Formation mMD"": ""3266"", ""Depth to Top of Formation mTVD"": ""2814.5"", ""Description"": ""Rødby Fm""}, {""Depth to Top of Formation mMD"": ""3268"", ""Depth to Top of Formation mTVD"": ""2815"", ""Description"": ""Hidra Fm""}]}"
488,15/9-F-11 B,15_9_F_11_B_2013_06_08.pdf,"{""Pore Pressure"": [{""Time"": ""00:00"", ""Depth mMD"": ""3200"", ""Depth TVD"": null, ""Equ Mud Weight (g/cm3)"": ""1.11"", ""Reading"": ""estimated""}, {""Time"": ""00:00"", ""Depth mMD"": ""3271.1"", ""Depth TVD"": null, ""Equ Mud Weight (g/cm3)"": ""1.18"", ""Reading"": ""estimated""}], ""Survey Station"": [{""Depth mMD"": ""3237.8"", ""Depth mTVD"": ""2801.8"", ""Inclination (dega)"": ""61.97"", ""Azimuth (dega)"": ""109.78"", ""Comment"": null}, {""Depth mMD"": ""3278.3"", ""Depth mTVD"": ""2819.7"", ""Inclination (dega)"": ""65.4"", ""Azimuth (dega)"": ""114.87"", ""Comment"": null}], ""Lithology Information"": [{""Start Depth mMD"": ""3200"", ""End Depth mMD"": ""3271"", ""Start Depth mTVD"": ""2783.9"", ""End Depth mTVD"": ""2817.3"", ""Shows Description"": null, ""Lithology Description"": ""Predominantly limestone locally grading to marl""}]}"
489,15/9-F-11 B,15_9_F_11_B_2013_06_09.pdf,"{""Survey Station"": [{""Depth mMD"": ""3318.2"", ""Depth mTVD"": ""2835.1"", ""Inclination (dega)"": ""69.26"", ""Azimuth (dega)"": ""117.69"", ""Comment"": null}, {""Depth mMD"": ""3359.2"", ""Depth mTVD"": ""2849.3"", ""Inclination (dega)"": ""70.23"", ""Azimuth (dega)"": ""118.16"", ""Comment"": null}, {""Depth mMD"": ""3399.6"", ""Depth mTVD"": ""2862.5"", ""Inclination (dega)"": ""71.72"", ""Azimuth (dega)"": ""120.86"", ""Comment"": null}, {""Depth mMD"": ""3439.7"", ""Depth mTVD"": ""2875.2"", ""Inclination (dega)"": ""71.3"", ""Azimuth (dega)"": ""125.12"", ""Comment"": null}, {""Depth mMD"": ""3480"", ""Depth mTVD"": ""2888"", ""Inclination (dega)"": ""71.64"", ""Azimuth (dega)"": ""129.08"", ""Comment"": null}, {""Depth mMD"": ""3520.5"", ""Depth mTVD"": ""2899.9"", ""Inclination (dega)"": ""74.08"", ""Azimuth (dega)"": ""127.5"", ""Comment"": null}, {""Depth mMD"": ""3561"", ""Depth mTVD"": ""2909.8"", ""Inclination (dega)"": ""77.83"", ""Azimuth (dega)"": ""126.21"", ""Comment"": null}, {""Depth mMD"": ""3601.4"", ""Depth mTVD"": ""2917"", ""Inclination (dega)"": ""81.46"", ""Azimuth (dega)"": ""124.48"", ""Comment"": null}, {""Depth mMD"": ""3641.3"", ""Depth mTVD"": ""2921.7"", ""Inclination (dega)"": ""85.04"", ""Azimuth (dega)"": ""120.81"", ""Comment"": null}, {""Depth mMD"": ""3681.7"", ""Depth mTVD"": ""2923.9"", ""Inclination (dega)"": ""88.67"", ""Azimuth (dega)"": ""119.75"", ""Comment"": null}, {""Depth mMD"": ""3721.9"", ""Depth mTVD"": ""2924.4"", ""Inclination (dega)"": ""90.01"", ""Azimuth (dega)"": ""119.03"", ""Comment"": null}, {""Depth mMD"": ""3762.1"", ""Depth mTVD"": ""2924.7"", ""Inclination (dega)"": ""89.09"", ""Azimuth (dega)"": ""118.41"", ""Comment"": null}, {""Depth mMD"": ""3802.4"", ""Depth mTVD"": ""2925.3"", ""Inclination (dega)"": ""89.1"", ""Azimuth (dega)"": ""118.05"", ""Comment"": null}], ""Stratigraphic Information"": [{""Depth to Top of Formation mMD"": ""3350"", ""Depth to Top of Formation mTVD"": ""2846"", ""Description"": ""Draupne Fm""}, {""Depth to Top of Formation mMD"": ""3393"", ""Depth to Top of Formation mTVD"": ""2860.3"", ""Description"": ""Heather Fm""}, {""Depth to Top of Formation mMD"": ""3468"", ""Depth to Top of Formation mTVD"": ""2884.2"", ""Description"": ""Hugin Fm""}], ""Lithology Information"": [{""Start Depth mMD"": ""3271"", ""End Depth mMD"": ""3380"", ""Start Depth mTVD"": ""2816.6"", ""End Depth mTVD"": ""2856.7"", ""Shows Description"": null, ""Lithology Description"": ""Predominantly varicolured limestone witg marl interbeds and traces of siltston e""}, {""Start Depth mMD"": ""3380"", ""End Depth mMD"": ""3420"", ""Start Depth mTVD"": ""2856.7"", ""End Depth mTVD"": ""2868.8"", ""Shows Description"": null, ""Lithology Description"": ""Limestone and silstone with good traces of pyrite""}, {""Start Depth mMD"": ""3420"", ""End Depth mMD"": ""3460"", ""Start Depth mTVD"": ""2868.8"", ""End Depth mTVD"": ""2881.6"", ""Shows Description"": null, ""Lithology Description"": ""Siltstone with increasing sandstone""}, {""Start Depth mMD"": ""3460"", ""End Depth mMD"": ""3776"", ""Start Depth mTVD"": ""2881.6"", ""End Depth mTVD"": ""2924.3"", ""Shows Description"": null, ""Lithology Description"": ""Predominantlt sandstone with traces of limestone""}, {""Start Depth mMD"": ""3600"", ""End Depth mMD"": ""3610"", ""Start Depth mTVD"": ""0"", ""End Depth mTVD"": ""0"", ""Shows Description"": ""Bright bluish yellow cut fluorescence, slow diffusing solvent su t"", ""Lithology Description"": null}], ""Gas Reading Information"": [{""Time"": ""00:00"", ""Class"": ""drilling gas pea k"", ""Depth to Top mMD"": ""3406"", ""Depth to Bottom MD"": null, ""Depth to Top mTVD"": ""2865.1"", ""Depth to Bottom TVD"": null, ""Highest Gas (%)"": "".57"", ""Lowest Gas ()"": null, ""C1 (ppm)"": ""3185"", ""C2 (ppm)"": ""228"", ""C3 (ppm)"": ""106"", ""IC4 (ppm)"": ""28"", ""IC5 (ppm)"": ""0""}, {""Time"": ""00:00"", ""Class"": ""drilling gas pea k"", ""Depth to Top mMD"": ""3478"", ""Depth to Bottom MD"": null, ""Depth to Top mTVD"": ""2886.7"", ""Depth to Bottom TVD"": null, ""Highest Gas (%)"": ""2.03"", ""Lowest Gas ()"": null, ""C1 (ppm)"": ""13045"", ""C2 (ppm)"": ""966"", ""C3 (ppm)"": ""547"", ""IC4 (ppm)"": ""0"", ""IC5 (ppm)"": ""0""}, {""Time"": ""00:00"", ""Class"": ""drilling gas pea k"", ""Depth to Top mMD"": ""3518"", ""Depth to Bottom MD"": null, ""Depth to Top mTVD"": ""2899.5"", ""Depth to Bottom TVD"": null, ""Highest Gas (%)"": ""2.64"", ""Lowest Gas ()"": null, ""C1 (ppm)"": ""20777"", ""C2 (ppm)"": ""1094"", ""C3 (ppm)"": ""741"", ""IC4 (ppm)"": ""67"", ""IC5 (ppm)"": ""43""}, {""Time"": ""00:00"", ""Class"": ""drilling gas pea k"", ""Depth to Top mMD"": ""3571"", ""Depth to Bottom MD"": null, ""Depth to Top mTVD"": ""2911.7"", ""Depth to Bottom TVD"": null, ""Highest Gas (%)"": ""2.07"", ""Lowest Gas ()"": null, ""C1 (ppm)"": ""11607"", ""C2 (ppm)"": ""6735"", ""C3 (ppm)"": ""168"", ""IC4 (ppm)"": ""4"", ""IC5 (ppm)"": ""43""}, {""Time"": ""00:00"", ""Class"": ""drilling gas pea k"", ""Depth to Top mMD"": ""3691"", ""Depth to Bottom MD"": null, ""Depth to Top mTVD"": ""2924.2"", ""Depth to Bottom TVD"": null, ""Highest Gas (%)"": ""1.59"", ""Lowest Gas ()"": null, ""C1 (ppm)"": ""1051"", ""C2 (ppm)"": ""256"", ""C3 (ppm)"": ""12"", ""IC4 (ppm)"": ""9"", ""IC5 (ppm)"": ""8""}]}"
490,15/9-F-11 B,15_9_F_11_B_2013_06_10.pdf,"{""Survey Station"": [{""Depth mMD"": ""3842.7"", ""Depth mTVD"": ""2926.2"", ""Inclination (dega)"": ""88.52"", ""Azimuth (dega)"": ""118.96"", ""Comment"": null}, {""Depth mMD"": ""3884"", ""Depth mTVD"": ""2928.9"", ""Inclination (dega)"": ""83.95"", ""Azimuth (dega)"": ""113.21"", ""Comment"": null}, {""Depth mMD"": ""3924.5"", ""Depth mTVD"": ""2933.7"", ""Inclination (dega)"": ""82.59"", ""Azimuth (dega)"": ""110.14"", ""Comment"": null}, {""Depth mMD"": ""3964.4"", ""Depth mTVD"": ""2939.7"", ""Inclination (dega)"": ""80.05"", ""Azimuth (dega)"": ""106.19"", ""Comment"": null}, {""Depth mMD"": ""4004.8"", ""Depth mTVD"": ""2947.4"", ""Inclination (dega)"": ""77.79"", ""Azimuth (dega)"": ""102.74"", ""Comment"": null}, {""Depth mMD"": ""4044.9"", ""Depth mTVD"": ""2956.9"", ""Inclination (dega)"": ""75.06"", ""Azimuth (dega)"": ""100.14"", ""Comment"": null}, {""Depth mMD"": ""4085"", ""Depth mTVD"": ""2966.9"", ""Inclination (dega)"": ""76.09"", ""Azimuth (dega)"": ""98.95"", ""Comment"": null}, {""Depth mMD"": ""4124.9"", ""Depth mTVD"": ""2976.1"", ""Inclination (dega)"": ""77.05"", ""Azimuth (dega)"": ""97"", ""Comment"": null}, {""Depth mMD"": ""4165.4"", ""Depth mTVD"": ""2984.5"", ""Inclination (dega)"": ""79.04"", ""Azimuth (dega)"": ""94.65"", ""Comment"": null}], ""Lithology Information"": [{""Start Depth mMD"": ""3776"", ""End Depth mMD"": ""4141"", ""Start Depth mTVD"": ""2924.9"", ""End Depth mTVD"": ""2980.2"", ""Shows Description"": null, ""Lithology Description"": ""Predominantly sandstone with variable amounts of limestone and siltston e""}], ""Gas Reading Information"": [{""Time"": ""00:00"", ""Class"": ""drilling gas pea k"", ""Depth to Top mMD"": ""3773"", ""Depth to Bottom MD"": null, ""Depth to Top mTVD"": ""2924.9"", ""Depth to Bottom TVD"": null, ""Highest Gas (%)"": ""1.68"", ""Lowest Gas ()"": null, ""C1 (ppm)"": ""-999.99"", ""C2 (ppm)"": ""-999.99"", ""C3 (ppm)"": ""-999.99"", ""IC4 (ppm)"": ""-999.99"", ""IC5 (ppm)"": ""-999.99""}, {""Time"": ""00:00"", ""Class"": ""drilling gas pea k"", ""Depth to Top mMD"": ""3781"", ""Depth to Bottom MD"": null, ""Depth to Top mTVD"": ""2925.1"", ""Depth to Bottom TVD"": null, ""Highest Gas (%)"": ""1.7"", ""Lowest Gas ()"": null, ""C1 (ppm)"": ""-999.99"", ""C2 (ppm)"": ""-999.99"", ""C3 (ppm)"": ""-999.99"", ""IC4 (ppm)"": ""-999.99"", ""IC5 (ppm)"": ""-999.99""}, {""Time"": ""00:00"", ""Class"": ""drilling gas pea k"", ""Depth to Top mMD"": ""3902"", ""Depth to Bottom MD"": null, ""Depth to Top mTVD"": ""2930.9"", ""Depth to Bottom TVD"": null, ""Highest Gas (%)"": ""1.5"", ""Lowest Gas ()"": null, ""C1 (ppm)"": ""-999.99"", ""C2 (ppm)"": ""-999.99"", ""C3 (ppm)"": ""-999.99"", ""IC4 (ppm)"": ""-999.99"", ""IC5 (ppm)"": ""-999.99""}, {""Time"": ""00:00"", ""Class"": ""drilling gas pea k"", ""Depth to Top mMD"": ""3931"", ""Depth to Bottom MD"": null, ""Depth to Top mTVD"": ""2934.8"", ""Depth to Bottom TVD"": null, ""Highest Gas (%)"": ""1.32"", ""Lowest Gas ()"": null, ""C1 (ppm)"": ""-999.99"", ""C2 (ppm)"": ""-999.99"", ""C3 (ppm)"": ""-999.99"", ""IC4 (ppm)"": ""-999.99"", ""IC5 (ppm)"": ""-999.99""}, {""Time"": ""00:00"", ""Class"": ""drilling gas pea k"", ""Depth to Top mMD"": ""3962"", ""Depth to Bottom MD"": null, ""Depth to Top mTVD"": ""2939"", ""Depth to Bottom TVD"": null, ""Highest Gas (%)"": ""1.35"", ""Lowest Gas ()"": null, ""C1 (ppm)"": ""-999.99"", ""C2 (ppm)"": ""-999.99"", ""C3 (ppm)"": ""-999.99"", ""IC4 (ppm)"": ""-999.99"", ""IC5 (ppm)"": ""-999.99""}, {""Time"": ""00:00"", ""Class"": ""drilling gas pea k"", ""Depth to Top mMD"": ""3994"", ""Depth to Bottom MD"": null, ""Depth to Top mTVD"": ""2946.1"", ""Depth to Bottom TVD"": null, ""Highest Gas (%)"": ""2.52"", ""Lowest Gas ()"": null, ""C1 (ppm)"": ""-999.99"", ""C2 (ppm)"": ""-999.99"", ""C3 (ppm)"": ""-999.99"", ""IC4 (ppm)"": ""-999.99"", ""IC5 (ppm)"": ""-999.99""}, {""Time"": ""00:00"", ""Class"": ""drilling gas pea k"", ""Depth to Top mMD"": ""4028"", ""Depth to Bottom MD"": null, ""Depth to Top mTVD"": ""2952.2"", ""Depth to Bottom TVD"": null, ""Highest Gas (%)"": ""2.82"", ""Lowest Gas ()"": null, ""C1 (ppm)"": ""-999.99"", ""C2 (ppm)"": ""-999.99"", ""C3 (ppm)"": ""-999.99"", ""IC4 (ppm)"": ""-999.99"", ""IC5 (ppm)"": ""-999.99""}, {""Time"": ""00:00"", ""Class"": ""drilling gas pea k"", ""Depth to Top mMD"": ""4075"", ""Depth to Bottom MD"": null, ""Depth to Top mTVD"": ""2964.1"", ""Depth to Bottom TVD"": null, ""Highest Gas (%)"": ""2.81"", ""Lowest Gas ()"": null, ""C1 (ppm)"": ""-999.99"", ""C2 (ppm)"": ""-999.99"", ""C3 (ppm)"": ""-999.99"", ""IC4 (ppm)"": ""-999.99"", ""IC5 (ppm)"": ""-999.99""}, {""Time"": ""00:00"", ""Class"": ""drilling gas pea k"", ""Depth to Top mMD"": ""4120"", ""Depth to Bottom MD"": null, ""Depth to Top mTVD"": ""2973.6"", ""Depth to Bottom TVD"": null, ""Highest Gas (%)"": ""2.19"", ""Lowest Gas ()"": null, ""C1 (ppm)"": ""-999.99"", ""C2 (ppm)"": ""-999.99"", ""C3 (ppm)"": ""-999.99"", ""IC4 (ppm)"": ""-999.99"", ""IC5 (ppm)"": ""-999.99""}]}"
491,15/9-F-11 B,15_9_F_11_B_2013_06_11.pdf,"{""Survey Station"": [{""Depth mMD"": ""4205.7"", ""Depth mTVD"": ""2991.8"", ""Inclination (dega)"": ""80.1"", ""Azimuth (dega)"": ""92.63"", ""Comment"": null}, {""Depth mMD"": ""4245.9"", ""Depth mTVD"": ""2998.8"", ""Inclination (dega)"": ""80.09"", ""Azimuth (dega)"": ""90.08"", ""Comment"": null}, {""Depth mMD"": ""4286.4"", ""Depth mTVD"": ""3006.1"", ""Inclination (dega)"": ""78.98"", ""Azimuth (dega)"": ""87.18"", ""Comment"": null}, {""Depth mMD"": ""4327.3"", ""Depth mTVD"": ""3014.4"", ""Inclination (dega)"": ""77.61"", ""Azimuth (dega)"": ""82.49"", ""Comment"": null}, {""Depth mMD"": ""4367.6"", ""Depth mTVD"": ""3023.9"", ""Inclination (dega)"": ""75.14"", ""Azimuth (dega)"": ""79.93"", ""Comment"": null}, {""Depth mMD"": ""4408.3"", ""Depth mTVD"": ""3035.8"", ""Inclination (dega)"": ""70.74"", ""Azimuth (dega)"": ""78.79"", ""Comment"": null}, {""Depth mMD"": ""4448.3"", ""Depth mTVD"": ""3050.4"", ""Inclination (dega)"": ""66.71"", ""Azimuth (dega)"": ""77.28"", ""Comment"": null}, {""Depth mMD"": ""4488.3"", ""Depth mTVD"": ""3067.7"", ""Inclination (dega)"": ""61.74"", ""Azimuth (dega)"": ""76.29"", ""Comment"": null}, {""Depth mMD"": ""4528.6"", ""Depth mTVD"": ""3088.2"", ""Inclination (dega)"": ""57.15"", ""Azimuth (dega)"": ""74.31"", ""Comment"": null}, {""Depth mMD"": ""4569.2"", ""Depth mTVD"": ""3111.5"", ""Inclination (dega)"": ""52.85"", ""Azimuth (dega)"": ""72.49"", ""Comment"": null}, {""Depth mMD"": ""4609.2"", ""Depth mTVD"": ""3136.9"", ""Inclination (dega)"": ""48.18"", ""Azimuth (dega)"": ""72.49"", ""Comment"": null}], ""Stratigraphic Information"": [{""Depth to Top of Formation mMD"": ""3299"", ""Depth to Top of Formation mTVD"": ""2828"", ""Description"": ""Åsgard Fm""}], ""Lithology Information"": [{""Start Depth mMD"": ""4141"", ""End Depth mMD"": ""4567"", ""Start Depth mTVD"": ""2979.5"", ""End Depth mTVD"": ""3097.2"", ""Shows Description"": null, ""Lithology Description"": ""Sandstone with traces of siltstone""}], ""Gas Reading Information"": [{""Time"": ""00:00"", ""Class"": ""drilling gas pea k"", ""Depth to Top mMD"": ""4187"", ""Depth to Bottom MD"": null, ""Depth to Top mTVD"": ""2989.3"", ""Depth to Bottom TVD"": null, ""Highest Gas (%)"": ""2.06"", ""Lowest Gas ()"": null, ""C1 (ppm)"": ""-999.99"", ""C2 (ppm)"": ""-999.99"", ""C3 (ppm)"": ""-999.99"", ""IC4 (ppm)"": ""-999.99"", ""IC5 (ppm)"": ""-999.99""}, {""Time"": ""00:00"", ""Class"": ""drilling gas pea k"", ""Depth to Top mMD"": ""4354"", ""Depth to Bottom MD"": null, ""Depth to Top mTVD"": ""3021.6"", ""Depth to Bottom TVD"": null, ""Highest Gas (%)"": ""2.1"", ""Lowest Gas ()"": null, ""C1 (ppm)"": ""-999.99"", ""C2 (ppm)"": ""-999.99"", ""C3 (ppm)"": ""-999.99"", ""IC4 (ppm)"": ""-999.99"", ""IC5 (ppm)"": ""-999.99""}, {""Time"": ""00:00"", ""Class"": ""drilling gas pea k"", ""Depth to Top mMD"": ""4497"", ""Depth to Bottom MD"": null, ""Depth to Top mTVD"": ""3070.6"", ""Depth to Bottom TVD"": null, ""Highest Gas (%)"": ""1.85"", ""Lowest Gas ()"": null, ""C1 (ppm)"": ""-999.99"", ""C2 (ppm)"": ""-999.99"", ""C3 (ppm)"": ""-999.99"", ""IC4 (ppm)"": ""-999.99"", ""IC5 (ppm)"": ""-999.99""}, {""Time"": ""00:00"", ""Class"": ""drilling gas pea k"", ""Depth to Top mMD"": ""4532"", ""Depth to Bottom MD"": null, ""Depth to Top mTVD"": ""3087.9"", ""Depth to Bottom TVD"": null, ""Highest Gas (%)"": ""1.73"", ""Lowest Gas ()"": null, ""C1 (ppm)"": ""-999.99"", ""C2 (ppm)"": ""-999.99"", ""C3 (ppm)"": ""-999.99"", ""IC4 (ppm)"": ""-999.99"", ""IC5 (ppm)"": ""-999.99""}]}"
492,15/9-F-11 B,15_9_F_11_B_2013_06_12.pdf,"{""Pore Pressure"": [{""Time"": ""00:00"", ""Depth mMD"": ""3200"", ""Depth TVD"": null, ""Equ Mud Weight (g/cm3)"": ""1.11"", ""Reading"": ""estimated""}, {""Time"": ""00:00"", ""Depth mMD"": ""3361"", ""Depth TVD"": null, ""Equ Mud Weight (g/cm3)"": ""1.29"", ""Reading"": ""estimated""}, {""Time"": ""00:00"", ""Depth mMD"": ""4770"", ""Depth TVD"": null, ""Equ Mud Weight (g/cm3)"": ""1.18"", ""Reading"": ""estimated""}], ""Lithology Information"": [{""Start Depth mMD"": ""4567"", ""End Depth mMD"": ""4770"", ""Start Depth mTVD"": ""3110"", ""End Depth mTVD"": ""3257.8"", ""Shows Description"": null, ""Lithology Description"": ""Predominantly sandstone with minor siltstone intercalations""}], ""Gas Reading Information"": [{""Time"": ""00:00"", ""Class"": ""drilling gas pea k"", ""Depth to Top mMD"": ""4564"", ""Depth to Bottom MD"": null, ""Depth to Top mTVD"": ""3107.4"", ""Depth to Bottom TVD"": null, ""Highest Gas (%)"": ""1.82"", ""Lowest Gas ()"": null, ""C1 (ppm)"": ""-999.99"", ""C2 (ppm)"": ""-999.99"", ""C3 (ppm)"": ""-999.99"", ""IC4 (ppm)"": ""-999.99"", ""IC5 (ppm)"": ""-999.99""}, {""Time"": ""00:00"", ""Class"": ""drilling gas pea k"", ""Depth to Top mMD"": ""4608"", ""Depth to Bottom MD"": null, ""Depth to Top mTVD"": ""3136.5"", ""Depth to Bottom TVD"": null, ""Highest Gas (%)"": ""1.21"", ""Lowest Gas ()"": null, ""C1 (ppm)"": ""-999.99"", ""C2 (ppm)"": ""-999.99"", ""C3 (ppm)"": ""-999.99"", ""IC4 (ppm)"": ""-999.99"", ""IC5 (ppm)"": ""-999.99""}, {""Time"": ""00:00"", ""Class"": ""drilling gas pea k"", ""Depth to Top mMD"": ""4638"", ""Depth to Bottom MD"": null, ""Depth to Top mTVD"": ""3153.6"", ""Depth to Bottom TVD"": null, ""Highest Gas (%)"": ""1.05"", ""Lowest Gas ()"": null, ""C1 (ppm)"": ""-999.99"", ""C2 (ppm)"": ""-999.99"", ""C3 (ppm)"": ""-999.99"", ""IC4 (ppm)"": ""-999.99"", ""IC5 (ppm)"": ""-999.99""}]}"
493,15/9-F-11 B,15_9_F_11_B_2013_06_13.pdf,"{""Bit Record"": [{""Run No."": ""4"", ""Bit Size"": ""8.5 in"", ""Bit Type"": ""DP406X"", ""IADC Code"": ""M233"", ""Manufacturer"": ""Hughes Christense n"", ""Hrs Drilled"": ""80.5"", ""Start mMD"": ""3197"", ""End mMD"": ""3197"", ""Hole Made (last 24H)"": null, ""Hours Drilled (last 24H)"": null, ""Form ROP"": ""19.5"", ""Total ROP"": ""19.5"", ""Total Hole Made"": ""1573"", ""Total Hrs Drilled"": ""80.5""}], ""Pore Pressure"": [{""Time"": ""00:00"", ""Depth mMD"": ""3200"", ""Depth TVD"": null, ""Equ Mud Weight (g/cm3)"": ""1.11"", ""Reading"": ""estimated""}, {""Time"": ""00:00"", ""Depth mMD"": ""3361"", ""Depth TVD"": null, ""Equ Mud Weight (g/cm3)"": ""1.29"", ""Reading"": ""estimated""}, {""Time"": ""00:00"", ""Depth mMD"": ""4770"", ""Depth TVD"": null, ""Equ Mud Weight (g/cm3)"": ""1.18"", ""Reading"": ""estimated""}], ""Survey Station"": [{""Depth mMD"": ""4649.9"", ""Depth mTVD"": ""3164.5"", ""Inclination (dega)"": ""44.55"", ""Azimuth (dega)"": ""68.41"", ""Comment"": null}, {""Depth mMD"": ""4690.3"", ""Depth mTVD"": ""3194.4"", ""Inclination (dega)"": ""39.91"", ""Azimuth (dega)"": ""66.17"", ""Comment"": null}, {""Depth mMD"": ""4730.3"", ""Depth mTVD"": ""3225.6"", ""Inclination (dega)"": ""37.45"", ""Azimuth (dega)"": ""65.09"", ""Comment"": null}, {""Depth mMD"": ""4757.1"", ""Depth mTVD"": ""3247"", ""Inclination (dega)"": ""36.8"", ""Azimuth (dega)"": ""64.86"", ""Comment"": null}, {""Depth mMD"": ""4770"", ""Depth mTVD"": ""3257.3"", ""Inclination (dega)"": ""36.8"", ""Azimuth (dega)"": ""64.86"", ""Comment"": null}], ""Log Information"": [{""Run No"": ""102"", ""Service Company"": ""Baker Hughes Inteq"", ""Depth Top mMD"": ""3197"", ""Depth Bottom mTVD"": ""4770"", ""Tool"": ""AutoTrak - COP - AZITRAK - LITHOTRAK"", ""BHST (degC)"": ""-999.99""}], ""Stratigraphic Information"": [{""Depth to Top of Formation mMD"": ""4730"", ""Depth to Top of Formation mTVD"": ""3225.3"", ""Description"": ""Sleipner Fm""}]}"
494,15/9-F-11 B,15_9_F_11_B_2013_06_14.pdf,"{""Pore Pressure"": [{""Time"": ""00:00"", ""Depth mMD"": ""3200"", ""Depth TVD"": null, ""Equ Mud Weight (g/cm3)"": ""1.11"", ""Reading"": ""estimated""}, {""Time"": ""00:00"", ""Depth mMD"": ""3361"", ""Depth TVD"": null, ""Equ Mud Weight (g/cm3)"": ""1.29"", ""Reading"": ""estimated""}, {""Time"": ""00:00"", ""Depth mMD"": ""4770"", ""Depth TVD"": null, ""Equ Mud Weight (g/cm3)"": ""1.18"", ""Reading"": ""estimated""}]}"
495,15/9-F-11 B,15_9_F_11_B_2013_06_15.pdf,"{""Casing Liner Tubing"": [{""start_time"": null, ""end_time"": null, ""type_of_pipe"": ""Liner"", ""casing_type"": null, ""outside_diameter_in"": ""7"", ""inside_diameter_in"": ""6.184"", ""weight_lbm_ft"": ""29"", ""grade"": ""13 CrS-11 0"", ""connection"": ""Vam TOP HT"", ""length_m"": ""6"", ""top_mmd"": ""3991.1"", ""bottom_mmd"": ""3997.1"", ""description"": null, ""comment"": null}, {""start_time"": null, ""end_time"": null, ""type_of_pipe"": ""Liner"", ""casing_type"": null, ""outside_diameter_in"": ""7"", ""inside_diameter_in"": ""6.184"", ""weight_lbm_ft"": ""29"", ""grade"": ""13 CrS-11 0"", ""connection"": ""Vam TOP HT"", ""length_m"": ""400.44"", ""top_mmd"": ""3997.06"", ""bottom_mmd"": ""4397.5"", ""description"": null, ""comment"": null}, {""start_time"": null, ""end_time"": null, ""type_of_pipe"": ""Liner"", ""casing_type"": null, ""outside_diameter_in"": ""7"", ""inside_diameter_in"": ""6.184"", ""weight_lbm_ft"": ""29"", ""grade"": ""13 CrS-11 0"", ""connection"": ""Vam TOP HT"", ""length_m"": ""5.9"", ""top_mmd"": ""4397.5"", ""bottom_mmd"": ""4403.4"", ""description"": null, ""comment"": null}, {""start_time"": null, ""end_time"": null, ""type_of_pipe"": ""Liner"", ""casing_type"": null, ""outside_diameter_in"": ""7"", ""inside_diameter_in"": ""6.184"", ""weight_lbm_ft"": ""29"", ""grade"": ""13 CrS-11 0"", ""connection"": ""Vam TOP HT"", ""length_m"": ""304.32"", ""top_mmd"": ""4403.38"", ""bottom_mmd"": ""4707.7"", ""description"": null, ""comment"": null}, {""start_time"": null, ""end_time"": null, ""type_of_pipe"": ""Liner"", ""casing_type"": null, ""outside_diameter_in"": ""7"", ""inside_diameter_in"": ""6.184"", ""weight_lbm_ft"": ""29"", ""grade"": ""13 CrS-11 0"", ""connection"": ""Vam TOP HT"", ""length_m"": "".36"", ""top_mmd"": ""4707.74"", ""bottom_mmd"": ""4708.1"", ""description"": null, ""comment"": null}, {""start_time"": null, ""end_time"": null, ""type_of_pipe"": ""Liner"", ""casing_type"": null, ""outside_diameter_in"": ""7"", ""inside_diameter_in"": ""6.184"", ""weight_lbm_ft"": ""29"", ""grade"": ""13 CrS-110"", ""connection"": ""Vam TOP HT"", ""length_m"": ""12.43"", ""top_mmd"": ""4708.1"", ""bottom_mmd"": ""4720.53"", ""description"": null, ""comment"": null}, {""start_time"": null, ""end_time"": null, ""type_of_pipe"": ""Liner"", ""casing_type"": null, ""outside_diameter_in"": ""7"", ""inside_diameter_in"": ""6.184"", ""weight_lbm_ft"": ""29"", ""grade"": ""13 CrS-110"", ""connection"": ""Vam TOP HT"", ""length_m"": ""35.47"", ""top_mmd"": ""4720.53"", ""bottom_mmd"": ""4756"", ""description"": null, ""comment"": null}, {""start_time"": null, ""end_time"": null, ""type_of_pipe"": ""Liner"", ""casing_type"": null, ""outside_diameter_in"": ""7"", ""inside_diameter_in"": ""6.184"", ""weight_lbm_ft"": ""29"", ""grade"": ""13 CrS-110"", ""connection"": ""Vam TOP HT"", ""length_m"": ""12.68"", ""top_mmd"": ""4756.02"", ""bottom_mmd"": ""4768.7"", ""description"": null, ""comment"": null}, {""start_time"": null, ""end_time"": null, ""type_of_pipe"": ""Liner"", ""casing_type"": null, ""outside_diameter_in"": ""7"", ""inside_diameter_in"": ""6.184"", ""weight_lbm_ft"": ""29"", ""grade"": ""13 CrS-110"", ""connection"": ""Vam TOP HT"", ""length_m"": ""4.05"", ""top_mmd"": ""3443.24"", ""bottom_mmd"": ""3447.29"", ""description"": null, ""comment"": null}, {""start_time"": null, ""end_time"": null, ""type_of_pipe"": ""Liner"", ""casing_type"": null, ""outside_diameter_in"": ""7"", ""inside_diameter_in"": ""6.184"", ""weight_lbm_ft"": ""29"", ""grade"": ""13 CrS-110"", ""connection"": ""Vam TOP HT"", ""length_m"": ""152.91"", ""top_mmd"": ""3447.29"", ""bottom_mmd"": ""3600.2"", ""description"": null, ""comment"": null}, {""start_time"": null, ""end_time"": null, ""type_of_pipe"": ""Liner"", ""casing_type"": null, ""outside_diameter_in"": ""7"", ""inside_diameter_in"": ""6.184"", ""weight_lbm_ft"": ""29"", ""grade"": ""13 CrS-110"", ""connection"": ""Vam TOP HT"", ""length_m"": ""5.89"", ""top_mmd"": ""3600.16"", ""bottom_mmd"": ""3606.05"", ""description"": null, ""comment"": null}, {""start_time"": null, ""end_time"": null, ""type_of_pipe"": ""Liner"", ""casing_type"": null, ""outside_diameter_in"": ""7"", ""inside_diameter_in"": ""6.184"", ""weight_lbm_ft"": ""29"", ""grade"": ""13 CrS-110"", ""connection"": ""Vam TOP HT"", ""length_m"": ""225.25"", ""top_mmd"": ""3606.05"", ""bottom_mmd"": ""3831.3"", ""description"": null, ""comment"": null}, {""start_time"": null, ""end_time"": null, ""type_of_pipe"": ""Liner"", ""casing_type"": null, ""outside_diameter_in"": ""7"", ""inside_diameter_in"": ""6.184"", ""weight_lbm_ft"": ""29"", ""grade"": ""13 CrS-110"", ""connection"": ""Vam TOP HT"", ""length_m"": ""6.03"", ""top_mmd"": ""3831.27"", ""bottom_mmd"": ""3837.3"", ""description"": null, ""comment"": null}, {""start_time"": null, ""end_time"": null, ""type_of_pipe"": ""Liner"", ""casing_type"": null, ""outside_diameter_in"": ""7"", ""inside_diameter_in"": ""6.184"", ""weight_lbm_ft"": ""29"", ""grade"": ""13 CrS-110"", ""connection"": ""Vam TOP HT"", ""length_m"": ""8.04"", ""top_mmd"": ""3094.7"", ""bottom_mmd"": ""3102.74"", ""description"": null, ""comment"": null}, {""start_time"": null, ""end_time"": null, ""type_of_pipe"": ""Liner"", ""casing_type"": null, ""outside_diameter_in"": ""7"", ""inside_diameter_in"": ""6.184"", ""weight_lbm_ft"": ""29"", ""grade"": ""13 CrS-110"", ""connection"": ""Vam TOP HT"", ""length_m"": ""340.54"", ""top_mmd"": ""3102.7"", ""bottom_mmd"": ""3443.24"", ""description"": null, ""comment"": null}, {""start_time"": null, ""end_time"": null, ""type_of_pipe"": ""Liner"", ""casing_type"": null, ""outside_diameter_in"": ""7"", ""inside_diameter_in"": ""6.184"", ""weight_lbm_ft"": ""29"", ""grade"": ""13 CrS-110"", ""connection"": ""Vam TOP HT"", ""length_m"": ""153.81"", ""top_mmd"": ""3837.29"", ""bottom_mmd"": ""3991.1"", ""description"": null, ""comment"": null}]}"
496,15/9-F-11 B,15_9_F_11_B_2013_06_16.pdf,{}
497,15/9-F-11 B,15_9_F_11_B_2013_06_17.pdf,{}
498,15/9-F-11 B,15_9_F_11_B_2013_06_18.pdf,{}
499,15/9-F-11 B,15_9_F_11_B_2013_06_19.pdf,{}
500,15/9-F-11 B,15_9_F_11_B_2013_06_20.pdf,{}
501,15/9-F-11 B,15_9_F_11_B_2013_06_21.pdf,{}
502,15/9-F-11 B,15_9_F_11_B_2013_06_22.pdf,{}
503,15/9-F-11 B,15_9_F_11_B_2013_06_23.pdf,{}
504,15/9-F-11 B,15_9_F_11_B_2013_06_24.pdf,{}
505,15/9-F-11 B,15_9_F_11_B_2013_06_25.pdf,{}
506,15/9-F-11 B,15_9_F_11_B_2013_06_26.pdf,{}
507,15/9-F-11 B,15_9_F_11_B_2013_06_27.pdf,{}
508,15/9-F-11 B,15_9_F_11_B_2013_06_28.pdf,{}
509,15/9-F-11 B,15_9_F_11_B_2013_06_29.pdf,{}
510,15/9-F-11 B,15_9_F_11_B_2013_06_30.pdf,{}
511,15/9-F-11 B,15_9_F_11_B_2013_07_01.pdf,{}
512,15/9-F-11 B,15_9_F_11_B_2013_07_02.pdf,{}
513,15/9-F-11 B,15_9_F_11_B_2013_07_03.pdf,{}
514,15/9-F-11 B,15_9_F_11_B_2013_07_04.pdf,{}
515,15/9-F-11 B,15_9_F_11_B_2013_07_05.pdf,{}
516,15/9-F-11 B,15_9_F_11_B_2013_07_06.pdf,{}
517,15/9-F-11 B,15_9_F_11_B_2013_07_07.pdf,{}
518,15/9-F-11 B,15_9_F_11_B_2013_07_08.pdf,{}
519,15/9-F-11 B,15_9_F_11_B_2013_07_09.pdf,{}
520,15/9-F-11 B,15_9_F_11_B_2013_07_10.pdf,{}
521,15/9-F-11 B,15_9_F_11_B_2013_07_11.pdf,{}
522,15/9-F-11 B,15_9_F_11_B_2013_07_12.pdf,{}
523,15/9-F-11 B,15_9_F_11_B_2013_07_13.pdf,{}
524,15/9-F-11 B,15_9_F_11_B_2013_07_14.pdf,{}
525,15/9-F-11 B,15_9_F_11_B_2013_07_15.pdf,{}
526,15/9-F-11 B,15_9_F_11_B_2013_07_16.pdf,{}
527,15/9-F-11 B,15_9_F_11_B_2013_07_17.pdf,{}
528,15/9-F-11 B,15_9_F_11_B_2013_07_18.pdf,{}
529,15/9-F-11 B,15_9_F_11_B_2013_07_19.pdf,{}
530,15/9-F-11 B,15_9_F_11_B_2013_07_20.pdf,{}
531,15/9-F-11 B,15_9_F_11_B_2013_07_21.pdf,{}
532,15/9-F-11 B,15_9_F_11_B_2013_07_22.pdf,{}
533,15/9-F-11 B,15_9_F_11_B_2013_07_23.pdf,{}
534,15/9-F-11 B,15_9_F_11_B_2013_07_24.pdf,"{""Perforation Information"": [{""Time of Opening Well Perf"": ""00:00"", ""Time of Closing Well Perf"": null, ""Top of Perf mMD"": ""4031"", ""Bottom of Perf mMD"": ""4043"", ""Top of Perf TVD"": null, ""Bottom of Perf TVD"": null}, {""Time of Opening Well Perf"": ""00:00"", ""Time of Closing Well Perf"": null, ""Top of Perf mMD"": ""4063"", ""Bottom of Perf mMD"": ""4075"", ""Top of Perf TVD"": null, ""Bottom of Perf TVD"": null}, {""Time of Opening Well Perf"": ""00:00"", ""Time of Closing Well Perf"": null, ""Top of Perf mMD"": ""4268"", ""Bottom of Perf mMD"": ""4280"", ""Top of Perf TVD"": null, ""Bottom of Perf TVD"": null}, {""Time of Opening Well Perf"": ""00:00"", ""Time of Closing Well Perf"": null, ""Top of Perf mMD"": ""4286"", ""Bottom of Perf mMD"": ""4295"", ""Top of Perf TVD"": null, ""Bottom of Perf TVD"": null}, {""Time of Opening Well Perf"": ""00:00"", ""Time of Closing Well Perf"": null, ""Top of Perf mMD"": ""4304"", ""Bottom of Perf mMD"": ""4316"", ""Top of Perf TVD"": null, ""Bottom of Perf TVD"": null}, {""Time of Opening Well Perf"": ""00:00"", ""Time of Closing Well Perf"": null, ""Top of Perf mMD"": ""4355"", ""Bottom of Perf mMD"": ""4367"", ""Top of Perf TVD"": null, ""Bottom of Perf TVD"": null}, {""Time of Opening Well Perf"": ""00:00"", ""Time of Closing Well Perf"": null, ""Top of Perf mMD"": ""48"", ""Bottom of Perf mMD"": ""4500"", ""Top of Perf TVD"": null, ""Bottom of Perf TVD"": null}, {""Time of Opening Well Perf"": ""00:00"", ""Time of Closing Well Perf"": null, ""Top of Perf mMD"": ""4527"", ""Bottom of Perf mMD"": ""4539"", ""Top of Perf TVD"": null, ""Bottom of Perf TVD"": null}]}"
535,15/9-F-11 B,15_9_F_11_B_2015_10_25.pdf,{}
536,15/9-F-11 B,15_9_F_11_B_2015_10_26.pdf,{}
537,15/9-F-11 B,15_9_F_11_B_2015_10_27.pdf,{}
538,15/9-F-11 B,15_9_F_11_B_2015_10_28.pdf,{}
539,15/9-F-11 B,15_9_F_11_B_2015_10_29.pdf,{}
540,15/9-F-11 B,15_9_F_11_B_2015_10_30.pdf,{}
541,15/9-F-11 B,15_9_F_11_B_2015_10_31.pdf,{}
542,15/9-F-11 B,15_9_F_11_B_2015_11_01.pdf,{}
543,15/9-F-11 B,15_9_F_11_B_2015_11_02.pdf,"{""Perforation Information"": [{""Time of Opening Well Perf"": ""07:00"", ""Time of Closing Well Perf"": null, ""Top of Perf mMD"": ""3960"", ""Bottom of Perf mMD"": ""3969"", ""Top of Perf TVD"": null, ""Bottom of Perf TVD"": null}]}"
544,15/9-F-11 B,15_9_F_11_B_2015_11_03.pdf,"{""Perforation Information"": [{""Time of Opening Well Perf"": ""08:30"", ""Time of Closing Well Perf"": null, ""Top of Perf mMD"": ""3910"", ""Bottom of Perf mMD"": ""3919"", ""Top of Perf TVD"": null, ""Bottom of Perf TVD"": null}]}"
545,15/9-F-11 B,15_9_F_11_B_2016_04_15.pdf,{}
546,15/9-F-11 B,15_9_F_11_B_2016_04_16.pdf,{}
547,15/9-F-11 B,15_9_F_11_B_2016_04_17.pdf,{}
548,15/9-F-11 B,15_9_F_11_B_2016_04_18.pdf,"{""Perforation Information"": [{""Time of Opening Well Perf"": ""19:00"", ""Time of Closing Well Perf"": ""13:40"", ""Top of Perf mMD"": ""3475"", ""Bottom of Perf mMD"": ""3481"", ""Top of Perf TVD"": null, ""Bottom of Perf TVD"": null}, {""Time of Opening Well Perf"": ""19:00"", ""Time of Closing Well Perf"": ""20:45"", ""Top of Perf mMD"": ""3675"", ""Bottom of Perf mMD"": ""3684"", ""Top of Perf TVD"": null, ""Bottom of Perf TVD"": null}]}"
549,15/9-F-11 B,15_9_F_11_B_2016_04_19.pdf,{}
550,15/9-F-11 B,15_9_F_11_B_2016_04_21.pdf,{}
551,15/9-F-11 B,15_9_F_11_B_2016_04_22.pdf,{}
552,15/9-F-11 B,15_9_F_11_B_2016_04_23.pdf,{}
553,15/9-F-11 B,15_9_F_11_B_2016_04_24.pdf,{}
554,15/9-F-11 B,15_9_F_11_B_2016_04_25.pdf,{}
555,15/9-F-11 B,15_9_F_11_B_2016_09_19.pdf,{}
556,15/9-F-11 B,15_9_F_11_B_2016_09_20.pdf,{}
557,15/9-F-11 B,15_9_F_11_B_2016_09_21.pdf,{}
558,15/9-F-11 B,15_9_F_11_B_2016_09_22.pdf,{}
559,15/9-F-11 B,15_9_F_11_B_2016_09_23.pdf,{}
560,15/9-F-11 B,15_9_F_11_B_2016_09_24.pdf,{}
561,15/9-F-11 B,15_9_F_11_B_2016_09_25.pdf,{}
562,15/9-F-11 B,15_9_F_11_B_2016_09_26.pdf,{}
563,15/9-F-11 B,15_9_F_11_B_2016_09_27.pdf,{}
564,15/9-F-11 B,15_9_F_11_B_2016_09_28.pdf,{}
565,15/9-F-11 B,15_9_F_11_B_2016_09_29.pdf,{}
566,15/9-F-11 B,15_9_F_11_B_2016_10_21.pdf,{}
567,15/9-F-11 B,15_9_F_11_B_2016_10_22.pdf,{}
568,15/9-F-11 T2,15_9_F_11_T2_2013_03_24.pdf,"{""Survey Station"": [{""Depth mMD"": ""264"", ""Depth mTVD"": ""264"", ""Inclination (dega)"": ""1.32"", ""Azimuth (dega)"": ""310.5"", ""Comment"": null}, {""Depth mMD"": ""276.4"", ""Depth mTVD"": ""276.4"", ""Inclination (dega)"": ""1.41"", ""Azimuth (dega)"": ""316.92"", ""Comment"": null}, {""Depth mMD"": ""284.5"", ""Depth mTVD"": ""284.5"", ""Inclination (dega)"": ""1.55"", ""Azimuth (dega)"": ""316.94"", ""Comment"": null}, {""Depth mMD"": ""290.2"", ""Depth mTVD"": ""290.2"", ""Inclination (dega)"": ""1.32"", ""Azimuth (dega)"": ""318.66"", ""Comment"": null}]}"
569,15/9-F-11 T2,15_9_F_11_T2_2013_03_25.pdf,"{""Survey Station"": [{""Depth mMD"": ""305"", ""Depth mTVD"": ""305"", ""Inclination (dega)"": ""1.06"", ""Azimuth (dega)"": ""321.43"", ""Comment"": null}, {""Depth mMD"": ""317"", ""Depth mTVD"": ""317"", ""Inclination (dega)"": "".98"", ""Azimuth (dega)"": ""327.19"", ""Comment"": null}, {""Depth mMD"": ""332"", ""Depth mTVD"": ""332"", ""Inclination (dega)"": ""1.08"", ""Azimuth (dega)"": ""321.81"", ""Comment"": null}, {""Depth mMD"": ""344.7"", ""Depth mTVD"": ""344.7"", ""Inclination (dega)"": ""1.07"", ""Azimuth (dega)"": ""325.46"", ""Comment"": null}, {""Depth mMD"": ""358.2"", ""Depth mTVD"": ""358.2"", ""Inclination (dega)"": ""1.13"", ""Azimuth (dega)"": ""318.4"", ""Comment"": null}, {""Depth mMD"": ""371.7"", ""Depth mTVD"": ""371.7"", ""Inclination (dega)"": ""1.16"", ""Azimuth (dega)"": ""320.72"", ""Comment"": null}, {""Depth mMD"": ""385"", ""Depth mTVD"": ""385"", ""Inclination (dega)"": ""1.4"", ""Azimuth (dega)"": ""317.81"", ""Comment"": null}, {""Depth mMD"": ""398.2"", ""Depth mTVD"": ""398.2"", ""Inclination (dega)"": ""1.78"", ""Azimuth (dega)"": ""319.73"", ""Comment"": null}], ""Log Information"": [{""Run No"": ""100"", ""Service Company"": ""Baker Hughes Inteq"", ""Depth Top mMD"": ""207"", ""Depth Bottom mTVD"": ""454"", ""Tool"": ""OnTrak"", ""BHST (degC)"": ""-999.99""}]}"
570,15/9-F-11 T2,15_9_F_11_T2_2013_03_26.pdf,"{""Bit Record"": [{""Run No."": ""7"", ""Bit Size"": ""26 in"", ""Bit Type"": ""VG-1"", ""IADC Code"": ""115"", ""Manufacturer"": ""Hughes Christense n"", ""Hrs Drilled"": ""15"", ""Start mMD"": ""257"", ""End mMD"": ""257"", ""Hole Made (last 24H)"": null, ""Hours Drilled (last 24H)"": null, ""Form ROP"": ""13.2"", ""Total ROP"": ""9.8"", ""Total Hole Made"": ""210.6"", ""Total Hrs Drilled"": ""21.6""}]}"
571,15/9-F-11 T2,15_9_F_11_T2_2013_03_27.pdf,{}
572,15/9-F-11 T2,15_9_F_11_T2_2013_03_28.pdf,{}
573,15/9-F-11 T2,15_9_F_11_T2_2013_03_29.pdf,"{""Survey Station"": [{""Depth mMD"": ""426.7"", ""Depth mTVD"": ""426.6"", ""Inclination (dega)"": ""2.55"", ""Azimuth (dega)"": ""313.14"", ""Comment"": null}, {""Depth mMD"": ""444.6"", ""Depth mTVD"": ""444.5"", ""Inclination (dega)"": ""2.46"", ""Azimuth (dega)"": ""316.3"", ""Comment"": null}]}"
574,15/9-F-11 T2,15_9_F_11_T2_2013_03_30.pdf,"{""Survey Station"": [{""Depth mMD"": ""485.3"", ""Depth mTVD"": ""485.2"", ""Inclination (dega)"": ""2.46"", ""Azimuth (dega)"": ""319.47"", ""Comment"": null}, {""Depth mMD"": ""522.7"", ""Depth mTVD"": ""522.6"", ""Inclination (dega)"": ""2.57"", ""Azimuth (dega)"": ""319.82"", ""Comment"": null}, {""Depth mMD"": ""563.1"", ""Depth mTVD"": ""562.9"", ""Inclination (dega)"": ""2.48"", ""Azimuth (dega)"": ""325.09"", ""Comment"": null}, {""Depth mMD"": ""603.5"", ""Depth mTVD"": ""603.3"", ""Inclination (dega)"": ""2.57"", ""Azimuth (dega)"": ""324.39"", ""Comment"": null}, {""Depth mMD"": ""644"", ""Depth mTVD"": ""643.8"", ""Inclination (dega)"": ""1.68"", ""Azimuth (dega)"": ""292.15"", ""Comment"": null}, {""Depth mMD"": ""651.9"", ""Depth mTVD"": ""651.6"", ""Inclination (dega)"": ""1.5"", ""Azimuth (dega)"": ""280.95"", ""Comment"": null}, {""Depth mMD"": ""692.4"", ""Depth mTVD"": ""692.1"", ""Inclination (dega)"": ""2.45"", ""Azimuth (dega)"": ""266.71"", ""Comment"": null}, {""Depth mMD"": ""732.9"", ""Depth mTVD"": ""732.5"", ""Inclination (dega)"": ""5.45"", ""Azimuth (dega)"": ""240.45"", ""Comment"": null}, {""Depth mMD"": ""773"", ""Depth mTVD"": ""772.3"", ""Inclination (dega)"": ""8.06"", ""Azimuth (dega)"": ""234.01"", ""Comment"": null}]}"
575,15/9-F-11 T2,15_9_F_11_T2_2013_03_31.pdf,"{""Survey Station"": [{""Depth mMD"": ""1015.7"", ""Depth mTVD"": ""1010.4"", ""Inclination (dega)"": ""10.71"", ""Azimuth (dega)"": ""273.81"", ""Comment"": null}, {""Depth mMD"": ""1056.1"", ""Depth mTVD"": ""1050.1"", ""Inclination (dega)"": ""10.6"", ""Azimuth (dega)"": ""275.02"", ""Comment"": null}, {""Depth mMD"": ""1095.7"", ""Depth mTVD"": ""1088.9"", ""Inclination (dega)"": ""12.58"", ""Azimuth (dega)"": ""287.17"", ""Comment"": null}, {""Depth mMD"": ""813.2"", ""Depth mTVD"": ""812"", ""Inclination (dega)"": ""11.55"", ""Azimuth (dega)"": ""238.43"", ""Comment"": null}, {""Depth mMD"": ""853.8"", ""Depth mTVD"": ""851.6"", ""Inclination (dega)"": ""12.87"", ""Azimuth (dega)"": ""251.76"", ""Comment"": null}, {""Depth mMD"": ""894.2"", ""Depth mTVD"": ""891.1"", ""Inclination (dega)"": ""12.46"", ""Azimuth (dega)"": ""260.17"", ""Comment"": null}, {""Depth mMD"": ""934.5"", ""Depth mTVD"": ""930.5"", ""Inclination (dega)"": ""10.59"", ""Azimuth (dega)"": ""261.74"", ""Comment"": null}, {""Depth mMD"": ""967.6"", ""Depth mTVD"": ""963.1"", ""Inclination (dega)"": ""10.64"", ""Azimuth (dega)"": ""266.13"", ""Comment"": null}], ""Stratigraphic Information"": [{""Depth to Top of Formation mMD"": ""1070.7"", ""Depth to Top of Formation mTVD"": ""1064.4"", ""Description"": ""Hordaland Gp""}, {""Depth to Top of Formation mMD"": ""884.8"", ""Depth to Top of Formation mTVD"": ""881.9"", ""Description"": ""Utsira Fm""}]}"
576,15/9-F-11 T2,15_9_F_11_T2_2013_04_01.pdf,"{""Survey Station"": [{""Depth mMD"": ""1136.3"", ""Depth mTVD"": ""1128"", ""Inclination (dega)"": ""17.73"", ""Azimuth (dega)"": ""292.51"", ""Comment"": null}, {""Depth mMD"": ""1176.7"", ""Depth mTVD"": ""16"", ""Inclination (dega)"": ""22.38"", ""Azimuth (dega)"": ""289.22"", ""Comment"": null}, {""Depth mMD"": ""1209.5"", ""Depth mTVD"": ""1196.3"", ""Inclination (dega)"": ""22.25"", ""Azimuth (dega)"": ""286.77"", ""Comment"": null}, {""Depth mMD"": ""1256.5"", ""Depth mTVD"": ""1239.6"", ""Inclination (dega)"": ""23.65"", ""Azimuth (dega)"": ""283.62"", ""Comment"": null}, {""Depth mMD"": ""1298.2"", ""Depth mTVD"": ""1278.2"", ""Inclination (dega)"": ""20.95"", ""Azimuth (dega)"": ""284.95"", ""Comment"": null}, {""Depth mMD"": ""1338.7"", ""Depth mTVD"": ""1315.9"", ""Inclination (dega)"": ""21.87"", ""Azimuth (dega)"": ""283.12"", ""Comment"": null}, {""Depth mMD"": ""1344.3"", ""Depth mTVD"": ""1321.1"", ""Inclination (dega)"": ""22.86"", ""Azimuth (dega)"": ""283.32"", ""Comment"": null}], ""Stratigraphic Information"": [{""Depth to Top of Formation mMD"": ""1240"", ""Depth to Top of Formation mTVD"": ""1224.4"", ""Description"": ""Skade Fm""}]}"
577,15/9-F-11 T2,15_9_F_11_T2_2013_04_02.pdf,{}
578,15/9-F-11 T2,15_9_F_11_T2_2013_04_03.pdf,"{""Bit Record"": [{""Run No."": ""8"", ""Bit Size"": ""26 in"", ""Bit Type"": ""VG-1"", ""IADC Code"": ""115"", ""Manufacturer"": ""Hughes Christense n"", ""Hrs Drilled"": ""45.2"", ""Start mMD"": ""454"", ""End mMD"": ""454"", ""Hole Made (last 24H)"": null, ""Hours Drilled (last 24H)"": null, ""Form ROP"": ""20.2"", ""Total ROP"": ""20.2"", ""Total Hole Made"": ""911"", ""Total Hrs Drilled"": ""45.2""}]}"
579,15/9-F-11 T2,15_9_F_11_T2_2013_04_04.pdf,{}
580,15/9-F-11 T2,15_9_F_11_T2_2013_04_05.pdf,{}
581,15/9-F-11 T2,15_9_F_11_T2_2013_04_06.pdf,"{""Casing Liner Tubing"": [{""start_time"": null, ""end_time"": null, ""type_of_pipe"": ""Casing"", ""casing_type"": null, ""outside_diameter_in"": ""20"", ""inside_diameter_in"": ""18.73"", ""weight_lbm_ft"": ""133"", ""grade"": ""N-80"", ""connection"": ""TenarisER"", ""length_m"": ""12.96"", ""top_mmd"": ""1344.72"", ""bottom_mmd"": ""1357.68"", ""description"": null, ""comment"": null}, {""start_time"": null, ""end_time"": null, ""type_of_pipe"": ""Casing"", ""casing_type"": null, ""outside_diameter_in"": ""20"", ""inside_diameter_in"": ""18.73"", ""weight_lbm_ft"": ""133"", ""grade"": ""N-80"", ""connection"": ""TenarisER"", ""length_m"": ""12.82"", ""top_mmd"": ""1331.9"", ""bottom_mmd"": ""1344.72"", ""description"": null, ""comment"": null}, {""start_time"": null, ""end_time"": null, ""type_of_pipe"": ""Casing"", ""casing_type"": null, ""outside_diameter_in"": ""20"", ""inside_diameter_in"": ""18.73"", ""weight_lbm_ft"": ""133"", ""grade"": ""N-80"", ""connection"": ""TenarisER"", ""length_m"": ""1182.38"", ""top_mmd"": ""149.52"", ""bottom_mmd"": ""1331.9"", ""description"": null, ""comment"": null}, {""start_time"": null, ""end_time"": null, ""type_of_pipe"": ""Casing"", ""casing_type"": null, ""outside_diameter_in"": ""20"", ""inside_diameter_in"": ""18.73"", ""weight_lbm_ft"": ""133"", ""grade"": ""N-80"", ""connection"": ""TenarisER"", ""length_m"": ""10.31"", ""top_mmd"": ""139.21"", ""bottom_mmd"": ""149.52"", ""description"": null, ""comment"": null}]}"
582,15/9-F-11 T2,15_9_F_11_T2_2013_04_07.pdf,{}
583,15/9-F-11 T2,15_9_F_11_T2_2013_04_08.pdf,{}
584,15/9-F-11 T2,15_9_F_11_T2_2013_04_09.pdf,{}
585,15/9-F-11 T2,15_9_F_11_T2_2013_04_10.pdf,{}
586,15/9-F-11 T2,15_9_F_11_T2_2013_04_11.pdf,{}
587,15/9-F-11 T2,15_9_F_11_T2_2013_04_12.pdf,{}
588,15/9-F-11 T2,15_9_F_11_T2_2013_04_13.pdf,{}
589,15/9-F-11 T2,15_9_F_11_T2_2013_04_14.pdf,"{""Pore Pressure"": [{""Time"": ""00:00"", ""Depth mMD"": ""1400"", ""Depth TVD"": null, ""Equ Mud Weight (g/cm3)"": ""1.03"", ""Reading"": ""estimated""}], ""Lithology Information"": [{""Start Depth mMD"": ""1365"", ""End Depth mMD"": ""1390"", ""Start Depth mTVD"": ""1340"", ""End Depth mTVD"": ""1363"", ""Shows Description"": null, ""Lithology Description"": ""Claystone""}, {""Start Depth mMD"": ""1390"", ""End Depth mMD"": ""1400"", ""Start Depth mTVD"": ""1363"", ""End Depth mTVD"": ""1371"", ""Shows Description"": null, ""Lithology Description"": ""Claystone""}]}"
590,15/9-F-11 T2,15_9_F_11_T2_2013_04_15.pdf,"{""Pore Pressure"": [{""Time"": ""00:00"", ""Depth mMD"": ""1500"", ""Depth TVD"": null, ""Equ Mud Weight (g/cm3)"": ""1.03"", ""Reading"": ""estimated""}], ""Survey Station"": [{""Depth mMD"": ""1385.2"", ""Depth mTVD"": ""1358.6"", ""Inclination (dega)"": ""23.67"", ""Azimuth (dega)"": ""277.93"", ""Comment"": null}, {""Depth mMD"": ""1427.2"", ""Depth mTVD"": ""1396.6"", ""Inclination (dega)"": ""26.97"", ""Azimuth (dega)"": ""267.61"", ""Comment"": null}, {""Depth mMD"": ""1467.5"", ""Depth mTVD"": ""1432.1"", ""Inclination (dega)"": ""29.83"", ""Azimuth (dega)"": ""259.66"", ""Comment"": null}, {""Depth mMD"": ""1486.2"", ""Depth mTVD"": ""1448.2"", ""Inclination (dega)"": ""30.96"", ""Azimuth (dega)"": ""259.61"", ""Comment"": null}], ""Lithology Information"": [{""Start Depth mMD"": ""1400"", ""End Depth mMD"": ""1440"", ""Start Depth mTVD"": ""1372"", ""End Depth mTVD"": ""1408"", ""Shows Description"": null, ""Lithology Description"": ""Claystone""}, {""Start Depth mMD"": ""1440"", ""End Depth mMD"": ""1470"", ""Start Depth mTVD"": ""1408"", ""End Depth mTVD"": ""1434"", ""Shows Description"": null, ""Lithology Description"": ""Claystone""}, {""Start Depth mMD"": ""1470"", ""End Depth mMD"": ""1500"", ""Start Depth mTVD"": ""1434"", ""End Depth mTVD"": ""1460"", ""Shows Description"": null, ""Lithology Description"": ""Claystone""}], ""Gas Reading Information"": [{""Time"": ""00:00"", ""Class"": ""drilling gas pea k"", ""Depth to Top mMD"": ""1422"", ""Depth to Bottom MD"": null, ""Depth to Top mTVD"": ""1391.9"", ""Depth to Bottom TVD"": null, ""Highest Gas (%)"": "".37"", ""Lowest Gas ()"": null, ""C1 (ppm)"": ""3818"", ""C2 (ppm)"": ""0"", ""C3 (ppm)"": ""0"", ""IC4 (ppm)"": ""2"", ""IC5 (ppm)"": ""0""}, {""Time"": ""00:00"", ""Class"": ""drilling gas pea k"", ""Depth to Top mMD"": ""1449"", ""Depth to Bottom MD"": null, ""Depth to Top mTVD"": ""1414.9"", ""Depth to Bottom TVD"": null, ""Highest Gas (%)"": "".45"", ""Lowest Gas ()"": null, ""C1 (ppm)"": ""4661"", ""C2 (ppm)"": ""0"", ""C3 (ppm)"": ""0"", ""IC4 (ppm)"": ""2"", ""IC5 (ppm)"": ""0""}, {""Time"": ""00:00"", ""Class"": ""drilling gas pea k"", ""Depth to Top mMD"": ""1492"", ""Depth to Bottom MD"": null, ""Depth to Top mTVD"": ""1453.1"", ""Depth to Bottom TVD"": null, ""Highest Gas (%)"": "".43"", ""Lowest Gas ()"": null, ""C1 (ppm)"": ""4403"", ""C2 (ppm)"": ""3"", ""C3 (ppm)"": ""0"", ""IC4 (ppm)"": ""2"", ""IC5 (ppm)"": ""0""}]}"
591,15/9-F-11 T2,15_9_F_11_T2_2013_04_16.pdf,"{""Pore Pressure"": [{""Time"": ""00:00"", ""Depth mMD"": ""1500"", ""Depth TVD"": null, ""Equ Mud Weight (g/cm3)"": ""1.03"", ""Reading"": ""estimated""}]}"
592,15/9-F-11 T2,15_9_F_11_T2_2013_04_17.pdf,"{""Pore Pressure"": [{""Time"": ""00:00"", ""Depth mMD"": ""1780"", ""Depth TVD"": null, ""Equ Mud Weight (g/cm3)"": ""1.03"", ""Reading"": ""estimated""}], ""Survey Station"": [{""Depth mMD"": ""1507.5"", ""Depth mTVD"": ""1466.3"", ""Inclination (dega)"": ""32.18"", ""Azimuth (dega)"": ""258.89"", ""Comment"": null}, {""Depth mMD"": ""1548.1"", ""Depth mTVD"": ""1500.4"", ""Inclination (dega)"": ""34.04"", ""Azimuth (dega)"": ""259.4"", ""Comment"": null}, {""Depth mMD"": ""1588.6"", ""Depth mTVD"": ""1533.9"", ""Inclination (dega)"": ""33.98"", ""Azimuth (dega)"": ""258.58"", ""Comment"": null}, {""Depth mMD"": ""1628.6"", ""Depth mTVD"": ""1567"", ""Inclination (dega)"": ""34.39"", ""Azimuth (dega)"": ""258.19"", ""Comment"": null}, {""Depth mMD"": ""1668.7"", ""Depth mTVD"": ""1600.1"", ""Inclination (dega)"": ""34.35"", ""Azimuth (dega)"": ""257.63"", ""Comment"": null}, {""Depth mMD"": ""1709.3"", ""Depth mTVD"": ""1633.6"", ""Inclination (dega)"": ""34.43"", ""Azimuth (dega)"": ""257.6"", ""Comment"": null}, {""Depth mMD"": ""1750"", ""Depth mTVD"": ""1667.8"", ""Inclination (dega)"": ""31.41"", ""Azimuth (dega)"": ""258.66"", ""Comment"": null}, {""Depth mMD"": ""1764"", ""Depth mTVD"": ""1679.8"", ""Inclination (dega)"": ""30.2"", ""Azimuth (dega)"": ""259.27"", ""Comment"": null}], ""Lithology Information"": [{""Start Depth mMD"": ""1500"", ""End Depth mMD"": ""1570"", ""Start Depth mTVD"": ""1460"", ""End Depth mTVD"": ""1519"", ""Shows Description"": null, ""Lithology Description"": ""Claystone""}, {""Start Depth mMD"": ""1570"", ""End Depth mMD"": ""1650"", ""Start Depth mTVD"": ""1519"", ""End Depth mTVD"": ""1585"", ""Shows Description"": null, ""Lithology Description"": ""Claystone""}, {""Start Depth mMD"": ""1650"", ""End Depth mMD"": ""1780"", ""Start Depth mTVD"": ""1585"", ""End Depth mTVD"": ""1693"", ""Shows Description"": null, ""Lithology Description"": ""Claystone with minor limestone stringer s""}]}"
593,15/9-F-11 T2,15_9_F_11_T2_2013_04_18.pdf,"{""Pore Pressure"": [{""Time"": ""00:00"", ""Depth mMD"": ""1812"", ""Depth TVD"": null, ""Equ Mud Weight (g/cm3)"": ""1.03"", ""Reading"": ""estimated""}], ""Survey Station"": [{""Depth mMD"": ""1790.3"", ""Depth mTVD"": ""1702.8"", ""Inclination (dega)"": ""28.25"", ""Azimuth (dega)"": ""260.32"", ""Comment"": null}], ""Lithology Information"": [{""Start Depth mMD"": ""1780"", ""End Depth mMD"": ""1812"", ""Start Depth mTVD"": ""1693"", ""End Depth mTVD"": ""1722"", ""Shows Description"": null, ""Lithology Description"": ""Claystone with Limestone stringers""}], ""Gas Reading Information"": [{""Time"": ""00:00"", ""Class"": ""drilling gas pea k"", ""Depth to Top mMD"": ""1779"", ""Depth to Bottom MD"": null, ""Depth to Top mTVD"": ""1692.9"", ""Depth to Bottom TVD"": null, ""Highest Gas (%)"": "".64"", ""Lowest Gas ()"": null, ""C1 (ppm)"": ""7236"", ""C2 (ppm)"": ""0"", ""C3 (ppm)"": ""0"", ""IC4 (ppm)"": ""0"", ""IC5 (ppm)"": ""0""}]}"
594,15/9-F-11 T2,15_9_F_11_T2_2013_04_19.pdf,"{""Pore Pressure"": [{""Time"": ""00:00"", ""Depth mMD"": ""1966"", ""Depth TVD"": null, ""Equ Mud Weight (g/cm3)"": ""1.03"", ""Reading"": ""estimated""}], ""Survey Station"": [{""Depth mMD"": ""1830.4"", ""Depth mTVD"": ""1738.6"", ""Inclination (dega)"": ""25.02"", ""Azimuth (dega)"": ""261.22"", ""Comment"": null}, {""Depth mMD"": ""1870.6"", ""Depth mTVD"": ""1775.5"", ""Inclination (dega)"": ""21.55"", ""Azimuth (dega)"": ""260.33"", ""Comment"": null}, {""Depth mMD"": ""1910.9"", ""Depth mTVD"": ""1813.4"", ""Inclination (dega)"": ""18.65"", ""Azimuth (dega)"": ""261.1"", ""Comment"": null}, {""Depth mMD"": ""1950.9"", ""Depth mTVD"": ""1851.6"", ""Inclination (dega)"": ""15.46"", ""Azimuth (dega)"": ""264.1"", ""Comment"": null}], ""Lithology Information"": [{""Start Depth mMD"": ""1812"", ""End Depth mMD"": ""1860"", ""Start Depth mTVD"": ""1722"", ""End Depth mTVD"": ""1766"", ""Shows Description"": null, ""Lithology Description"": ""Claystone with Limestone stringers""}, {""Start Depth mMD"": ""1860"", ""End Depth mMD"": ""1966"", ""Start Depth mTVD"": ""1766"", ""End Depth mTVD"": ""1866"", ""Shows Description"": null, ""Lithology Description"": ""Claystone with Limestone stringers and rare Sandstone""}], ""Gas Reading Information"": [{""Time"": ""00:00"", ""Class"": ""drilling gas pea k"", ""Depth to Top mMD"": ""1913"", ""Depth to Bottom MD"": null, ""Depth to Top mTVD"": ""1814.4"", ""Depth to Bottom TVD"": null, ""Highest Gas (%)"": ""1.8"", ""Lowest Gas ()"": null, ""C1 (ppm)"": ""22022"", ""C2 (ppm)"": ""31"", ""C3 (ppm)"": ""8"", ""IC4 (ppm)"": ""2"", ""IC5 (ppm)"": ""0""}, {""Time"": ""00:00"", ""Class"": ""drilling gas pea k"", ""Depth to Top mMD"": ""1949"", ""Depth to Bottom MD"": null, ""Depth to Top mTVD"": ""1848.8"", ""Depth to Bottom TVD"": null, ""Highest Gas (%)"": ""1.3"", ""Lowest Gas ()"": null, ""C1 (ppm)"": ""15517"", ""C2 (ppm)"": ""2"", ""C3 (ppm)"": ""7"", ""IC4 (ppm)"": ""0"", ""IC5 (ppm)"": ""0""}]}"
595,15/9-F-11 T2,15_9_F_11_T2_2013_04_20.pdf,"{""Pore Pressure"": [{""Time"": ""00:00"", ""Depth mMD"": ""2046"", ""Depth TVD"": null, ""Equ Mud Weight (g/cm3)"": ""1.03"", ""Reading"": ""estimated""}], ""Survey Station"": [{""Depth mMD"": ""1992.1"", ""Depth mTVD"": ""1891.6"", ""Inclination (dega)"": ""11.66"", ""Azimuth (dega)"": ""266.24"", ""Comment"": null}, {""Depth mMD"": ""2032.4"", ""Depth mTVD"": ""1931.3"", ""Inclination (dega)"": ""8.11"", ""Azimuth (dega)"": ""271.93"", ""Comment"": null}], ""Lithology Information"": [{""Start Depth mMD"": ""1966"", ""End Depth mMD"": ""2020"", ""Start Depth mTVD"": ""1866.2"", ""End Depth mTVD"": ""1919.1"", ""Shows Description"": null, ""Lithology Description"": ""Claystone with minor Limestone/Dolomite stringer s""}, {""Start Depth mMD"": ""2020"", ""End Depth mMD"": ""2046"", ""Start Depth mTVD"": ""1919.1"", ""End Depth mTVD"": ""1944.8"", ""Shows Description"": null, ""Lithology Description"": ""Claystone with minor Limestone/Dolomite stringer s""}], ""Gas Reading Information"": [{""Time"": ""00:00"", ""Class"": ""drilling gas pea k"", ""Depth to Top mMD"": ""2003"", ""Depth to Bottom MD"": null, ""Depth to Top mTVD"": ""1901.4"", ""Depth to Bottom TVD"": null, ""Highest Gas (%)"": ""1.31"", ""Lowest Gas ()"": null, ""C1 (ppm)"": ""15198"", ""C2 (ppm)"": ""13"", ""C3 (ppm)"": ""3"", ""IC4 (ppm)"": ""0"", ""IC5 (ppm)"": ""0""}]}"
596,15/9-F-11 T2,15_9_F_11_T2_2013_04_21.pdf,"{""Pore Pressure"": [{""Time"": ""00:00"", ""Depth mMD"": ""2475"", ""Depth TVD"": null, ""Equ Mud Weight (g/cm3)"": ""1.03"", ""Reading"": ""estimated""}], ""Survey Station"": [{""Depth mMD"": ""2072.5"", ""Depth mTVD"": ""1971.1"", ""Inclination (dega)"": ""5.75"", ""Azimuth (dega)"": ""285.2"", ""Comment"": null}, {""Depth mMD"": ""2095.2"", ""Depth mTVD"": ""1993.8"", ""Inclination (dega)"": ""4.24"", ""Azimuth (dega)"": ""297.12"", ""Comment"": null}, {""Depth mMD"": ""2112.8"", ""Depth mTVD"": ""2011.3"", ""Inclination (dega)"": ""3.09"", ""Azimuth (dega)"": ""311.26"", ""Comment"": null}, {""Depth mMD"": ""2134.7"", ""Depth mTVD"": ""2033.2"", ""Inclination (dega)"": ""2.75"", ""Azimuth (dega)"": ""335"", ""Comment"": null}, {""Depth mMD"": ""2152.9"", ""Depth mTVD"": ""2051.4"", ""Inclination (dega)"": ""3.55"", ""Azimuth (dega)"": ""356.57"", ""Comment"": null}, {""Depth mMD"": ""2193.1"", ""Depth mTVD"": ""2091.4"", ""Inclination (dega)"": ""5.67"", ""Azimuth (dega)"": ""33.34"", ""Comment"": null}, {""Depth mMD"": ""2234"", ""Depth mTVD"": ""2132"", ""Inclination (dega)"": ""8.75"", ""Azimuth (dega)"": ""52.64"", ""Comment"": null}, {""Depth mMD"": ""2274.3"", ""Depth mTVD"": ""2171.6"", ""Inclination (dega)"": ""12.46"", ""Azimuth (dega)"": ""62.25"", ""Comment"": null}, {""Depth mMD"": ""2314.3"", ""Depth mTVD"": ""2210.5"", ""Inclination (dega)"": ""15.1"", ""Azimuth (dega)"": ""65.66"", ""Comment"": null}, {""Depth mMD"": ""2355.2"", ""Depth mTVD"": ""2249.6"", ""Inclination (dega)"": ""18.24"", ""Azimuth (dega)"": ""66.51"", ""Comment"": null}, {""Depth mMD"": ""2395.5"", ""Depth mTVD"": ""2287.5"", ""Inclination (dega)"": ""21.66"", ""Azimuth (dega)"": ""68.45"", ""Comment"": null}, {""Depth mMD"": ""2435.6"", ""Depth mTVD"": ""2324.3"", ""Inclination (dega)"": ""25.01"", ""Azimuth (dega)"": ""68.01"", ""Comment"": null}, {""Depth mMD"": ""2475.9"", ""Depth mTVD"": ""2360.3"", ""Inclination (dega)"": ""28.81"", ""Azimuth (dega)"": ""66.94"", ""Comment"": null}], ""Log Information"": [{""Run No"": ""102"", ""Service Company"": ""Baker Hughes Inteq"", ""Depth Top mMD"": ""1365"", ""Depth Bottom mTVD"": ""2475"", ""Tool"": ""OnTrak"", ""BHST (degC)"": ""-999.99""}], ""Stratigraphic Information"": [{""Depth to Top of Formation mMD"": ""2221"", ""Depth to Top of Formation mTVD"": ""2119.1"", ""Description"": ""Grid Fm""}, {""Depth to Top of Formation mMD"": ""2373"", ""Depth to Top of Formation mTVD"": ""2266.5"", ""Description"": ""Balder Fm .""}, {""Depth to Top of Formation mMD"": ""2435"", ""Depth to Top of Formation mTVD"": ""2323.8"", ""Description"": ""Sele Fm""}, {""Depth to Top of Formation mMD"": ""2511"", ""Depth to Top of Formation mTVD"": ""2390.6"", ""Description"": ""Lista Fm""}], ""Lithology Information"": [{""Start Depth mMD"": ""2046"", ""End Depth mMD"": ""2221"", ""Start Depth mTVD"": ""1844.8"", ""End Depth mTVD"": ""2119.1"", ""Shows Description"": null, ""Lithology Description"": ""Claystone with Limestone/Dolomite stringers""}, {""Start Depth mMD"": ""2221"", ""End Depth mMD"": ""2290"", ""Start Depth mTVD"": ""2119.1"", ""End Depth mTVD"": ""2186.9"", ""Shows Description"": null, ""Lithology Description"": ""Very fine to medium Sandstone""}, {""Start Depth mMD"": ""2290"", ""End Depth mMD"": ""2310"", ""Start Depth mTVD"": ""2186.9"", ""End Depth mTVD"": ""2206.3"", ""Shows Description"": null, ""Lithology Description"": ""Claystone with Limestone/Dolomite stringers""}, {""Start Depth mMD"": ""2310"", ""End Depth mMD"": ""2373"", ""Start Depth mTVD"": ""2206.3"", ""End Depth mTVD"": ""2273.2"", ""Shows Description"": null, ""Lithology Description"": ""Vari-coloured Claystone with Limestone/Dolomite stringers""}, {""Start Depth mMD"": ""2373"", ""End Depth mMD"": ""2435"", ""Start Depth mTVD"": ""2273.2"", ""End Depth mTVD"": ""2323.8"", ""Shows Description"": null, ""Lithology Description"": ""Claystone with Tuff and Limestone/Dolomite stringers""}, {""Start Depth mMD"": ""2435"", ""End Depth mMD"": ""2475"", ""Start Depth mTVD"": ""2323.8"", ""End Depth mTVD"": ""2359.5"", ""Shows Description"": null, ""Lithology Description"": ""Claystone with Trace Lmestone/Dolomite""}], ""Gas Reading Information"": [{""Time"": ""00:00"", ""Class"": ""drilling gas pea k"", ""Depth to Top mMD"": ""2221"", ""Depth to Bottom MD"": null, ""Depth to Top mTVD"": ""2118.1"", ""Depth to Bottom TVD"": null, ""Highest Gas (%)"": "".7"", ""Lowest Gas ()"": null, ""C1 (ppm)"": ""7858"", ""C2 (ppm)"": ""0"", ""C3 (ppm)"": ""10"", ""IC4 (ppm)"": ""0"", ""IC5 (ppm)"": ""0""}]}"
597,15/9-F-11 T2,15_9_F_11_T2_2013_04_22.pdf,"{""Bit Record"": [{""Run No."": ""9"", ""Bit Size"": ""17.5 in"", ""Bit Type"": ""QD506X"", ""IADC Code"": ""M323"", ""Manufacturer"": ""Hughes Christense n"", ""Hrs Drilled"": ""56.9"", ""Start mMD"": ""1365"", ""End mMD"": ""1365"", ""Hole Made (last 24H)"": null, ""Hours Drilled (last 24H)"": null, ""Form ROP"": ""21.2"", ""Total ROP"": ""19.4"", ""Total Hole Made"": ""1312"", ""Total Hrs Drilled"": ""67.5""}], ""Survey Station"": [{""Depth mMD"": ""2516.2"", ""Depth mTVD"": ""2395.1"", ""Inclination (dega)"": ""31.89"", ""Azimuth (dega)"": ""67.2"", ""Comment"": null}, {""Depth mMD"": ""2556.4"", ""Depth mTVD"": ""2428.4"", ""Inclination (dega)"": ""36"", ""Azimuth (dega)"": ""68.22"", ""Comment"": null}, {""Depth mMD"": ""2559.5"", ""Depth mTVD"": ""2430.9"", ""Inclination (dega)"": ""36.31"", ""Azimuth (dega)"": ""68.07"", ""Comment"": null}], ""Gas Reading Information"": [{""Time"": ""00:00"", ""Class"": ""drilling gas pea k"", ""Depth to Top mMD"": ""2515"", ""Depth to Bottom MD"": null, ""Depth to Top mTVD"": ""2393.2"", ""Depth to Bottom TVD"": null, ""Highest Gas (%)"": ""1.1"", ""Lowest Gas ()"": null, ""C1 (ppm)"": ""12540"", ""C2 (ppm)"": ""299"", ""C3 (ppm)"": ""64"", ""IC4 (ppm)"": ""7"", ""IC5 (ppm)"": ""4""}]}"
598,15/9-F-11 T2,15_9_F_11_T2_2013_04_23.pdf,{}
599,15/9-F-11 T2,15_9_F_11_T2_2013_04_24.pdf,{}
600,15/9-F-11 T2,15_9_F_11_T2_2013_04_25.pdf,{}
601,15/9-F-11 T2,15_9_F_11_T2_2013_04_26.pdf,{}
602,15/9-F-11 T2,15_9_F_11_T2_2013_04_27.pdf,"{""Casing Liner Tubing"": [{""start_time"": null, ""end_time"": null, ""type_of_pipe"": ""Casing"", ""casing_type"": null, ""outside_diameter_in"": ""14"", ""inside_diameter_in"": ""12.4"", ""weight_lbm_ft"": ""114"", ""grade"": ""SM125S"", ""connection"": ""Vam TOP KB"", ""length_m"": ""11.67"", ""top_mmd"": ""146.13"", ""bottom_mmd"": ""157.8"", ""description"": null, ""comment"": null}, {""start_time"": null, ""end_time"": null, ""type_of_pipe"": ""Casing"", ""casing_type"": null, ""outside_diameter_in"": ""14"", ""inside_diameter_in"": ""12.4"", ""weight_lbm_ft"": ""114"", ""grade"": ""SM125S"", ""connection"": ""Vam TOP KB"", ""length_m"": "".2"", ""top_mmd"": ""2541.3"", ""bottom_mmd"": ""2541.5"", ""description"": null, ""comment"": null}, {""start_time"": null, ""end_time"": null, ""type_of_pipe"": ""Casing"", ""casing_type"": null, ""outside_diameter_in"": ""14"", ""inside_diameter_in"": ""12.4"", ""weight_lbm_ft"": ""114"", ""grade"": ""SM125S"", ""connection"": ""Vam TOP KB"", ""length_m"": ""5.69"", ""top_mmd"": ""2541.5"", ""bottom_mmd"": ""2547.19"", ""description"": null, ""comment"": null}, {""start_time"": null, ""end_time"": null, ""type_of_pipe"": ""Casing"", ""casing_type"": null, ""outside_diameter_in"": ""14"", ""inside_diameter_in"": ""12.4"", ""weight_lbm_ft"": ""114"", ""grade"": ""SM125S"", ""connection"": ""Vam TOP KB"", ""length_m"": ""11.06"", ""top_mmd"": ""2547.19"", ""bottom_mmd"": ""2558.25"", ""description"": null, ""comment"": null}, {""start_time"": null, ""end_time"": null, ""type_of_pipe"": ""Casing"", ""casing_type"": null, ""outside_diameter_in"": ""14"", ""inside_diameter_in"": ""12.4"", ""weight_lbm_ft"": ""114"", ""grade"": ""SM125S"", ""connection"": ""Vam TOP KB"", ""length_m"": ""12.38"", ""top_mmd"": ""2558.3"", ""bottom_mmd"": ""2570.68"", ""description"": null, ""comment"": null}, {""start_time"": null, ""end_time"": null, ""type_of_pipe"": ""Casing"", ""casing_type"": null, ""outside_diameter_in"": ""14"", ""inside_diameter_in"": ""12.4"", ""weight_lbm_ft"": ""114"", ""grade"": ""SM125S"", ""connection"": ""Vam TOP KB"", ""length_m"": ""4"", ""top_mmd"": ""157.8"", ""bottom_mmd"": ""161.8"", ""description"": null, ""comment"": null}, {""start_time"": null, ""end_time"": null, ""type_of_pipe"": ""Casing"", ""casing_type"": null, ""outside_diameter_in"": ""14"", ""inside_diameter_in"": ""12.4"", ""weight_lbm_ft"": ""114"", ""grade"": ""SM125S"", ""connection"": ""Vam TOP KB"", ""length_m"": ""2104.05"", ""top_mmd"": ""161.8"", ""bottom_mmd"": ""2265.85"", ""description"": null, ""comment"": null}, {""start_time"": null, ""end_time"": null, ""type_of_pipe"": ""Casing"", ""casing_type"": null, ""outside_diameter_in"": ""14"", ""inside_diameter_in"": ""12.4"", ""weight_lbm_ft"": ""114"", ""grade"": ""SM125S"", ""connection"": ""Vam TOP KB"", ""length_m"": ""270.1"", ""top_mmd"": ""2265.9"", ""bottom_mmd"": ""2536"", ""description"": null, ""comment"": null}, {""start_time"": null, ""end_time"": null, ""type_of_pipe"": ""Casing"", ""casing_type"": null, ""outside_diameter_in"": ""14"", ""inside_diameter_in"": ""12.4"", ""weight_lbm_ft"": ""114"", ""grade"": ""SM125S"", ""connection"": ""Vam TOP KB"", ""length_m"": ""5.3"", ""top_mmd"": ""2536"", ""bottom_mmd"": ""2541.3"", ""description"": null, ""comment"": null}, {""start_time"": null, ""end_time"": null, ""type_of_pipe"": ""Casing"", ""casing_type"": null, ""outside_diameter_in"": ""14"", ""inside_diameter_in"": ""12.4"", ""weight_lbm_ft"": ""114"", ""grade"": ""SM125S"", ""connection"": ""Vam TOP KB"", ""length_m"": ""5.73"", ""top_mmd"": ""140.4"", ""bottom_mmd"": ""146.13"", ""description"": null, ""comment"": null}]}"
603,15/9-F-11 T2,15_9_F_11_T2_2013_04_28.pdf,"{""Bit Record"": [{""Run No."": ""10"", ""Bit Size"": ""12.25 in"", ""Bit Type"": ""VM-1"", ""IADC Code"": ""117"", ""Manufacturer"": ""Hughes Christense n"", ""Hrs Drilled"": "".1"", ""Start mMD"": ""2574"", ""End mMD"": ""2574"", ""Hole Made (last 24H)"": null, ""Hours Drilled (last 24H)"": null, ""Form ROP"": ""30"", ""Total ROP"": ""15.2"", ""Total Hole Made"": ""126"", ""Total Hrs Drilled"": ""8.3""}]}"
604,15/9-F-11 T2,15_9_F_11_T2_2013_04_29.pdf,"{""Pore Pressure"": [{""Time"": ""00:00"", ""Depth mMD"": ""2600"", ""Depth TVD"": null, ""Equ Mud Weight (g/cm3)"": "".87"", ""Reading"": ""estimated""}, {""Time"": ""00:00"", ""Depth mMD"": ""2907"", ""Depth TVD"": null, ""Equ Mud Weight (g/cm3)"": ""1.04"", ""Reading"": ""estimated""}], ""Survey Station"": [{""Depth mMD"": ""2612.2"", ""Depth mTVD"": ""2472"", ""Inclination (dega)"": ""41.15"", ""Azimuth (dega)"": ""70.15"", ""Comment"": null}, {""Depth mMD"": ""2651.9"", ""Depth mTVD"": ""2501"", ""Inclination (dega)"": ""45.1"", ""Azimuth (dega)"": ""70.98"", ""Comment"": null}, {""Depth mMD"": ""2692.1"", ""Depth mTVD"": ""2528.4"", ""Inclination (dega)"": ""48.76"", ""Azimuth (dega)"": ""71.4"", ""Comment"": null}, {""Depth mMD"": ""2732.3"", ""Depth mTVD"": ""2553.8"", ""Inclination (dega)"": ""52.97"", ""Azimuth (dega)"": ""70.96"", ""Comment"": null}, {""Depth mMD"": ""2773.1"", ""Depth mTVD"": ""2577.6"", ""Inclination (dega)"": ""55.77"", ""Azimuth (dega)"": ""70.58"", ""Comment"": null}, {""Depth mMD"": ""2813"", ""Depth mTVD"": ""2598.9"", ""Inclination (dega)"": ""59.65"", ""Azimuth (dega)"": ""70.32"", ""Comment"": null}, {""Depth mMD"": ""2853.6"", ""Depth mTVD"": ""2618.6"", ""Inclination (dega)"": ""62.12"", ""Azimuth (dega)"": ""70.98"", ""Comment"": null}, {""Depth mMD"": ""2894.2"", ""Depth mTVD"": ""2637.2"", ""Inclination (dega)"": ""63.55"", ""Azimuth (dega)"": ""70.51"", ""Comment"": null}], ""Stratigraphic Information"": [{""Depth to Top of Formation mMD"": ""2600"", ""Depth to Top of Formation mTVD"": ""2463"", ""Description"": ""Ty Fm""}, {""Depth to Top of Formation mMD"": ""2822"", ""Depth to Top of Formation mTVD"": ""2603.3"", ""Description"": ""Ekofisk Fm""}, {""Depth to Top of Formation mMD"": ""2853"", ""Depth to Top of Formation mTVD"": ""2619"", ""Description"": ""Tor Fm""}], ""Lithology Information"": [{""Start Depth mMD"": ""2580"", ""End Depth mMD"": ""2800"", ""Start Depth mTVD"": ""2447.2"", ""End Depth mTVD"": ""2592.1"", ""Shows Description"": null, ""Lithology Description"": ""Alternating claystone and sandstone""}, {""Start Depth mMD"": ""2800"", ""End Depth mMD"": ""2907"", ""Start Depth mTVD"": ""2592.1"", ""End Depth mTVD"": ""2646.3"", ""Shows Description"": null, ""Lithology Description"": ""Clystone with minor limestone and sandston e""}]}"
605,15/9-F-11 T2,15_9_F_11_T2_2013_04_30.pdf,"{""Pore Pressure"": [{""Time"": ""00:00"", ""Depth mMD"": ""2600"", ""Depth TVD"": null, ""Equ Mud Weight (g/cm3)"": "".78"", ""Reading"": ""estimated""}, {""Time"": ""00:00"", ""Depth mMD"": ""3279"", ""Depth TVD"": null, ""Equ Mud Weight (g/cm3)"": ""1.04"", ""Reading"": ""estimated""}], ""Survey Station"": [{""Depth mMD"": ""2934.5"", ""Depth mTVD"": ""2654.3"", ""Inclination (dega)"": ""66.2"", ""Azimuth (dega)"": ""69.89"", ""Comment"": null}, {""Depth mMD"": ""2974.8"", ""Depth mTVD"": ""2669.4"", ""Inclination (dega)"": ""69.8"", ""Azimuth (dega)"": ""69.15"", ""Comment"": null}, {""Depth mMD"": ""3015.4"", ""Depth mTVD"": ""2681.7"", ""Inclination (dega)"": ""74.74"", ""Azimuth (dega)"": ""70.12"", ""Comment"": null}, {""Depth mMD"": ""3055.8"", ""Depth mTVD"": ""2690.7"", ""Inclination (dega)"": ""79.61"", ""Azimuth (dega)"": ""69.88"", ""Comment"": null}, {""Depth mMD"": ""3096.2"", ""Depth mTVD"": ""2697.1"", ""Inclination (dega)"": ""82.08"", ""Azimuth (dega)"": ""69.6"", ""Comment"": null}, {""Depth mMD"": ""3136.5"", ""Depth mTVD"": ""2702.7"", ""Inclination (dega)"": ""82.09"", ""Azimuth (dega)"": ""69.57"", ""Comment"": null}, {""Depth mMD"": ""3176.8"", ""Depth mTVD"": ""2708.2"", ""Inclination (dega)"": ""82.07"", ""Azimuth (dega)"": ""69.11"", ""Comment"": null}, {""Depth mMD"": ""3217.1"", ""Depth mTVD"": ""2713.8"", ""Inclination (dega)"": ""82.13"", ""Azimuth (dega)"": ""68.98"", ""Comment"": null}, {""Depth mMD"": ""3257.3"", ""Depth mTVD"": ""2719.3"", ""Inclination (dega)"": ""82.11"", ""Azimuth (dega)"": ""69.12"", ""Comment"": null}, {""Depth mMD"": ""3297.8"", ""Depth mTVD"": ""2724.8"", ""Inclination (dega)"": ""82.1"", ""Azimuth (dega)"": ""69.01"", ""Comment"": null}], ""Stratigraphic Information"": [{""Depth to Top of Formation mMD"": ""3327.8"", ""Depth to Top of Formation mTVD"": ""2729.1"", ""Description"": ""Hod Fm""}], ""Lithology Information"": [{""Start Depth mMD"": ""2907"", ""End Depth mMD"": ""3279"", ""Start Depth mTVD"": ""2642.8"", ""End Depth mTVD"": ""2722"", ""Shows Description"": null, ""Lithology Description"": ""Predominantly limestone with slight traces of claystone""}]}"
606,15/9-F-11 T2,15_9_F_11_T2_2013_05_01.pdf,"{""Survey Station"": [{""Depth mMD"": ""3338.8"", ""Depth mTVD"": ""2730.5"", ""Inclination (dega)"": ""82.1"", ""Azimuth (dega)"": ""68.67"", ""Comment"": null}, {""Depth mMD"": ""3379"", ""Depth mTVD"": ""2736"", ""Inclination (dega)"": ""82.13"", ""Azimuth (dega)"": ""68.29"", ""Comment"": null}, {""Depth mMD"": ""3419.4"", ""Depth mTVD"": ""2741.5"", ""Inclination (dega)"": ""82.11"", ""Azimuth (dega)"": ""68.27"", ""Comment"": null}, {""Depth mMD"": ""3458.9"", ""Depth mTVD"": ""2746.9"", ""Inclination (dega)"": ""82.14"", ""Azimuth (dega)"": ""68.13"", ""Comment"": null}, {""Depth mMD"": ""3499.2"", ""Depth mTVD"": ""2752.9"", ""Inclination (dega)"": ""80.85"", ""Azimuth (dega)"": ""68.45"", ""Comment"": null}], ""Lithology Information"": [{""Start Depth mMD"": ""3279"", ""End Depth mMD"": ""3514"", ""Start Depth mTVD"": ""2722"", ""End Depth mTVD"": ""2754.4"", ""Shows Description"": null, ""Lithology Description"": ""Predominantly limestone with slight traces of claystone""}]}"
607,15/9-F-11 T2,15_9_F_11_T2_2013_05_02.pdf,"{""Pore Pressure"": [{""Time"": ""00:00"", ""Depth mMD"": ""2600"", ""Depth TVD"": null, ""Equ Mud Weight (g/cm3)"": "".78"", ""Reading"": ""estimated""}, {""Time"": ""00:00"", ""Depth mMD"": ""3835"", ""Depth TVD"": null, ""Equ Mud Weight (g/cm3)"": ""1.06"", ""Reading"": ""estimated""}], ""Survey Station"": [{""Depth mMD"": ""3539.7"", ""Depth mTVD"": ""2759.7"", ""Inclination (dega)"": ""80.45"", ""Azimuth (dega)"": ""68.61"", ""Comment"": null}, {""Depth mMD"": ""3580.4"", ""Depth mTVD"": ""2766.5"", ""Inclination (dega)"": ""80.52"", ""Azimuth (dega)"": ""68.69"", ""Comment"": null}, {""Depth mMD"": ""3620.8"", ""Depth mTVD"": ""2773.2"", ""Inclination (dega)"": ""80.28"", ""Azimuth (dega)"": ""69.23"", ""Comment"": null}, {""Depth mMD"": ""3661.3"", ""Depth mTVD"": ""2780"", ""Inclination (dega)"": ""80.45"", ""Azimuth (dega)"": ""69.89"", ""Comment"": null}, {""Depth mMD"": ""3701.5"", ""Depth mTVD"": ""2786.6"", ""Inclination (dega)"": ""80.51"", ""Azimuth (dega)"": ""69.86"", ""Comment"": null}, {""Depth mMD"": ""3741.5"", ""Depth mTVD"": ""2794.4"", ""Inclination (dega)"": ""76.9"", ""Azimuth (dega)"": ""69.47"", ""Comment"": null}, {""Depth mMD"": ""3782"", ""Depth mTVD"": ""2805"", ""Inclination (dega)"": ""73.01"", ""Azimuth (dega)"": ""68.86"", ""Comment"": null}, {""Depth mMD"": ""3822.5"", ""Depth mTVD"": ""2818"", ""Inclination (dega)"": ""69.52"", ""Azimuth (dega)"": ""69.1"", ""Comment"": null}, {""Depth mMD"": ""3863.1"", ""Depth mTVD"": ""2833.7"", ""Inclination (dega)"": ""64.95"", ""Azimuth (dega)"": ""69.14"", ""Comment"": null}], ""Lithology Information"": [{""Start Depth mMD"": ""3514"", ""End Depth mMD"": ""3835"", ""Start Depth mTVD"": ""2754.4"", ""End Depth mTVD"": ""2822.7"", ""Shows Description"": null, ""Lithology Description"": ""Predominantly limestone with slight traces of claystone""}], ""Gas Reading Information"": [{""Time"": ""00:00"", ""Class"": ""drilling gas pea k"", ""Depth to Top mMD"": ""3649"", ""Depth to Bottom MD"": null, ""Depth to Top mTVD"": ""2777.9"", ""Depth to Bottom TVD"": null, ""Highest Gas (%)"": "".12"", ""Lowest Gas ()"": null, ""C1 (ppm)"": ""916"", ""C2 (ppm)"": ""0"", ""C3 (ppm)"": ""4"", ""IC4 (ppm)"": ""0"", ""IC5 (ppm)"": ""0""}, {""Time"": ""00:00"", ""Class"": ""drilling gas pea k"", ""Depth to Top mMD"": ""3736"", ""Depth to Bottom MD"": null, ""Depth to Top mTVD"": ""2792.9"", ""Depth to Bottom TVD"": null, ""Highest Gas (%)"": "".11"", ""Lowest Gas ()"": null, ""C1 (ppm)"": ""880"", ""C2 (ppm)"": ""2"", ""C3 (ppm)"": ""3"", ""IC4 (ppm)"": ""0"", ""IC5 (ppm)"": ""0""}]}"
608,15/9-F-11 T2,15_9_F_11_T2_2013_05_03.pdf,"{""Pore Pressure"": [{""Time"": ""00:00"", ""Depth mMD"": ""2600"", ""Depth TVD"": null, ""Equ Mud Weight (g/cm3)"": "".78"", ""Reading"": ""estimated""}, {""Time"": ""00:00"", ""Depth mMD"": ""4162"", ""Depth TVD"": null, ""Equ Mud Weight (g/cm3)"": ""1.29"", ""Reading"": ""estimated""}], ""Survey Station"": [{""Depth mMD"": ""3903.4"", ""Depth mTVD"": ""2851.8"", ""Inclination (dega)"": ""61.43"", ""Azimuth (dega)"": ""69.19"", ""Comment"": null}, {""Depth mMD"": ""3943.4"", ""Depth mTVD"": ""2872.3"", ""Inclination (dega)"": ""57.01"", ""Azimuth (dega)"": ""69.66"", ""Comment"": null}, {""Depth mMD"": ""3983.5"", ""Depth mTVD"": ""2895.7"", ""Inclination (dega)"": ""51.73"", ""Azimuth (dega)"": ""69.48"", ""Comment"": null}, {""Depth mMD"": ""4023.9"", ""Depth mTVD"": ""2921.7"", ""Inclination (dega)"": ""47.87"", ""Azimuth (dega)"": ""69.37"", ""Comment"": null}, {""Depth mMD"": ""4064.1"", ""Depth mTVD"": ""2949.6"", ""Inclination (dega)"": ""44.54"", ""Azimuth (dega)"": ""69.46"", ""Comment"": null}, {""Depth mMD"": ""4104.7"", ""Depth mTVD"": ""2979.4"", ""Inclination (dega)"": ""40.98"", ""Azimuth (dega)"": ""69.82"", ""Comment"": null}, {""Depth mMD"": ""4145"", ""Depth mTVD"": ""3010.6"", ""Inclination (dega)"": ""37.34"", ""Azimuth (dega)"": ""70.94"", ""Comment"": null}], ""Stratigraphic Information"": [{""Depth to Top of Formation mMD"": ""3701"", ""Depth to Top of Formation mTVD"": ""2786.5"", ""Description"": ""Blodøks Fm""}, {""Depth to Top of Formation mMD"": ""3974.3"", ""Depth to Top of Formation mTVD"": ""2897.9"", ""Description"": ""Hidra Fm""}, {""Depth to Top of Formation mMD"": ""3987"", ""Depth to Top of Formation mTVD"": ""2897.9"", ""Description"": ""Rødby Fm""}, {""Depth to Top of Formation mMD"": ""4061.2"", ""Depth to Top of Formation mTVD"": ""2947.5"", ""Description"": ""Åsgard Fm""}, {""Depth to Top of Formation mMD"": ""4147"", ""Depth to Top of Formation mTVD"": ""3004.1"", ""Description"": ""Draupne Fm""}], ""Lithology Information"": [{""Start Depth mMD"": ""2835"", ""End Depth mMD"": ""3940"", ""Start Depth mTVD"": ""2822.7"", ""End Depth mTVD"": ""2870.2"", ""Shows Description"": null, ""Lithology Description"": ""Predominantly limestone with slight traces of claystone""}, {""Start Depth mMD"": ""3940"", ""End Depth mMD"": ""4000"", ""Start Depth mTVD"": ""2870.2"", ""End Depth mTVD"": ""2905.8"", ""Shows Description"": null, ""Lithology Description"": ""Predominantly argillaceous limestone with slight traces of claystone""}, {""Start Depth mMD"": ""4000"", ""End Depth mMD"": ""4147"", ""Start Depth mTVD"": ""2905.8"", ""End Depth mTVD"": ""3011.9"", ""Shows Description"": null, ""Lithology Description"": ""Marl with slight traces of claystone and siltstone""}, {""Start Depth mMD"": ""4147"", ""End Depth mMD"": ""4162"", ""Start Depth mTVD"": ""3011.9"", ""End Depth mTVD"": ""3024"", ""Shows Description"": null, ""Lithology Description"": ""Predominantly organic rich dark grey black claystone with traces of mar l""}], ""Gas Reading Information"": [{""Time"": ""00:00"", ""Class"": ""drilling gas pea k"", ""Depth to Top mMD"": ""4125"", ""Depth to Bottom MD"": null, ""Depth to Top mTVD"": ""2994.3"", ""Depth to Bottom TVD"": null, ""Highest Gas (%)"": "".14"", ""Lowest Gas ()"": null, ""C1 (ppm)"": ""1040"", ""C2 (ppm)"": ""31"", ""C3 (ppm)"": ""10"", ""IC4 (ppm)"": ""-999.99"", ""IC5 (ppm)"": ""-999.99""}]}"
609,15/9-F-11 T2,15_9_F_11_T2_2013_05_04.pdf,"{""Pore Pressure"": [{""Time"": ""00:00"", ""Depth mMD"": ""2600"", ""Depth TVD"": null, ""Equ Mud Weight (g/cm3)"": "".78"", ""Reading"": ""estimated""}, {""Time"": ""00:00"", ""Depth mMD"": ""4146"", ""Depth TVD"": null, ""Equ Mud Weight (g/cm3)"": ""1.29"", ""Reading"": ""estimated""}, {""Time"": ""00:00"", ""Depth mMD"": ""4464"", ""Depth TVD"": null, ""Equ Mud Weight (g/cm3)"": ""1.1"", ""Reading"": ""estimated""}], ""Survey Station"": [{""Depth mMD"": ""4185.2"", ""Depth mTVD"": ""3043.5"", ""Inclination (dega)"": ""3"", ""Azimuth (dega)"": ""70.68"", ""Comment"": null}, {""Depth mMD"": ""4225.4"", ""Depth mTVD"": ""3077.9"", ""Inclination (dega)"": ""28.91"", ""Azimuth (dega)"": ""69.74"", ""Comment"": null}, {""Depth mMD"": ""4265.4"", ""Depth mTVD"": ""3113.5"", ""Inclination (dega)"": ""25.23"", ""Azimuth (dega)"": ""69.44"", ""Comment"": null}, {""Depth mMD"": ""4305.8"", ""Depth mTVD"": ""3150.7"", ""Inclination (dega)"": ""20.59"", ""Azimuth (dega)"": ""71.45"", ""Comment"": null}, {""Depth mMD"": ""4346.1"", ""Depth mTVD"": ""3189"", ""Inclination (dega)"": ""16.1"", ""Azimuth (dega)"": ""72.9"", ""Comment"": null}, {""Depth mMD"": ""4386.3"", ""Depth mTVD"": ""3227.8"", ""Inclination (dega)"": ""13.88"", ""Azimuth (dega)"": ""71.6"", ""Comment"": null}, {""Depth mMD"": ""4426.9"", ""Depth mTVD"": ""3267.2"", ""Inclination (dega)"": ""13.86"", ""Azimuth (dega)"": ""70.44"", ""Comment"": null}, {""Depth mMD"": ""4467.3"", ""Depth mTVD"": ""3306.5"", ""Inclination (dega)"": ""13.84"", ""Azimuth (dega)"": ""69.45"", ""Comment"": null}], ""Lithology Information"": [{""Start Depth mMD"": ""4162"", ""End Depth mMD"": ""4350"", ""Start Depth mTVD"": ""3024"", ""End Depth mTVD"": ""3192.5"", ""Shows Description"": null, ""Lithology Description"": ""Predominantly organic rich dark grey black claystone with tr aces of marl""}, {""Start Depth mMD"": ""4350"", ""End Depth mMD"": ""4390"", ""Start Depth mTVD"": ""3192.5"", ""End Depth mTVD"": ""3231.1"", ""Shows Description"": null, ""Lithology Description"": ""Predominantly siltstone with traces of silty sandstone""}, {""Start Depth mMD"": ""4390"", ""End Depth mMD"": ""4464"", ""Start Depth mTVD"": ""3231.1"", ""End Depth mTVD"": ""3303"", ""Shows Description"": null, ""Lithology Description"": ""Silty sandstone with minor siltstone""}, {""Start Depth mMD"": ""41"", ""End Depth mMD"": ""4414"", ""Start Depth mTVD"": ""0"", ""End Depth mTVD"": ""0"", ""Shows Description"": ""Oil show: br yelsh fluor, br wh solv cut, slw diff wh stks, wk crm br yelsh cut fluor, slow diff solv cut, tn br yel res rng"", ""Lithology Description"": null}], ""Gas Reading Information"": [{""Time"": ""00:00"", ""Class"": ""drilling gas pea k"", ""Depth to Top mMD"": ""4156"", ""Depth to Bottom MD"": null, ""Depth to Top mTVD"": ""3018.8"", ""Depth to Bottom TVD"": null, ""Highest Gas (%)"": ""1.05"", ""Lowest Gas ()"": null, ""C1 (ppm)"": ""9198"", ""C2 (ppm)"": ""232"", ""C3 (ppm)"": ""75"", ""IC4 (ppm)"": ""1"", ""IC5 (ppm)"": ""5""}, {""Time"": ""00:00"", ""Class"": ""drilling gas pea k"", ""Depth to Top mMD"": ""4163"", ""Depth to Bottom MD"": null, ""Depth to Top mTVD"": ""3025.3"", ""Depth to Bottom TVD"": null, ""Highest Gas (%)"": "".75"", ""Lowest Gas ()"": null, ""C1 (ppm)"": ""6354"", ""C2 (ppm)"": ""178"", ""C3 (ppm)"": ""65"", ""IC4 (ppm)"": ""10"", ""IC5 (ppm)"": ""5""}, {""Time"": ""00:00"", ""Class"": ""drilling gas pea k"", ""Depth to Top mMD"": ""4174"", ""Depth to Bottom MD"": null, ""Depth to Top mTVD"": ""3034.3"", ""Depth to Bottom TVD"": null, ""Highest Gas (%)"": "".74"", ""Lowest Gas ()"": null, ""C1 (ppm)"": ""6245"", ""C2 (ppm)"": ""180"", ""C3 (ppm)"": ""69"", ""IC4 (ppm)"": ""10"", ""IC5 (ppm)"": ""6""}, {""Time"": ""00:00"", ""Class"": ""drilling gas pea k"", ""Depth to Top mMD"": ""4187"", ""Depth to Bottom MD"": null, ""Depth to Top mTVD"": ""3045"", ""Depth to Bottom TVD"": null, ""Highest Gas (%)"": ""1.02"", ""Lowest Gas ()"": null, ""C1 (ppm)"": ""8712"", ""C2 (ppm)"": ""258"", ""C3 (ppm)"": ""108"", ""IC4 (ppm)"": ""16"", ""IC5 (ppm)"": ""9""}, {""Time"": ""00:00"", ""Class"": ""drilling gas pea k"", ""Depth to Top mMD"": ""4197"", ""Depth to Bottom MD"": null, ""Depth to Top mTVD"": ""3053.6"", ""Depth to Bottom TVD"": null, ""Highest Gas (%)"": ""1.21"", ""Lowest Gas ()"": null, ""C1 (ppm)"": ""10396"", ""C2 (ppm)"": ""313"", ""C3 (ppm)"": ""137"", ""IC4 (ppm)"": ""19"", ""IC5 (ppm)"": ""1""}, {""Time"": ""00:00"", ""Class"": ""drilling gas pea k"", ""Depth to Top mMD"": ""4234"", ""Depth to Bottom MD"": null, ""Depth to Top mTVD"": ""3084.7"", ""Depth to Bottom TVD"": null, ""Highest Gas (%)"": ""2.22"", ""Lowest Gas ()"": null, ""C1 (ppm)"": ""21077"", ""C2 (ppm)"": ""318"", ""C3 (ppm)"": ""119"", ""IC4 (ppm)"": ""15"", ""IC5 (ppm)"": ""10""}, {""Time"": ""00:00"", ""Class"": ""drilling gas pea k"", ""Depth to Top mMD"": ""4329"", ""Depth to Bottom MD"": null, ""Depth to Top mTVD"": ""3171.8"", ""Depth to Bottom TVD"": null, ""Highest Gas (%)"": "".7"", ""Lowest Gas ()"": null, ""C1 (ppm)"": ""5703"", ""C2 (ppm)"": ""223"", ""C3 (ppm)"": ""98"", ""IC4 (ppm)"": ""9"", ""IC5 (ppm)"": ""8""}, {""Time"": ""00:00"", ""Class"": ""drilling gas pea k"", ""Depth to Top mMD"": ""4398"", ""Depth to Bottom MD"": null, ""Depth to Top mTVD"": ""3239.2"", ""Depth to Bottom TVD"": null, ""Highest Gas (%)"": ""1.55"", ""Lowest Gas ()"": null, ""C1 (ppm)"": ""12656"", ""C2 (ppm)"": ""708"", ""C3 (ppm)"": ""298"", ""IC4 (ppm)"": ""24"", ""IC5 (ppm)"": ""14""}, {""Time"": ""00:00"", ""Class"": ""drilling gas pea k"", ""Depth to Top mMD"": ""4420"", ""Depth to Bottom MD"": null, ""Depth to Top mTVD"": ""3259.5"", ""Depth to Bottom TVD"": null, ""Highest Gas (%)"": ""1.43"", ""Lowest Gas ()"": null, ""C1 (ppm)"": ""11684"", ""C2 (ppm)"": ""687"", ""C3 (ppm)"": ""281"", ""IC4 (ppm)"": ""2"", ""IC5 (ppm)"": ""13""}]}"
610,15/9-F-11 T2,15_9_F_11_T2_2013_05_05.pdf,"{""Pore Pressure"": [{""Time"": ""00:00"", ""Depth mMD"": ""2600"", ""Depth TVD"": null, ""Equ Mud Weight (g/cm3)"": "".78"", ""Reading"": ""estimated""}, {""Time"": ""00:00"", ""Depth mMD"": ""4146"", ""Depth TVD"": null, ""Equ Mud Weight (g/cm3)"": ""1.29"", ""Reading"": ""estimated""}, {""Time"": ""00:00"", ""Depth mMD"": ""4562"", ""Depth TVD"": null, ""Equ Mud Weight (g/cm3)"": ""1.09"", ""Reading"": ""estimated""}], ""Survey Station"": [{""Depth mMD"": ""4507.9"", ""Depth mTVD"": ""3345.8"", ""Inclination (dega)"": ""14.43"", ""Azimuth (dega)"": ""67.69"", ""Comment"": null}, {""Depth mMD"": ""4547.6"", ""Depth mTVD"": ""3384.3"", ""Inclination (dega)"": ""14.42"", ""Azimuth (dega)"": ""63.56"", ""Comment"": null}], ""Stratigraphic Information"": [{""Depth to Top of Formation mMD"": ""4335"", ""Depth to Top of Formation mTVD"": ""3178"", ""Description"": ""Heather Fm""}, {""Depth to Top of Formation mMD"": ""4393"", ""Depth to Top of Formation mTVD"": ""3234"", ""Description"": ""Hugin Fm""}], ""Lithology Information"": [{""Start Depth mMD"": ""4464"", ""End Depth mMD"": ""4562"", ""Start Depth mTVD"": ""3303"", ""End Depth mTVD"": ""3398"", ""Shows Description"": null, ""Lithology Description"": ""Silty sandstone with minor siltston e""}], ""Gas Reading Information"": [{""Time"": ""00:00"", ""Class"": ""drilling gas pea k"", ""Depth to Top mMD"": ""49"", ""Depth to Bottom MD"": null, ""Depth to Top mTVD"": ""3337.2"", ""Depth to Bottom TVD"": null, ""Highest Gas (%)"": "".52"", ""Lowest Gas ()"": null, ""C1 (ppm)"": ""4275"", ""C2 (ppm)"": ""174"", ""C3 (ppm)"": ""49"", ""IC4 (ppm)"": ""3"", ""IC5 (ppm)"": ""2""}, {""Time"": ""00:00"", ""Class"": ""drilling gas pea k"", ""Depth to Top mMD"": ""4507"", ""Depth to Bottom MD"": null, ""Depth to Top mTVD"": ""3344.9"", ""Depth to Bottom TVD"": null, ""Highest Gas (%)"": "".35"", ""Lowest Gas ()"": null, ""C1 (ppm)"": ""2614"", ""C2 (ppm)"": ""-999.99"", ""C3 (ppm)"": ""40"", ""IC4 (ppm)"": ""0"", ""IC5 (ppm)"": ""2""}]}"
611,15/9-F-11 T2,15_9_F_11_T2_2013_05_06.pdf,"{""Pore Pressure"": [{""Time"": ""00:00"", ""Depth mMD"": ""2600"", ""Depth TVD"": null, ""Equ Mud Weight (g/cm3)"": "".78"", ""Reading"": ""estimated""}, {""Time"": ""00:00"", ""Depth mMD"": ""4146"", ""Depth TVD"": null, ""Equ Mud Weight (g/cm3)"": ""1.29"", ""Reading"": ""estimated""}, {""Time"": ""00:00"", ""Depth mMD"": ""4562"", ""Depth TVD"": null, ""Equ Mud Weight (g/cm3)"": ""1.09"", ""Reading"": ""estimated""}], ""Log Information"": [{""Run No"": ""103"", ""Service Company"": ""Baker Hughes Inteq"", ""Depth Top mMD"": ""2577"", ""Depth Bottom mTVD"": ""3279"", ""Tool"": ""COP - OnTrak - ORD - CCN - TesTrak - SO U"", ""BHST (degC)"": ""-999.99""}]}"
612,15/9-F-11 T2,15_9_F_11_T2_2013_05_07.pdf,"{""Bit Record"": [{""Run No."": ""1"", ""Bit Size"": ""8.5 in"", ""Bit Type"": ""QD606F X"", ""IADC Code"": ""M323"", ""Manufacturer"": ""Hughes Christense n"", ""Hrs Drilled"": ""112.7"", ""Start mMD"": ""2577"", ""End mMD"": ""2577"", ""Hole Made (last 24H)"": null, ""Hours Drilled (last 24H)"": null, ""Form ROP"": ""17.6"", ""Total ROP"": ""17.6"", ""Total Hole Made"": ""1985"", ""Total Hrs Drilled"": ""112.7""}, {""Run No."": ""12"", ""Bit Size"": ""8.5 in"", ""Bit Type"": ""RC347"", ""IADC Code"": ""347"", ""Manufacturer"": ""Hughes Christense n"", ""Hrs Drilled"": null, ""Start mMD"": ""4562"", ""End mMD"": ""4562"", ""Hole Made (last 24H)"": null, ""Hours Drilled (last 24H)"": null, ""Form ROP"": null, ""Total ROP"": null, ""Total Hole Made"": null, ""Total Hrs Drilled"": null}], ""Pore Pressure"": [{""Time"": ""00:00"", ""Depth mMD"": ""2600"", ""Depth TVD"": null, ""Equ Mud Weight (g/cm3)"": "".78"", ""Reading"": ""estimated""}, {""Time"": ""00:00"", ""Depth mMD"": ""4146"", ""Depth TVD"": null, ""Equ Mud Weight (g/cm3)"": ""1.29"", ""Reading"": ""estimated""}, {""Time"": ""00:00"", ""Depth mMD"": ""4562"", ""Depth TVD"": null, ""Equ Mud Weight (g/cm3)"": ""1.09"", ""Reading"": ""estimated""}]}"
613,15/9-F-11 T2,15_9_F_11_T2_2013_05_08.pdf,"{""Pore Pressure"": [{""Time"": ""00:00"", ""Depth mMD"": ""2600"", ""Depth TVD"": null, ""Equ Mud Weight (g/cm3)"": "".78"", ""Reading"": ""estimated""}, {""Time"": ""00:00"", ""Depth mMD"": ""4146"", ""Depth TVD"": null, ""Equ Mud Weight (g/cm3)"": ""1.29"", ""Reading"": ""estimated""}, {""Time"": ""00:00"", ""Depth mMD"": ""4562"", ""Depth TVD"": null, ""Equ Mud Weight (g/cm3)"": ""1.09"", ""Reading"": ""estimated""}], ""Log Information"": [{""Run No"": ""1"", ""Service Company"": ""Schlumberger"", ""Depth Top mMD"": ""4530"", ""Depth Bottom mTVD"": ""627"", ""Tool"": ""VSI4 - Schlumberger"", ""BHST (degC)"": ""-999.99""}]}"
614,15/9-F-11 T2,15_9_F_11_T2_2013_05_09.pdf,"{""Pore Pressure"": [{""Time"": ""00:00"", ""Depth mMD"": ""2600"", ""Depth TVD"": null, ""Equ Mud Weight (g/cm3)"": "".78"", ""Reading"": ""estimated""}, {""Time"": ""00:00"", ""Depth mMD"": ""4146"", ""Depth TVD"": null, ""Equ Mud Weight (g/cm3)"": ""1.29"", ""Reading"": ""estimated""}, {""Time"": ""00:00"", ""Depth mMD"": ""4562"", ""Depth TVD"": null, ""Equ Mud Weight (g/cm3)"": ""1.09"", ""Reading"": ""estimated""}]}"
615,15/9-F-11 T2,15_9_F_11_T2_2013_05_10.pdf,{}
616,15/9-F-11 T2,15_9_F_11_T2_2013_05_11.pdf,{}
617,15/9-F-11 T2,15_9_F_11_T2_2013_05_12.pdf,"{""Pore Pressure"": [{""Time"": ""00:00"", ""Depth mMD"": ""2600"", ""Depth TVD"": null, ""Equ Mud Weight (g/cm3)"": "".78"", ""Reading"": ""estimated""}, {""Time"": ""00:00"", ""Depth mMD"": ""4146"", ""Depth TVD"": null, ""Equ Mud Weight (g/cm3)"": ""1.29"", ""Reading"": ""estimated""}, {""Time"": ""00:00"", ""Depth mMD"": ""4562"", ""Depth TVD"": null, ""Equ Mud Weight (g/cm3)"": ""1.09"", ""Reading"": ""estimated""}]}"
618,15/9-F-11 T2,15_9_F_11_T2_2013_05_13.pdf,{}
619,15/9-F-11 T2,15_9_F_11_T2_2013_05_14.pdf,"{""Bit Record"": [{""Run No."": ""13"", ""Bit Size"": ""8.5 in"", ""Bit Type"": ""TD406X"", ""IADC Code"": null, ""Manufacturer"": ""Hughes Christense n"", ""Hrs Drilled"": ""2.8"", ""Start mMD"": ""2586"", ""End mMD"": ""2586"", ""Hole Made (last 24H)"": null, ""Hours Drilled (last 24H)"": null, ""Form ROP"": ""10.4"", ""Total ROP"": ""10.4"", ""Total Hole Made"": ""29"", ""Total Hrs Drilled"": ""2.8""}]}"
620,15/9-F-11 T2,15_9_F_11_T2_2013_05_15.pdf,{}
621,15/9-F-12,15_9_F_12_2007_06_14.pdf,{}
622,15/9-F-12,15_9_F_12_2007_06_15.pdf,"{""Pore Pressure"": [{""Time"": ""00:00"", ""Depth mMD"": ""258"", ""Depth TVD"": null, ""Equ Mud Weight (g/cm3)"": ""1.03"", ""Reading"": ""estimated""}], ""Survey Station"": [{""Depth mMD"": ""0"", ""Depth mTVD"": ""0"", ""Inclination (dega)"": ""0"", ""Azimuth (dega)"": ""45"", ""Comment"": null}, {""Depth mMD"": ""141.7"", ""Depth mTVD"": ""141.7"", ""Inclination (dega)"": "".35"", ""Azimuth (dega)"": ""248.65"", ""Comment"": null}, {""Depth mMD"": ""154.9"", ""Depth mTVD"": ""154.9"", ""Inclination (dega)"": "".17"", ""Azimuth (dega)"": ""272.11"", ""Comment"": null}, {""Depth mMD"": ""166.3"", ""Depth mTVD"": ""166.3"", ""Inclination (dega)"": "".28"", ""Azimuth (dega)"": ""186.86"", ""Comment"": null}, {""Depth mMD"": ""183"", ""Depth mTVD"": ""183"", ""Inclination (dega)"": "".15"", ""Azimuth (dega)"": ""113.64"", ""Comment"": null}, {""Depth mMD"": ""195.2"", ""Depth mTVD"": ""195.2"", ""Inclination (dega)"": "".15"", ""Azimuth (dega)"": ""195.09"", ""Comment"": null}, {""Depth mMD"": ""207.4"", ""Depth mTVD"": ""207.4"", ""Inclination (dega)"": "".12"", ""Azimuth (dega)"": ""20.76"", ""Comment"": null}, {""Depth mMD"": ""222.5"", ""Depth mTVD"": ""222.5"", ""Inclination (dega)"": "".09"", ""Azimuth (dega)"": ""153.9"", ""Comment"": null}, {""Depth mMD"": ""235.7"", ""Depth mTVD"": ""235.7"", ""Inclination (dega)"": "".15"", ""Azimuth (dega)"": ""162.53"", ""Comment"": null}, {""Depth mMD"": ""242.7"", ""Depth mTVD"": ""242.7"", ""Inclination (dega)"": "".13"", ""Azimuth (dega)"": ""137"", ""Comment"": null}]}"
623,15/9-F-12,15_9_F_12_2007_06_16.pdf,"{""Bit Record"": [{""Run No."": ""1"", ""Bit Size"": ""36 in"", ""Bit Type"": ""HOLEOPEN"", ""IADC Code"": ""435X"", ""Manufacturer"": ""Smith Red Baro n"", ""Hrs Drilled"": ""1.6"", ""Start mMD"": ""250"", ""End mMD"": ""250"", ""Hole Made (last 24H)"": null, ""Hours Drilled (last 24H)"": null, ""Form ROP"": ""5"", ""Total ROP"": ""5"", ""Total Hole Made"": ""8"", ""Total Hrs Drilled"": ""1.6""}, {""Run No."": ""1"", ""Bit Size"": ""17.5 in"", ""Bit Type"": ""GS03BDODGVC PD"", ""IADC Code"": ""415X"", ""Manufacturer"": ""Smith International"", ""Hrs Drilled"": ""1.6"", ""Start mMD"": ""250"", ""End mMD"": ""250"", ""Hole Made (last 24H)"": null, ""Hours Drilled (last 24H)"": null, ""Form ROP"": ""5"", ""Total ROP"": ""5"", ""Total Hole Made"": ""8"", ""Total Hrs Drilled"": ""1.6""}], ""Pore Pressure"": [{""Time"": ""00:00"", ""Depth mMD"": ""258"", ""Depth TVD"": null, ""Equ Mud Weight (g/cm3)"": ""1.03"", ""Reading"": ""estimated""}]}"
624,15/9-F-12,15_9_F_12_2007_06_17.pdf,"{""Pore Pressure"": [{""Time"": ""00:00"", ""Depth mMD"": ""258"", ""Depth TVD"": null, ""Equ Mud Weight (g/cm3)"": ""1.03"", ""Reading"": ""estimated""}], ""Casing Liner Tubing"": [{""start_time"": ""01:45"", ""end_time"": ""14:15"", ""type_of_pipe"": ""Casing"", ""casing_type"": ""Top"", ""outside_diameter_in"": ""30"", ""inside_diameter_in"": null, ""weight_lbm_ft"": ""456.6"", ""grade"": ""X-65"", ""connection"": ""ABB RL-4HC"", ""length_m"": ""25.4"", ""top_mmd"": ""140"", ""bottom_mmd"": ""165.4"", ""description"": ""36\"" hole opener BHA"", ""comment"": null}, {""start_time"": ""01:45"", ""end_time"": ""14:15"", ""type_of_pipe"": ""Casing"", ""casing_type"": ""Top"", ""outside_diameter_in"": ""30"", ""inside_diameter_in"": ""28"", ""weight_lbm_ft"": ""309.7"", ""grade"": ""X-52"", ""connection"": ""ABB ST-2 FB"", ""length_m"": ""85.6"", ""top_mmd"": ""165.4"", ""bottom_mmd"": ""251"", ""description"": ""36\"" hole opener BHA"", ""comment"": null}]}"
625,15/9-F-12,15_9_F_12_2007_06_18.pdf,{}
626,15/9-F-12,15_9_F_12_2007_06_19.pdf,{}
627,15/9-F-12,15_9_F_12_2007_06_20.pdf,{}
628,15/9-F-12,15_9_F_12_2007_06_21.pdf,{}
629,15/9-F-12,15_9_F_12_2007_06_22.pdf,"{""Pore Pressure"": [{""Time"": ""00:00"", ""Depth mMD"": ""261"", ""Depth TVD"": null, ""Equ Mud Weight (g/cm3)"": ""1.03"", ""Reading"": ""estimated""}], ""Lithology Information"": [{""Start Depth mMD"": ""258.4"", ""End Depth mMD"": ""261.4"", ""Start Depth mTVD"": ""258.4"", ""End Depth mTVD"": ""261.4"", ""Shows Description"": null, ""Lithology Description"": ""Interbedded Sand and Siltstone.""}]}"
630,15/9-F-12,15_9_F_12_2007_06_23.pdf,"{""Bit Record"": [{""Run No."": ""2"", ""Bit Size"": ""12.25 in"", ""Bit Type"": ""HP21G"", ""IADC Code"": ""217"", ""Manufacturer"": ""REED"", ""Hrs Drilled"": ""3"", ""Start mMD"": ""250"", ""End mMD"": ""250"", ""Hole Made (last 24H)"": null, ""Hours Drilled (last 24H)"": null, ""Form ROP"": ""6.2"", ""Total ROP"": null, ""Total Hole Made"": null, ""Total Hrs Drilled"": null}], ""Pore Pressure"": [{""Time"": ""00:00"", ""Depth mMD"": ""261"", ""Depth TVD"": null, ""Equ Mud Weight (g/cm3)"": ""1.03"", ""Reading"": ""estimated""}]}"
631,15/9-F-12,15_9_F_12_2007_06_24.pdf,"{""Pore Pressure"": [{""Time"": ""00:00"", ""Depth mMD"": ""261"", ""Depth TVD"": null, ""Equ Mud Weight (g/cm3)"": ""1.03"", ""Reading"": ""estimated""}]}"
632,15/9-F-12,15_9_F_12_2007_06_25.pdf,{}
633,15/9-F-12,15_9_F_12_2007_06_26.pdf,"{""Pore Pressure"": [{""Time"": ""00:00"", ""Depth mMD"": ""525"", ""Depth TVD"": null, ""Equ Mud Weight (g/cm3)"": ""1.03"", ""Reading"": ""estimated""}], ""Survey Station"": [{""Depth mMD"": ""320.9"", ""Depth mTVD"": ""320.9"", ""Inclination (dega)"": "".53"", ""Azimuth (dega)"": ""81.79"", ""Comment"": null}, {""Depth mMD"": ""360.3"", ""Depth mTVD"": ""360.3"", ""Inclination (dega)"": "".47"", ""Azimuth (dega)"": ""80.36"", ""Comment"": null}, {""Depth mMD"": ""400"", ""Depth mTVD"": ""400"", ""Inclination (dega)"": "".46"", ""Azimuth (dega)"": ""85.96"", ""Comment"": null}, {""Depth mMD"": ""440.8"", ""Depth mTVD"": ""440.7"", ""Inclination (dega)"": "".52"", ""Azimuth (dega)"": ""89.81"", ""Comment"": null}, {""Depth mMD"": ""481.6"", ""Depth mTVD"": ""481.6"", ""Inclination (dega)"": "".49"", ""Azimuth (dega)"": ""98.01"", ""Comment"": null}, {""Depth mMD"": ""522.5"", ""Depth mTVD"": ""522.5"", ""Inclination (dega)"": "".53"", ""Azimuth (dega)"": ""99.53"", ""Comment"": null}], ""Lithology Information"": [{""Start Depth mMD"": ""261"", ""End Depth mMD"": ""490"", ""Start Depth mTVD"": ""261"", ""End Depth mTVD"": ""490"", ""Shows Description"": null, ""Lithology Description"": ""Claystone with minor interbedded sandston e""}]}"
634,15/9-F-12,15_9_F_12_2007_06_27.pdf,"{""Pore Pressure"": [{""Time"": ""00:00"", ""Depth mMD"": ""618"", ""Depth TVD"": null, ""Equ Mud Weight (g/cm3)"": ""1.03"", ""Reading"": ""estimated""}], ""Lithology Information"": [{""Start Depth mMD"": ""490"", ""End Depth mMD"": ""600"", ""Start Depth mTVD"": ""490"", ""End Depth mTVD"": ""600"", ""Shows Description"": null, ""Lithology Description"": ""Claystone with minor siltstone interbed s""}]}"
635,15/9-F-12,15_9_F_12_2007_06_28.pdf,"{""Pore Pressure"": [{""Time"": ""00:00"", ""Depth mMD"": ""780"", ""Depth TVD"": null, ""Equ Mud Weight (g/cm3)"": ""1.03"", ""Reading"": ""estimated""}], ""Survey Station"": [{""Depth mMD"": ""154.9"", ""Depth mTVD"": ""154.9"", ""Inclination (dega)"": "".17"", ""Azimuth (dega)"": ""272.11"", ""Comment"": null}, {""Depth mMD"": ""166.3"", ""Depth mTVD"": ""166.3"", ""Inclination (dega)"": "".28"", ""Azimuth (dega)"": ""186.82"", ""Comment"": null}, {""Depth mMD"": ""183"", ""Depth mTVD"": ""183"", ""Inclination (dega)"": "".15"", ""Azimuth (dega)"": ""113.64"", ""Comment"": null}, {""Depth mMD"": ""195.2"", ""Depth mTVD"": ""195.2"", ""Inclination (dega)"": "".15"", ""Azimuth (dega)"": ""195.09"", ""Comment"": null}, {""Depth mMD"": ""207.4"", ""Depth mTVD"": ""207.4"", ""Inclination (dega)"": "".12"", ""Azimuth (dega)"": ""20.76"", ""Comment"": null}, {""Depth mMD"": ""222.5"", ""Depth mTVD"": ""222.5"", ""Inclination (dega)"": "".09"", ""Azimuth (dega)"": ""153.9"", ""Comment"": null}, {""Depth mMD"": ""235.7"", ""Depth mTVD"": ""235.7"", ""Inclination (dega)"": "".15"", ""Azimuth (dega)"": ""162.53"", ""Comment"": null}, {""Depth mMD"": ""280.6"", ""Depth mTVD"": ""280.6"", ""Inclination (dega)"": "".24"", ""Azimuth (dega)"": ""80.07"", ""Comment"": null}, {""Depth mMD"": ""320.9"", ""Depth mTVD"": ""320.9"", ""Inclination (dega)"": "".53"", ""Azimuth (dega)"": ""81.79"", ""Comment"": null}, {""Depth mMD"": ""360.3"", ""Depth mTVD"": ""360.3"", ""Inclination (dega)"": "".47"", ""Azimuth (dega)"": ""80.36"", ""Comment"": null}, {""Depth mMD"": ""400"", ""Depth mTVD"": ""400"", ""Inclination (dega)"": "".46"", ""Azimuth (dega)"": ""85.96"", ""Comment"": null}, {""Depth mMD"": ""440.8"", ""Depth mTVD"": ""440.7"", ""Inclination (dega)"": "".52"", ""Azimuth (dega)"": ""89.81"", ""Comment"": null}, {""Depth mMD"": ""481.6"", ""Depth mTVD"": ""481.6"", ""Inclination (dega)"": "".49"", ""Azimuth (dega)"": ""98.01"", ""Comment"": null}, {""Depth mMD"": ""522.6"", ""Depth mTVD"": ""522.5"", ""Inclination (dega)"": "".53"", ""Azimuth (dega)"": ""99.53"", ""Comment"": null}, {""Depth mMD"": ""563.4"", ""Depth mTVD"": ""563.4"", ""Inclination (dega)"": "".5"", ""Azimuth (dega)"": ""105.56"", ""Comment"": null}, {""Depth mMD"": ""598.9"", ""Depth mTVD"": ""598.9"", ""Inclination (dega)"": "".45"", ""Azimuth (dega)"": ""102.7"", ""Comment"": null}, {""Depth mMD"": ""642.3"", ""Depth mTVD"": ""642.3"", ""Inclination (dega)"": "".49"", ""Azimuth (dega)"": ""108.27"", ""Comment"": null}, {""Depth mMD"": ""683.7"", ""Depth mTVD"": ""683.7"", ""Inclination (dega)"": "".46"", ""Azimuth (dega)"": ""122.78"", ""Comment"": null}, {""Depth mMD"": ""723.3"", ""Depth mTVD"": ""723.2"", ""Inclination (dega)"": "".5"", ""Azimuth (dega)"": ""136.59"", ""Comment"": null}, {""Depth mMD"": ""764.5"", ""Depth mTVD"": ""764.4"", ""Inclination (dega)"": "".59"", ""Azimuth (dega)"": ""127.45"", ""Comment"": null}, {""Depth mMD"": ""805.3"", ""Depth mTVD"": ""805.3"", ""Inclination (dega)"": "".62"", ""Azimuth (dega)"": ""127.21"", ""Comment"": null}, {""Depth mMD"": ""845.4"", ""Depth mTVD"": ""845.3"", ""Inclination (dega)"": "".61"", ""Azimuth (dega)"": ""132.06"", ""Comment"": null}, {""Depth mMD"": ""885.9"", ""Depth mTVD"": ""885.8"", ""Inclination (dega)"": "".63"", ""Azimuth (dega)"": ""122.92"", ""Comment"": null}], ""Stratigraphic Information"": [{""Depth to Top of Formation mMD"": ""146"", ""Depth to Top of Formation mTVD"": ""146"", ""Description"": ""Nordland Gp""}, {""Depth to Top of Formation mMD"": ""882.5"", ""Depth to Top of Formation mTVD"": ""882.5"", ""Description"": ""Utsira Fm""}], ""Lithology Information"": [{""Start Depth mMD"": ""600"", ""End Depth mMD"": ""738"", ""Start Depth mTVD"": ""600"", ""End Depth mTVD"": ""738"", ""Shows Description"": null, ""Lithology Description"": ""Claystone with minor sand & siltstone interbed s""}], ""Gas Reading Information"": [{""Time"": ""00:00"", ""Class"": ""drilling gas pea k"", ""Depth to Top mMD"": ""719"", ""Depth to Bottom MD"": null, ""Depth to Top mTVD"": ""719"", ""Depth to Bottom TVD"": null, ""Highest Gas (%)"": "".19"", ""Lowest Gas ()"": null, ""C1 (ppm)"": ""1951"", ""C2 (ppm)"": ""154"", ""C3 (ppm)"": ""12"", ""IC4 (ppm)"": ""10"", ""IC5 (ppm)"": ""0""}]}"
636,15/9-F-12,15_9_F_12_2007_06_29.pdf,"{""Pore Pressure"": [{""Time"": ""00:00"", ""Depth mMD"": ""940"", ""Depth TVD"": null, ""Equ Mud Weight (g/cm3)"": ""1.03"", ""Reading"": ""estimated""}], ""Survey Station"": [{""Depth mMD"": ""1006.3"", ""Depth mTVD"": ""1006.3"", ""Inclination (dega)"": "".53"", ""Azimuth (dega)"": ""62.27"", ""Comment"": null}, {""Depth mMD"": ""1047.8"", ""Depth mTVD"": ""1047.8"", ""Inclination (dega)"": "".4"", ""Azimuth (dega)"": ""56.76"", ""Comment"": null}, {""Depth mMD"": ""1088.2"", ""Depth mTVD"": ""1088.2"", ""Inclination (dega)"": "".38"", ""Azimuth (dega)"": ""97.58"", ""Comment"": null}, {""Depth mMD"": ""1127.8"", ""Depth mTVD"": ""1127.8"", ""Inclination (dega)"": "".37"", ""Azimuth (dega)"": ""93.02"", ""Comment"": null}, {""Depth mMD"": ""926.5"", ""Depth mTVD"": ""926.5"", ""Inclination (dega)"": "".27"", ""Azimuth (dega)"": ""100.65"", ""Comment"": null}, {""Depth mMD"": ""965.8"", ""Depth mTVD"": ""965.8"", ""Inclination (dega)"": ""1.05"", ""Azimuth (dega)"": ""104.59"", ""Comment"": null}], ""Lithology Information"": [{""Start Depth mMD"": ""738"", ""End Depth mMD"": ""882.5"", ""Start Depth mTVD"": ""738"", ""End Depth mTVD"": ""882.5"", ""Shows Description"": null, ""Lithology Description"": ""Claystone with minor sandstone and occasional siltstone interbeds .""}, {""Start Depth mMD"": ""882.5"", ""End Depth mMD"": ""940"", ""Start Depth mTVD"": ""882.5"", ""End Depth mTVD"": ""940"", ""Shows Description"": null, ""Lithology Description"": ""Sandstone with minor claystone and shell fragments""}], ""Gas Reading Information"": [{""Time"": ""00:00"", ""Class"": ""flow check ga s"", ""Depth to Top mMD"": ""890"", ""Depth to Bottom MD"": null, ""Depth to Top mTVD"": ""890"", ""Depth to Bottom TVD"": null, ""Highest Gas (%)"": "".86"", ""Lowest Gas ()"": null, ""C1 (ppm)"": ""10300"", ""C2 (ppm)"": "".5"", ""C3 (ppm)"": "".7"", ""IC4 (ppm)"": ""1"", ""IC5 (ppm)"": ""1""}, {""Time"": ""00:00"", ""Class"": ""flow check ga s"", ""Depth to Top mMD"": ""918"", ""Depth to Bottom MD"": null, ""Depth to Top mTVD"": ""918"", ""Depth to Bottom TVD"": null, ""Highest Gas (%)"": "".9"", ""Lowest Gas ()"": null, ""C1 (ppm)"": ""9165"", ""C2 (ppm)"": ""0"", ""C3 (ppm)"": ""1"", ""IC4 (ppm)"": ""1"", ""IC5 (ppm)"": ""1""}, {""Time"": ""00:00"", ""Class"": ""flow check ga s"", ""Depth to Top mMD"": ""929"", ""Depth to Bottom MD"": null, ""Depth to Top mTVD"": ""929"", ""Depth to Bottom TVD"": null, ""Highest Gas (%)"": "".87"", ""Lowest Gas ()"": null, ""C1 (ppm)"": ""9925"", ""C2 (ppm)"": ""0"", ""C3 (ppm)"": ""1"", ""IC4 (ppm)"": ""1"", ""IC5 (ppm)"": ""1""}]}"
637,15/9-F-12,15_9_F_12_2007_06_30.pdf,"{""Pore Pressure"": [{""Time"": ""00:00"", ""Depth mMD"": ""1262"", ""Depth TVD"": null, ""Equ Mud Weight (g/cm3)"": ""1.03"", ""Reading"": ""estimated""}], ""Survey Station"": [{""Depth mMD"": ""1167.2"", ""Depth mTVD"": ""1167.2"", ""Inclination (dega)"": "".42"", ""Azimuth (dega)"": ""103.91"", ""Comment"": null}, {""Depth mMD"": ""1208.6"", ""Depth mTVD"": ""1208.6"", ""Inclination (dega)"": "".26"", ""Azimuth (dega)"": ""77.43"", ""Comment"": null}, {""Depth mMD"": ""1249.2"", ""Depth mTVD"": ""1249.1"", ""Inclination (dega)"": "".31"", ""Azimuth (dega)"": ""54.26"", ""Comment"": null}, {""Depth mMD"": ""1288.9"", ""Depth mTVD"": ""1288.8"", ""Inclination (dega)"": "".22"", ""Azimuth (dega)"": ""50.57"", ""Comment"": null}, {""Depth mMD"": ""1329.6"", ""Depth mTVD"": ""1329.5"", ""Inclination (dega)"": "".44"", ""Azimuth (dega)"": ""336"", ""Comment"": null}], ""Log Information"": [{""Run No"": ""100"", ""Service Company"": ""Schlumberger"", ""Depth Top mMD"": ""261"", ""Depth Bottom mTVD"": ""1353"", ""Tool"": ""ARCVRES6 - VSONIC6 - VADN6 - TELESCOPE"", ""BHST (degC)"": ""-999.99""}], ""Stratigraphic Information"": [{""Depth to Top of Formation mMD"": ""1065"", ""Depth to Top of Formation mTVD"": ""1065"", ""Description"": ""Hordaland Gp""}, {""Depth to Top of Formation mMD"": ""1206"", ""Depth to Top of Formation mTVD"": ""1206"", ""Description"": ""Skade Fm""}], ""Lithology Information"": [{""Start Depth mMD"": ""940"", ""End Depth mMD"": ""1065"", ""Start Depth mTVD"": ""940"", ""End Depth mTVD"": ""1065"", ""Shows Description"": null, ""Lithology Description"": ""Sandstone with minor claystone and shell fragment s""}, {""Start Depth mMD"": ""1065"", ""End Depth mMD"": ""1206"", ""Start Depth mTVD"": ""1065"", ""End Depth mTVD"": ""1206"", ""Shows Description"": null, ""Lithology Description"": ""Claystone with occasional sandstone interbeds""}, {""Start Depth mMD"": ""1206"", ""End Depth mMD"": ""1230"", ""Start Depth mTVD"": ""1206"", ""End Depth mTVD"": ""1230"", ""Shows Description"": null, ""Lithology Description"": ""Sandstone with minor claystone""}], ""Gas Reading Information"": [{""Time"": ""00:00"", ""Class"": ""flow check ga s"", ""Depth to Top mMD"": ""1099"", ""Depth to Bottom MD"": null, ""Depth to Top mTVD"": ""1099"", ""Depth to Bottom TVD"": null, ""Highest Gas (%)"": "".37"", ""Lowest Gas ()"": null, ""C1 (ppm)"": ""4481"", ""C2 (ppm)"": ""1"", ""C3 (ppm)"": ""1"", ""IC4 (ppm)"": ""1"", ""IC5 (ppm)"": ""1""}, {""Time"": ""00:00"", ""Class"": ""flow check ga s"", ""Depth to Top mMD"": ""1196"", ""Depth to Bottom MD"": null, ""Depth to Top mTVD"": ""1196"", ""Depth to Bottom TVD"": null, ""Highest Gas (%)"": "".26"", ""Lowest Gas ()"": null, ""C1 (ppm)"": ""3320"", ""C2 (ppm)"": ""1"", ""C3 (ppm)"": ""1"", ""IC4 (ppm)"": ""1"", ""IC5 (ppm)"": ""1""}]}"
638,15/9-F-12,15_9_F_12_2007_07_01.pdf,"{""Pore Pressure"": [{""Time"": ""00:00"", ""Depth mMD"": ""1353"", ""Depth TVD"": null, ""Equ Mud Weight (g/cm3)"": ""1.03"", ""Reading"": ""estimated""}], ""Survey Station"": [{""Depth mMD"": ""1249.2"", ""Depth mTVD"": ""1249.1"", ""Inclination (dega)"": "".31"", ""Azimuth (dega)"": ""54.26"", ""Comment"": null}, {""Depth mMD"": ""1288.9"", ""Depth mTVD"": ""1288.8"", ""Inclination (dega)"": "".22"", ""Azimuth (dega)"": ""50.57"", ""Comment"": null}, {""Depth mMD"": ""1329.6"", ""Depth mTVD"": ""1329.5"", ""Inclination (dega)"": "".44"", ""Azimuth (dega)"": ""336"", ""Comment"": null}], ""Lithology Information"": [{""Start Depth mMD"": ""1230"", ""End Depth mMD"": ""1353"", ""Start Depth mTVD"": ""1230"", ""End Depth mTVD"": ""1353"", ""Shows Description"": null, ""Lithology Description"": ""Sandstone with minor claystone""}], ""Gas Reading Information"": [{""Time"": ""00:00"", ""Class"": ""flow check ga s"", ""Depth to Top mMD"": ""1304"", ""Depth to Bottom MD"": null, ""Depth to Top mTVD"": ""1304"", ""Depth to Bottom TVD"": null, ""Highest Gas (%)"": "".17"", ""Lowest Gas ()"": null, ""C1 (ppm)"": ""2435"", ""C2 (ppm)"": ""1"", ""C3 (ppm)"": ""1"", ""IC4 (ppm)"": ""1"", ""IC5 (ppm)"": ""1""}, {""Time"": ""00:00"", ""Class"": ""flow check ga s"", ""Depth to Top mMD"": ""1352"", ""Depth to Bottom MD"": null, ""Depth to Top mTVD"": ""1352"", ""Depth to Bottom TVD"": null, ""Highest Gas (%)"": "".2"", ""Lowest Gas ()"": null, ""C1 (ppm)"": ""2731"", ""C2 (ppm)"": ""1"", ""C3 (ppm)"": ""1"", ""IC4 (ppm)"": ""1"", ""IC5 (ppm)"": ""1""}]}"
639,15/9-F-12,15_9_F_12_2007_07_02.pdf,"{""Bit Record"": [{""Run No."": ""3"", ""Bit Size"": ""8.5 in"", ""Bit Type"": ""GFS06H V"", ""IADC Code"": ""427"", ""Manufacturer"": ""Smith Internation al"", ""Hrs Drilled"": ""43.4"", ""Start mMD"": ""261.4"", ""End mMD"": ""261.4"", ""Hole Made (last 24H)"": null, ""Hours Drilled (last 24H)"": null, ""Form ROP"": ""25.2"", ""Total ROP"": ""25.2"", ""Total Hole Made"": ""1091.6"", ""Total Hrs Drilled"": ""43.4""}], ""Pore Pressure"": [{""Time"": ""00:00"", ""Depth mMD"": ""1353"", ""Depth TVD"": null, ""Equ Mud Weight (g/cm3)"": ""1.03"", ""Reading"": ""estimated""}]}"
640,15/9-F-12,15_9_F_12_2007_07_03.pdf,"{""Pore Pressure"": [{""Time"": ""00:00"", ""Depth mMD"": ""1353"", ""Depth TVD"": null, ""Equ Mud Weight (g/cm3)"": ""1.03"", ""Reading"": ""estimated""}]}"
641,15/9-F-12,15_9_F_12_2007_07_04.pdf,"{""Pore Pressure"": [{""Time"": ""00:00"", ""Depth mMD"": ""1353"", ""Depth TVD"": null, ""Equ Mud Weight (g/cm3)"": ""1.03"", ""Reading"": ""estimated""}]}"
642,15/9-F-12,15_9_F_12_2007_07_05.pdf,"{""Pore Pressure"": [{""Time"": ""00:00"", ""Depth mMD"": ""1353"", ""Depth TVD"": null, ""Equ Mud Weight (g/cm3)"": ""1.03"", ""Reading"": ""estimated""}]}"
643,15/9-F-12,15_9_F_12_2007_07_06.pdf,"{""Pore Pressure"": [{""Time"": ""00:00"", ""Depth mMD"": ""280"", ""Depth TVD"": null, ""Equ Mud Weight (g/cm3)"": ""1.03"", ""Reading"": ""estimated""}]}"
644,15/9-F-12,15_9_F_12_2007_07_07.pdf,"{""Survey Station"": [{""Depth mMD"": ""311.2"", ""Depth mTVD"": ""311.2"", ""Inclination (dega)"": "".26"", ""Azimuth (dega)"": ""88.83"", ""Comment"": null}, {""Depth mMD"": ""351.1"", ""Depth mTVD"": ""351.1"", ""Inclination (dega)"": "".35"", ""Azimuth (dega)"": ""79.19"", ""Comment"": null}, {""Depth mMD"": ""392.3"", ""Depth mTVD"": ""392.3"", ""Inclination (dega)"": "".54"", ""Azimuth (dega)"": ""75.84"", ""Comment"": null}, {""Depth mMD"": ""432.6"", ""Depth mTVD"": ""432.6"", ""Inclination (dega)"": ""2.27"", ""Azimuth (dega)"": ""26.32"", ""Comment"": null}]}"
645,15/9-F-12,15_9_F_12_2007_07_08.pdf,"{""Survey Station"": [{""Depth mMD"": ""1036.9"", ""Depth mTVD"": ""1027.2"", ""Inclination (dega)"": ""15.09"", ""Azimuth (dega)"": ""271.67"", ""Comment"": null}, {""Depth mMD"": ""473.2"", ""Depth mTVD"": ""473.1"", ""Inclination (dega)"": ""4.79"", ""Azimuth (dega)"": ""25.05"", ""Comment"": null}, {""Depth mMD"": ""512.1"", ""Depth mTVD"": ""511.8"", ""Inclination (dega)"": ""7.53"", ""Azimuth (dega)"": ""28.01"", ""Comment"": null}, {""Depth mMD"": ""553.5"", ""Depth mTVD"": ""552.8"", ""Inclination (dega)"": ""7.94"", ""Azimuth (dega)"": ""34.53"", ""Comment"": null}, {""Depth mMD"": ""594.1"", ""Depth mTVD"": ""593.1"", ""Inclination (dega)"": ""5.58"", ""Azimuth (dega)"": ""33.81"", ""Comment"": null}, {""Depth mMD"": ""633.5"", ""Depth mTVD"": ""632.4"", ""Inclination (dega)"": ""5.02"", ""Azimuth (dega)"": ""17.2"", ""Comment"": null}, {""Depth mMD"": ""672.5"", ""Depth mTVD"": ""671.2"", ""Inclination (dega)"": ""6.1"", ""Azimuth (dega)"": ""349.45"", ""Comment"": null}, {""Depth mMD"": ""714.2"", ""Depth mTVD"": ""712.7"", ""Inclination (dega)"": ""6.77"", ""Azimuth (dega)"": ""323.1"", ""Comment"": null}, {""Depth mMD"": ""754.7"", ""Depth mTVD"": ""752.8"", ""Inclination (dega)"": ""7.12"", ""Azimuth (dega)"": ""296.52"", ""Comment"": null}, {""Depth mMD"": ""794.7"", ""Depth mTVD"": ""792.4"", ""Inclination (dega)"": ""10.77"", ""Azimuth (dega)"": ""281.94"", ""Comment"": null}, {""Depth mMD"": ""836.2"", ""Depth mTVD"": ""833"", ""Inclination (dega)"": ""12.86"", ""Azimuth (dega)"": ""276.21"", ""Comment"": null}, {""Depth mMD"": ""875.1"", ""Depth mTVD"": ""870.6"", ""Inclination (dega)"": ""16.24"", ""Azimuth (dega)"": ""267.05"", ""Comment"": null}, {""Depth mMD"": ""917.4"", ""Depth mTVD"": ""911.5"", ""Inclination (dega)"": ""13.52"", ""Azimuth (dega)"": ""262.01"", ""Comment"": null}, {""Depth mMD"": ""957.6"", ""Depth mTVD"": ""950.6"", ""Inclination (dega)"": ""13.07"", ""Azimuth (dega)"": ""260.23"", ""Comment"": null}, {""Depth mMD"": ""998.2"", ""Depth mTVD"": ""989.9"", ""Inclination (dega)"": ""15.73"", ""Azimuth (dega)"": ""267.99"", ""Comment"": null}]}"
646,15/9-F-12,15_9_F_12_2007_07_09.pdf,"{""Survey Station"": [{""Depth mMD"": ""1078.2"", ""Depth mTVD"": ""1067.2"", ""Inclination (dega)"": ""13.5"", ""Azimuth (dega)"": ""270.12"", ""Comment"": null}, {""Depth mMD"": ""1118.1"", ""Depth mTVD"": ""1105.9"", ""Inclination (dega)"": ""14.37"", ""Azimuth (dega)"": ""259.76"", ""Comment"": null}, {""Depth mMD"": ""1157"", ""Depth mTVD"": ""1143.2"", ""Inclination (dega)"": ""17.92"", ""Azimuth (dega)"": ""253.24"", ""Comment"": null}, {""Depth mMD"": ""1198.1"", ""Depth mTVD"": ""1182"", ""Inclination (dega)"": ""21.46"", ""Azimuth (dega)"": ""248.19"", ""Comment"": null}, {""Depth mMD"": ""1238.8"", ""Depth mTVD"": ""1220.3"", ""Inclination (dega)"": ""18.15"", ""Azimuth (dega)"": ""254.98"", ""Comment"": null}, {""Depth mMD"": ""1274.8"", ""Depth mTVD"": ""1254.3"", ""Inclination (dega)"": ""20.29"", ""Azimuth (dega)"": ""249.9"", ""Comment"": null}, {""Depth mMD"": ""1314.5"", ""Depth mTVD"": ""1292"", ""Inclination (dega)"": ""16.18"", ""Azimuth (dega)"": ""250.56"", ""Comment"": null}, {""Depth mMD"": ""1344.7"", ""Depth mTVD"": ""1321.1"", ""Inclination (dega)"": ""15.54"", ""Azimuth (dega)"": ""249.52"", ""Comment"": null}]}"
647,15/9-F-12,15_9_F_12_2007_07_10.pdf,{}
648,15/9-F-12,15_9_F_12_2007_07_11.pdf,{}
649,15/9-F-12,15_9_F_12_2007_07_12.pdf,"{""Bit Record"": [{""Run No."": ""4"", ""Bit Size"": ""26 in"", ""Bit Type"": ""MG04B"", ""IADC Code"": ""415"", ""Manufacturer"": ""Smith Internation al"", ""Hrs Drilled"": ""34.2"", ""Start mMD"": ""251"", ""End mMD"": ""251"", ""Hole Made (last 24H)"": null, ""Hours Drilled (last 24H)"": null, ""Form ROP"": ""32.7"", ""Total ROP"": ""32.7"", ""Total Hole Made"": ""1118"", ""Total Hrs Drilled"": ""34.2""}]}"
650,15/9-F-12,15_9_F_12_2007_07_13.pdf,{}
651,15/9-F-12,15_9_F_12_2007_07_14.pdf,{}
652,15/9-F-12,15_9_F_12_2007_07_15.pdf,"{""Casing Liner Tubing"": [{""start_time"": ""17:00"", ""end_time"": ""18:30"", ""type_of_pipe"": ""Casing"", ""casing_type"": ""Top"", ""outside_diameter_in"": ""20"", ""inside_diameter_in"": ""18.73"", ""weight_lbm_ft"": ""133"", ""grade"": ""N-80"", ""connection"": ""AntaresER"", ""length_m"": ""1212"", ""top_mmd"": ""145"", ""bottom_mmd"": ""1357"", ""description"": ""26\"" Motor BHA"", ""comment"": null}]}"
653,15/9-F-12,15_9_F_12_2007_07_16.pdf,{}
654,15/9-F-12,15_9_F_12_2007_07_17.pdf,{}
655,15/9-F-12,15_9_F_12_2007_07_18.pdf,{}
656,15/9-F-12,15_9_F_12_2007_07_19.pdf,{}
657,15/9-F-12,15_9_F_12_2007_07_20.pdf,"{""Pore Pressure"": [{""Time"": ""00:00"", ""Depth mMD"": ""1357"", ""Depth TVD"": null, ""Equ Mud Weight (g/cm3)"": ""1"", ""Reading"": ""estimated""}], ""Log Information"": [{""Run No"": ""101"", ""Service Company"": ""Schlumberger"", ""Depth Top mMD"": ""1353"", ""Depth Bottom mTVD"": ""2573"", ""Tool"": ""POWERPULSE - Schlumberger"", ""BHST (degC)"": ""-999.99""}]}"
658,15/9-F-12,15_9_F_12_2007_07_21.pdf,"{""Pore Pressure"": [{""Time"": ""00:00"", ""Depth mMD"": ""1368"", ""Depth TVD"": null, ""Equ Mud Weight (g/cm3)"": ""1"", ""Reading"": ""estimated""}]}"
659,15/9-F-12,15_9_F_12_2007_07_22.pdf,"{""Pore Pressure"": [{""Time"": ""00:00"", ""Depth mMD"": ""1440"", ""Depth TVD"": null, ""Equ Mud Weight (g/cm3)"": ""1"", ""Reading"": ""estimated""}], ""Survey Station"": [{""Depth mMD"": ""1393.6"", ""Depth mTVD"": ""1368"", ""Inclination (dega)"": ""16.99"", ""Azimuth (dega)"": ""246.96"", ""Comment"": null}, {""Depth mMD"": ""1407.3"", ""Depth mTVD"": ""1381"", ""Inclination (dega)"": ""17.83"", ""Azimuth (dega)"": ""245.6"", ""Comment"": null}], ""Lithology Information"": [{""Start Depth mMD"": ""1380"", ""End Depth mMD"": ""1440"", ""Start Depth mTVD"": ""1354.9"", ""End Depth mTVD"": ""1412.5"", ""Shows Description"": null, ""Lithology Description"": ""Homogenous claystone with thin, rare sitstone horizons and rare calcareous cementation.""}]}"
660,15/9-F-12,15_9_F_12_2007_07_23.pdf,"{""Pore Pressure"": [{""Time"": ""00:00"", ""Depth mMD"": ""1560"", ""Depth TVD"": null, ""Equ Mud Weight (g/cm3)"": ""1"", ""Reading"": ""estimated""}], ""Survey Station"": [{""Depth mMD"": ""1446.8"", ""Depth mTVD"": ""1418.2"", ""Inclination (dega)"": ""21.46"", ""Azimuth (dega)"": ""241.13"", ""Comment"": null}, {""Depth mMD"": ""1485.5"", ""Depth mTVD"": ""1454.1"", ""Inclination (dega)"": ""22.31"", ""Azimuth (dega)"": ""238.98"", ""Comment"": null}], ""Lithology Information"": [{""Start Depth mMD"": ""1470"", ""End Depth mMD"": ""1560"", ""Start Depth mTVD"": ""1439.8"", ""End Depth mTVD"": ""1523.1"", ""Shows Description"": null, ""Lithology Description"": ""Homogenous claystone with thin, rare sitstone horizons and rare calcareous cementation.""}]}"
661,15/9-F-12,15_9_F_12_2007_07_24.pdf,"{""Pore Pressure"": [{""Time"": ""00:00"", ""Depth mMD"": ""1880"", ""Depth TVD"": null, ""Equ Mud Weight (g/cm3)"": ""1"", ""Reading"": ""estimated""}], ""Survey Station"": [{""Depth mMD"": ""1525.8"", ""Depth mTVD"": ""1491.6"", ""Inclination (dega)"": ""20.46"", ""Azimuth (dega)"": ""242.79"", ""Comment"": null}, {""Depth mMD"": ""1568.2"", ""Depth mTVD"": ""1531.2"", ""Inclination (dega)"": ""21.47"", ""Azimuth (dega)"": ""250.59"", ""Comment"": null}, {""Depth mMD"": ""1608.1"", ""Depth mTVD"": ""1568.3"", ""Inclination (dega)"": ""22.43"", ""Azimuth (dega)"": ""254.31"", ""Comment"": null}, {""Depth mMD"": ""1648.4"", ""Depth mTVD"": ""1605.4"", ""Inclination (dega)"": ""23.37"", ""Azimuth (dega)"": ""253.44"", ""Comment"": null}, {""Depth mMD"": ""1689.1"", ""Depth mTVD"": ""1642.7"", ""Inclination (dega)"": ""23.69"", ""Azimuth (dega)"": ""253.02"", ""Comment"": null}, {""Depth mMD"": ""1728.5"", ""Depth mTVD"": ""1678.8"", ""Inclination (dega)"": ""23.77"", ""Azimuth (dega)"": ""253.5"", ""Comment"": null}, {""Depth mMD"": ""1770.6"", ""Depth mTVD"": ""1717.4"", ""Inclination (dega)"": ""23.62"", ""Azimuth (dega)"": ""253.27"", ""Comment"": null}, {""Depth mMD"": ""1810.1"", ""Depth mTVD"": ""1753.5"", ""Inclination (dega)"": ""23.39"", ""Azimuth (dega)"": ""252.75"", ""Comment"": null}], ""Lithology Information"": [{""Start Depth mMD"": ""1560"", ""End Depth mMD"": ""1830"", ""Start Depth mTVD"": ""1523.6"", ""End Depth mTVD"": ""1771.8"", ""Shows Description"": null, ""Lithology Description"": ""Homogenous claystone interval with intermittent thin siltstone and dolomite bedding .""}]}"
662,15/9-F-12,15_9_F_12_2007_07_25.pdf,"{""Pore Pressure"": [{""Time"": ""00:00"", ""Depth mMD"": ""2149.8"", ""Depth TVD"": null, ""Equ Mud Weight (g/cm3)"": ""1"", ""Reading"": ""estimated""}], ""Survey Station"": [{""Depth mMD"": ""1850.7"", ""Depth mTVD"": ""1790.8"", ""Inclination (dega)"": ""23.31"", ""Azimuth (dega)"": ""252.9"", ""Comment"": null}, {""Depth mMD"": ""1891.6"", ""Depth mTVD"": ""1828.3"", ""Inclination (dega)"": ""23.54"", ""Azimuth (dega)"": ""253.34"", ""Comment"": null}, {""Depth mMD"": ""1932.2"", ""Depth mTVD"": ""1865.6"", ""Inclination (dega)"": ""23.6"", ""Azimuth (dega)"": ""253.84"", ""Comment"": null}, {""Depth mMD"": ""1970.3"", ""Depth mTVD"": ""1900.6"", ""Inclination (dega)"": ""22.92"", ""Azimuth (dega)"": ""254.39"", ""Comment"": null}, {""Depth mMD"": ""2011"", ""Depth mTVD"": ""1938.5"", ""Inclination (dega)"": ""20.07"", ""Azimuth (dega)"": ""251.86"", ""Comment"": null}, {""Depth mMD"": ""2051.1"", ""Depth mTVD"": ""1976.4"", ""Inclination (dega)"": ""17.43"", ""Azimuth (dega)"": ""248.19"", ""Comment"": null}, {""Depth mMD"": ""2091.5"", ""Depth mTVD"": ""2015.3"", ""Inclination (dega)"": ""14.36"", ""Azimuth (dega)"": ""246.64"", ""Comment"": null}], ""Lithology Information"": [{""Start Depth mMD"": ""1860"", ""End Depth mMD"": ""2080"", ""Start Depth mTVD"": ""1799.4"", ""End Depth mTVD"": ""2004.1"", ""Shows Description"": null, ""Lithology Description"": ""Homogenous claystone with rare, thin dolomite and siltstone interbedding.""}, {""Start Depth mMD"": ""2090"", ""End Depth mMD"": ""2140"", ""Start Depth mTVD"": ""2013.8"", ""End Depth mTVD"": ""2062.4"", ""Shows Description"": null, ""Lithology Description"": ""Homogenous claystone with rare, thin dolomite and siltstone interbedding.""}]}"
663,15/9-F-12,15_9_F_12_2007_07_26.pdf,"{""Pore Pressure"": [{""Time"": ""00:00"", ""Depth mMD"": ""2438.8"", ""Depth TVD"": null, ""Equ Mud Weight (g/cm3)"": ""1.05"", ""Reading"": ""estimated""}], ""Survey Station"": [{""Depth mMD"": ""2132.1"", ""Depth mTVD"": ""2054.8"", ""Inclination (dega)"": ""11.5"", ""Azimuth (dega)"": ""243.38"", ""Comment"": null}, {""Depth mMD"": ""2172.8"", ""Depth mTVD"": ""2094.8"", ""Inclination (dega)"": ""9.85"", ""Azimuth (dega)"": ""233.9"", ""Comment"": null}, {""Depth mMD"": ""2213.4"", ""Depth mTVD"": ""2134.9"", ""Inclination (dega)"": ""9.25"", ""Azimuth (dega)"": ""215.05"", ""Comment"": null}, {""Depth mMD"": ""2253.1"", ""Depth mTVD"": ""2174.1"", ""Inclination (dega)"": ""9.12"", ""Azimuth (dega)"": ""194.63"", ""Comment"": null}, {""Depth mMD"": ""2292.6"", ""Depth mTVD"": ""2213"", ""Inclination (dega)"": ""10.2"", ""Azimuth (dega)"": ""176.3"", ""Comment"": null}, {""Depth mMD"": ""2333.7"", ""Depth mTVD"": ""2253.4"", ""Inclination (dega)"": ""11.11"", ""Azimuth (dega)"": ""160.73"", ""Comment"": null}, {""Depth mMD"": ""2372.2"", ""Depth mTVD"": ""2291.1"", ""Inclination (dega)"": ""12.74"", ""Azimuth (dega)"": ""151.46"", ""Comment"": null}], ""Stratigraphic Information"": [{""Depth to Top of Formation mMD"": ""2155.1"", ""Depth to Top of Formation mTVD"": ""2077.5"", ""Description"": ""Grid Fm""}, {""Depth to Top of Formation mMD"": ""2345.6"", ""Depth to Top of Formation mTVD"": ""2265.1"", ""Description"": ""Balder Fm.""}, {""Depth to Top of Formation mMD"": ""2400.7"", ""Depth to Top of Formation mTVD"": ""2318.8"", ""Description"": ""Sele Fm""}], ""Lithology Information"": [{""Start Depth mMD"": ""2150"", ""End Depth mMD"": ""2300"", ""Start Depth mTVD"": ""2072.4"", ""End Depth mTVD"": ""2220.3"", ""Shows Description"": null, ""Lithology Description"": ""Homogenous claystone with variable reduction colours with rare, intermittent sandstone/siltstone and dolomite horizon s.""}, {""Start Depth mMD"": ""2310"", ""End Depth mMD"": ""2390"", ""Start Depth mTVD"": ""2230.2"", ""End Depth mTVD"": ""2308.5"", ""Shows Description"": null, ""Lithology Description"": ""Tuffaceous claystone with variable reduction colours with rare, intermittent tuff horizons.""}, {""Start Depth mMD"": ""2400"", ""End Depth mMD"": ""2420"", ""Start Depth mTVD"": ""2318.2"", ""End Depth mTVD"": ""2337.7"", ""Shows Description"": null, ""Lithology Description"": ""Homogenous claystone with very rare tuffaceous horizons.""}]}"
664,15/9-F-12,15_9_F_12_2007_07_27.pdf,"{""Pore Pressure"": [{""Time"": ""00:00"", ""Depth mMD"": ""2486"", ""Depth TVD"": null, ""Equ Mud Weight (g/cm3)"": ""1.05"", ""Reading"": ""estimated""}], ""Survey Station"": [{""Depth mMD"": ""2412.6"", ""Depth mTVD"": ""2330.3"", ""Inclination (dega)"": ""15.33"", ""Azimuth (dega)"": ""142.93"", ""Comment"": null}, {""Depth mMD"": ""2454.3"", ""Depth mTVD"": ""2370.4"", ""Inclination (dega)"": ""17.21"", ""Azimuth (dega)"": ""135.97"", ""Comment"": null}], ""Stratigraphic Information"": [{""Depth to Top of Formation mMD"": ""2484"", ""Depth to Top of Formation mTVD"": ""2399"", ""Description"": ""Lista Fm""}], ""Lithology Information"": [{""Start Depth mMD"": ""2420"", ""End Depth mMD"": ""2460"", ""Start Depth mTVD"": ""2337.7"", ""End Depth mTVD"": ""2375.7"", ""Shows Description"": null, ""Lithology Description"": ""Homogenous claystone""}]}"
665,15/9-F-12,15_9_F_12_2007_07_28.pdf,"{""Pore Pressure"": [{""Time"": ""00:00"", ""Depth mMD"": ""2513"", ""Depth TVD"": null, ""Equ Mud Weight (g/cm3)"": ""1.05"", ""Reading"": ""estimated""}], ""Lithology Information"": [{""Start Depth mMD"": ""2460"", ""End Depth mMD"": ""2513"", ""Start Depth mTVD"": ""2375.7"", ""End Depth mTVD"": ""2427"", ""Shows Description"": null, ""Lithology Description"": ""Homogenous claystone with rare traces of Siltstone""}]}"
666,15/9-F-12,15_9_F_12_2007_07_29.pdf,"{""Bit Record"": [{""Run No."": ""6"", ""Bit Size"": ""17.5 in"", ""Bit Type"": ""RSX616 M"", ""IADC Code"": ""M322"", ""Manufacturer"": ""Reed-Hycalog"", ""Hrs Drilled"": ""53.8"", ""Start mMD"": ""1369"", ""End mMD"": ""1369"", ""Hole Made (last 24H)"": null, ""Hours Drilled (last 24H)"": null, ""Form ROP"": ""21.3"", ""Total ROP"": ""21.3"", ""Total Hole Made"": ""14"", ""Total Hrs Drilled"": ""53.8""}], ""Pore Pressure"": [{""Time"": ""00:00"", ""Depth mMD"": ""2513"", ""Depth TVD"": null, ""Equ Mud Weight (g/cm3)"": ""1.05"", ""Reading"": ""estimated""}]}"
667,15/9-F-12,15_9_F_12_2007_07_30.pdf,"{""Pore Pressure"": [{""Time"": ""00:00"", ""Depth mMD"": ""2513"", ""Depth TVD"": null, ""Equ Mud Weight (g/cm3)"": ""1.05"", ""Reading"": ""estimated""}], ""Survey Station"": [{""Depth mMD"": ""2493.7"", ""Depth mTVD"": ""2407.8"", ""Inclination (dega)"": ""19.27"", ""Azimuth (dega)"": ""129.52"", ""Comment"": null}, {""Depth mMD"": ""2536.1"", ""Depth mTVD"": ""2447.5"", ""Inclination (dega)"": ""20.86"", ""Azimuth (dega)"": ""125.56"", ""Comment"": null}]}"
668,15/9-F-12,15_9_F_12_2007_07_31.pdf,"{""Pore Pressure"": [{""Time"": ""00:00"", ""Depth mMD"": ""2513"", ""Depth TVD"": null, ""Equ Mud Weight (g/cm3)"": ""1.05"", ""Reading"": ""estimated""}], ""Stratigraphic Information"": [{""Depth to Top of Formation mMD"": ""2555"", ""Depth to Top of Formation mTVD"": ""2465"", ""Description"": ""Ty Fm""}], ""Lithology Information"": [{""Start Depth mMD"": ""2513"", ""End Depth mMD"": ""2545"", ""Start Depth mTVD"": ""2427"", ""End Depth mTVD"": ""2456"", ""Shows Description"": null, ""Lithology Description"": ""Claystone with traces of calcareous siltstones.""}, {""Start Depth mMD"": ""2545"", ""End Depth mMD"": ""2555"", ""Start Depth mTVD"": ""2456"", ""End Depth mTVD"": ""2465"", ""Shows Description"": null, ""Lithology Description"": ""Claystones and siltstones w/ occ. quarts grains.""}, {""Start Depth mMD"": ""2555"", ""End Depth mMD"": ""2573"", ""Start Depth mTVD"": ""2465"", ""End Depth mTVD"": ""2482"", ""Shows Description"": null, ""Lithology Description"": ""Sandstones with various amount of claystones and siltstones""}]}"
669,15/9-F-12,15_9_F_12_2007_08_01.pdf,"{""Bit Record"": [{""Run No."": ""7"", ""Bit Size"": ""17.5 in"", ""Bit Type"": ""MGGHC"", ""IADC Code"": ""135"", ""Manufacturer"": ""Smith Internation al"", ""Hrs Drilled"": ""11.6"", ""Start mMD"": ""2513"", ""End mMD"": ""2513"", ""Hole Made (last 24H)"": null, ""Hours Drilled (last 24H)"": null, ""Form ROP"": ""5.1"", ""Total ROP"": ""5.1"", ""Total Hole Made"": ""59.5"", ""Total Hrs Drilled"": ""11.6""}], ""Pore Pressure"": [{""Time"": ""00:00"", ""Depth mMD"": ""2513"", ""Depth TVD"": null, ""Equ Mud Weight (g/cm3)"": ""1.05"", ""Reading"": ""estimated""}]}"
670,15/9-F-12,15_9_F_12_2007_08_02.pdf,"{""Pore Pressure"": [{""Time"": ""00:00"", ""Depth mMD"": ""2513"", ""Depth TVD"": null, ""Equ Mud Weight (g/cm3)"": ""1.05"", ""Reading"": ""estimated""}]}"
671,15/9-F-12,15_9_F_12_2007_08_03.pdf,{}
672,15/9-F-12,15_9_F_12_2007_08_04.pdf,{}
673,15/9-F-12,15_9_F_12_2007_08_05.pdf,"{""Casing Liner Tubing"": [{""start_time"": ""03:00"", ""end_time"": ""00:00"", ""type_of_pipe"": ""Casing"", ""casing_type"": ""Intermediate"", ""outside_diameter_in"": ""14"", ""inside_diameter_in"": ""12.66"", ""weight_lbm_ft"": ""96.6"", ""grade"": ""P-110"", ""connection"": ""Vam TOP KA"", ""length_m"": ""2366"", ""top_mmd"": ""140"", ""bottom_mmd"": ""2506"", ""description"": ""12 1/4\"" Drilling BHA"", ""comment"": null}]}"
674,15/9-F-12,15_9_F_12_2007_08_06.pdf,{}
675,15/9-F-12,15_9_F_12_2007_08_07.pdf,"{""Pore Pressure"": [{""Time"": ""00:00"", ""Depth mMD"": ""2513"", ""Depth TVD"": null, ""Equ Mud Weight (g/cm3)"": ""1.05"", ""Reading"": ""estimated""}]}"
676,15/9-F-12,15_9_F_12_2007_08_08.pdf,"{""Pore Pressure"": [{""Time"": ""00:00"", ""Depth mMD"": ""2573"", ""Depth TVD"": null, ""Equ Mud Weight (g/cm3)"": ""1.05"", ""Reading"": ""estimated""}]}"
677,15/9-F-12,15_9_F_12_2007_08_09.pdf,"{""Bit Record"": [{""Run No."": ""9"", ""Bit Size"": ""12.25 in"", ""Bit Type"": ""RS616M-A1 2"", ""IADC Code"": ""M332"", ""Manufacturer"": ""Reed-Hycalog"", ""Hrs Drilled"": null, ""Start mMD"": ""2572.5"", ""End mMD"": ""2572.5"", ""Hole Made (last 24H)"": null, ""Hours Drilled (last 24H)"": null, ""Form ROP"": null, ""Total ROP"": null, ""Total Hole Made"": null, ""Total Hrs Drilled"": null}], ""Pore Pressure"": [{""Time"": ""00:00"", ""Depth mMD"": ""2573"", ""Depth TVD"": null, ""Equ Mud Weight (g/cm3)"": ""1.05"", ""Reading"": ""estimated""}]}"
678,15/9-F-12,15_9_F_12_2007_08_10.pdf,"{""Bit Record"": [{""Run No."": ""10"", ""Bit Size"": ""12.25 in"", ""Bit Type"": ""RS616M-A1 2"", ""IADC Code"": ""M332"", ""Manufacturer"": ""Reed-Hycalog"", ""Hrs Drilled"": null, ""Start mMD"": ""25725"", ""End mMD"": ""25725"", ""Hole Made (last 24H)"": null, ""Hours Drilled (last 24H)"": null, ""Form ROP"": null, ""Total ROP"": null, ""Total Hole Made"": null, ""Total Hrs Drilled"": null}], ""Pore Pressure"": [{""Time"": ""00:00"", ""Depth mMD"": ""2573"", ""Depth TVD"": null, ""Equ Mud Weight (g/cm3)"": ""1.05"", ""Reading"": ""estimated""}]}"
679,15/9-F-12,15_9_F_12_2007_08_11.pdf,{}
680,15/9-F-12,15_9_F_12_2007_08_12.pdf,"{""Pore Pressure"": [{""Time"": ""00:00"", ""Depth mMD"": ""2520"", ""Depth TVD"": null, ""Equ Mud Weight (g/cm3)"": ""1.05"", ""Reading"": ""estimated""}, {""Time"": ""00:00"", ""Depth mMD"": ""2640"", ""Depth TVD"": null, ""Equ Mud Weight (g/cm3)"": "".73"", ""Reading"": ""estimated""}], ""Survey Station"": [{""Depth mMD"": ""2577"", ""Depth mTVD"": ""2486"", ""Inclination (dega)"": ""2"", ""Azimuth (dega)"": ""125.92"", ""Comment"": null}], ""Lithology Information"": [{""Start Depth mMD"": ""2580"", ""End Depth mMD"": ""2640"", ""Start Depth mTVD"": ""2488"", ""End Depth mTVD"": ""2544"", ""Shows Description"": null, ""Lithology Description"": ""Sandstone and claystone""}]}"
681,15/9-F-12,15_9_F_12_2007_08_13.pdf,"{""Pore Pressure"": [{""Time"": ""00:00"", ""Depth mMD"": ""2520"", ""Depth TVD"": null, ""Equ Mud Weight (g/cm3)"": ""1.05"", ""Reading"": ""estimated""}, {""Time"": ""00:00"", ""Depth mMD"": ""2591"", ""Depth TVD"": null, ""Equ Mud Weight (g/cm3)"": "".87"", ""Reading"": ""estimated""}, {""Time"": ""00:00"", ""Depth mMD"": ""2766"", ""Depth TVD"": null, ""Equ Mud Weight (g/cm3)"": ""1.04"", ""Reading"": ""estimated""}], ""Survey Station"": [{""Depth mMD"": ""2617.9"", ""Depth mTVD"": ""2523.2"", ""Inclination (dega)"": ""26.64"", ""Azimuth (dega)"": ""124.65"", ""Comment"": null}, {""Depth mMD"": ""2658.3"", ""Depth mTVD"": ""2558.6"", ""Inclination (dega)"": ""30.86"", ""Azimuth (dega)"": ""121.61"", ""Comment"": null}, {""Depth mMD"": ""2699.1"", ""Depth mTVD"": ""2593.2"", ""Inclination (dega)"": ""33.41"", ""Azimuth (dega)"": ""117.41"", ""Comment"": null}], ""Stratigraphic Information"": [{""Depth to Top of Formation mMD"": ""2690.5"", ""Depth to Top of Formation mTVD"": ""2586.4"", ""Description"": ""Ekofisk Fm""}, {""Depth to Top of Formation mMD"": ""2703.5"", ""Depth to Top of Formation mTVD"": ""2597"", ""Description"": ""Tor Fm""}], ""Lithology Information"": [{""Start Depth mMD"": ""2640"", ""End Depth mMD"": ""2700"", ""Start Depth mTVD"": ""2544"", ""End Depth mTVD"": ""2594"", ""Shows Description"": null, ""Lithology Description"": ""Interbedded sandstone and claystone .""}, {""Start Depth mMD"": ""2700"", ""End Depth mMD"": ""2710"", ""Start Depth mTVD"": ""2594"", ""End Depth mTVD"": ""2602"", ""Shows Description"": null, ""Lithology Description"": ""Interbedded marl and limestone.""}, {""Start Depth mMD"": ""2710"", ""End Depth mMD"": ""2766"", ""Start Depth mTVD"": ""2602"", ""End Depth mTVD"": ""2650"", ""Shows Description"": null, ""Lithology Description"": ""Limestone.""}]}"
682,15/9-F-12,15_9_F_12_2007_08_14.pdf,"{""Pore Pressure"": [{""Time"": ""00:00"", ""Depth mMD"": ""2520"", ""Depth TVD"": null, ""Equ Mud Weight (g/cm3)"": ""1.05"", ""Reading"": ""estimated""}, {""Time"": ""00:00"", ""Depth mMD"": ""2591"", ""Depth TVD"": null, ""Equ Mud Weight (g/cm3)"": "".87"", ""Reading"": ""estimated""}, {""Time"": ""00:00"", ""Depth mMD"": ""2872"", ""Depth TVD"": null, ""Equ Mud Weight (g/cm3)"": ""1.04"", ""Reading"": ""estimated""}], ""Survey Station"": [{""Depth mMD"": ""2738.8"", ""Depth mTVD"": ""2625.7"", ""Inclination (dega)"": ""36.82"", ""Azimuth (dega)"": ""115.77"", ""Comment"": null}, {""Depth mMD"": ""2779.3"", ""Depth mTVD"": ""2657"", ""Inclination (dega)"": ""41.55"", ""Azimuth (dega)"": ""113.83"", ""Comment"": null}, {""Depth mMD"": ""2820"", ""Depth mTVD"": ""2686.5"", ""Inclination (dega)"": ""45.63"", ""Azimuth (dega)"": ""112.36"", ""Comment"": null}], ""Lithology Information"": [{""Start Depth mMD"": ""2766"", ""End Depth mMD"": ""2872"", ""Start Depth mTVD"": ""2650"", ""End Depth mTVD"": ""2722"", ""Shows Description"": null, ""Lithology Description"": ""Limestone""}]}"
683,15/9-F-12,15_9_F_12_2007_08_15.pdf,"{""Pore Pressure"": [{""Time"": ""00:00"", ""Depth mMD"": ""2520"", ""Depth TVD"": null, ""Equ Mud Weight (g/cm3)"": ""1.05"", ""Reading"": ""estimated""}, {""Time"": ""00:00"", ""Depth mMD"": ""2591"", ""Depth TVD"": null, ""Equ Mud Weight (g/cm3)"": "".87"", ""Reading"": ""estimated""}, {""Time"": ""00:00"", ""Depth mMD"": ""2972.8"", ""Depth TVD"": null, ""Equ Mud Weight (g/cm3)"": ""1.04"", ""Reading"": ""estimated""}], ""Survey Station"": [{""Depth mMD"": ""2860"", ""Depth mTVD"": ""2713.5"", ""Inclination (dega)"": ""49.5"", ""Azimuth (dega)"": ""108.88"", ""Comment"": null}, {""Depth mMD"": ""2900.5"", ""Depth mTVD"": ""2739.1"", ""Inclination (dega)"": ""52.08"", ""Azimuth (dega)"": ""104.36"", ""Comment"": null}, {""Depth mMD"": ""2939.7"", ""Depth mTVD"": ""2762.8"", ""Inclination (dega)"": ""53.78"", ""Azimuth (dega)"": ""102.53"", ""Comment"": null}], ""Stratigraphic Information"": [{""Depth to Top of Formation mMD"": ""2885"", ""Depth to Top of Formation mTVD"": ""2729.5"", ""Description"": ""Hod Fm""}], ""Lithology Information"": [{""Start Depth mMD"": ""2872"", ""End Depth mMD"": ""2972.8"", ""Start Depth mTVD"": ""2722"", ""End Depth mTVD"": ""2781.5"", ""Shows Description"": null, ""Lithology Description"": ""Limestone and marl""}]}"
684,15/9-F-12,15_9_F_12_2007_08_16.pdf,"{""Survey Station"": [{""Depth mMD"": ""2980.3"", ""Depth mTVD"": ""2786.5"", ""Inclination (dega)"": ""54.65"", ""Azimuth (dega)"": ""103.04"", ""Comment"": null}], ""Lithology Information"": [{""Start Depth mMD"": ""2972.8"", ""End Depth mMD"": ""2980"", ""Start Depth mTVD"": ""2781.5"", ""End Depth mTVD"": ""2786.5"", ""Shows Description"": null, ""Lithology Description"": ""Limestone and marl""}, {""Start Depth mMD"": ""2980"", ""End Depth mMD"": ""3030"", ""Start Depth mTVD"": ""2786.5"", ""End Depth mTVD"": ""2815"", ""Shows Description"": null, ""Lithology Description"": ""Marl""}]}"
685,15/9-F-12,15_9_F_12_2007_08_17.pdf,"{""Pore Pressure"": [{""Time"": ""00:00"", ""Depth mMD"": ""2591"", ""Depth TVD"": null, ""Equ Mud Weight (g/cm3)"": "".87"", ""Reading"": ""estimated""}, {""Time"": ""00:00"", ""Depth mMD"": ""3114"", ""Depth TVD"": null, ""Equ Mud Weight (g/cm3)"": ""1.25"", ""Reading"": ""estimated""}], ""Survey Station"": [{""Depth mMD"": ""3008.6"", ""Depth mTVD"": ""2802.8"", ""Inclination (dega)"": ""55.25"", ""Azimuth (dega)"": ""103.4"", ""Comment"": null}, {""Depth mMD"": ""3060.6"", ""Depth mTVD"": ""2832.6"", ""Inclination (dega)"": ""54.85"", ""Azimuth (dega)"": ""99.95"", ""Comment"": null}], ""Log Information"": [{""Run No"": ""102"", ""Service Company"": ""Schlumberger"", ""Depth Top mMD"": ""2573"", ""Depth Bottom mTVD"": ""3114"", ""Tool"": ""ARCVRES8 - TELESCOPE"", ""BHST (degC)"": ""-999.99""}], ""Stratigraphic Information"": [{""Depth to Top of Formation mMD"": ""3034"", ""Depth to Top of Formation mTVD"": ""2817.3"", ""Description"": ""Hidra Fm""}, {""Depth to Top of Formation mMD"": ""3050"", ""Depth to Top of Formation mTVD"": ""2826.4"", ""Description"": ""Rødby Fm""}, {""Depth to Top of Formation mMD"": ""3081"", ""Depth to Top of Formation mTVD"": ""2844.4"", ""Description"": ""Mime Fm""}, {""Depth to Top of Formation mMD"": ""3085"", ""Depth to Top of Formation mTVD"": ""2846.7"", ""Description"": ""Åsgard Fm""}, {""Depth to Top of Formation mMD"": ""3102"", ""Depth to Top of Formation mTVD"": ""2856.8"", ""Description"": ""Draupne Fm""}], ""Lithology Information"": [{""Start Depth mMD"": ""3030"", ""End Depth mMD"": ""3100"", ""Start Depth mTVD"": ""2815"", ""End Depth mTVD"": ""2855"", ""Shows Description"": null, ""Lithology Description"": ""Marl interbedded with limestone""}, {""Start Depth mMD"": ""3100"", ""End Depth mMD"": ""3105"", ""Start Depth mTVD"": ""2855"", ""End Depth mTVD"": ""2858.2"", ""Shows Description"": null, ""Lithology Description"": ""Claystone w/ minor limestone stringer s""}, {""Start Depth mMD"": ""3105"", ""End Depth mMD"": ""3114"", ""Start Depth mTVD"": ""2858.2"", ""End Depth mTVD"": ""2863.7"", ""Shows Description"": null, ""Lithology Description"": ""Claystone""}], ""Gas Reading Information"": [{""Time"": ""00:00"", ""Class"": ""drilling gas pea k"", ""Depth to Top mMD"": ""3110"", ""Depth to Bottom MD"": null, ""Depth to Top mTVD"": ""2861.1"", ""Depth to Bottom TVD"": null, ""Highest Gas (%)"": "".23"", ""Lowest Gas ()"": null, ""C1 (ppm)"": ""1702"", ""C2 (ppm)"": ""96"", ""C3 (ppm)"": ""31"", ""IC4 (ppm)"": ""4"", ""IC5 (ppm)"": ""2""}, {""Time"": ""00:00"", ""Class"": ""drilling gas pea k"", ""Depth to Top mMD"": ""3114"", ""Depth to Bottom MD"": null, ""Depth to Top mTVD"": ""2863.4"", ""Depth to Bottom TVD"": null, ""Highest Gas (%)"": "".18"", ""Lowest Gas ()"": null, ""C1 (ppm)"": ""1339"", ""C2 (ppm)"": ""74"", ""C3 (ppm)"": ""24"", ""IC4 (ppm)"": ""3"", ""IC5 (ppm)"": ""2""}]}"
686,15/9-F-12,15_9_F_12_2007_08_18.pdf,"{""Bit Record"": [{""Run No."": ""1"", ""Bit Size"": ""12.25 in"", ""Bit Type"": ""RS616M-A1 2"", ""IADC Code"": ""M332"", ""Manufacturer"": ""Reed-Hycalog"", ""Hrs Drilled"": ""92.6"", ""Start mMD"": ""2572"", ""End mMD"": ""2572"", ""Hole Made (last 24H)"": null, ""Hours Drilled (last 24H)"": null, ""Form ROP"": ""5.9"", ""Total ROP"": ""5.4"", ""Total Hole Made"": ""542"", ""Total Hrs Drilled"": ""101.3""}], ""Survey Station"": [{""Depth mMD"": ""3081.3"", ""Depth mTVD"": ""2844.5"", ""Inclination (dega)"": ""54.36"", ""Azimuth (dega)"": ""97.21"", ""Comment"": null}]}"
687,15/9-F-12,15_9_F_12_2007_08_19.pdf,{}
688,15/9-F-12,15_9_F_12_2007_08_20.pdf,"{""Casing Liner Tubing"": [{""start_time"": ""12:45"", ""end_time"": ""13:00"", ""type_of_pipe"": ""Liner"", ""casing_type"": ""Production"", ""outside_diameter_in"": ""9.625"", ""inside_diameter_in"": ""8.535"", ""weight_lbm_ft"": ""53.5"", ""grade"": ""13 Cr-80"", ""connection"": ""Vam TOP"", ""length_m"": ""708.6"", ""top_mmd"": ""2404.4"", ""bottom_mmd"": ""3113"", ""description"": ""Running of liner hanger assy"", ""comment"": null}]}"
689,15/9-F-12,15_9_F_12_2007_08_21.pdf,"{""Pore Pressure"": [{""Time"": ""00:00"", ""Depth mMD"": ""3114"", ""Depth TVD"": null, ""Equ Mud Weight (g/cm3)"": ""1.29"", ""Reading"": ""estimated""}]}"
690,15/9-F-12,15_9_F_12_2007_08_22.pdf,"{""Pore Pressure"": [{""Time"": ""00:00"", ""Depth mMD"": ""3114"", ""Depth TVD"": null, ""Equ Mud Weight (g/cm3)"": ""1.29"", ""Reading"": ""estimated""}]}"
691,15/9-F-12,15_9_F_12_2007_08_23.pdf,"{""Pore Pressure"": [{""Time"": ""00:00"", ""Depth mMD"": ""3114"", ""Depth TVD"": null, ""Equ Mud Weight (g/cm3)"": ""1.29"", ""Reading"": ""estimated""}, {""Time"": ""00:00"", ""Depth mMD"": ""3200"", ""Depth TVD"": null, ""Equ Mud Weight (g/cm3)"": ""1.14"", ""Reading"": ""estimated""}], ""Survey Station"": [{""Depth mMD"": ""3136.6"", ""Depth mTVD"": ""2877"", ""Inclination (dega)"": ""53.7"", ""Azimuth (dega)"": ""95.71"", ""Comment"": null}, {""Depth mMD"": ""3172.5"", ""Depth mTVD"": ""2898.3"", ""Inclination (dega)"": ""53.76"", ""Azimuth (dega)"": ""98.14"", ""Comment"": null}], ""Stratigraphic Information"": [{""Depth to Top of Formation mMD"": ""3117.2"", ""Depth to Top of Formation mTVD"": ""2865.5"", ""Description"": ""Heather Fm""}, {""Depth to Top of Formation mMD"": ""3126"", ""Depth to Top of Formation mTVD"": ""2870.7"", ""Description"": ""Hugin Fm""}], ""Lithology Information"": [{""Start Depth mMD"": ""3114"", ""End Depth mMD"": ""3117"", ""Start Depth mTVD"": ""2863"", ""End Depth mTVD"": ""2865.4"", ""Shows Description"": null, ""Lithology Description"": ""Massive Carbonaceous Claystones""}, {""Start Depth mMD"": ""3117"", ""End Depth mMD"": ""3126"", ""Start Depth mTVD"": ""2865.4"", ""End Depth mTVD"": ""2870.7"", ""Shows Description"": null, ""Lithology Description"": ""Claystone, limestone and loose quartz""}, {""Start Depth mMD"": ""3126"", ""End Depth mMD"": ""3183"", ""Start Depth mTVD"": ""2870.7"", ""End Depth mTVD"": ""2904.5"", ""Shows Description"": null, ""Lithology Description"": ""Sandstone with some siltstone and claystone. Also traces of limestone and coal""}], ""Gas Reading Information"": [{""Time"": ""00:00"", ""Class"": ""drilling gas pea k"", ""Depth to Top mMD"": ""3174"", ""Depth to Bottom MD"": null, ""Depth to Top mTVD"": ""2899.5"", ""Depth to Bottom TVD"": null, ""Highest Gas (%)"": ""3.22"", ""Lowest Gas ()"": null, ""C1 (ppm)"": ""24056"", ""C2 (ppm)"": ""1603"", ""C3 (ppm)"": ""685"", ""IC4 (ppm)"": ""53"", ""IC5 (ppm)"": ""4""}]}"
692,15/9-F-12,15_9_F_12_2007_08_24.pdf,"{""Pore Pressure"": [{""Time"": ""00:00"", ""Depth mMD"": ""3114"", ""Depth TVD"": null, ""Equ Mud Weight (g/cm3)"": ""1.29"", ""Reading"": ""estimated""}, {""Time"": ""00:00"", ""Depth mMD"": ""3520"", ""Depth TVD"": null, ""Equ Mud Weight (g/cm3)"": ""1.14"", ""Reading"": ""estimated""}], ""Survey Station"": [{""Depth mMD"": ""3216.4"", ""Depth mTVD"": ""2924.1"", ""Inclination (dega)"": ""53.72"", ""Azimuth (dega)"": ""101.3"", ""Comment"": null}, {""Depth mMD"": ""3257.1"", ""Depth mTVD"": ""2948.4"", ""Inclination (dega)"": ""53.2"", ""Azimuth (dega)"": ""103.39"", ""Comment"": null}, {""Depth mMD"": ""3297.4"", ""Depth mTVD"": ""2972.5"", ""Inclination (dega)"": ""53.67"", ""Azimuth (dega)"": ""105.77"", ""Comment"": null}, {""Depth mMD"": ""3337.6"", ""Depth mTVD"": ""2996.5"", ""Inclination (dega)"": ""52.96"", ""Azimuth (dega)"": ""107.03"", ""Comment"": null}, {""Depth mMD"": ""3375.4"", ""Depth mTVD"": ""3019.3"", ""Inclination (dega)"": ""52.87"", ""Azimuth (dega)"": ""106.59"", ""Comment"": null}, {""Depth mMD"": ""3416.6"", ""Depth mTVD"": ""3044.1"", ""Inclination (dega)"": ""53"", ""Azimuth (dega)"": ""107.02"", ""Comment"": null}, {""Depth mMD"": ""3456.2"", ""Depth mTVD"": ""3068"", ""Inclination (dega)"": ""52.83"", ""Azimuth (dega)"": ""106.74"", ""Comment"": null}, {""Depth mMD"": ""3495.5"", ""Depth mTVD"": ""3091.8"", ""Inclination (dega)"": ""52.73"", ""Azimuth (dega)"": ""105.59"", ""Comment"": null}], ""Stratigraphic Information"": [{""Depth to Top of Formation mMD"": ""3280.5"", ""Depth to Top of Formation mTVD"": ""2962.5"", ""Description"": ""Sleipner Fm""}, {""Depth to Top of Formation mMD"": ""3338"", ""Depth to Top of Formation mTVD"": ""2996.9"", ""Description"": ""Skagerak Fm""}], ""Lithology Information"": [{""Start Depth mMD"": ""3183"", ""End Depth mMD"": ""3280.5"", ""Start Depth mTVD"": ""2904.5"", ""End Depth mTVD"": ""2962.5"", ""Shows Description"": null, ""Lithology Description"": ""Sandstone grading to siltstone with minor limestone and coa l""}, {""Start Depth mMD"": ""3280.5"", ""End Depth mMD"": ""3338"", ""Start Depth mTVD"": ""2962.5"", ""End Depth mTVD"": ""2996.1"", ""Shows Description"": null, ""Lithology Description"": ""Sandstones with thin claystones""}, {""Start Depth mMD"": ""3338"", ""End Depth mMD"": ""3499"", ""Start Depth mTVD"": ""2996.1"", ""End Depth mTVD"": ""3093.9"", ""Shows Description"": null, ""Lithology Description"": ""Sandstone/siltstone with Claystone""}], ""Gas Reading Information"": [{""Time"": ""00:00"", ""Class"": ""drilling gas pea k"", ""Depth to Top mMD"": ""3231"", ""Depth to Bottom MD"": null, ""Depth to Top mTVD"": ""2933.1"", ""Depth to Bottom TVD"": null, ""Highest Gas (%)"": ""4.58"", ""Lowest Gas ()"": null, ""C1 (ppm)"": ""33671"", ""C2 (ppm)"": ""2327"", ""C3 (ppm)"": ""1052"", ""IC4 (ppm)"": ""84"", ""IC5 (ppm)"": ""63""}, {""Time"": ""00:00"", ""Class"": ""drilling gas pea k"", ""Depth to Top mMD"": ""3239"", ""Depth to Bottom MD"": null, ""Depth to Top mTVD"": ""3937.9"", ""Depth to Bottom TVD"": null, ""Highest Gas (%)"": ""4.96"", ""Lowest Gas ()"": null, ""C1 (ppm)"": ""36184"", ""C2 (ppm)"": ""2532"", ""C3 (ppm)"": ""1164"", ""IC4 (ppm)"": ""94"", ""IC5 (ppm)"": ""68""}, {""Time"": ""00:00"", ""Class"": ""drilling gas pea k"", ""Depth to Top mMD"": ""3246"", ""Depth to Bottom MD"": null, ""Depth to Top mTVD"": ""2942.1"", ""Depth to Bottom TVD"": null, ""Highest Gas (%)"": ""5.17"", ""Lowest Gas ()"": null, ""C1 (ppm)"": ""37529"", ""C2 (ppm)"": ""2719"", ""C3 (ppm)"": ""1244"", ""IC4 (ppm)"": ""100"", ""IC5 (ppm)"": ""72""}, {""Time"": ""00:00"", ""Class"": ""drilling gas pea k"", ""Depth to Top mMD"": ""3275"", ""Depth to Bottom MD"": null, ""Depth to Top mTVD"": ""2953.3"", ""Depth to Bottom TVD"": null, ""Highest Gas (%)"": ""4.06"", ""Lowest Gas ()"": null, ""C1 (ppm)"": ""30593"", ""C2 (ppm)"": ""2231"", ""C3 (ppm)"": ""1041"", ""IC4 (ppm)"": ""86"", ""IC5 (ppm)"": ""68""}]}"
693,15/9-F-12,15_9_F_12_2007_08_25.pdf,"{""Pore Pressure"": [{""Time"": ""00:00"", ""Depth mMD"": ""3114"", ""Depth TVD"": null, ""Equ Mud Weight (g/cm3)"": ""1.29"", ""Reading"": ""estimated""}, {""Time"": ""00:00"", ""Depth mMD"": ""3490.4"", ""Depth TVD"": null, ""Equ Mud Weight (g/cm3)"": ""1.14"", ""Reading"": ""estimated""}], ""Log Information"": [{""Run No"": ""103"", ""Service Company"": ""Schlumberger"", ""Depth Top mMD"": ""3114"", ""Depth Bottom mTVD"": ""3520"", ""Tool"": ""TST6FPWD - ECOSCOPE - TELESCOPE"", ""BHST (degC)"": ""-999.99""}], ""Lithology Information"": [{""Start Depth mMD"": ""3499"", ""End Depth mMD"": ""3520"", ""Start Depth mTVD"": ""3093.9"", ""End Depth mTVD"": ""3107.5"", ""Shows Description"": null, ""Lithology Description"": ""Sandstone/siltstone with Limestone and traces of Claystone""}]}"
694,15/9-F-12,15_9_F_12_2007_08_26.pdf,"{""Pore Pressure"": [{""Time"": ""00:00"", ""Depth mMD"": ""3114"", ""Depth TVD"": null, ""Equ Mud Weight (g/cm3)"": ""1.29"", ""Reading"": ""estimated""}, {""Time"": ""00:00"", ""Depth mMD"": ""3127.9"", ""Depth TVD"": null, ""Equ Mud Weight (g/cm3)"": ""1.14"", ""Reading"": ""estimated""}, {""Time"": ""00:00"", ""Depth mMD"": ""3490.4"", ""Depth TVD"": null, ""Equ Mud Weight (g/cm3)"": ""1.14"", ""Reading"": ""estimated""}]}"
695,15/9-F-12,15_9_F_12_2007_08_27.pdf,"{""Bit Record"": [{""Run No."": ""12"", ""Bit Size"": ""8.5 in"", ""Bit Type"": ""MDI 616 LBP X"", ""IADC Code"": ""M222"", ""Manufacturer"": ""Smith Internation al"", ""Hrs Drilled"": ""42.3"", ""Start mMD"": ""3114"", ""End mMD"": ""3114"", ""Hole Made (last 24H)"": null, ""Hours Drilled (last 24H)"": null, ""Form ROP"": ""9.6"", ""Total ROP"": ""9.6"", ""Total Hole Made"": ""406"", ""Total Hrs Drilled"": ""42.3""}], ""Pore Pressure"": [{""Time"": ""00:00"", ""Depth mMD"": ""3114"", ""Depth TVD"": null, ""Equ Mud Weight (g/cm3)"": ""1.29"", ""Reading"": ""estimated""}, {""Time"": ""00:00"", ""Depth mMD"": ""3127.9"", ""Depth TVD"": null, ""Equ Mud Weight (g/cm3)"": ""1.14"", ""Reading"": ""estimated""}, {""Time"": ""00:00"", ""Depth mMD"": ""3490.4"", ""Depth TVD"": null, ""Equ Mud Weight (g/cm3)"": ""1.14"", ""Reading"": ""estimated""}]}"
696,15/9-F-12,15_9_F_12_2007_08_28.pdf,{}
697,15/9-F-12,15_9_F_12_2007_08_29.pdf,"{""Casing Liner Tubing"": [{""start_time"": ""14:00"", ""end_time"": ""10:00"", ""type_of_pipe"": ""Liner"", ""casing_type"": ""Production"", ""outside_diameter_in"": ""7"", ""inside_diameter_in"": ""6.184"", ""weight_lbm_ft"": ""29"", ""grade"": ""13 CrS-110"", ""connection"": ""Vam TOP HT"", ""length_m"": ""496"", ""top_mmd"": ""3023"", ""bottom_mmd"": ""3519"", ""description"": ""Running of liner hanger assy"", ""comment"": null}]}"
698,15/9-F-12,15_9_F_12_2007_08_30.pdf,{}
699,15/9-F-12,15_9_F_12_2007_08_31.pdf,"{""Bit Record"": [{""Run No."": ""16"", ""Bit Size"": ""6 in"", ""Bit Type"": ""N.A."", ""IADC Code"": null, ""Manufacturer"": ""Unknown"", ""Hrs Drilled"": null, ""Start mMD"": null, ""End mMD"": null, ""Hole Made (last 24H)"": null, ""Hours Drilled (last 24H)"": null, ""Form ROP"": null, ""Total ROP"": null, ""Total Hole Made"": null, ""Total Hrs Drilled"": null}]}"
700,15/9-F-12,15_9_F_12_2007_09_01.pdf,{}
701,15/9-F-12,15_9_F_12_2007_09_02.pdf,{}
702,15/9-F-12,15_9_F_12_2007_09_03.pdf,{}
703,15/9-F-12,15_9_F_12_2007_09_04.pdf,{}
704,15/9-F-12,15_9_F_12_2007_09_05.pdf,{}
705,15/9-F-12,15_9_F_12_2007_09_06.pdf,{}
706,15/9-F-12,15_9_F_12_2007_09_07.pdf,{}
707,15/9-F-12,15_9_F_12_2007_09_08.pdf,{}
708,15/9-F-12,15_9_F_12_2007_09_09.pdf,{}
709,15/9-F-12,15_9_F_12_2007_09_10.pdf,{}
710,15/9-F-12,15_9_F_12_2007_09_11.pdf,{}
711,15/9-F-12,15_9_F_12_2007_09_12.pdf,{}
712,15/9-F-12,15_9_F_12_2007_09_13.pdf,{}
713,15/9-F-12,15_9_F_12_2007_09_14.pdf,{}
714,15/9-F-12,15_9_F_12_2007_09_15.pdf,{}
715,15/9-F-12,15_9_F_12_2007_10_12.pdf,{}
716,15/9-F-12,15_9_F_12_2007_12_31.pdf,"{""Pore Pressure"": [{""Time"": ""00:00"", ""Depth mMD"": ""3520"", ""Depth TVD"": null, ""Equ Mud Weight (g/cm3)"": ""1.03"", ""Reading"": ""estimated""}]}"
717,15/9-F-12,15_9_F_12_2008_01_01.pdf,"{""Pore Pressure"": [{""Time"": ""00:00"", ""Depth mMD"": ""3520"", ""Depth TVD"": null, ""Equ Mud Weight (g/cm3)"": ""1.03"", ""Reading"": ""estimated""}]}"
718,15/9-F-12,15_9_F_12_2008_01_02.pdf,"{""Pore Pressure"": [{""Time"": ""00:00"", ""Depth mMD"": ""3520"", ""Depth TVD"": null, ""Equ Mud Weight (g/cm3)"": ""1.03"", ""Reading"": ""estimated""}]}"
719,15/9-F-12,15_9_F_12_2008_01_03.pdf,"{""Pore Pressure"": [{""Time"": ""00:00"", ""Depth mMD"": ""3520"", ""Depth TVD"": null, ""Equ Mud Weight (g/cm3)"": ""1.03"", ""Reading"": ""estimated""}]}"
720,15/9-F-12,15_9_F_12_2008_01_04.pdf,"{""Pore Pressure"": [{""Time"": ""00:00"", ""Depth mMD"": ""140"", ""Depth TVD"": null, ""Equ Mud Weight (g/cm3)"": ""1.03"", ""Reading"": ""estimated""}]}"
721,15/9-F-12,15_9_F_12_2008_01_05.pdf,"{""Pore Pressure"": [{""Time"": ""00:00"", ""Depth mMD"": ""140"", ""Depth TVD"": null, ""Equ Mud Weight (g/cm3)"": ""1.03"", ""Reading"": ""estimated""}]}"
722,15/9-F-12,15_9_F_12_2008_01_06.pdf,"{""Pore Pressure"": [{""Time"": ""00:00"", ""Depth mMD"": ""140"", ""Depth TVD"": null, ""Equ Mud Weight (g/cm3)"": ""1.03"", ""Reading"": ""estimated""}]}"
723,15/9-F-12,15_9_F_12_2008_01_07.pdf,"{""Pore Pressure"": [{""Time"": ""00:00"", ""Depth mMD"": ""140"", ""Depth TVD"": null, ""Equ Mud Weight (g/cm3)"": ""1.03"", ""Reading"": ""estimated""}]}"
724,15/9-F-12,15_9_F_12_2008_01_08.pdf,"{""Pore Pressure"": [{""Time"": ""00:00"", ""Depth mMD"": ""140"", ""Depth TVD"": null, ""Equ Mud Weight (g/cm3)"": ""1.03"", ""Reading"": ""estimated""}]}"
725,15/9-F-12,15_9_F_12_2008_01_09.pdf,"{""Pore Pressure"": [{""Time"": ""00:00"", ""Depth mMD"": ""140"", ""Depth TVD"": null, ""Equ Mud Weight (g/cm3)"": ""1.03"", ""Reading"": ""estimated""}]}"
726,15/9-F-12,15_9_F_12_2008_01_10.pdf,"{""Pore Pressure"": [{""Time"": ""00:00"", ""Depth mMD"": ""140"", ""Depth TVD"": null, ""Equ Mud Weight (g/cm3)"": ""1.03"", ""Reading"": ""estimated""}]}"
727,15/9-F-12,15_9_F_12_2008_01_11.pdf,{}
728,15/9-F-12,15_9_F_12_2008_01_12.pdf,"{""Pore Pressure"": [{""Time"": ""00:00"", ""Depth mMD"": ""140"", ""Depth TVD"": null, ""Equ Mud Weight (g/cm3)"": ""1.03"", ""Reading"": ""estimated""}]}"
729,15/9-F-12,15_9_F_12_2008_01_13.pdf,"{""Pore Pressure"": [{""Time"": ""00:00"", ""Depth mMD"": ""140"", ""Depth TVD"": null, ""Equ Mud Weight (g/cm3)"": ""1.03"", ""Reading"": ""estimated""}]}"
730,15/9-F-12,15_9_F_12_2008_01_14.pdf,{}
731,15/9-F-12,15_9_F_12_2008_01_15.pdf,{}
732,15/9-F-12,15_9_F_12_2008_01_16.pdf,"{""Pore Pressure"": [{""Time"": ""00:00"", ""Depth mMD"": ""140"", ""Depth TVD"": null, ""Equ Mud Weight (g/cm3)"": ""1.03"", ""Reading"": ""estimated""}]}"
733,15/9-F-12,15_9_F_12_2008_01_17.pdf,"{""Pore Pressure"": [{""Time"": ""00:00"", ""Depth mMD"": ""140"", ""Depth TVD"": null, ""Equ Mud Weight (g/cm3)"": ""1.03"", ""Reading"": ""estimated""}]}"
734,15/9-F-12,15_9_F_12_2008_01_18.pdf,"{""Pore Pressure"": [{""Time"": ""00:00"", ""Depth mMD"": ""140"", ""Depth TVD"": null, ""Equ Mud Weight (g/cm3)"": ""1.03"", ""Reading"": ""estimated""}]}"
735,15/9-F-12,15_9_F_12_2008_01_19.pdf,"{""Pore Pressure"": [{""Time"": ""00:00"", ""Depth mMD"": ""140"", ""Depth TVD"": null, ""Equ Mud Weight (g/cm3)"": ""1.03"", ""Reading"": ""estimated""}]}"
736,15/9-F-12,15_9_F_12_2008_01_20.pdf,"{""Pore Pressure"": [{""Time"": ""00:00"", ""Depth mMD"": ""140"", ""Depth TVD"": null, ""Equ Mud Weight (g/cm3)"": ""1.03"", ""Reading"": ""estimated""}]}"
737,15/9-F-12,15_9_F_12_2008_01_21.pdf,"{""Pore Pressure"": [{""Time"": ""00:00"", ""Depth mMD"": ""140"", ""Depth TVD"": null, ""Equ Mud Weight (g/cm3)"": ""1.03"", ""Reading"": ""estimated""}]}"
738,15/9-F-12,15_9_F_12_2008_01_22.pdf,"{""Pore Pressure"": [{""Time"": ""00:00"", ""Depth mMD"": ""140"", ""Depth TVD"": null, ""Equ Mud Weight (g/cm3)"": ""1.03"", ""Reading"": ""estimated""}]}"
739,15/9-F-12,15_9_F_12_2008_01_23.pdf,"{""Pore Pressure"": [{""Time"": ""00:00"", ""Depth mMD"": ""140"", ""Depth TVD"": null, ""Equ Mud Weight (g/cm3)"": ""1.03"", ""Reading"": ""estimated""}]}"
740,15/9-F-12,15_9_F_12_2008_01_24.pdf,"{""Pore Pressure"": [{""Time"": ""00:00"", ""Depth mMD"": ""140"", ""Depth TVD"": null, ""Equ Mud Weight (g/cm3)"": ""1.03"", ""Reading"": ""estimated""}]}"
741,15/9-F-12,15_9_F_12_2008_01_25.pdf,"{""Pore Pressure"": [{""Time"": ""00:00"", ""Depth mMD"": ""140"", ""Depth TVD"": null, ""Equ Mud Weight (g/cm3)"": ""1.03"", ""Reading"": ""estimated""}]}"
742,15/9-F-12,15_9_F_12_2008_01_26.pdf,"{""Pore Pressure"": [{""Time"": ""00:00"", ""Depth mMD"": ""140"", ""Depth TVD"": null, ""Equ Mud Weight (g/cm3)"": ""1.03"", ""Reading"": ""estimated""}]}"
743,15/9-F-12,15_9_F_12_2008_01_27.pdf,"{""Pore Pressure"": [{""Time"": ""00:00"", ""Depth mMD"": ""140"", ""Depth TVD"": null, ""Equ Mud Weight (g/cm3)"": ""1.03"", ""Reading"": ""estimated""}]}"
744,15/9-F-12,15_9_F_12_2008_01_28.pdf,"{""Pore Pressure"": [{""Time"": ""00:00"", ""Depth mMD"": ""140"", ""Depth TVD"": null, ""Equ Mud Weight (g/cm3)"": ""1.03"", ""Reading"": ""estimated""}]}"
745,15/9-F-12,15_9_F_12_2008_01_29.pdf,"{""Pore Pressure"": [{""Time"": ""00:00"", ""Depth mMD"": ""140"", ""Depth TVD"": null, ""Equ Mud Weight (g/cm3)"": ""1.03"", ""Reading"": ""estimated""}]}"
746,15/9-F-12,15_9_F_12_2008_01_30.pdf,"{""Pore Pressure"": [{""Time"": ""00:00"", ""Depth mMD"": ""140"", ""Depth TVD"": null, ""Equ Mud Weight (g/cm3)"": ""1.03"", ""Reading"": ""estimated""}]}"
747,15/9-F-12,15_9_F_12_2008_01_31.pdf,"{""Pore Pressure"": [{""Time"": ""00:00"", ""Depth mMD"": ""140"", ""Depth TVD"": null, ""Equ Mud Weight (g/cm3)"": ""1.03"", ""Reading"": ""estimated""}]}"
748,15/9-F-12,15_9_F_12_2008_02_01.pdf,"{""Pore Pressure"": [{""Time"": ""00:00"", ""Depth mMD"": ""140"", ""Depth TVD"": null, ""Equ Mud Weight (g/cm3)"": ""1.03"", ""Reading"": ""estimated""}]}"
749,15/9-F-12,15_9_F_12_2008_02_02.pdf,"{""Pore Pressure"": [{""Time"": ""00:00"", ""Depth mMD"": ""3520"", ""Depth TVD"": null, ""Equ Mud Weight (g/cm3)"": ""1.03"", ""Reading"": ""estimated""}]}"
750,15/9-F-12,15_9_F_12_2008_02_03.pdf,{}
751,15/9-F-12,15_9_F_12_2008_02_04.pdf,"{""Pore Pressure"": [{""Time"": ""00:00"", ""Depth mMD"": ""3520"", ""Depth TVD"": null, ""Equ Mud Weight (g/cm3)"": ""1.03"", ""Reading"": ""estimated""}]}"
752,15/9-F-12,15_9_F_12_2008_02_05.pdf,"{""Pore Pressure"": [{""Time"": ""00:00"", ""Depth mMD"": ""3520"", ""Depth TVD"": null, ""Equ Mud Weight (g/cm3)"": ""1.03"", ""Reading"": ""estimated""}]}"
753,15/9-F-12,15_9_F_12_2008_02_12.pdf,"{""Perforation Information"": [{""Time of Opening Well Perf"": ""00:00"", ""Time of Closing Well Perf"": null, ""Top of Perf mMD"": ""3130"", ""Bottom of Perf mMD"": ""3281"", ""Top of Perf TVD"": null, ""Bottom of Perf TVD"": null}]}"
754,15/9-F-12,15_9_F_12_2009_03_14.pdf,{}
755,15/9-F-12,15_9_F_12_2009_03_15.pdf,{}
756,15/9-F-12,15_9_F_12_2009_03_16.pdf,{}
757,15/9-F-12,15_9_F_12_2009_03_17.pdf,{}
758,15/9-F-12,15_9_F_12_2009_03_18.pdf,{}
759,15/9-F-12,15_9_F_12_2010_09_21.pdf,{}
760,15/9-F-12,15_9_F_12_2010_09_22.pdf,{}
761,15/9-F-12,15_9_F_12_2010_09_23.pdf,{}
762,15/9-F-12,15_9_F_12_2010_09_24.pdf,{}
763,15/9-F-12,15_9_F_12_2014_11_23.pdf,{}
764,15/9-F-12,15_9_F_12_2014_11_24.pdf,{}
765,15/9-F-12,15_9_F_12_2014_11_25.pdf,{}
766,15/9-F-12,15_9_F_12_2014_11_26.pdf,{}
767,15/9-F-12,15_9_F_12_2014_11_27.pdf,"{""Perforation Information"": [{""Time of Opening Well Perf"": ""02:10"", ""Time of Closing Well Perf"": ""02:10"", ""Top of Perf mMD"": ""3126.2"", ""Bottom of Perf mMD"": ""3130.7"", ""Top of Perf TVD"": null, ""Bottom of Perf TVD"": null}]}"
768,15/9-F-12,15_9_F_12_2014_11_28.pdf,{}
769,15/9-F-12,15_9_F_12_2016_08_15.pdf,{}
770,15/9-F-12,15_9_F_12_2016_08_16.pdf,{}
771,15/9-F-12,15_9_F_12_2016_08_17.pdf,{}
772,15/9-F-12,15_9_F_12_2016_08_18.pdf,{}
773,15/9-F-12,15_9_F_12_2016_08_19.pdf,{}
774,15/9-F-12,15_9_F_12_2016_08_20.pdf,{}
775,15/9-F-12,15_9_F_12_2016_08_21.pdf,{}
776,15/9-F-12,15_9_F_12_2016_08_22.pdf,{}
777,15/9-F-12,15_9_F_12_2016_08_23.pdf,{}
778,15/9-F-12,15_9_F_12_2016_08_24.pdf,{}
779,15/9-F-12,15_9_F_12_2016_08_25.pdf,{}
780,15/9-F-12,15_9_F_12_2016_08_26.pdf,{}
781,15/9-F-12,15_9_F_12_2016_08_27.pdf,{}
782,15/9-F-12,15_9_F_12_2016_08_28.pdf,{}
783,15/9-F-12,15_9_F_12_2016_08_29.pdf,{}
784,15/9-F-12,15_9_F_12_2016_10_20.pdf,{}
785,15/9-F-12,15_9_F_12_2016_10_21.pdf,{}
786,15/9-F-14,15_9_F_14_2007_11_06.pdf,{}
787,15/9-F-14,15_9_F_14_2007_11_07.pdf,"{""Pore Pressure"": [{""Time"": ""00:00"", ""Depth mMD"": ""205"", ""Depth TVD"": null, ""Equ Mud Weight (g/cm3)"": ""1.03"", ""Reading"": ""estimated""}]}"
788,15/9-F-14,15_9_F_14_2007_11_08.pdf,"{""Bit Record"": [{""Run No."": ""1"", ""Bit Size"": ""17.5 in"", ""Bit Type"": ""XR+"", ""IADC Code"": ""117"", ""Manufacturer"": ""Smith Internation al"", ""Hrs Drilled"": ""7.7"", ""Start mMD"": ""145"", ""End mMD"": ""145"", ""Hole Made (last 24H)"": null, ""Hours Drilled (last 24H)"": null, ""Form ROP"": ""7.7"", ""Total ROP"": ""7.7"", ""Total Hole Made"": ""59"", ""Total Hrs Drilled"": ""7.7""}, {""Run No."": ""1"", ""Bit Size"": ""36 in"", ""Bit Type"": ""HOLEOPE N"", ""IADC Code"": ""435X"", ""Manufacturer"": ""Smith Red Baron"", ""Hrs Drilled"": ""7.3"", ""Start mMD"": ""145"", ""End mMD"": ""145"", ""Hole Made (last 24H)"": null, ""Hours Drilled (last 24H)"": null, ""Form ROP"": ""7.7"", ""Total ROP"": ""7.7"", ""Total Hole Made"": ""56"", ""Total Hrs Drilled"": ""7.3""}], ""Pore Pressure"": [{""Time"": ""00:00"", ""Depth mMD"": ""204"", ""Depth TVD"": null, ""Equ Mud Weight (g/cm3)"": ""1.03"", ""Reading"": ""estimated""}]}"
789,15/9-F-14,15_9_F_14_2007_11_09.pdf,"{""Pore Pressure"": [{""Time"": ""00:00"", ""Depth mMD"": ""204"", ""Depth TVD"": null, ""Equ Mud Weight (g/cm3)"": ""1.03"", ""Reading"": ""estimated""}]}"
790,15/9-F-14,15_9_F_14_2007_11_10.pdf,"{""Pore Pressure"": [{""Time"": ""00:00"", ""Depth mMD"": ""204"", ""Depth TVD"": null, ""Equ Mud Weight (g/cm3)"": ""1.03"", ""Reading"": ""estimated""}]}"
791,15/9-F-14,15_9_F_14_2007_11_11.pdf,{}
792,15/9-F-14,15_9_F_14_2007_11_12.pdf,"{""Pore Pressure"": [{""Time"": ""00:00"", ""Depth mMD"": ""204"", ""Depth TVD"": null, ""Equ Mud Weight (g/cm3)"": ""1.03"", ""Reading"": ""estimated""}], ""Casing Liner Tubing"": [{""start_time"": ""15:00"", ""end_time"": ""13:00"", ""type_of_pipe"": ""Casing"", ""casing_type"": ""Top"", ""outside_diameter_in"": ""30"", ""inside_diameter_in"": ""28"", ""weight_lbm_ft"": ""309.7"", ""grade"": ""X-52"", ""connection"": ""ABB ST-2 FB"", ""length_m"": ""31.2"", ""top_mmd"": ""165.6"", ""bottom_mmd"": ""196.8"", ""description"": ""36\"" HO BHA"", ""comment"": null}, {""start_time"": ""15:00"", ""end_time"": ""13:00"", ""type_of_pipe"": ""Casing"", ""casing_type"": ""Top"", ""outside_diameter_in"": ""30"", ""inside_diameter_in"": null, ""weight_lbm_ft"": ""456.6"", ""grade"": ""X-65"", ""connection"": ""ABB RL-4HC"", ""length_m"": ""25.5"", ""top_mmd"": ""140.1"", ""bottom_mmd"": ""165.6"", ""description"": ""36\"" HO BHA"", ""comment"": null}]}"
793,15/9-F-14,15_9_F_14_2007_11_13.pdf,"{""Pore Pressure"": [{""Time"": ""00:00"", ""Depth mMD"": ""197"", ""Depth TVD"": null, ""Equ Mud Weight (g/cm3)"": ""1.03"", ""Reading"": ""estimated""}]}"
794,15/9-F-14,15_9_F_14_2007_11_14.pdf,"{""Pore Pressure"": [{""Time"": ""00:00"", ""Depth mMD"": ""197.7"", ""Depth TVD"": null, ""Equ Mud Weight (g/cm3)"": ""1.03"", ""Reading"": ""estimated""}]}"
795,15/9-F-14,15_9_F_14_2007_11_15.pdf,"{""Pore Pressure"": [{""Time"": ""00:00"", ""Depth mMD"": ""197"", ""Depth TVD"": null, ""Equ Mud Weight (g/cm3)"": ""1.03"", ""Reading"": ""estimated""}]}"
796,15/9-F-14,15_9_F_14_2007_11_16.pdf,{}
797,15/9-F-14,15_9_F_14_2007_12_04.pdf,{}
798,15/9-F-14,15_9_F_14_2007_12_05.pdf,{}
799,15/9-F-14,15_9_F_14_2007_12_06.pdf,"{""Pore Pressure"": [{""Time"": ""00:00"", ""Depth mMD"": ""235"", ""Depth TVD"": null, ""Equ Mud Weight (g/cm3)"": ""1.03"", ""Reading"": ""estimated""}]}"
800,15/9-F-14,15_9_F_14_2007_12_07.pdf,"{""Pore Pressure"": [{""Time"": ""00:00"", ""Depth mMD"": ""197"", ""Depth TVD"": null, ""Equ Mud Weight (g/cm3)"": ""1.03"", ""Reading"": ""estimated""}], ""Survey Station"": [{""Depth mMD"": ""196.8"", ""Depth mTVD"": ""196.8"", ""Inclination (dega)"": "".29"", ""Azimuth (dega)"": ""327.63"", ""Comment"": null}, {""Depth mMD"": ""209"", ""Depth mTVD"": ""209"", ""Inclination (dega)"": "".27"", ""Azimuth (dega)"": ""334.05"", ""Comment"": null}, {""Depth mMD"": ""233.3"", ""Depth mTVD"": ""233.3"", ""Inclination (dega)"": "".44"", ""Azimuth (dega)"": ""24.15"", ""Comment"": null}, {""Depth mMD"": ""259.5"", ""Depth mTVD"": ""259.5"", ""Inclination (dega)"": ""1.14"", ""Azimuth (dega)"": ""52.89"", ""Comment"": null}, {""Depth mMD"": ""299.6"", ""Depth mTVD"": ""299.6"", ""Inclination (dega)"": ""2.11"", ""Azimuth (dega)"": ""57.9"", ""Comment"": null}, {""Depth mMD"": ""340.3"", ""Depth mTVD"": ""340.3"", ""Inclination (dega)"": ""1"", ""Azimuth (dega)"": ""58.25"", ""Comment"": null}, {""Depth mMD"": ""380.8"", ""Depth mTVD"": ""380.7"", ""Inclination (dega)"": ""2.9"", ""Azimuth (dega)"": ""86.12"", ""Comment"": null}, {""Depth mMD"": ""420.3"", ""Depth mTVD"": ""420.1"", ""Inclination (dega)"": ""5.1"", ""Azimuth (dega)"": ""84.8"", ""Comment"": null}, {""Depth mMD"": ""460.2"", ""Depth mTVD"": ""459.9"", ""Inclination (dega)"": ""4.05"", ""Azimuth (dega)"": ""80.32"", ""Comment"": null}, {""Depth mMD"": ""500.5"", ""Depth mTVD"": ""500.1"", ""Inclination (dega)"": ""4.05"", ""Azimuth (dega)"": ""56.67"", ""Comment"": null}, {""Depth mMD"": ""541"", ""Depth mTVD"": ""540.6"", ""Inclination (dega)"": ""2.73"", ""Azimuth (dega)"": ""33.21"", ""Comment"": null}, {""Depth mMD"": ""581.3"", ""Depth mTVD"": ""580.8"", ""Inclination (dega)"": ""1.41"", ""Azimuth (dega)"": ""351.99"", ""Comment"": null}]}"
801,15/9-F-14,15_9_F_14_2007_12_08.pdf,"{""Survey Station"": [{""Depth mMD"": ""1025.1"", ""Depth mTVD"": ""1024.6"", ""Inclination (dega)"": "".26"", ""Azimuth (dega)"": ""98.68"", ""Comment"": null}, {""Depth mMD"": ""1065.7"", ""Depth mTVD"": ""1065.2"", ""Inclination (dega)"": "".18"", ""Azimuth (dega)"": ""168.91"", ""Comment"": null}, {""Depth mMD"": ""622.1"", ""Depth mTVD"": ""621.6"", ""Inclination (dega)"": "".26"", ""Azimuth (dega)"": ""105.98"", ""Comment"": null}, {""Depth mMD"": ""662.2"", ""Depth mTVD"": ""661.7"", ""Inclination (dega)"": "".18"", ""Azimuth (dega)"": ""21.34"", ""Comment"": null}, {""Depth mMD"": ""702.6"", ""Depth mTVD"": ""702.1"", ""Inclination (dega)"": "".18"", ""Azimuth (dega)"": ""29.87"", ""Comment"": null}, {""Depth mMD"": ""742.7"", ""Depth mTVD"": ""742.2"", ""Inclination (dega)"": "".18"", ""Azimuth (dega)"": ""91.39"", ""Comment"": null}, {""Depth mMD"": ""783.1"", ""Depth mTVD"": ""782.6"", ""Inclination (dega)"": "".18"", ""Azimuth (dega)"": ""130.06"", ""Comment"": null}, {""Depth mMD"": ""823.5"", ""Depth mTVD"": ""823"", ""Inclination (dega)"": "".35"", ""Azimuth (dega)"": ""124.44"", ""Comment"": null}, {""Depth mMD"": ""864.1"", ""Depth mTVD"": ""863.6"", ""Inclination (dega)"": "".79"", ""Azimuth (dega)"": ""154.67"", ""Comment"": null}, {""Depth mMD"": ""891.5"", ""Depth mTVD"": ""891"", ""Inclination (dega)"": "".27"", ""Azimuth (dega)"": ""151.83"", ""Comment"": null}, {""Depth mMD"": ""944.5"", ""Depth mTVD"": ""944"", ""Inclination (dega)"": "".18"", ""Azimuth (dega)"": ""196.24"", ""Comment"": null}, {""Depth mMD"": ""984.9"", ""Depth mTVD"": ""984.4"", ""Inclination (dega)"": "".35"", ""Azimuth (dega)"": ""135.16"", ""Comment"": null}], ""Stratigraphic Information"": [{""Depth to Top of Formation mMD"": ""882"", ""Depth to Top of Formation mTVD"": ""881.5"", ""Description"": ""Utsira Fm""}]}"
802,15/9-F-14,15_9_F_14_2007_12_09.pdf,"{""Bit Record"": [{""Run No."": ""3"", ""Bit Size"": ""26 in"", ""Bit Type"": ""MG04BC"", ""IADC Code"": ""415"", ""Manufacturer"": ""Smith Internation al"", ""Hrs Drilled"": ""45.2"", ""Start mMD"": ""206"", ""End mMD"": ""206"", ""Hole Made (last 24H)"": null, ""Hours Drilled (last 24H)"": null, ""Form ROP"": ""19.4"", ""Total ROP"": ""19.4"", ""Total Hole Made"": ""877"", ""Total Hrs Drilled"": ""45.2""}], ""Pore Pressure"": [{""Time"": ""00:00"", ""Depth mMD"": ""1083"", ""Depth TVD"": null, ""Equ Mud Weight (g/cm3)"": ""1.03"", ""Reading"": ""estimated""}]}"
803,15/9-F-14,15_9_F_14_2007_12_10.pdf,"{""Pore Pressure"": [{""Time"": ""00:00"", ""Depth mMD"": ""1083"", ""Depth TVD"": null, ""Equ Mud Weight (g/cm3)"": ""1.03"", ""Reading"": ""estimated""}]}"
804,15/9-F-14,15_9_F_14_2007_12_11.pdf,"{""Pore Pressure"": [{""Time"": ""00:00"", ""Depth mMD"": ""1083"", ""Depth TVD"": null, ""Equ Mud Weight (g/cm3)"": ""1.03"", ""Reading"": ""estimated""}]}"
805,15/9-F-14,15_9_F_14_2007_12_12.pdf,"{""Pore Pressure"": [{""Time"": ""00:00"", ""Depth mMD"": ""1083"", ""Depth TVD"": null, ""Equ Mud Weight (g/cm3)"": ""1.03"", ""Reading"": ""estimated""}], ""Casing Liner Tubing"": [{""start_time"": null, ""end_time"": null, ""type_of_pipe"": ""Casing"", ""casing_type"": null, ""outside_diameter_in"": ""20"", ""inside_diameter_in"": ""18.73"", ""weight_lbm_ft"": ""133"", ""grade"": ""N-80"", ""connection"": ""AntaresER"", ""length_m"": ""938"", ""top_mmd"": ""138.9"", ""bottom_mmd"": ""1076.9"", ""description"": null, ""comment"": null}]}"
806,15/9-F-14,15_9_F_14_2008_04_27.pdf,{}
807,15/9-F-14,15_9_F_14_2008_04_28.pdf,"{""Pore Pressure"": [{""Time"": ""00:00"", ""Depth mMD"": ""1083"", ""Depth TVD"": null, ""Equ Mud Weight (g/cm3)"": ""1.03"", ""Reading"": ""estimated""}]}"
808,15/9-F-14,15_9_F_14_2008_04_29.pdf,"{""Pore Pressure"": [{""Time"": ""00:00"", ""Depth mMD"": ""1083"", ""Depth TVD"": null, ""Equ Mud Weight (g/cm3)"": ""1.03"", ""Reading"": ""estimated""}]}"
809,15/9-F-14,15_9_F_14_2008_04_30.pdf,"{""Pore Pressure"": [{""Time"": ""00:00"", ""Depth mMD"": ""1083"", ""Depth TVD"": null, ""Equ Mud Weight (g/cm3)"": ""1.03"", ""Reading"": ""estimated""}]}"
810,15/9-F-14,15_9_F_14_2008_05_01.pdf,{}
811,15/9-F-14,15_9_F_14_2008_05_11.pdf,"{""Pore Pressure"": [{""Time"": ""00:00"", ""Depth mMD"": ""1083"", ""Depth TVD"": null, ""Equ Mud Weight (g/cm3)"": ""1.03"", ""Reading"": ""estimated""}]}"
812,15/9-F-14,15_9_F_14_2008_05_12.pdf,"{""Pore Pressure"": [{""Time"": ""00:00"", ""Depth mMD"": ""1308"", ""Depth TVD"": null, ""Equ Mud Weight (g/cm3)"": ""1.03"", ""Reading"": ""estimated""}], ""Survey Station"": [{""Depth mMD"": ""1065.7"", ""Depth mTVD"": ""1064.3"", ""Inclination (dega)"": "".18"", ""Azimuth (dega)"": ""168.91"", ""Comment"": null}, {""Depth mMD"": ""1096.5"", ""Depth mTVD"": ""1095.1"", ""Inclination (dega)"": "".23"", ""Azimuth (dega)"": ""241.47"", ""Comment"": null}, {""Depth mMD"": ""1177.3"", ""Depth mTVD"": ""1175.9"", ""Inclination (dega)"": "".1"", ""Azimuth (dega)"": ""23.17"", ""Comment"": null}], ""Stratigraphic Information"": [{""Depth to Top of Formation mMD"": ""1207"", ""Depth to Top of Formation mTVD"": ""1206.5"", ""Description"": ""Skade Fm""}], ""Lithology Information"": [{""Start Depth mMD"": ""1090"", ""End Depth mMD"": ""1190"", ""Start Depth TVD"": null, ""End Depth TVD"": null, ""Shows Description"": null, ""Lithology Description"": ""Claystone with traces of sand""}, {""Start Depth mMD"": ""1190"", ""End Depth mMD"": ""1240"", ""Start Depth TVD"": null, ""End Depth TVD"": null, ""Shows Description"": null, ""Lithology Description"": ""Claystone with traces of limestone and sandstone""}, {""Start Depth mMD"": ""1240"", ""End Depth mMD"": ""1260"", ""Start Depth TVD"": null, ""End Depth TVD"": null, ""Shows Description"": null, ""Lithology Description"": ""Sandstone with traces of claystone""}]}"
813,15/9-F-14,15_9_F_14_2008_05_13.pdf,"{""Pore Pressure"": [{""Time"": ""00:00"", ""Depth mMD"": ""1703"", ""Depth TVD"": null, ""Equ Mud Weight (g/cm3)"": ""1.03"", ""Reading"": ""estimated""}], ""Survey Station"": [{""Depth mMD"": ""1257.8"", ""Depth mTVD"": ""1256.4"", ""Inclination (dega)"": "".06"", ""Azimuth (dega)"": ""180.93"", ""Comment"": null}, {""Depth mMD"": ""1337.3"", ""Depth mTVD"": ""1336.8"", ""Inclination (dega)"": "".08"", ""Azimuth (dega)"": ""79.48"", ""Comment"": null}, {""Depth mMD"": ""1418.3"", ""Depth mTVD"": ""1417.8"", ""Inclination (dega)"": "".1"", ""Azimuth (dega)"": ""181.35"", ""Comment"": null}, {""Depth mMD"": ""1500.8"", ""Depth mTVD"": ""1500.3"", ""Inclination (dega)"": "".1"", ""Azimuth (dega)"": ""243.88"", ""Comment"": null}, {""Depth mMD"": ""1581.1"", ""Depth mTVD"": ""1580.6"", ""Inclination (dega)"": "".1"", ""Azimuth (dega)"": ""138"", ""Comment"": null}, {""Depth mMD"": ""1662.1"", ""Depth mTVD"": ""1661.6"", ""Inclination (dega)"": "".08"", ""Azimuth (dega)"": ""140.33"", ""Comment"": null}], ""Lithology Information"": [{""Start Depth mMD"": ""1270"", ""End Depth mMD"": ""1300"", ""Start Depth TVD"": null, ""End Depth TVD"": null, ""Shows Description"": null, ""Lithology Description"": ""Claystone""}, {""Start Depth mMD"": ""1310"", ""End Depth mMD"": ""1330"", ""Start Depth TVD"": null, ""End Depth TVD"": null, ""Shows Description"": null, ""Lithology Description"": ""Claystone with minor sandstone""}, {""Start Depth mMD"": ""1340"", ""End Depth mMD"": ""1480"", ""Start Depth TVD"": null, ""End Depth TVD"": null, ""Shows Description"": null, ""Lithology Description"": ""Claystone with traces of sandstone""}, {""Start Depth mMD"": ""1490"", ""End Depth mMD"": ""1680"", ""Start Depth TVD"": null, ""End Depth TVD"": null, ""Shows Description"": null, ""Lithology Description"": ""Claystone with minor sandstone and limestone""}]}"
814,15/9-F-14,15_9_F_14_2008_05_14.pdf,"{""Pore Pressure"": [{""Time"": ""00:00"", ""Depth mMD"": ""2209"", ""Depth TVD"": null, ""Equ Mud Weight (g/cm3)"": ""1.03"", ""Reading"": ""estimated""}], ""Survey Station"": [{""Depth mMD"": ""1581.1"", ""Depth mTVD"": ""1580.6"", ""Inclination (dega)"": "".1"", ""Azimuth (dega)"": ""138"", ""Comment"": null}, {""Depth mMD"": ""1662.1"", ""Depth mTVD"": ""1661.6"", ""Inclination (dega)"": "".08"", ""Azimuth (dega)"": ""140.33"", ""Comment"": null}, {""Depth mMD"": ""1742"", ""Depth mTVD"": ""1741.5"", ""Inclination (dega)"": "".1"", ""Azimuth (dega)"": ""232.58"", ""Comment"": null}, {""Depth mMD"": ""1823.1"", ""Depth mTVD"": ""1822.6"", ""Inclination (dega)"": "".13"", ""Azimuth (dega)"": ""208.12"", ""Comment"": null}, {""Depth mMD"": ""1903.1"", ""Depth mTVD"": ""1902.6"", ""Inclination (dega)"": "".1"", ""Azimuth (dega)"": ""52.44"", ""Comment"": null}, {""Depth mMD"": ""1984.5"", ""Depth mTVD"": ""1984.1"", ""Inclination (dega)"": "".09"", ""Azimuth (dega)"": ""83.07"", ""Comment"": null}, {""Depth mMD"": ""2065.9"", ""Depth mTVD"": ""2065.5"", ""Inclination (dega)"": "".09"", ""Azimuth (dega)"": ""126.97"", ""Comment"": null}, {""Depth mMD"": ""2146.2"", ""Depth mTVD"": ""2145.7"", ""Inclination (dega)"": ""2.38"", ""Azimuth (dega)"": ""12.69"", ""Comment"": null}, {""Depth mMD"": ""2186.3"", ""Depth mTVD"": ""2185.7"", ""Inclination (dega)"": ""5.6"", ""Azimuth (dega)"": ""18.72"", ""Comment"": null}], ""Stratigraphic Information"": [{""Depth to Top of Formation mMD"": ""2137"", ""Depth to Top of Formation mTVD"": ""2136.5"", ""Description"": ""Grid Fm""}], ""Lithology Information"": [{""Start Depth mMD"": ""1680"", ""End Depth mMD"": ""1860"", ""Start Depth TVD"": null, ""End Depth TVD"": null, ""Shows Description"": null, ""Lithology Description"": ""Claystone with minor sandstone and traces of limestone""}, {""Start Depth mMD"": ""1870"", ""End Depth mMD"": ""1970"", ""Start Depth TVD"": null, ""End Depth TVD"": null, ""Shows Description"": null, ""Lithology Description"": ""Claystone with minor limestone and traces of sandstone""}, {""Start Depth mMD"": ""1980"", ""End Depth mMD"": ""2130"", ""Start Depth TVD"": null, ""End Depth TVD"": null, ""Shows Description"": null, ""Lithology Description"": ""Claystone with minor sandstone and interbedded limestone""}, {""Start Depth mMD"": ""2140"", ""End Depth mMD"": ""2190"", ""Start Depth TVD"": null, ""End Depth TVD"": null, ""Shows Description"": null, ""Lithology Description"": ""Sandstone with interbedded claystone and limestone trace s""}]}"
815,15/9-F-14,15_9_F_14_2008_05_15.pdf,"{""Pore Pressure"": [{""Time"": ""00:00"", ""Depth mMD"": ""2281"", ""Depth TVD"": null, ""Equ Mud Weight (g/cm3)"": ""1.03"", ""Reading"": ""estimated""}], ""Survey Station"": [{""Depth mMD"": ""2227.5"", ""Depth mTVD"": ""2225.6"", ""Inclination (dega)"": ""8.6"", ""Azimuth (dega)"": ""20.27"", ""Comment"": null}], ""Log Information"": [{""Run No"": ""100"", ""Service Company"": ""Schlumberger"", ""Depth Top mMD"": ""1083"", ""Depth Bottom mTVD"": ""-999.99"", ""Tool"": ""ARCVRES8 - POWERPULSE - ISONIC8"", ""BHST (degC)"": ""-999.99""}], ""Stratigraphic Information"": [{""Depth to Top of Formation mMD"": ""2268"", ""Depth to Top of Formation mTVD"": ""2267.5"", ""Description"": ""Balder Fm.""}], ""Lithology Information"": [{""Start Depth mMD"": ""20"", ""End Depth mMD"": ""2220"", ""Start Depth TVD"": null, ""End Depth TVD"": null, ""Shows Description"": null, ""Lithology Description"": ""Sandstone with minor clayston e""}, {""Start Depth mMD"": ""2230"", ""End Depth mMD"": ""2280"", ""Start Depth TVD"": null, ""End Depth TVD"": null, ""Shows Description"": null, ""Lithology Description"": ""Claystone""}], ""Gas Reading Information"": [{""Time"": ""00:00"", ""Class"": ""drilling gas pea k"", ""Depth to Top mMD"": ""2180"", ""Depth to Bottom MD"": null, ""Depth to Top mTVD"": ""2179.5"", ""Depth to Bottom TVD"": null, ""Highest Gas (%)"": "".48"", ""Lowest Gas ()"": null, ""C1 (ppm)"": ""4136"", ""C2 (ppm)"": ""87"", ""C3 (ppm)"": ""17"", ""IC4 (ppm)"": ""0"", ""IC5 (ppm)"": ""4""}]}"
816,15/9-F-14,15_9_F_14_2008_05_16.pdf,"{""Bit Record"": [{""Run No."": ""5"", ""Bit Size"": ""17.5 in"", ""Bit Type"": ""RSR616 M"", ""IADC Code"": ""M322"", ""Manufacturer"": ""Reed-Hycalog"", ""Hrs Drilled"": ""46.5"", ""Start mMD"": ""1083"", ""End mMD"": ""1083"", ""Hole Made (last 24H)"": null, ""Hours Drilled (last 24H)"": null, ""Form ROP"": ""25.8"", ""Total ROP"": ""24.2"", ""Total Hole Made"": ""1228"", ""Total Hrs Drilled"": ""50.8""}], ""Pore Pressure"": [{""Time"": ""00:00"", ""Depth mMD"": ""2281"", ""Depth TVD"": null, ""Equ Mud Weight (g/cm3)"": ""1.03"", ""Reading"": ""estimated""}]}"
817,15/9-F-14,15_9_F_14_2008_05_17.pdf,"{""Pore Pressure"": [{""Time"": ""00:00"", ""Depth mMD"": ""2281"", ""Depth TVD"": null, ""Equ Mud Weight (g/cm3)"": ""1.03"", ""Reading"": ""estimated""}]}"
818,15/9-F-14,15_9_F_14_2008_05_18.pdf,{}
819,15/9-F-14,15_9_F_14_2008_05_19.pdf,"{""Pore Pressure"": [{""Time"": ""00:00"", ""Depth mMD"": ""2281"", ""Depth TVD"": null, ""Equ Mud Weight (g/cm3)"": ""1.03"", ""Reading"": ""estimated""}], ""Casing Liner Tubing"": [{""start_time"": ""04:30"", ""end_time"": ""08:45"", ""type_of_pipe"": ""Casing"", ""casing_type"": ""Intermediate"", ""outside_diameter_in"": ""14"", ""inside_diameter_in"": ""12.66"", ""weight_lbm_ft"": ""96.9"", ""grade"": ""P-110"", ""connection"": ""Vam TOP"", ""length_m"": ""2134.9"", ""top_mmd"": ""140.5"", ""bottom_mmd"": ""2275.4"", ""description"": ""17.5\"" Drilling BHA"", ""comment"": null}]}"
820,15/9-F-14,15_9_F_14_2008_05_20.pdf,"{""Pore Pressure"": [{""Time"": ""00:00"", ""Depth mMD"": ""2281"", ""Depth TVD"": null, ""Equ Mud Weight (g/cm3)"": ""1.03"", ""Reading"": ""estimated""}]}"
821,15/9-F-14,15_9_F_14_2008_05_21.pdf,"{""Pore Pressure"": [{""Time"": ""00:00"", ""Depth mMD"": ""2281"", ""Depth TVD"": null, ""Equ Mud Weight (g/cm3)"": ""1.03"", ""Reading"": ""estimated""}]}"
822,15/9-F-14,15_9_F_14_2008_05_22.pdf,"{""Pore Pressure"": [{""Time"": ""00:00"", ""Depth mMD"": ""2281"", ""Depth TVD"": null, ""Equ Mud Weight (g/cm3)"": ""1.03"", ""Reading"": ""estimated""}]}"
823,15/9-F-14,15_9_F_14_2008_05_23.pdf,"{""Pore Pressure"": [{""Time"": ""00:00"", ""Depth mMD"": ""2666"", ""Depth TVD"": null, ""Equ Mud Weight (g/cm3)"": ""1.03"", ""Reading"": ""estimated""}], ""Survey Station"": [{""Depth mMD"": ""2307.3"", ""Depth mTVD"": ""2305.4"", ""Inclination (dega)"": ""8.87"", ""Azimuth (dega)"": ""23.3"", ""Comment"": null}, {""Depth mMD"": ""2343"", ""Depth mTVD"": ""2340.6"", ""Inclination (dega)"": ""10.85"", ""Azimuth (dega)"": ""28.36"", ""Comment"": null}, {""Depth mMD"": ""2383.3"", ""Depth mTVD"": ""2380.1"", ""Inclination (dega)"": ""13.12"", ""Azimuth (dega)"": ""29.73"", ""Comment"": null}, {""Depth mMD"": ""2424.3"", ""Depth mTVD"": ""2419.8"", ""Inclination (dega)"": ""15.71"", ""Azimuth (dega)"": ""30.19"", ""Comment"": null}, {""Depth mMD"": ""2464.6"", ""Depth mTVD"": ""2458.3"", ""Inclination (dega)"": ""17.84"", ""Azimuth (dega)"": ""34.46"", ""Comment"": null}, {""Depth mMD"": ""2505.1"", ""Depth mTVD"": ""2496.6"", ""Inclination (dega)"": ""20.44"", ""Azimuth (dega)"": ""44.86"", ""Comment"": null}, {""Depth mMD"": ""2545.5"", ""Depth mTVD"": ""2533.9"", ""Inclination (dega)"": ""25"", ""Azimuth (dega)"": ""52.09"", ""Comment"": null}, {""Depth mMD"": ""2586"", ""Depth mTVD"": ""2569.9"", ""Inclination (dega)"": ""29.41"", ""Azimuth (dega)"": ""57.69"", ""Comment"": null}], ""Stratigraphic Information"": [{""Depth to Top of Formation mMD"": ""2331"", ""Depth to Top of Formation mTVD"": ""2329"", ""Description"": ""Sele Fm""}, {""Depth to Top of Formation mMD"": ""2395"", ""Depth to Top of Formation mTVD"": ""2392"", ""Description"": ""Lista Fm""}, {""Depth to Top of Formation mMD"": ""2472"", ""Depth to Top of Formation mTVD"": ""2466"", ""Description"": ""Ty Fm""}, {""Depth to Top of Formation mMD"": ""2608"", ""Depth to Top of Formation mTVD"": ""2589"", ""Description"": ""Ekofisk Fm""}, {""Depth to Top of Formation mMD"": ""2629"", ""Depth to Top of Formation mTVD"": ""2606"", ""Description"": ""Tor Fm""}]}"
824,15/9-F-14,15_9_F_14_2008_05_24.pdf,"{""Pore Pressure"": [{""Time"": ""00:00"", ""Depth mMD"": ""2788"", ""Depth TVD"": null, ""Equ Mud Weight (g/cm3)"": ""1.03"", ""Reading"": ""estimated""}], ""Survey Station"": [{""Depth mMD"": ""2626.4"", ""Depth mTVD"": ""2604.4"", ""Inclination (dega)"": ""33.11"", ""Azimuth (dega)"": ""55.23"", ""Comment"": null}, {""Depth mMD"": ""2673.9"", ""Depth mTVD"": ""2643.2"", ""Inclination (dega)"": ""37.39"", ""Azimuth (dega)"": ""54.82"", ""Comment"": null}, {""Depth mMD"": ""2707"", ""Depth mTVD"": ""2669"", ""Inclination (dega)"": ""39.85"", ""Azimuth (dega)"": ""55.29"", ""Comment"": null}, {""Depth mMD"": ""2747.2"", ""Depth mTVD"": ""2699.8"", ""Inclination (dega)"": ""40.19"", ""Azimuth (dega)"": ""55.74"", ""Comment"": null}, {""Depth mMD"": ""2788"", ""Depth mTVD"": ""2731"", ""Inclination (dega)"": ""40.19"", ""Azimuth (dega)"": ""55.74"", ""Comment"": null}]}"
825,15/9-F-14,15_9_F_14_2008_05_25.pdf,"{""Bit Record"": [{""Run No."": ""6"", ""Bit Size"": ""12.25 in"", ""Bit Type"": ""MDI716"", ""IADC Code"": ""M323"", ""Manufacturer"": ""Smith Internation al"", ""Hrs Drilled"": ""24.9"", ""Start mMD"": ""2281"", ""End mMD"": ""2281"", ""Hole Made (last 24H)"": null, ""Hours Drilled (last 24H)"": null, ""Form ROP"": ""20.4"", ""Total ROP"": ""18.7"", ""Total Hole Made"": ""541"", ""Total Hrs Drilled"": ""28.9""}], ""Pore Pressure"": [{""Time"": ""00:00"", ""Depth mMD"": ""2788"", ""Depth TVD"": null, ""Equ Mud Weight (g/cm3)"": ""1.03"", ""Reading"": ""estimated""}]}"
826,15/9-F-14,15_9_F_14_2008_05_26.pdf,"{""Pore Pressure"": [{""Time"": ""00:00"", ""Depth mMD"": ""2788"", ""Depth TVD"": null, ""Equ Mud Weight (g/cm3)"": ""1.03"", ""Reading"": ""estimated""}]}"
827,15/9-F-14,15_9_F_14_2008_05_27.pdf,"{""Pore Pressure"": [{""Time"": ""00:00"", ""Depth mMD"": ""2788"", ""Depth TVD"": null, ""Equ Mud Weight (g/cm3)"": ""1.03"", ""Reading"": ""estimated""}], ""Casing Liner Tubing"": [{""start_time"": null, ""end_time"": null, ""type_of_pipe"": ""Casing"", ""casing_type"": null, ""outside_diameter_in"": ""9.625"", ""inside_diameter_in"": ""8.535"", ""weight_lbm_ft"": ""53.5"", ""grade"": ""13 Cr-80"", ""connection"": ""Vam TOP"", ""length_m"": ""1179.1"", ""top_mmd"": ""1604.4"", ""bottom_mmd"": ""2783.5"", ""description"": null, ""comment"": null}, {""start_time"": null, ""end_time"": null, ""type_of_pipe"": ""Casing"", ""casing_type"": null, ""outside_diameter_in"": ""10.75"", ""inside_diameter_in"": ""9.66"", ""weight_lbm_ft"": ""60.7"", ""grade"": ""13 Cr-80"", ""connection"": ""Vam TOP"", ""length_m"": ""1463.9"", ""top_mmd"": ""140.5"", ""bottom_mmd"": ""1604.4"", ""description"": null, ""comment"": null}]}"
828,15/9-F-14,15_9_F_14_2008_05_28.pdf,"{""Pore Pressure"": [{""Time"": ""00:00"", ""Depth mMD"": ""2788"", ""Depth TVD"": null, ""Equ Mud Weight (g/cm3)"": ""1.03"", ""Reading"": ""estimated""}]}"
829,15/9-F-14,15_9_F_14_2008_05_29.pdf,"{""Pore Pressure"": [{""Time"": ""00:00"", ""Depth mMD"": ""2788"", ""Depth TVD"": null, ""Equ Mud Weight (g/cm3)"": ""1.03"", ""Reading"": ""estimated""}]}"
830,15/9-F-14,15_9_F_14_2008_05_30.pdf,"{""Pore Pressure"": [{""Time"": ""00:00"", ""Depth mMD"": ""2788"", ""Depth TVD"": null, ""Equ Mud Weight (g/cm3)"": ""1.03"", ""Reading"": ""estimated""}]}"
831,15/9-F-14,15_9_F_14_2008_05_31.pdf,"{""Pore Pressure"": [{""Time"": ""00:00"", ""Depth mMD"": ""2788"", ""Depth TVD"": null, ""Equ Mud Weight (g/cm3)"": ""1.03"", ""Reading"": ""estimated""}]}"
832,15/9-F-14,15_9_F_14_2008_06_01.pdf,"{""Pore Pressure"": [{""Time"": ""00:00"", ""Depth mMD"": ""2788"", ""Depth TVD"": null, ""Equ Mud Weight (g/cm3)"": ""1.03"", ""Reading"": ""estimated""}]}"
833,15/9-F-14,15_9_F_14_2008_06_02.pdf,"{""Pore Pressure"": [{""Time"": ""00:00"", ""Depth mMD"": ""2788"", ""Depth TVD"": null, ""Equ Mud Weight (g/cm3)"": ""1.03"", ""Reading"": ""estimated""}]}"
834,15/9-F-14,15_9_F_14_2008_06_03.pdf,"{""Pore Pressure"": [{""Time"": ""00:00"", ""Depth mMD"": ""2788"", ""Depth TVD"": null, ""Equ Mud Weight (g/cm3)"": ""1.03"", ""Reading"": ""estimated""}]}"
835,15/9-F-14,15_9_F_14_2008_06_04.pdf,"{""Pore Pressure"": [{""Time"": ""00:00"", ""Depth mMD"": ""2788"", ""Depth TVD"": null, ""Equ Mud Weight (g/cm3)"": ""1.03"", ""Reading"": ""measured""}]}"
836,15/9-F-14,15_9_F_14_2008_06_05.pdf,"{""Pore Pressure"": [{""Time"": ""00:00"", ""Depth mMD"": ""2788"", ""Depth TVD"": null, ""Equ Mud Weight (g/cm3)"": ""1.03"", ""Reading"": ""estimated""}]}"
837,15/9-F-14,15_9_F_14_2008_06_06.pdf,"{""Pore Pressure"": [{""Time"": ""00:00"", ""Depth mMD"": ""2788"", ""Depth TVD"": null, ""Equ Mud Weight (g/cm3)"": ""1.03"", ""Reading"": ""estimated""}]}"
838,15/9-F-14,15_9_F_14_2008_06_07.pdf,"{""Pore Pressure"": [{""Time"": ""00:00"", ""Depth mMD"": ""2788"", ""Depth TVD"": null, ""Equ Mud Weight (g/cm3)"": ""1.03"", ""Reading"": ""estimated""}]}"
839,15/9-F-14,15_9_F_14_2008_06_08.pdf,"{""Pore Pressure"": [{""Time"": ""00:00"", ""Depth mMD"": ""2788"", ""Depth TVD"": null, ""Equ Mud Weight (g/cm3)"": ""1.03"", ""Reading"": ""estimated""}]}"
840,15/9-F-14,15_9_F_14_2008_06_09.pdf,"{""Pore Pressure"": [{""Time"": ""00:00"", ""Depth mMD"": ""2788"", ""Depth TVD"": null, ""Equ Mud Weight (g/cm3)"": ""1.03"", ""Reading"": ""estimated""}], ""Casing Liner Tubing"": [{""start_time"": null, ""end_time"": null, ""type_of_pipe"": ""Casing"", ""casing_type"": null, ""outside_diameter_in"": ""10.75"", ""inside_diameter_in"": ""9.66"", ""weight_lbm_ft"": ""60.7"", ""grade"": ""13 Cr-80"", ""connection"": ""Vam TOP"", ""length_m"": ""120"", ""top_mmd"": ""20.5"", ""bottom_mmd"": ""140.5"", ""description"": null, ""comment"": null}]}"
841,15/9-F-14,15_9_F_14_2008_06_10.pdf,"{""Pore Pressure"": [{""Time"": ""00:00"", ""Depth mMD"": ""2788"", ""Depth TVD"": null, ""Equ Mud Weight (g/cm3)"": ""1.03"", ""Reading"": ""estimated""}]}"
842,15/9-F-14,15_9_F_14_2008_06_11.pdf,"{""Pore Pressure"": [{""Time"": ""00:00"", ""Depth mMD"": ""2788"", ""Depth TVD"": null, ""Equ Mud Weight (g/cm3)"": ""1.03"", ""Reading"": ""estimated""}], ""Survey Station"": [{""Depth mMD"": ""2790.4"", ""Depth mTVD"": ""2733.6"", ""Inclination (dega)"": ""39.56"", ""Azimuth (dega)"": ""54.98"", ""Comment"": null}, {""Depth mMD"": ""2830.8"", ""Depth mTVD"": ""2763.7"", ""Inclination (dega)"": ""40.36"", ""Azimuth (dega)"": ""57.3"", ""Comment"": null}], ""Lithology Information"": [{""Start Depth mMD"": ""2788"", ""End Depth mMD"": ""2830"", ""Start Depth mTVD"": ""2732"", ""End Depth mTVD"": ""2764"", ""Shows Description"": null, ""Lithology Description"": ""Limestone""}]}"
843,15/9-F-14,15_9_F_14_2008_06_12.pdf,"{""Pore Pressure"": [{""Time"": ""00:00"", ""Depth mMD"": ""3070"", ""Depth TVD"": null, ""Equ Mud Weight (g/cm3)"": ""1.04"", ""Reading"": ""estimated""}], ""Survey Station"": [{""Depth mMD"": ""2870.9"", ""Depth mTVD"": ""2791.2"", ""Inclination (dega)"": ""49.28"", ""Azimuth (dega)"": ""59.12"", ""Comment"": null}, {""Depth mMD"": ""2911.5"", ""Depth mTVD"": ""2816.4"", ""Inclination (dega)"": ""54.4"", ""Azimuth (dega)"": ""59.01"", ""Comment"": null}, {""Depth mMD"": ""2950.8"", ""Depth mTVD"": ""2837.6"", ""Inclination (dega)"": ""60.08"", ""Azimuth (dega)"": ""58.76"", ""Comment"": null}, {""Depth mMD"": ""2991.5"", ""Depth mTVD"": ""2856.6"", ""Inclination (dega)"": ""64.34"", ""Azimuth (dega)"": ""59.52"", ""Comment"": null}, {""Depth mMD"": ""3032.2"", ""Depth mTVD"": ""2873.4"", ""Inclination (dega)"": ""66.85"", ""Azimuth (dega)"": ""65.62"", ""Comment"": null}], ""Stratigraphic Information"": [{""Depth to Top of Formation mMD"": ""2868"", ""Depth to Top of Formation mTVD"": ""2788"", ""Description"": ""Blodøks Fm""}, {""Depth to Top of Formation mMD"": ""2903.6"", ""Depth to Top of Formation mTVD"": ""2810.4"", ""Description"": ""Hidra Fm""}, {""Depth to Top of Formation mMD"": ""2913.9"", ""Depth to Top of Formation mTVD"": ""2817.2"", ""Description"": ""Rødby Fm""}, {""Depth to Top of Formation mMD"": ""2926.4"", ""Depth to Top of Formation mTVD"": ""2824.2"", ""Description"": ""Åsgard Fm""}, {""Depth to Top of Formation mMD"": ""2978"", ""Depth to Top of Formation mTVD"": ""2851"", ""Description"": ""Draupne Fm""}, {""Depth to Top of Formation mMD"": ""2991"", ""Depth to Top of Formation mTVD"": ""2856.2"", ""Description"": ""Heather Fm""}, {""Depth to Top of Formation mMD"": ""3000.5"", ""Depth to Top of Formation mTVD"": ""2862.3"", ""Description"": ""Hugin Fm""}], ""Lithology Information"": [{""Start Depth mMD"": ""2830"", ""End Depth mMD"": ""2880"", ""Start Depth mTVD"": ""2763"", ""End Depth mTVD"": ""2797"", ""Shows Description"": null, ""Lithology Description"": ""Limestone""}, {""Start Depth mMD"": ""2880"", ""End Depth mMD"": ""2978"", ""Start Depth mTVD"": ""2797"", ""End Depth mTVD"": ""2850.5"", ""Shows Description"": null, ""Lithology Description"": ""Limestone grading to Marl""}, {""Start Depth mMD"": ""2978"", ""End Depth mMD"": ""2994"", ""Start Depth mTVD"": ""2850.5"", ""End Depth mTVD"": ""2857.5"", ""Shows Description"": null, ""Lithology Description"": ""Carbonaceous claystone with minor limesto ne stringers""}, {""Start Depth mMD"": ""2994"", ""End Depth mMD"": ""3000.5"", ""Start Depth mTVD"": ""2857.5"", ""End Depth mTVD"": ""2862.3"", ""Shows Description"": null, ""Lithology Description"": ""Siltstone with sandstone""}, {""Start Depth mMD"": ""3000"", ""End Depth mMD"": ""3066"", ""Start Depth mTVD"": ""0"", ""End Depth mTVD"": ""0"", ""Shows Description"": ""Good SHOW: pchy (60-80%) mod-bri gn/yel/wh dir fluor, bri bri wh slo strmg and inst cut fluor, no vis cut, thin pl yel fluor res, nil-pl brn vis res"", ""Lithology Description"": null}, {""Start Depth mMD"": ""3000.5"", ""End Depth mMD"": ""3070"", ""Start Depth mTVD"": ""2862.3"", ""End Depth mTVD"": ""2888.1"", ""Shows Description"": null, ""Lithology Description"": ""Sandstone with minor siltstone and clayston e""}], ""Gas Reading Information"": [{""Time"": ""00:00"", ""Class"": ""drilling gas pea k"", ""Depth to Top mMD"": ""3009"", ""Depth to Bottom MD"": null, ""Depth to Top mTVD"": ""2862.3"", ""Depth to Bottom TVD"": null, ""Highest Gas (%)"": ""7.27"", ""Lowest Gas ()"": null, ""C1 (ppm)"": ""46919"", ""C2 (ppm)"": ""3691"", ""C3 (ppm)"": ""1626"", ""IC4 (ppm)"": ""96"", ""IC5 (ppm)"": ""5""}, {""Time"": ""00:00"", ""Class"": ""drilling gas pea k"", ""Depth to Top mMD"": ""3057"", ""Depth to Bottom MD"": null, ""Depth to Top mTVD"": ""2880.8"", ""Depth to Bottom TVD"": null, ""Highest Gas (%)"": ""9.92"", ""Lowest Gas ()"": null, ""C1 (ppm)"": ""59700"", ""C2 (ppm)"": ""4334"", ""C3 (ppm)"": ""2015"", ""IC4 (ppm)"": ""145"", ""IC5 (ppm)"": ""84""}, {""Time"": ""00:00"", ""Class"": ""drilling gas pea k"", ""Depth to Top mMD"": ""3063"", ""Depth to Bottom MD"": null, ""Depth to Top mTVD"": ""2884.4"", ""Depth to Bottom TVD"": null, ""Highest Gas (%)"": ""9.15"", ""Lowest Gas ()"": null, ""C1 (ppm)"": ""58650"", ""C2 (ppm)"": ""4720"", ""C3 (ppm)"": ""2175"", ""IC4 (ppm)"": ""150"", ""IC5 (ppm)"": ""86""}]}"
844,15/9-F-14,15_9_F_14_2008_06_13.pdf,"{""Pore Pressure"": [{""Time"": ""00:00"", ""Depth mMD"": ""3000.5"", ""Depth TVD"": null, ""Equ Mud Weight (g/cm3)"": ""1.04"", ""Reading"": ""measured""}], ""Survey Station"": [{""Depth mMD"": ""3072.8"", ""Depth mTVD"": ""2888.5"", ""Inclination (dega)"": ""69.7"", ""Azimuth (dega)"": ""71.1"", ""Comment"": null}, {""Depth mMD"": ""3112.4"", ""Depth mTVD"": ""2901.5"", ""Inclination (dega)"": ""71.9"", ""Azimuth (dega)"": ""73.97"", ""Comment"": null}, {""Depth mMD"": ""3153.5"", ""Depth mTVD"": ""2913.3"", ""Inclination (dega)"": ""74.71"", ""Azimuth (dega)"": ""74.92"", ""Comment"": null}, {""Depth mMD"": ""3193.7"", ""Depth mTVD"": ""2922.9"", ""Inclination (dega)"": ""77.75"", ""Azimuth (dega)"": ""78.46"", ""Comment"": null}, {""Depth mMD"": ""3233.2"", ""Depth mTVD"": ""2930.2"", ""Inclination (dega)"": ""80.75"", ""Azimuth (dega)"": ""81.97"", ""Comment"": null}, {""Depth mMD"": ""3273.3"", ""Depth mTVD"": ""2936.6"", ""Inclination (dega)"": ""81.08"", ""Azimuth (dega)"": ""85.25"", ""Comment"": null}], ""Log Information"": [{""Run No"": ""101"", ""Service Company"": ""Schlumberger"", ""Depth Top mMD"": ""2788"", ""Depth Bottom mTVD"": ""3750"", ""Tool"": ""STETHSCOPE - ECOSCOPE - ISONIC6 - TELESC"", ""BHST (degC)"": ""-999.99""}], ""Stratigraphic Information"": [{""Depth to Top of Formation mMD"": ""3208"", ""Depth to Top of Formation mTVD"": ""2925.5"", ""Description"": ""Sleipner Fm""}], ""Lithology Information"": [{""Start Depth mMD"": ""3070"", ""End Depth mMD"": ""3216"", ""Start Depth mTVD"": ""2888.1"", ""End Depth mTVD"": ""2927.5"", ""Shows Description"": null, ""Lithology Description"": ""Sandstone with traces of limestone, claystone and rare ly coal""}, {""Start Depth mMD"": ""3070"", ""End Depth mMD"": ""30"", ""Start Depth mTVD"": ""0"", ""End Depth mTVD"": ""0"", ""Shows Description"": ""pchy(60-80%) bri gn/wh dir fluor, inst-slo strmg bri gn/wh cut fluor, no vis cut, pl gn/wh fluor re s, no vis res"", ""Lithology Description"": null}, {""Start Depth mMD"": ""3216"", ""End Depth mMD"": ""3318"", ""Start Depth mTVD"": ""2927.5"", ""End Depth mTVD"": ""2943.4"", ""Shows Description"": null, ""Lithology Description"": ""Sandstone with traces of coal and claystone""}], ""Gas Reading Information"": [{""Time"": ""00:00"", ""Class"": ""drilling gas pea k"", ""Depth to Top mMD"": ""3080"", ""Depth to Bottom MD"": null, ""Depth to Top mTVD"": ""2890.5"", ""Depth to Bottom TVD"": null, ""Highest Gas (%)"": ""8.89"", ""Lowest Gas ()"": null, ""C1 (ppm)"": ""56036"", ""C2 (ppm)"": ""4518"", ""C3 (ppm)"": ""2018"", ""IC4 (ppm)"": ""138"", ""IC5 (ppm)"": ""87""}, {""Time"": ""00:00"", ""Class"": ""drilling gas pea k"", ""Depth to Top mMD"": ""3103"", ""Depth to Bottom MD"": null, ""Depth to Top mTVD"": ""2897.9"", ""Depth to Bottom TVD"": null, ""Highest Gas (%)"": ""10.61"", ""Lowest Gas ()"": null, ""C1 (ppm)"": ""63540"", ""C2 (ppm)"": ""5298"", ""C3 (ppm)"": ""2426"", ""IC4 (ppm)"": ""166"", ""IC5 (ppm)"": ""102""}, {""Time"": ""00:00"", ""Class"": ""drilling gas pea k"", ""Depth to Top mMD"": ""3160"", ""Depth to Bottom MD"": null, ""Depth to Top mTVD"": ""2914.6"", ""Depth to Bottom TVD"": null, ""Highest Gas (%)"": ""14.23"", ""Lowest Gas ()"": null, ""C1 (ppm)"": ""77479"", ""C2 (ppm)"": ""5446"", ""C3 (ppm)"": ""2552"", ""IC4 (ppm)"": ""186"", ""IC5 (ppm)"": ""123""}, {""Time"": ""00:00"", ""Class"": ""drilling gas pea k"", ""Depth to Top mMD"": ""3200"", ""Depth to Bottom MD"": null, ""Depth to Top mTVD"": ""2923.7"", ""Depth to Bottom TVD"": null, ""Highest Gas (%)"": ""9.87"", ""Lowest Gas ()"": null, ""C1 (ppm)"": ""60175"", ""C2 (ppm)"": ""5182"", ""C3 (ppm)"": ""2560"", ""IC4 (ppm)"": ""190"", ""IC5 (ppm)"": ""131""}, {""Time"": ""00:00"", ""Class"": ""drilling gas pea k"", ""Depth to Top mMD"": ""3236"", ""Depth to Bottom MD"": null, ""Depth to Top mTVD"": ""2930.1"", ""Depth to Bottom TVD"": null, ""Highest Gas (%)"": ""3.76"", ""Lowest Gas ()"": null, ""C1 (ppm)"": ""24327"", ""C2 (ppm)"": ""1981"", ""C3 (ppm)"": ""941"", ""IC4 (ppm)"": ""7"", ""IC5 (ppm)"": ""69""}, {""Time"": ""00:00"", ""Class"": ""drilling gas pea k"", ""Depth to Top mMD"": ""3290"", ""Depth to Bottom MD"": null, ""Depth to Top mTVD"": ""2936.7"", ""Depth to Bottom TVD"": null, ""Highest Gas (%)"": ""5.62"", ""Lowest Gas ()"": null, ""C1 (ppm)"": ""36548"", ""C2 (ppm)"": ""3104"", ""C3 (ppm)"": ""1448"", ""IC4 (ppm)"": ""104"", ""IC5 (ppm)"": ""71""}]}"
845,15/9-F-14,15_9_F_14_2008_06_14.pdf,"{""Pore Pressure"": [{""Time"": ""00:00"", ""Depth mMD"": ""3006"", ""Depth TVD"": null, ""Equ Mud Weight (g/cm3)"": ""1.02"", ""Reading"": ""measured""}], ""Survey Station"": [{""Depth mMD"": ""3315"", ""Depth mTVD"": ""2944.5"", ""Inclination (dega)"": ""76.91"", ""Azimuth (dega)"": ""85.46"", ""Comment"": null}, {""Depth mMD"": ""3355.4"", ""Depth mTVD"": ""2955.4"", ""Inclination (dega)"": ""71.94"", ""Azimuth (dega)"": ""85.7"", ""Comment"": null}, {""Depth mMD"": ""3395.9"", ""Depth mTVD"": ""2968.1"", ""Inclination (dega)"": ""71.34"", ""Azimuth (dega)"": ""85.44"", ""Comment"": null}, {""Depth mMD"": ""3436.2"", ""Depth mTVD"": ""2982.1"", ""Inclination (dega)"": ""67.98"", ""Azimuth (dega)"": ""86.53"", ""Comment"": null}, {""Depth mMD"": ""3476.5"", ""Depth mTVD"": ""2998.1"", ""Inclination (dega)"": ""65.26"", ""Azimuth (dega)"": ""89.03"", ""Comment"": null}, {""Depth mMD"": ""3514.8"", ""Depth mTVD"": ""3015.2"", ""Inclination (dega)"": ""61.86"", ""Azimuth (dega)"": ""89.99"", ""Comment"": null}, {""Depth mMD"": ""3556"", ""Depth mTVD"": ""3036.1"", ""Inclination (dega)"": ""57.08"", ""Azimuth (dega)"": ""91.4"", ""Comment"": null}], ""Stratigraphic Information"": [{""Depth to Top of Formation mMD"": ""3286.6"", ""Depth to Top of Formation mTVD"": ""2939.1"", ""Description"": ""Hugin Fm""}, {""Depth to Top of Formation mMD"": ""3680"", ""Depth to Top of Formation mTVD"": ""3113.8"", ""Description"": ""Sleipner Fm""}], ""Lithology Information"": [{""Start Depth mMD"": ""30"", ""End Depth mMD"": ""3612"", ""Start Depth mTVD"": ""0"", ""End Depth mTVD"": ""0"", ""Shows Description"": ""Pchy (40-70%) mod wh gn dir fluor,v slomod gn/wh strmg cut fluor, no vis cut, pl gn/wh fluor res, n o vis res"", ""Lithology Description"": null}, {""Start Depth mMD"": ""3318"", ""End Depth mMD"": ""3612"", ""Start Depth mTVD"": ""2943.4"", ""End Depth mTVD"": ""3066.4"", ""Shows Description"": null, ""Lithology Description"": ""Sandstones with traces of coal, and locally, clayst one""}], ""Gas Reading Information"": [{""Time"": ""00:00"", ""Class"": ""drilling gas pea k"", ""Depth to Top mMD"": ""3305"", ""Depth to Bottom MD"": null, ""Depth to Top mTVD"": ""2937.9"", ""Depth to Bottom TVD"": null, ""Highest Gas (%)"": ""7.81"", ""Lowest Gas ()"": null, ""C1 (ppm)"": ""47589"", ""C2 (ppm)"": ""3966"", ""C3 (ppm)"": ""1836"", ""IC4 (ppm)"": ""128"", ""IC5 (ppm)"": ""84""}, {""Time"": ""00:00"", ""Class"": ""drilling gas pea k"", ""Depth to Top mMD"": ""3320"", ""Depth to Bottom MD"": null, ""Depth to Top mTVD"": ""2943.1"", ""Depth to Bottom TVD"": null, ""Highest Gas (%)"": ""6.44"", ""Lowest Gas ()"": null, ""C1 (ppm)"": ""40295"", ""C2 (ppm)"": ""4371"", ""C3 (ppm)"": ""1676"", ""IC4 (ppm)"": ""123"", ""IC5 (ppm)"": ""85""}, {""Time"": ""00:00"", ""Class"": ""drilling gas pea k"", ""Depth to Top mMD"": ""3331"", ""Depth to Bottom MD"": null, ""Depth to Top mTVD"": ""2944.7"", ""Depth to Bottom TVD"": null, ""Highest Gas (%)"": ""6.4"", ""Lowest Gas ()"": null, ""C1 (ppm)"": ""40280"", ""C2 (ppm)"": ""3633"", ""C3 (ppm)"": ""1820"", ""IC4 (ppm)"": ""136"", ""IC5 (ppm)"": ""93""}, {""Time"": ""00:00"", ""Class"": ""drilling gas pea k"", ""Depth to Top mMD"": ""3335"", ""Depth to Bottom MD"": null, ""Depth to Top mTVD"": ""2945.3"", ""Depth to Bottom TVD"": null, ""Highest Gas (%)"": ""6.53"", ""Lowest Gas ()"": null, ""C1 (ppm)"": ""39643"", ""C2 (ppm)"": ""3702"", ""C3 (ppm)"": ""1836"", ""IC4 (ppm)"": ""137"", ""IC5 (ppm)"": ""91""}, {""Time"": ""00:00"", ""Class"": ""drilling gas pea k"", ""Depth to Top mMD"": ""3340"", ""Depth to Bottom MD"": null, ""Depth to Top mTVD"": ""2946"", ""Depth to Bottom TVD"": null, ""Highest Gas (%)"": ""8.22"", ""Lowest Gas ()"": null, ""C1 (ppm)"": ""-999.99"", ""C2 (ppm)"": ""-999.99"", ""C3 (ppm)"": ""-999.99"", ""IC4 (ppm)"": ""-999.99"", ""IC5 (ppm)"": ""-999.99""}, {""Time"": ""00:00"", ""Class"": ""drilling gas pea k"", ""Depth to Top mMD"": ""3345"", ""Depth to Bottom MD"": null, ""Depth to Top mTVD"": ""2946"", ""Depth to Bottom TVD"": null, ""Highest Gas (%)"": ""8.22"", ""Lowest Gas ()"": null, ""C1 (ppm)"": ""-999.99"", ""C2 (ppm)"": ""-999.99"", ""C3 (ppm)"": ""-999.99"", ""IC4 (ppm)"": ""-999.99"", ""IC5 (ppm)"": ""-999.99""}, {""Time"": ""00:00"", ""Class"": ""drilling gas pea k"", ""Depth to Top mMD"": ""3350"", ""Depth to Bottom MD"": null, ""Depth to Top mTVD"": ""2953"", ""Depth to Bottom TVD"": null, ""Highest Gas (%)"": ""5.25"", ""Lowest Gas ()"": null, ""C1 (ppm)"": ""33191"", ""C2 (ppm)"": ""2836"", ""C3 (ppm)"": ""1420"", ""IC4 (ppm)"": ""103"", ""IC5 (ppm)"": ""7""}, {""Time"": ""00:00"", ""Class"": ""drilling gas pea k"", ""Depth to Top mMD"": ""3381"", ""Depth to Bottom MD"": null, ""Depth to Top mTVD"": ""2962.6"", ""Depth to Bottom TVD"": null, ""Highest Gas (%)"": ""7.77"", ""Lowest Gas ()"": null, ""C1 (ppm)"": ""46976"", ""C2 (ppm)"": ""4143"", ""C3 (ppm)"": ""2070"", ""IC4 (ppm)"": ""149"", ""IC5 (ppm)"": ""103""}, {""Time"": ""00:00"", ""Class"": ""drilling gas pea k"", ""Depth to Top mMD"": ""3396"", ""Depth to Bottom MD"": null, ""Depth to Top mTVD"": ""2969.1"", ""Depth to Bottom TVD"": null, ""Highest Gas (%)"": ""10.19"", ""Lowest Gas ()"": null, ""C1 (ppm)"": ""66009"", ""C2 (ppm)"": ""4311"", ""C3 (ppm)"": ""2147"", ""IC4 (ppm)"": ""155"", ""IC5 (ppm)"": ""112""}, {""Time"": ""00:00"", ""Class"": ""drilling gas pea k"", ""Depth to Top mMD"": ""3405"", ""Depth to Bottom MD"": null, ""Depth to Top mTVD"": ""2972.7"", ""Depth to Bottom TVD"": null, ""Highest Gas (%)"": ""7.36"", ""Lowest Gas ()"": null, ""C1 (ppm)"": ""44253"", ""C2 (ppm)"": ""3940"", ""C3 (ppm)"": ""1995"", ""IC4 (ppm)"": ""149"", ""IC5 (ppm)"": ""107""}, {""Time"": ""00:00"", ""Class"": ""drilling gas pea k"", ""Depth to Top mMD"": ""3420"", ""Depth to Bottom MD"": null, ""Depth to Top mTVD"": ""2979"", ""Depth to Bottom TVD"": null, ""Highest Gas (%)"": ""5.44"", ""Lowest Gas ()"": null, ""C1 (ppm)"": ""34029"", ""C2 (ppm)"": ""3039"", ""C3 (ppm)"": ""1592"", ""IC4 (ppm)"": ""123"", ""IC5 (ppm)"": ""95""}, {""Time"": ""00:00"", ""Class"": ""drilling gas pea k"", ""Depth to Top mMD"": ""3437"", ""Depth to Bottom MD"": null, ""Depth to Top mTVD"": ""2980.9"", ""Depth to Bottom TVD"": null, ""Highest Gas (%)"": ""6.57"", ""Lowest Gas ()"": null, ""C1 (ppm)"": ""41289"", ""C2 (ppm)"": ""2876"", ""C3 (ppm)"": ""1553"", ""IC4 (ppm)"": ""125"", ""IC5 (ppm)"": ""102""}, {""Time"": ""00:00"", ""Class"": ""drilling gas pea k"", ""Depth to Top mMD"": ""3448"", ""Depth to Bottom MD"": null, ""Depth to Top mTVD"": ""2984.6"", ""Depth to Bottom TVD"": null, ""Highest Gas (%)"": ""7.07"", ""Lowest Gas ()"": null, ""C1 (ppm)"": ""42066"", ""C2 (ppm)"": ""3713"", ""C3 (ppm)"": ""1947"", ""IC4 (ppm)"": ""143"", ""IC5 (ppm)"": ""110""}, {""Time"": ""00:00"", ""Class"": ""drilling gas pea k"", ""Depth to Top mMD"": ""3459"", ""Depth to Bottom MD"": null, ""Depth to Top mTVD"": ""2988.3"", ""Depth to Bottom TVD"": null, ""Highest Gas (%)"": ""5.2"", ""Lowest Gas ()"": null, ""C1 (ppm)"": ""31620"", ""C2 (ppm)"": ""3191"", ""C3 (ppm)"": ""1755"", ""IC4 (ppm)"": ""135"", ""IC5 (ppm)"": ""106""}, {""Time"": ""00:00"", ""Class"": ""drilling gas pea k"", ""Depth to Top mMD"": ""3490"", ""Depth to Bottom MD"": null, ""Depth to Top mTVD"": ""3003.6"", ""Depth to Bottom TVD"": null, ""Highest Gas (%)"": ""6.46"", ""Lowest Gas ()"": null, ""C1 (ppm)"": ""38422"", ""C2 (ppm)"": ""3514"", ""C3 (ppm)"": ""1906"", ""IC4 (ppm)"": ""147"", ""IC5 (ppm)"": ""115""}]}"
846,15/9-F-14,15_9_F_14_2008_06_15.pdf,"{""Pore Pressure"": [{""Time"": ""00:00"", ""Depth mMD"": ""3006"", ""Depth TVD"": null, ""Equ Mud Weight (g/cm3)"": ""1.02"", ""Reading"": ""measured""}], ""Survey Station"": [{""Depth mMD"": ""3596.2"", ""Depth mTVD"": ""3059.5"", ""Inclination (dega)"": ""51.69"", ""Azimuth (dega)"": ""92.76"", ""Comment"": null}, {""Depth mMD"": ""3638.1"", ""Depth mTVD"": ""3086.3"", ""Inclination (dega)"": ""48.65"", ""Azimuth (dega)"": ""94.05"", ""Comment"": null}, {""Depth mMD"": ""3678.4"", ""Depth mTVD"": ""3112.7"", ""Inclination (dega)"": ""49.69"", ""Azimuth (dega)"": ""93.65"", ""Comment"": null}, {""Depth mMD"": ""3718.8"", ""Depth mTVD"": ""3138.7"", ""Inclination (dega)"": ""50.17"", ""Azimuth (dega)"": ""93.8"", ""Comment"": null}, {""Depth mMD"": ""3729.9"", ""Depth mTVD"": ""3145.8"", ""Inclination (dega)"": ""50.26"", ""Azimuth (dega)"": ""93.74"", ""Comment"": null}], ""Lithology Information"": [{""Start Depth mMD"": ""3612"", ""End Depth mMD"": ""3666"", ""Start Depth mTVD"": ""0"", ""End Depth mTVD"": ""0"", ""Shows Description"": ""Pchy (30-70%) mod wh gn dir fluor,v slomod gn/wh strmg cut fluor, no vis cut, pl gn/wh fluor res, no vis res. Show be comes very weak at 3666m and absent below."", ""Lithology Description"": null}, {""Start Depth mMD"": ""3612"", ""End Depth mMD"": ""3680"", ""Start Depth mTVD"": ""3066.4"", ""End Depth mTVD"": ""3113.6"", ""Shows Description"": null, ""Lithology Description"": ""Sandstone with traces of coal""}, {""Start Depth mMD"": ""3666"", ""End Depth mMD"": ""3750"", ""Start Depth mTVD"": ""0"", ""End Depth mTVD"": ""0"", ""Shows Description"": ""No shows"", ""Lithology Description"": null}, {""Start Depth mMD"": ""3680"", ""End Depth mMD"": ""3750"", ""Start Depth mTVD"": ""3113.6"", ""End Depth mTVD"": ""3158.5"", ""Shows Description"": null, ""Lithology Description"": ""Sandstone interbedded with siltstone, clayston e and traces of coal""}], ""Gas Reading Information"": [{""Time"": ""00:00"", ""Class"": ""drilling gas pea k"", ""Depth to Top mMD"": ""3543"", ""Depth to Bottom MD"": null, ""Depth to Top mTVD"": ""3028.5"", ""Depth to Bottom TVD"": null, ""Highest Gas (%)"": ""5.57"", ""Lowest Gas ()"": null, ""C1 (ppm)"": ""35708"", ""C2 (ppm)"": ""3046"", ""C3 (ppm)"": ""1492"", ""IC4 (ppm)"": ""110"", ""IC5 (ppm)"": ""82""}, {""Time"": ""00:00"", ""Class"": ""drilling gas pea k"", ""Depth to Top mMD"": ""3572"", ""Depth to Bottom MD"": null, ""Depth to Top mTVD"": ""3043"", ""Depth to Bottom TVD"": null, ""Highest Gas (%)"": ""4.62"", ""Lowest Gas ()"": null, ""C1 (ppm)"": ""28462"", ""C2 (ppm)"": ""2535"", ""C3 (ppm)"": ""1316"", ""IC4 (ppm)"": ""104"", ""IC5 (ppm)"": ""81""}, {""Time"": ""00:00"", ""Class"": ""drilling gas pea k"", ""Depth to Top mMD"": ""3580"", ""Depth to Bottom MD"": null, ""Depth to Top mTVD"": ""3048.2"", ""Depth to Bottom TVD"": null, ""Highest Gas (%)"": ""6.88"", ""Lowest Gas ()"": null, ""C1 (ppm)"": ""42362"", ""C2 (ppm)"": ""3760"", ""C3 (ppm)"": ""1850"", ""IC4 (ppm)"": ""136"", ""IC5 (ppm)"": ""97""}, {""Time"": ""00:00"", ""Class"": ""drilling gas pea k"", ""Depth to Top mMD"": ""3591"", ""Depth to Bottom MD"": null, ""Depth to Top mTVD"": ""3054.4"", ""Depth to Bottom TVD"": null, ""Highest Gas (%)"": ""4.02"", ""Lowest Gas ()"": null, ""C1 (ppm)"": ""25190"", ""C2 (ppm)"": ""2191"", ""C3 (ppm)"": ""1085"", ""IC4 (ppm)"": ""84"", ""IC5 (ppm)"": ""67""}, {""Time"": ""00:00"", ""Class"": ""drilling gas pea k"", ""Depth to Top mMD"": ""3604"", ""Depth to Bottom MD"": null, ""Depth to Top mTVD"": ""3062"", ""Depth to Bottom TVD"": null, ""Highest Gas (%)"": ""4.16"", ""Lowest Gas ()"": null, ""C1 (ppm)"": ""26138"", ""C2 (ppm)"": ""2253"", ""C3 (ppm)"": ""1108"", ""IC4 (ppm)"": ""86"", ""IC5 (ppm)"": ""68""}, {""Time"": ""00:00"", ""Class"": ""drilling gas pea k"", ""Depth to Top mMD"": ""3618"", ""Depth to Bottom MD"": null, ""Depth to Top mTVD"": ""3070.4"", ""Depth to Bottom TVD"": null, ""Highest Gas (%)"": ""3.51"", ""Lowest Gas ()"": null, ""C1 (ppm)"": ""20864"", ""C2 (ppm)"": ""2032"", ""C3 (ppm)"": ""1081"", ""IC4 (ppm)"": ""176"", ""IC5 (ppm)"": ""229""}, {""Time"": ""00:00"", ""Class"": ""drilling gas pea k"", ""Depth to Top mMD"": ""3637"", ""Depth to Bottom MD"": null, ""Depth to Top mTVD"": ""3085.7"", ""Depth to Bottom TVD"": null, ""Highest Gas (%)"": ""4.86"", ""Lowest Gas ()"": null, ""C1 (ppm)"": ""30790"", ""C2 (ppm)"": ""2214"", ""C3 (ppm)"": ""10"", ""IC4 (ppm)"": ""90"", ""IC5 (ppm)"": ""70""}, {""Time"": ""00:00"", ""Class"": ""drilling gas pea k"", ""Depth to Top mMD"": ""3658"", ""Depth to Bottom MD"": null, ""Depth to Top mTVD"": ""3100.6"", ""Depth to Bottom TVD"": null, ""Highest Gas (%)"": ""7.57"", ""Lowest Gas ()"": null, ""C1 (ppm)"": ""44923"", ""C2 (ppm)"": ""3625"", ""C3 (ppm)"": ""1728"", ""IC4 (ppm)"": ""130"", ""IC5 (ppm)"": ""91""}, {""Time"": ""00:00"", ""Class"": ""drilling gas pea k"", ""Depth to Top mMD"": ""3676"", ""Depth to Bottom MD"": null, ""Depth to Top mTVD"": ""3111.4"", ""Depth to Bottom TVD"": null, ""Highest Gas (%)"": ""3.43"", ""Lowest Gas ()"": null, ""C1 (ppm)"": ""4526"", ""C2 (ppm)"": ""570"", ""C3 (ppm)"": ""364"", ""IC4 (ppm)"": ""39"", ""IC5 (ppm)"": ""41""}, {""Time"": ""00:00"", ""Class"": ""drilling gas pea k"", ""Depth to Top mMD"": ""3695"", ""Depth to Bottom MD"": null, ""Depth to Top mTVD"": ""3124.8"", ""Depth to Bottom TVD"": null, ""Highest Gas (%)"": ""1.58"", ""Lowest Gas ()"": null, ""C1 (ppm)"": ""8850"", ""C2 (ppm)"": ""856"", ""C3 (ppm)"": ""447"", ""IC4 (ppm)"": ""41"", ""IC5 (ppm)"": ""45""}]}"
847,15/9-F-14,15_9_F_14_2008_06_16.pdf,"{""Bit Record"": [{""Run No."": ""18"", ""Bit Size"": ""8.5 in"", ""Bit Type"": ""MDI716"", ""IADC Code"": ""M323"", ""Manufacturer"": ""Smith Internation al"", ""Hrs Drilled"": ""61.3"", ""Start mMD"": ""2788"", ""End mMD"": ""2788"", ""Hole Made (last 24H)"": null, ""Hours Drilled (last 24H)"": null, ""Form ROP"": ""15.7"", ""Total ROP"": ""13.6"", ""Total Hole Made"": ""831"", ""Total Hrs Drilled"": ""61.3""}], ""Pore Pressure"": [{""Time"": ""00:00"", ""Depth mMD"": ""3006"", ""Depth TVD"": null, ""Equ Mud Weight (g/cm3)"": ""1.02"", ""Reading"": ""measured""}]}"
848,15/9-F-14,15_9_F_14_2008_06_17.pdf,"{""Pore Pressure"": [{""Time"": ""00:00"", ""Depth mMD"": ""3006"", ""Depth TVD"": null, ""Equ Mud Weight (g/cm3)"": ""1.02"", ""Reading"": ""measured""}]}"
849,15/9-F-14,15_9_F_14_2008_06_18.pdf,"{""Casing Liner Tubing"": [{""start_time"": null, ""end_time"": null, ""type_of_pipe"": ""Casing"", ""casing_type"": null, ""outside_diameter_in"": ""7"", ""inside_diameter_in"": ""6.184"", ""weight_lbm_ft"": ""29"", ""grade"": ""13 CrS-110"", ""connection"": ""Vam TOP HT"", ""length_m"": ""1079"", ""top_mmd"": ""2616"", ""bottom_mmd"": ""3695"", ""description"": null, ""comment"": null}]}"
850,15/9-F-14,15_9_F_14_2008_06_19.pdf,"{""Pore Pressure"": [{""Time"": ""00:00"", ""Depth mMD"": ""3006"", ""Depth TVD"": null, ""Equ Mud Weight (g/cm3)"": ""1.02"", ""Reading"": ""measured""}]}"
851,15/9-F-14,15_9_F_14_2008_06_20.pdf,{}
852,15/9-F-14,15_9_F_14_2008_06_21.pdf,{}
853,15/9-F-14,15_9_F_14_2008_06_22.pdf,{}
854,15/9-F-14,15_9_F_14_2008_06_23.pdf,{}
855,15/9-F-14,15_9_F_14_2008_06_24.pdf,{}
856,15/9-F-14,15_9_F_14_2008_06_25.pdf,{}
857,15/9-F-14,15_9_F_14_2008_06_26.pdf,{}
858,15/9-F-14,15_9_F_14_2008_06_27.pdf,"{""Casing Liner Tubing"": [{""start_time"": null, ""end_time"": null, ""type_of_pipe"": ""Casing"", ""casing_type"": null, ""outside_diameter_in"": ""7"", ""inside_diameter_in"": ""6.184"", ""weight_lbm_ft"": ""29"", ""grade"": ""13 CrS-110"", ""connection"": ""Vam TOP"", ""length_m"": ""2599.1"", ""top_mmd"": ""20.5"", ""bottom_mmd"": ""2619.6"", ""description"": null, ""comment"": null}]}"
859,15/9-F-14,15_9_F_14_2008_06_28.pdf,{}
860,15/9-F-14,15_9_F_14_2008_06_29.pdf,{}
861,15/9-F-14,15_9_F_14_2008_06_30.pdf,{}
862,15/9-F-14,15_9_F_14_2008_07_01.pdf,{}
863,15/9-F-14,15_9_F_14_2008_07_02.pdf,{}
864,15/9-F-14,15_9_F_14_2008_07_03.pdf,{}
865,15/9-F-14,15_9_F_14_2008_07_04.pdf,"{""Pore Pressure"": [{""Time"": ""00:00"", ""Depth mMD"": ""3006"", ""Depth TVD"": null, ""Equ Mud Weight (g/cm3)"": ""1.02"", ""Reading"": ""measured""}]}"
866,15/9-F-14,15_9_F_14_2008_07_05.pdf,"{""Pore Pressure"": [{""Time"": ""00:00"", ""Depth mMD"": ""3006"", ""Depth TVD"": null, ""Equ Mud Weight (g/cm3)"": ""1.02"", ""Reading"": ""measured""}]}"
867,15/9-F-14,15_9_F_14_2008_07_06.pdf,"{""Pore Pressure"": [{""Time"": ""00:00"", ""Depth mMD"": ""3006"", ""Depth TVD"": null, ""Equ Mud Weight (g/cm3)"": ""1.02"", ""Reading"": ""measured""}], ""Perforation Information"": [{""Time of Opening Well Perf"": ""17:30"", ""Time of Closing Well Perf"": ""18:00"", ""Top of Perf mMD"": ""3345"", ""Bottom of Perf mMD"": ""33542"", ""Top of Perf TVD"": null, ""Bottom of Perf TVD"": null}]}"
868,15/9-F-14,15_9_F_14_2008_07_07.pdf,"{""Pore Pressure"": [{""Time"": ""00:00"", ""Depth mMD"": ""3006"", ""Depth TVD"": null, ""Equ Mud Weight (g/cm3)"": ""1.02"", ""Reading"": ""measured""}], ""Perforation Information"": [{""Time of Opening Well Perf"": ""09:45"", ""Time of Closing Well Perf"": ""09:45"", ""Top of Perf mMD"": ""3312"", ""Bottom of Perf mMD"": ""3321.2"", ""Top of Perf TVD"": null, ""Bottom of Perf TVD"": null}]}"
869,15/9-F-14,15_9_F_14_2008_07_08.pdf,"{""Pore Pressure"": [{""Time"": ""00:00"", ""Depth mMD"": ""3006"", ""Depth TVD"": null, ""Equ Mud Weight (g/cm3)"": ""1.02"", ""Reading"": ""measured""}], ""Perforation Information"": [{""Time of Opening Well Perf"": ""20:30"", ""Time of Closing Well Perf"": ""20:30"", ""Top of Perf mMD"": ""3287"", ""Bottom of Perf mMD"": ""3296.2"", ""Top of Perf TVD"": null, ""Bottom of Perf TVD"": null}]}"
870,15/9-F-14,15_9_F_14_2008_07_09.pdf,"{""Pore Pressure"": [{""Time"": ""00:00"", ""Depth mMD"": ""3006"", ""Depth TVD"": null, ""Equ Mud Weight (g/cm3)"": ""1.02"", ""Reading"": ""measured""}], ""Perforation Information"": [{""Time of Opening Well Perf"": ""20:00"", ""Time of Closing Well Perf"": ""20:00"", ""Top of Perf mMD"": ""3044"", ""Bottom of Perf mMD"": ""3059.2"", ""Top of Perf TVD"": null, ""Bottom of Perf TVD"": null}, {""Time of Opening Well Perf"": ""11:30"", ""Time of Closing Well Perf"": ""11:30"", ""Top of Perf mMD"": ""3021"", ""Bottom of Perf mMD"": ""3036.2"", ""Top of Perf TVD"": null, ""Bottom of Perf TVD"": null}]}"
871,15/9-F-14,15_9_F_14_2008_07_10.pdf,"{""Pore Pressure"": [{""Time"": ""00:00"", ""Depth mMD"": ""3006"", ""Depth TVD"": null, ""Equ Mud Weight (g/cm3)"": ""1.02"", ""Reading"": ""measured""}], ""Perforation Information"": [{""Time of Opening Well Perf"": ""05:15"", ""Time of Closing Well Perf"": ""05:15"", ""Top of Perf mMD"": ""3005"", ""Bottom of Perf mMD"": ""3020.2"", ""Top of Perf TVD"": null, ""Bottom of Perf TVD"": null}]}"
872,15/9-F-14,15_9_F_14_2008_07_11.pdf,"{""Pore Pressure"": [{""Time"": ""00:00"", ""Depth mMD"": ""3006"", ""Depth TVD"": null, ""Equ Mud Weight (g/cm3)"": ""1.02"", ""Reading"": ""measured""}]}"
873,15/9-F-14,15_9_F_14_2009_03_07.pdf,{}
874,15/9-F-14,15_9_F_14_2009_03_08.pdf,{}
875,15/9-F-14,15_9_F_14_2009_03_09.pdf,{}
876,15/9-F-14,15_9_F_14_2009_03_10.pdf,{}
877,15/9-F-14,15_9_F_14_2009_03_11.pdf,{}
878,15/9-F-14,15_9_F_14_2009_03_12.pdf,{}
879,15/9-F-14,15_9_F_14_2009_03_13.pdf,{}
880,15/9-F-14,15_9_F_14_2009_03_14.pdf,{}
881,15/9-F-14,15_9_F_14_2010_09_11.pdf,{}
882,15/9-F-14,15_9_F_14_2010_09_12.pdf,{}
883,15/9-F-14,15_9_F_14_2010_09_13.pdf,{}
884,15/9-F-14,15_9_F_14_2010_09_14.pdf,{}
885,15/9-F-14,15_9_F_14_2010_09_15.pdf,{}
886,15/9-F-14,15_9_F_14_2010_09_16.pdf,{}
887,15/9-F-14,15_9_F_14_2010_09_17.pdf,{}
888,15/9-F-14,15_9_F_14_2010_09_18.pdf,{}
889,15/9-F-14,15_9_F_14_2010_09_19.pdf,{}
890,15/9-F-14,15_9_F_14_2010_09_20.pdf,{}
891,15/9-F-14,15_9_F_14_2010_09_21.pdf,{}
892,15/9-F-14,15_9_F_14_2012_01_28.pdf,{}
893,15/9-F-14,15_9_F_14_2012_01_29.pdf,{}
894,15/9-F-14,15_9_F_14_2012_01_30.pdf,{}
895,15/9-F-14,15_9_F_14_2012_01_31.pdf,{}
896,15/9-F-14,15_9_F_14_2012_02_01.pdf,{}
897,15/9-F-14,15_9_F_14_2016_07_31.pdf,{}
898,15/9-F-14,15_9_F_14_2016_08_01.pdf,{}
899,15/9-F-14,15_9_F_14_2016_08_02.pdf,{}
900,15/9-F-14,15_9_F_14_2016_08_03.pdf,{}
901,15/9-F-14,15_9_F_14_2016_08_04.pdf,{}
902,15/9-F-14,15_9_F_14_2016_08_05.pdf,{}
903,15/9-F-14,15_9_F_14_2016_08_06.pdf,{}
904,15/9-F-14,15_9_F_14_2016_08_07.pdf,{}
905,15/9-F-14,15_9_F_14_2016_08_08.pdf,{}
906,15/9-F-14,15_9_F_14_2016_08_09.pdf,{}
907,15/9-F-14,15_9_F_14_2016_08_10.pdf,{}
908,15/9-F-14,15_9_F_14_2016_08_11.pdf,{}
909,15/9-F-14,15_9_F_14_2016_08_12.pdf,{}
910,15/9-F-14,15_9_F_14_2016_08_13.pdf,{}
911,15/9-F-14,15_9_F_14_2016_08_14.pdf,{}
912,15/9-F-14,15_9_F_14_2016_08_15.pdf,{}
913,15/9-F-14,15_9_F_14_2016_09_12.pdf,{}
914,15/9-F-14,15_9_F_14_2016_09_13.pdf,{}
915,15/9-F-14,15_9_F_14_2016_09_14.pdf,{}
916,15/9-F-14,15_9_F_14_2016_09_15.pdf,{}
917,15/9-F-14,15_9_F_14_2016_09_16.pdf,{}
918,15/9-F-14,15_9_F_14_2016_10_19.pdf,{}
919,15/9-F-14,15_9_F_14_2016_10_20.pdf,{}
920,15/9-F-15,15_9_F_15_2007_11_19.pdf,"{""Pore Pressure"": [{""Time"": ""00:00"", ""Depth mMD"": ""147"", ""Depth TVD"": null, ""Equ Mud Weight (g/cm3)"": ""1.03"", ""Reading"": ""estimated""}]}"
921,15/9-F-15,15_9_F_15_2007_11_20.pdf,"{""Pore Pressure"": [{""Time"": ""00:00"", ""Depth mMD"": ""226"", ""Depth TVD"": null, ""Equ Mud Weight (g/cm3)"": ""1.03"", ""Reading"": ""estimated""}], ""Casing Liner Tubing"": [{""start_time"": null, ""end_time"": null, ""type_of_pipe"": ""Casing"", ""casing_type"": null, ""outside_diameter_in"": ""30"", ""inside_diameter_in"": ""28"", ""weight_lbm_ft"": ""309.7"", ""grade"": ""X-65"", ""connection"": ""ABB RL-4"", ""length_m"": ""80.9"", ""top_mmd"": ""139.7"", ""bottom_mmd"": ""220.6"", ""description"": null, ""comment"": null}]}"
922,15/9-F-15,15_9_F_15_2007_11_21.pdf,"{""Pore Pressure"": [{""Time"": ""00:00"", ""Depth mMD"": ""226"", ""Depth TVD"": null, ""Equ Mud Weight (g/cm3)"": ""1.03"", ""Reading"": ""estimated""}]}"
923,15/9-F-15,15_9_F_15_2007_11_22.pdf,"{""Pore Pressure"": [{""Time"": ""00:00"", ""Depth mMD"": ""220"", ""Depth TVD"": null, ""Equ Mud Weight (g/cm3)"": ""1.03"", ""Reading"": ""estimated""}]}"
924,15/9-F-15,15_9_F_15_2007_12_23.pdf,{}
925,15/9-F-15,15_9_F_15_2007_12_24.pdf,"{""Pore Pressure"": [{""Time"": ""00:00"", ""Depth mMD"": ""226"", ""Depth TVD"": null, ""Equ Mud Weight (g/cm3)"": ""1.03"", ""Reading"": ""estimated""}], ""Survey Station"": [{""Depth mMD"": ""220.6"", ""Depth mTVD"": ""220.6"", ""Inclination (dega)"": "".18"", ""Azimuth (dega)"": ""207.84"", ""Comment"": null}, {""Depth mMD"": ""301"", ""Depth mTVD"": ""301"", ""Inclination (dega)"": "".88"", ""Azimuth (dega)"": ""136.04"", ""Comment"": null}, {""Depth mMD"": ""382"", ""Depth mTVD"": ""381.8"", ""Inclination (dega)"": ""5.81"", ""Azimuth (dega)"": ""121.71"", ""Comment"": null}, {""Depth mMD"": ""422.4"", ""Depth mTVD"": ""422"", ""Inclination (dega)"": ""5.81"", ""Azimuth (dega)"": ""136.13"", ""Comment"": null}, {""Depth mMD"": ""462.8"", ""Depth mTVD"": ""462.2"", ""Inclination (dega)"": ""5.63"", ""Azimuth (dega)"": ""145.18"", ""Comment"": null}, {""Depth mMD"": ""502.9"", ""Depth mTVD"": ""502.1"", ""Inclination (dega)"": ""6.51"", ""Azimuth (dega)"": ""160.74"", ""Comment"": null}]}"
926,15/9-F-15,15_9_F_15_2007_12_25.pdf,"{""Pore Pressure"": [{""Time"": ""00:00"", ""Depth mMD"": ""226"", ""Depth TVD"": null, ""Equ Mud Weight (g/cm3)"": ""1.03"", ""Reading"": ""estimated""}], ""Survey Station"": [{""Depth mMD"": ""1026.5"", ""Depth mTVD"": ""1014.4"", ""Inclination (dega)"": ""16.54"", ""Azimuth (dega)"": ""200.2"", ""Comment"": null}, {""Depth mMD"": ""1067.3"", ""Depth mTVD"": ""1053.5"", ""Inclination (dega)"": ""16.36"", ""Azimuth (dega)"": ""202.22"", ""Comment"": null}, {""Depth mMD"": ""543"", ""Depth mTVD"": ""541.9"", ""Inclination (dega)"": ""6.95"", ""Azimuth (dega)"": ""173.57"", ""Comment"": null}, {""Depth mMD"": ""583.1"", ""Depth mTVD"": ""581.7"", ""Inclination (dega)"": ""7.92"", ""Azimuth (dega)"": ""174.71"", ""Comment"": null}, {""Depth mMD"": ""623.2"", ""Depth mTVD"": ""621.4"", ""Inclination (dega)"": ""8.27"", ""Azimuth (dega)"": ""173.66"", ""Comment"": null}, {""Depth mMD"": ""663.5"", ""Depth mTVD"": ""661.2"", ""Inclination (dega)"": ""8.97"", ""Azimuth (dega)"": ""177.61"", ""Comment"": null}, {""Depth mMD"": ""704"", ""Depth mTVD"": ""701.2"", ""Inclination (dega)"": ""9.15"", ""Azimuth (dega)"": ""174.89"", ""Comment"": null}, {""Depth mMD"": ""730.6"", ""Depth mTVD"": ""727.5"", ""Inclination (dega)"": ""9.92"", ""Azimuth (dega)"": ""181.3"", ""Comment"": null}, {""Depth mMD"": ""784.5"", ""Depth mTVD"": ""780.4"", ""Inclination (dega)"": ""11.7"", ""Azimuth (dega)"": ""190.53"", ""Comment"": null}, {""Depth mMD"": ""824.8"", ""Depth mTVD"": ""819.8"", ""Inclination (dega)"": ""13.11"", ""Azimuth (dega)"": ""199.41"", ""Comment"": null}, {""Depth mMD"": ""865.3"", ""Depth mTVD"": ""859"", ""Inclination (dega)"": ""15.84"", ""Azimuth (dega)"": ""202.04"", ""Comment"": null}, {""Depth mMD"": ""905.7"", ""Depth mTVD"": ""898"", ""Inclination (dega)"": ""14.6"", ""Azimuth (dega)"": ""202.13"", ""Comment"": null}, {""Depth mMD"": ""945.7"", ""Depth mTVD"": ""936.7"", ""Inclination (dega)"": ""13.9"", ""Azimuth (dega)"": ""205.38"", ""Comment"": null}, {""Depth mMD"": ""986.4"", ""Depth mTVD"": ""976"", ""Inclination (dega)"": ""16.72"", ""Azimuth (dega)"": ""200.64"", ""Comment"": null}]}"
927,15/9-F-15,15_9_F_15_2007_12_26.pdf,"{""Pore Pressure"": [{""Time"": ""00:00"", ""Depth mMD"": ""1378"", ""Depth TVD"": null, ""Equ Mud Weight (g/cm3)"": ""1.03"", ""Reading"": ""estimated""}], ""Survey Station"": [{""Depth mMD"": ""1107.4"", ""Depth mTVD"": ""1091.9"", ""Inclination (dega)"": ""17.51"", ""Azimuth (dega)"": ""212.94"", ""Comment"": null}, {""Depth mMD"": ""1147.6"", ""Depth mTVD"": ""1130.1"", ""Inclination (dega)"": ""18.56"", ""Azimuth (dega)"": ""220.94"", ""Comment"": null}, {""Depth mMD"": ""1187.8"", ""Depth mTVD"": ""1168.4"", ""Inclination (dega)"": ""17.07"", ""Azimuth (dega)"": ""231.49"", ""Comment"": null}, {""Depth mMD"": ""1228.1"", ""Depth mTVD"": ""1207.1"", ""Inclination (dega)"": ""15.48"", ""Azimuth (dega)"": ""233.42"", ""Comment"": null}, {""Depth mMD"": ""1268.3"", ""Depth mTVD"": ""1245.6"", ""Inclination (dega)"": ""18.02"", ""Azimuth (dega)"": ""235.35"", ""Comment"": null}, {""Depth mMD"": ""1308.7"", ""Depth mTVD"": ""1283.7"", ""Inclination (dega)"": ""20.94"", ""Azimuth (dega)"": ""240.98"", ""Comment"": null}, {""Depth mMD"": ""1361.7"", ""Depth mTVD"": ""1332.2"", ""Inclination (dega)"": ""26.39"", ""Azimuth (dega)"": ""242.91"", ""Comment"": null}]}"
928,15/9-F-15,15_9_F_15_2007_12_27.pdf,"{""Pore Pressure"": [{""Time"": ""00:00"", ""Depth mMD"": ""1378"", ""Depth TVD"": null, ""Equ Mud Weight (g/cm3)"": ""1.03"", ""Reading"": ""estimated""}]}"
929,15/9-F-15,15_9_F_15_2007_12_28.pdf,"{""Bit Record"": [{""Run No."": ""1"", ""Bit Size"": ""26 in"", ""Bit Type"": ""N.A."", ""IADC Code"": null, ""Manufacturer"": ""Unknown"", ""Hrs Drilled"": null, ""Start mMD"": null, ""End mMD"": null, ""Hole Made (last 24H)"": null, ""Hours Drilled (last 24H)"": null, ""Form ROP"": null, ""Total ROP"": null, ""Total Hole Made"": null, ""Total Hrs Drilled"": null}], ""Pore Pressure"": [{""Time"": ""00:00"", ""Depth mMD"": ""1378"", ""Depth TVD"": null, ""Equ Mud Weight (g/cm3)"": ""1.03"", ""Reading"": ""estimated""}]}"
930,15/9-F-15,15_9_F_15_2007_12_29.pdf,"{""Pore Pressure"": [{""Time"": ""00:00"", ""Depth mMD"": ""1378"", ""Depth TVD"": null, ""Equ Mud Weight (g/cm3)"": ""1.03"", ""Reading"": ""estimated""}]}"
931,15/9-F-15,15_9_F_15_2007_12_30.pdf,"{""Pore Pressure"": [{""Time"": ""00:00"", ""Depth mMD"": ""1378"", ""Depth TVD"": null, ""Equ Mud Weight (g/cm3)"": ""1.03"", ""Reading"": ""estimated""}], ""Casing Liner Tubing"": [{""start_time"": null, ""end_time"": null, ""type_of_pipe"": ""Casing"", ""casing_type"": null, ""outside_diameter_in"": ""20"", ""inside_diameter_in"": ""18.73"", ""weight_lbm_ft"": ""133"", ""grade"": ""N-80"", ""connection"": ""TenarisER"", ""length_m"": ""1228.7"", ""top_mmd"": ""139.7"", ""bottom_mmd"": ""1368.4"", ""description"": null, ""comment"": null}]}"
932,15/9-F-15,15_9_F_15_2007_12_31.pdf,{}
933,15/9-F-15,15_9_F_15_2008_09_07.pdf,"{""Pore Pressure"": [{""Time"": ""00:00"", ""Depth mMD"": ""1378"", ""Depth TVD"": null, ""Equ Mud Weight (g/cm3)"": ""1.03"", ""Reading"": ""estimated""}]}"
934,15/9-F-15,15_9_F_15_2008_09_08.pdf,"{""Pore Pressure"": [{""Time"": ""00:00"", ""Depth mMD"": ""1378"", ""Depth TVD"": null, ""Equ Mud Weight (g/cm3)"": ""1.03"", ""Reading"": ""estimated""}]}"
935,15/9-F-15,15_9_F_15_2008_09_09.pdf,{}
936,15/9-F-15,15_9_F_15_2008_09_10.pdf,{}
937,15/9-F-15,15_9_F_15_2008_09_11.pdf,{}
938,15/9-F-15,15_9_F_15_2008_09_19.pdf,{}
939,15/9-F-15,15_9_F_15_2008_09_20.pdf,"{""Pore Pressure"": [{""Time"": ""00:00"", ""Depth mMD"": ""1381"", ""Depth TVD"": null, ""Equ Mud Weight (g/cm3)"": "".99"", ""Reading"": ""estimated""}]}"
940,15/9-F-15,15_9_F_15_2008_09_21.pdf,"{""Pore Pressure"": [{""Time"": ""00:00"", ""Depth mMD"": ""1381"", ""Depth TVD"": null, ""Equ Mud Weight (g/cm3)"": "".99"", ""Reading"": ""estimated""}], ""Stratigraphic Information"": [{""Depth to Top of Formation mMD"": ""1088.8"", ""Depth to Top of Formation mTVD"": ""1074.6"", ""Description"": ""Hordaland Gp""}, {""Depth to Top of Formation mMD"": ""1198.7"", ""Depth to Top of Formation mTVD"": ""1179.4"", ""Description"": ""Skade Fm""}, {""Depth to Top of Formation mMD"": ""848.2"", ""Depth to Top of Formation mTVD"": ""842.4"", ""Description"": ""Utsira Fm""}]}"
941,15/9-F-15,15_9_F_15_2008_09_22.pdf,{}
942,15/9-F-15,15_9_F_15_2008_09_23.pdf,"{""Bit Record"": [{""Run No."": ""3"", ""Bit Size"": ""17.5 in"", ""Bit Type"": ""NA"", ""IADC Code"": null, ""Manufacturer"": ""Hycalog"", ""Hrs Drilled"": "".3"", ""Start mMD"": ""1378"", ""End mMD"": ""1378"", ""Hole Made (last 24H)"": null, ""Hours Drilled (last 24H)"": null, ""Form ROP"": ""10"", ""Total ROP"": ""10"", ""Total Hole Made"": ""3"", ""Total Hrs Drilled"": "".3""}]}"
943,15/9-F-15,15_9_F_15_2008_09_24.pdf,"{""Bit Record"": [{""Run No."": ""4"", ""Bit Size"": ""12.25 in"", ""Bit Type"": ""RS616M-A1 2"", ""IADC Code"": ""M332"", ""Manufacturer"": ""Reed-Hycalog"", ""Hrs Drilled"": ""0"", ""Start mMD"": ""1381"", ""End mMD"": ""1381"", ""Hole Made (last 24H)"": null, ""Hours Drilled (last 24H)"": null, ""Form ROP"": null, ""Total ROP"": null, ""Total Hole Made"": ""0"", ""Total Hrs Drilled"": ""0""}]}"
944,15/9-F-15,15_9_F_15_2008_09_25.pdf,{}
945,15/9-F-15,15_9_F_15_2008_09_26.pdf,{}
946,15/9-F-15,15_9_F_15_2008_09_27.pdf,{}
947,15/9-F-15,15_9_F_15_2008_09_28.pdf,{}
948,15/9-F-15,15_9_F_15_2008_09_29.pdf,"{""Pore Pressure"": [{""Time"": ""00:00"", ""Depth mMD"": ""2536"", ""Depth TVD"": null, ""Equ Mud Weight (g/cm3)"": ""1.2"", ""Reading"": ""estimated""}]}"
949,15/9-F-15,15_9_F_15_2008_09_30.pdf,"{""Bit Record"": [{""Run No."": ""5"", ""Bit Size"": ""12.25 in"", ""Bit Type"": ""RS616M-A1 2"", ""IADC Code"": ""M332"", ""Manufacturer"": ""Reed-Hycalog"", ""Hrs Drilled"": ""5"", ""Start mMD"": ""1381"", ""End mMD"": ""1381"", ""Hole Made (last 24H)"": null, ""Hours Drilled (last 24H)"": null, ""Form ROP"": ""21"", ""Total ROP"": ""21"", ""Total Hole Made"": ""15"", ""Total Hrs Drilled"": ""5""}]}"
950,15/9-F-15,15_9_F_15_2008_10_01.pdf,"{""Pore Pressure"": [{""Time"": ""00:00"", ""Depth mMD"": ""2536"", ""Depth TVD"": null, ""Equ Mud Weight (g/cm3)"": ""1.2"", ""Reading"": ""estimated""}]}"
951,15/9-F-15,15_9_F_15_2008_10_02.pdf,"{""Casing Liner Tubing"": [{""start_time"": null, ""end_time"": null, ""type_of_pipe"": ""Casing"", ""casing_type"": null, ""outside_diameter_in"": ""13.375"", ""inside_diameter_in"": ""12.347"", ""weight_lbm_ft"": ""72"", ""grade"": ""P-110"", ""connection"": ""Vam TOP"", ""length_m"": ""2421.4"", ""top_mmd"": ""140.4"", ""bottom_mmd"": ""2561.8"", ""description"": null, ""comment"": null}]}"
952,15/9-F-15,15_9_F_15_2008_10_03.pdf,{}
953,15/9-F-15,15_9_F_15_2008_10_04.pdf,{}
954,15/9-F-15,15_9_F_15_2008_10_05.pdf,{}
955,15/9-F-15,15_9_F_15_2008_10_06.pdf,"{""Casing Liner Tubing"": [{""start_time"": null, ""end_time"": null, ""type_of_pipe"": ""Casing"", ""casing_type"": null, ""outside_diameter_in"": ""9.625"", ""inside_diameter_in"": ""8.535"", ""weight_lbm_ft"": ""53.5"", ""grade"": ""C-95"", ""connection"": ""Vam TOP"", ""length_m"": ""2393.6"", ""top_mmd"": ""140.4"", ""bottom_mmd"": ""2534""}]}"
956,15/9-F-15,15_9_F_15_2008_11_11.pdf,"{""Pore Pressure"": [{""Time"": ""00:00"", ""Depth mMD"": ""2536"", ""Depth TVD"": null, ""Equ Mud Weight (g/cm3)"": ""1"", ""Reading"": ""estimated""}]}"
957,15/9-F-15,15_9_F_15_2008_11_12.pdf,"{""Pore Pressure"": [{""Time"": ""00:00"", ""Depth mMD"": ""2536"", ""Depth TVD"": null, ""Equ Mud Weight (g/cm3)"": ""1"", ""Reading"": ""estimated""}]}"
958,15/9-F-15,15_9_F_15_2008_11_13.pdf,{}
959,15/9-F-15,15_9_F_15_2008_11_14.pdf,{}
960,15/9-F-15,15_9_F_15_2008_11_15.pdf,{}
961,15/9-F-15,15_9_F_15_2008_11_16.pdf,"{""Pore Pressure"": [{""Time"": ""00:00"", ""Depth mMD"": ""2882"", ""Depth TVD"": null, ""Equ Mud Weight (g/cm3)"": ""1"", ""Reading"": ""estimated""}]}"
962,15/9-F-15,15_9_F_15_2008_11_17.pdf,{}
963,15/9-F-15,15_9_F_15_2008_11_18.pdf,{}
964,15/9-F-15,15_9_F_15_2008_11_19.pdf,"{""Gas Reading Information"": [{""Time"": ""00:00"", ""Class"": ""connection ga s"", ""Depth to Top mMD"": ""3084"", ""Depth to Bottom MD"": null, ""Depth to Top mTVD"": ""2659.9"", ""Depth to Bottom TVD"": null, ""Highest Gas (%)"": "".35"", ""Lowest Gas ()"": null, ""C1 (ppm)"": ""3129"", ""C2 (ppm)"": ""110"", ""C3 (ppm)"": ""19"", ""IC4 (ppm)"": ""2"", ""IC5 (ppm)"": ""3""}, {""Time"": ""00:00"", ""Class"": ""connection ga s"", ""Depth to Top mMD"": ""3124"", ""Depth to Bottom MD"": null, ""Depth to Top mTVD"": ""2673.8"", ""Depth to Bottom TVD"": null, ""Highest Gas (%)"": "".19"", ""Lowest Gas ()"": null, ""C1 (ppm)"": ""1640"", ""C2 (ppm)"": ""65"", ""C3 (ppm)"": ""13"", ""IC4 (ppm)"": ""2"", ""IC5 (ppm)"": ""2""}, {""Time"": ""00:00"", ""Class"": ""connection ga s"", ""Depth to Top mMD"": ""3165"", ""Depth to Bottom MD"": null, ""Depth to Top mTVD"": ""2687.5"", ""Depth to Bottom TVD"": null, ""Highest Gas (%)"": "".18"", ""Lowest Gas ()"": null, ""C1 (ppm)"": ""1640"", ""C2 (ppm)"": ""61"", ""C3 (ppm)"": ""13"", ""IC4 (ppm)"": ""2"", ""IC5 (ppm)"": ""2""}, {""Time"": ""00:00"", ""Class"": ""connection ga s"", ""Depth to Top mMD"": ""3205"", ""Depth to Bottom MD"": null, ""Depth to Top mTVD"": ""2700.3"", ""Depth to Bottom TVD"": null, ""Highest Gas (%)"": "".12"", ""Lowest Gas ()"": null, ""C1 (ppm)"": ""1088"", ""C2 (ppm)"": ""41"", ""C3 (ppm)"": ""1"", ""IC4 (ppm)"": ""2"", ""IC5 (ppm)"": ""2""}]}"
965,15/9-F-15,15_9_F_15_2008_11_20.pdf,{}
966,15/9-F-15,15_9_F_15_2008_11_21.pdf,"{""Pore Pressure"": [{""Time"": ""00:00"", ""Depth mMD"": ""3670"", ""Depth TVD"": null, ""Equ Mud Weight (g/cm3)"": ""1.15"", ""Reading"": ""estimated""}]}"
967,15/9-F-15,15_9_F_15_2008_11_22.pdf,"{""Bit Record"": [{""Run No."": ""6"", ""Bit Size"": ""8.5 in"", ""Bit Type"": ""MDI716"", ""IADC Code"": ""M323"", ""Manufacturer"": ""Smith Internation al"", ""Hrs Drilled"": ""81.2"", ""Start mMD"": ""2536"", ""End mMD"": ""2536"", ""Hole Made (last 24H)"": null, ""Hours Drilled (last 24H)"": null, ""Form ROP"": ""14"", ""Total ROP"": ""69.1"", ""Total Hole Made"": ""1134"", ""Total Hrs Drilled"": ""16.4""}]}"
968,15/9-F-15,15_9_F_15_2008_11_23.pdf,{}
969,15/9-F-15,15_9_F_15_2008_11_24.pdf,"{""Pore Pressure"": [{""Time"": ""00:00"", ""Depth mMD"": ""3670"", ""Depth TVD"": null, ""Equ Mud Weight (g/cm3)"": ""1.15"", ""Reading"": ""estimated""}]}"
970,15/9-F-15,15_9_F_15_2008_11_25.pdf,"{""Pore Pressure"": [{""Time"": ""00:00"", ""Depth mMD"": ""3670"", ""Depth TVD"": null, ""Equ Mud Weight (g/cm3)"": ""1.15"", ""Reading"": ""estimated""}]}"
971,15/9-F-15,15_9_F_15_2008_11_26.pdf,{}
972,15/9-F-15,15_9_F_15_2008_11_27.pdf,{}
973,15/9-F-15,15_9_F_15_2008_11_28.pdf,"{""Pore Pressure"": [{""Time"": ""00:00"", ""Depth mMD"": ""4090"", ""Depth TVD"": null, ""Equ Mud Weight (g/cm3)"": ""1.14"", ""Reading"": ""estimated""}]}"
974,15/9-F-15,15_9_F_15_2008_11_29.pdf,"{""Pore Pressure"": [{""Time"": ""00:00"", ""Depth mMD"": ""4090"", ""Depth TVD"": null, ""Equ Mud Weight (g/cm3)"": ""1.14"", ""Reading"": ""estimated""}]}"
975,15/9-F-15,15_9_F_15_2008_11_30.pdf,"{""Bit Record"": [{""Run No."": ""7"", ""Bit Size"": ""8.5 in"", ""Bit Type"": ""MDI616LGBP X"", ""IADC Code"": null, ""Manufacturer"": ""Smith Internation al"", ""Hrs Drilled"": ""43.8"", ""Start mMD"": ""3670"", ""End mMD"": ""3670"", ""Hole Made (last 24H)"": null, ""Hours Drilled (last 24H)"": null, ""Form ROP"": ""9.6"", ""Total ROP"": ""9.6"", ""Total Hole Made"": ""420"", ""Total Hrs Drilled"": ""43.8""}]}"
976,15/9-F-15,15_9_F_15_2008_12_01.pdf,{}
977,15/9-F-15,15_9_F_15_2008_12_02.pdf,{}
978,15/9-F-15,15_9_F_15_2008_12_03.pdf,{}
979,15/9-F-15,15_9_F_15_2008_12_04.pdf,"{""Bit Record"": [{""Run No."": ""9"", ""Bit Size"": ""8.25 in"", ""Bit Type"": ""N.A."", ""IADC Code"": null, ""Manufacturer"": ""Unknown"", ""Hrs Drilled"": null, ""Start mMD"": null, ""End mMD"": null, ""Hole Made (last 24H)"": null, ""Hours Drilled (last 24H)"": null, ""Form ROP"": null, ""Total ROP"": null, ""Total Hole Made"": null, ""Total Hrs Drilled"": null}]}"
980,15/9-F-15,15_9_F_15_2008_12_05.pdf,{}
981,15/9-F-15,15_9_F_15_2008_12_06.pdf,{}
982,15/9-F-15,15_9_F_15_2008_12_07.pdf,{}
983,15/9-F-15,15_9_F_15_2008_12_08.pdf,{}
984,15/9-F-15,15_9_F_15_2008_12_09.pdf,{}
985,15/9-F-15,15_9_F_15_2008_12_10.pdf,"{""Bit Record"": [{""Run No."": ""15"", ""Bit Size"": ""17.5 in"", ""Bit Type"": ""RSR616 M"", ""IADC Code"": ""M322"", ""Manufacturer"": ""Reed-Hycalog"", ""Hrs Drilled"": null, ""Start mMD"": null, ""End mMD"": null, ""Hole Made (last 24H)"": null, ""Hours Drilled (last 24H)"": null, ""Form ROP"": null, ""Total ROP"": null, ""Total Hole Made"": null, ""Total Hrs Drilled"": null}]}"
986,15/9-F-15,15_9_F_15_2008_12_11.pdf,{}
987,15/9-F-15,15_9_F_15_2008_12_12.pdf,{}
988,15/9-F-15,15_9_F_15_2018_01_25.pdf,{}
989,15/9-F-15 A,15_9_F_15_A_2008_12_12.pdf,"{""Survey Station"": [{""Depth mMD"": ""1383.5"", ""Depth mTVD"": ""1353.9"", ""Inclination (dega)"": ""26.5"", ""Azimuth (dega)"": ""241.47"", ""Comment"": null}, {""Depth mMD"": ""1463.9"", ""Depth mTVD"": ""1427.1"", ""Inclination (dega)"": ""23.01"", ""Azimuth (dega)"": ""217.47"", ""Comment"": null}, {""Depth mMD"": ""1502.7"", ""Depth mTVD"": ""1463.1"", ""Inclination (dega)"": ""20.7"", ""Azimuth (dega)"": ""206.11"", ""Comment"": null}]}"
990,15/9-F-15 A,15_9_F_15_A_2008_12_13.pdf,"{""Pore Pressure"": [{""Time"": ""00:00"", ""Depth mMD"": ""1830"", ""Depth TVD"": null, ""Equ Mud Weight (g/cm3)"": ""1"", ""Reading"": ""estimated""}], ""Survey Station"": [{""Depth mMD"": ""1544.7"", ""Depth mTVD"": ""1502.5"", ""Inclination (dega)"": ""20.59"", ""Azimuth (dega)"": ""191.38"", ""Comment"": null}, {""Depth mMD"": ""1585.1"", ""Depth mTVD"": ""1540.3"", ""Inclination (dega)"": ""20.99"", ""Azimuth (dega)"": ""178.97"", ""Comment"": null}, {""Depth mMD"": ""1625.7"", ""Depth mTVD"": ""1578.1"", ""Inclination (dega)"": ""21.09"", ""Azimuth (dega)"": ""170.74"", ""Comment"": null}, {""Depth mMD"": ""1665.8"", ""Depth mTVD"": ""1615.7"", ""Inclination (dega)"": ""20.92"", ""Azimuth (dega)"": ""158.84"", ""Comment"": null}, {""Depth mMD"": ""1705.9"", ""Depth mTVD"": ""1652.9"", ""Inclination (dega)"": ""22.42"", ""Azimuth (dega)"": ""151.37"", ""Comment"": null}, {""Depth mMD"": ""1746.3"", ""Depth mTVD"": ""1689.9"", ""Inclination (dega)"": ""24.93"", ""Azimuth (dega)"": ""148.42"", ""Comment"": null}, {""Depth mMD"": ""1786.8"", ""Depth mTVD"": ""1726.2"", ""Inclination (dega)"": ""27.61"", ""Azimuth (dega)"": ""144.53"", ""Comment"": null}], ""Lithology Information"": [{""Start Depth mMD"": ""1735"", ""End Depth mMD"": ""1801"", ""Start Depth mTVD"": ""1676.6"", ""End Depth mTVD"": ""1738.7"", ""Shows Description"": null, ""Lithology Description"": ""Claystone with Dolomite stringers""}], ""Gas Reading Information"": [{""Time"": ""00:00"", ""Class"": ""drilling gas pea k"", ""Depth to Top mMD"": ""1718"", ""Depth to Bottom MD"": null, ""Depth to Top mTVD"": ""1664"", ""Depth to Bottom TVD"": null, ""Highest Gas (%)"": "".44"", ""Lowest Gas ()"": null, ""C1 (ppm)"": ""4069"", ""C2 (ppm)"": ""1"", ""C3 (ppm)"": ""2"", ""IC4 (ppm)"": ""2"", ""IC5 (ppm)"": ""10""}]}"
991,15/9-F-15 A,15_9_F_15_A_2008_12_14.pdf,"{""Pore Pressure"": [{""Time"": ""00:00"", ""Depth mMD"": ""2135"", ""Depth TVD"": null, ""Equ Mud Weight (g/cm3)"": ""1"", ""Reading"": ""estimated""}], ""Survey Station"": [{""Depth mMD"": ""1826.8"", ""Depth mTVD"": ""1761.6"", ""Inclination (dega)"": ""39.95"", ""Azimuth (dega)"": ""144.09"", ""Comment"": null}, {""Depth mMD"": ""1868"", ""Depth mTVD"": ""1798.1"", ""Inclination (dega)"": ""41.28"", ""Azimuth (dega)"": ""144.1"", ""Comment"": null}, {""Depth mMD"": ""1908.3"", ""Depth mTVD"": ""1833.9"", ""Inclination (dega)"": ""40.27"", ""Azimuth (dega)"": ""143.98"", ""Comment"": null}, {""Depth mMD"": ""1948.2"", ""Depth mTVD"": ""1869.4"", ""Inclination (dega)"": ""39.85"", ""Azimuth (dega)"": ""144.66"", ""Comment"": null}, {""Depth mMD"": ""1988.7"", ""Depth mTVD"": ""1905.4"", ""Inclination (dega)"": ""40.53"", ""Azimuth (dega)"": ""144.42"", ""Comment"": null}, {""Depth mMD"": ""2028.5"", ""Depth mTVD"": ""1940.7"", ""Inclination (dega)"": ""39.85"", ""Azimuth (dega)"": ""146"", ""Comment"": null}, {""Depth mMD"": ""2068.6"", ""Depth mTVD"": ""1976.2"", ""Inclination (dega)"": ""40.03"", ""Azimuth (dega)"": ""150.64"", ""Comment"": null}], ""Stratigraphic Information"": [{""Depth to Top of Formation mMD"": ""2205"", ""Depth to Top of Formation mTVD"": ""2099.5"", ""Description"": ""Grid Fm""}], ""Lithology Information"": [{""Start Depth mMD"": ""1801"", ""End Depth mMD"": ""2034"", ""Start Depth mTVD"": ""1738.7"", ""End Depth mTVD"": ""1945.5"", ""Shows Description"": null, ""Lithology Description"": ""Claystones with Dolomite stringers""}, {""Start Depth mMD"": ""2034"", ""End Depth mMD"": ""2097"", ""Start Depth mTVD"": ""1945.5"", ""End Depth mTVD"": ""2001.6"", ""Shows Description"": null, ""Lithology Description"": ""Claystones with Dolomite stringers""}], ""Gas Reading Information"": [{""Time"": ""00:00"", ""Class"": ""drilling gas pea k"", ""Depth to Top mMD"": ""2030"", ""Depth to Bottom MD"": null, ""Depth to Top mTVD"": ""1941.8"", ""Depth to Bottom TVD"": null, ""Highest Gas (%)"": "".52"", ""Lowest Gas ()"": null, ""C1 (ppm)"": ""4864"", ""C2 (ppm)"": ""21"", ""C3 (ppm)"": ""5"", ""IC4 (ppm)"": ""3"", ""IC5 (ppm)"": ""2""}]}"
992,15/9-F-15 A,15_9_F_15_A_2008_12_15.pdf,"{""Pore Pressure"": [{""Time"": ""00:00"", ""Depth mMD"": ""2474"", ""Depth TVD"": null, ""Equ Mud Weight (g/cm3)"": ""1"", ""Reading"": ""estimated""}], ""Survey Station"": [{""Depth mMD"": ""2109.7"", ""Depth mTVD"": ""2013"", ""Inclination (dega)"": ""41.13"", ""Azimuth (dega)"": ""156.28"", ""Comment"": null}, {""Depth mMD"": ""2150.1"", ""Depth mTVD"": ""2049.4"", ""Inclination (dega)"": ""40.4"", ""Azimuth (dega)"": ""164.2"", ""Comment"": null}, {""Depth mMD"": ""2190.6"", ""Depth mTVD"": ""2086.3"", ""Inclination (dega)"": ""40.51"", ""Azimuth (dega)"": ""171.6"", ""Comment"": null}, {""Depth mMD"": ""2231.1"", ""Depth mTVD"": ""2123.3"", ""Inclination (dega)"": ""40.48"", ""Azimuth (dega)"": ""175.69"", ""Comment"": null}, {""Depth mMD"": ""2271.4"", ""Depth mTVD"": ""2160"", ""Inclination (dega)"": ""40.27"", ""Azimuth (dega)"": ""182.68"", ""Comment"": null}, {""Depth mMD"": ""2311.3"", ""Depth mTVD"": ""2196.5"", ""Inclination (dega)"": ""39.95"", ""Azimuth (dega)"": ""188.6"", ""Comment"": null}, {""Depth mMD"": ""2351.5"", ""Depth mTVD"": ""23"", ""Inclination (dega)"": ""40.22"", ""Azimuth (dega)"": ""194.06"", ""Comment"": null}, {""Depth mMD"": ""2392"", ""Depth mTVD"": ""2269.5"", ""Inclination (dega)"": ""40.42"", ""Azimuth (dega)"": ""202.6"", ""Comment"": null}], ""Stratigraphic Information"": [{""Depth to Top of Formation mMD"": ""2385"", ""Depth to Top of Formation mTVD"": ""2263.2"", ""Description"": ""Balder Fm.""}, {""Depth to Top of Formation mMD"": ""2457"", ""Depth to Top of Formation mTVD"": ""2328"", ""Description"": ""Sele Fm""}, {""Depth to Top of Formation mMD"": ""2531"", ""Depth to Top of Formation mTVD"": ""2391"", ""Description"": ""Lista Fm""}], ""Lithology Information"": [{""Start Depth mMD"": ""2097"", ""End Depth mMD"": ""2205"", ""Start Depth mTVD"": ""2001.6"", ""End Depth mTVD"": ""2099.4"", ""Shows Description"": null, ""Lithology Description"": ""Claystone with Dolomite stringers""}, {""Start Depth mMD"": ""2097"", ""End Depth mMD"": ""2440"", ""Start Depth mTVD"": ""0"", ""End Depth mTVD"": ""0"", ""Shows Description"": ""No shows"", ""Lithology Description"": null}, {""Start Depth mMD"": ""2205"", ""End Depth mMD"": ""2330"", ""Start Depth mTVD"": ""2099.4"", ""End Depth mTVD"": ""2213"", ""Shows Description"": null, ""Lithology Description"": ""Sandstone and Claystone""}, {""Start Depth mMD"": ""2330"", ""End Depth mMD"": ""2385"", ""Start Depth mTVD"": ""2213.4"", ""End Depth mTVD"": ""2263.2"", ""Shows Description"": null, ""Lithology Description"": ""Claystones with traces of Tuff""}, {""Start Depth mMD"": ""2385"", ""End Depth mMD"": ""2457"", ""Start Depth mTVD"": ""2213.4"", ""End Depth mTVD"": ""2328"", ""Shows Description"": null, ""Lithology Description"": ""Claystone, Tuff and minor Dolomite""}, {""Start Depth mMD"": ""2457"", ""End Depth mMD"": ""2474"", ""Start Depth mTVD"": ""2328"", ""End Depth mTVD"": ""2345"", ""Shows Description"": null, ""Lithology Description"": ""Tuffaceous shales and siltstone""}], ""Gas Reading Information"": [{""Time"": ""00:00"", ""Class"": ""drilling gas pea k"", ""Depth to Top mMD"": ""2419"", ""Depth to Bottom MD"": null, ""Depth to Top mTVD"": ""2291.5"", ""Depth to Bottom TVD"": null, ""Highest Gas (%)"": "".33"", ""Lowest Gas ()"": null, ""C1 (ppm)"": ""2890"", ""C2 (ppm)"": ""4"", ""C3 (ppm)"": ""1"", ""IC4 (ppm)"": ""5"", ""IC5 (ppm)"": ""5""}]}"
993,15/9-F-15 A,15_9_F_15_A_2008_12_16.pdf,"{""Pore Pressure"": [{""Time"": ""00:00"", ""Depth mMD"": ""2591"", ""Depth TVD"": null, ""Equ Mud Weight (g/cm3)"": ""1"", ""Reading"": ""estimated""}], ""Survey Station"": [{""Depth mMD"": ""2431.4"", ""Depth mTVD"": ""2304.8"", ""Inclination (dega)"": ""27.16"", ""Azimuth (dega)"": ""209.96"", ""Comment"": null}, {""Depth mMD"": ""2472.5"", ""Depth mTVD"": ""2341.2"", ""Inclination (dega)"": ""28.2"", ""Azimuth (dega)"": ""217.51"", ""Comment"": null}, {""Depth mMD"": ""2513.5"", ""Depth mTVD"": ""2377"", ""Inclination (dega)"": ""30.42"", ""Azimuth (dega)"": ""224.45"", ""Comment"": null}, {""Depth mMD"": ""2554"", ""Depth mTVD"": ""2411.4"", ""Inclination (dega)"": ""33.23"", ""Azimuth (dega)"": ""229.45"", ""Comment"": null}, {""Depth mMD"": ""2576.2"", ""Depth mTVD"": ""2429.7"", ""Inclination (dega)"": ""35.45"", ""Azimuth (dega)"": ""230.79"", ""Comment"": null}], ""Log Information"": [{""Run No"": ""104"", ""Service Company"": ""Schlumberger"", ""Depth Top mMD"": ""1368"", ""Depth Bottom mTVD"": ""2591"", ""Tool"": ""POWERPULSE - ARCVRES8"", ""BHST (degC)"": ""-999.99""}], ""Lithology Information"": [{""Start Depth mMD"": ""2474"", ""End Depth mMD"": ""2531"", ""Start Depth mTVD"": ""2345"", ""End Depth mTVD"": ""2391"", ""Shows Description"": null, ""Lithology Description"": ""Shale, tuff and minor dolomite""}, {""Start Depth mMD"": ""2531"", ""End Depth mMD"": ""2591"", ""Start Depth mTVD"": ""2391"", ""End Depth mTVD"": ""2441"", ""Shows Description"": null, ""Lithology Description"": ""Shale, minor limestone and dolomite, silty bas e""}], ""Gas Reading Information"": [{""Time"": ""00:00"", ""Class"": ""drilling gas pea k"", ""Depth to Top mMD"": ""2461"", ""Depth to Bottom MD"": null, ""Depth to Top mTVD"": ""2328.9"", ""Depth to Bottom TVD"": null, ""Highest Gas (%)"": "".3"", ""Lowest Gas ()"": null, ""C1 (ppm)"": ""2630"", ""C2 (ppm)"": ""57"", ""C3 (ppm)"": ""16"", ""IC4 (ppm)"": ""6"", ""IC5 (ppm)"": ""5""}]}"
994,15/9-F-15 A,15_9_F_15_A_2008_12_17.pdf,"{""Bit Record"": [{""Run No."": ""2"", ""Bit Size"": ""17.5 in"", ""Bit Type"": ""NA"", ""IADC Code"": null, ""Manufacturer"": ""Hycalog"", ""Hrs Drilled"": "".3"", ""Start mMD"": ""1378"", ""End mMD"": ""1378"", ""Hole Made (last 24H)"": null, ""Hours Drilled (last 24H)"": null, ""Form ROP"": ""10"", ""Total ROP"": ""10"", ""Total Hole Made"": ""3"", ""Total Hrs Drilled"": "".3""}, {""Run No."": ""16"", ""Bit Size"": ""17.5 in"", ""Bit Type"": ""RSR616 M"", ""IADC Code"": ""M322"", ""Manufacturer"": ""Reed-Hycalog"", ""Hrs Drilled"": ""80"", ""Start mMD"": ""1381"", ""End mMD"": ""1381"", ""Hole Made (last 24H)"": null, ""Hours Drilled (last 24H)"": null, ""Form ROP"": ""15.1"", ""Total ROP"": ""15.1"", ""Total Hole Made"": ""1210"", ""Total Hrs Drilled"": ""80""}]}"
995,15/9-F-15 A,15_9_F_15_A_2008_12_18.pdf,{}
996,15/9-F-15 A,15_9_F_15_A_2008_12_19.pdf,{}
997,15/9-F-15 A,15_9_F_15_A_2008_12_20.pdf,{}
998,15/9-F-15 A,15_9_F_15_A_2008_12_21.pdf,{}
999,15/9-F-15 A,15_9_F_15_A_2008_12_22.pdf,{}
1000,15/9-F-15 A,15_9_F_15_A_2008_12_23.pdf,"{""Pore Pressure"": [{""Time"": ""00:00"", ""Depth mMD"": ""2591"", ""Depth TVD"": null, ""Equ Mud Weight (g/cm3)"": ""1"", ""Reading"": ""estimated""}]}"
