fluid_row_id,sample_time,sample_point,sample_depth_mmd,fluid_type,fluid_density_g_cm3,plastic_viscosity_mpa_s,yield_point_pa,report_id
1,00:00,Active pit,2310.0,ULTIDRILL,1.5,41.0,10.0,3
2,06:00,Active pit,2310.0,ULTIDRILL,1.5,41.0,10.0,3
3,00:00,Active pit,2213.0,ULTIDRILL,1.5,49.0,12.0,4
4,06:00,Active pit,2213.0,ULTIDRILL,1.5,49.0,12.0,4
5,,,,,117.0,,,4
6,,,,,117.0,,,4
7,00:00,Active pit,2213.0,ULTIDRILL,1.5,46.0,14.0,5
8,06:00,Active pit,2213.0,ULTIDRILL,1.5,46.0,14.0,5
9,,,,,143.0,,,5
10,,,,,143.0,,,5
11,00:00,Active pit,2187.0,ULTIDRILL,1.5,50.0,14.0,6
12,06:00,Active pit,2187.0,ULTIDRILL,1.5,50.0,14.0,6
13,,,,,143.0,,,6
14,,,,,143.0,,,6
15,00:00,Flowline,2192.0,ULTIDRILL,1.5,51.0,15.5,7
16,06:00,Flowline,2192.0,ULTIDRILL,1.5,51.0,15.5,7
17,,,,,147.0,,,7
18,,,,,147.0,,,7
19,00:00,Flowline,2314.0,ULTIDRILL,1.5,38.0,13.0,8
20,06:00,Flowline,2314.0,ULTIDRILL,1.5,38.0,13.0,8
21,,,,,75.0,,,8
22,,,,,75.0,,,8
23,00:00,Flowline,2684.0,ULTIDRILL,1.5,41.0,12.5,9
24,06:00,Flowline,2684.0,ULTIDRILL,1.5,41.0,12.5,9
25,17:00,Flowline,2768.0,ULTIDRILL,1.5,41.0,12.5,9
26,,,,,64.0,,,9
27,,,,,64.0,,,9
28,,,,,65.0,,,9
29,13:45,Flowline,2783.0,ULTIDRILL,1.5,38.0,13.0,10
30,22:00,Flowline,2783.0,ULTIDRILL,1.5,39.0,13.5,10
31,,,,,70.0,,,10
32,,,,,72.0,,,10
33,22:00,Flowline,2783.0,ULTIDRILL,1.54,42.0,12.5,11
34,,,,,79.0,,,11
35,16:00,Flowline,2806.0,ULTIDRILL,1.54,43.0,12.5,12
36,22:00,Flowline,2912.0,ULTIDRILL,1.54,40.0,12.5,12
37,,,,,68.0,,,12
38,,,,,70.0,,,12
39,17:00,Flowline,3057.0,ULTIDRILL,1.54,40.0,12.5,13
40,,,,,70.0,,,13
41,16:30,Flowline,3316.0,ULTIDRILL,1.54,34.0,11.0,14
42,22:00,Flowline,3356.0,ULTIDRILL,1.55,34.0,10.5,14
43,,,,,56.0,,,14
44,,,,,54.0,,,14
45,11:45,Flowline,3437.0,ULTIDRILL,1.55,32.0,10.0,15
46,18:06,Flowline,3494.0,ULTIDRILL,1.55,31.0,10.5,15
47,22:00,Flowline,3532.0,ULTIDRILL,1.55,32.0,10.0,15
48,,,,,54.0,,,15
49,,,,,54.0,,,15
50,,,,,55.0,,,15
51,00:24,Flowline,3532.0,ULTIDRILL,1.55,32.0,10.0,16
52,08:00,Flowline,3586.0,ULTIDRILL,1.55,32.0,11.0,16
53,22:30,Flowline,3632.0,ULTIDRILL,1.55,32.0,11.0,16
54,,,,,55.0,,,16
55,,,,,54.0,,,16
56,,,,,58.0,,,16
57,14:00,Flowline,3653.0,ULTIDRILL,1.55,35.0,11.0,17
58,,,,,57.0,,,17
59,14:30,Flowline,3701.0,ULTIDRILL,1.58,37.0,13.5,18
60,21:45,Flowline,3736.0,ULTIDRILL,1.56,36.0,13.0,18
61,,,,,76.0,,,18
62,,,,,64.0,,,18
63,14:00,Flowline,3803.0,ULTIDRILL,1.55,36.0,12.0,19
64,,,,,68.0,,,19
65,13:00,Flowline,3837.0,ULTIDRILL,1.55,37.0,11.5,20
66,,,,,64.0,,,20
67,14:00,Flowline,3838.0,ULTIDRILL,1.55,37.0,11.5,21
68,22:45,Flowline,3845.0,ULTIDRILL,1.55,36.0,9.5,21
69,,,,,63.0,,,21
70,,,,,59.0,,,21
71,21:30,Flowline,3854.0,ULTIDRILL,1.55,37.0,9.5,22
72,,,,,60.0,,,22
73,22:30,Flowline,3893.0,ULTIDRILL,1.55,39.0,10.0,23
74,,,,,59.0,,,23
75,14:00,Flowline,3908.0,ULTIDRILL,1.55,36.0,12.0,24
76,23:00,Flowline,3936.0,ULTIDRILL,1.55,36.0,14.0,24
77,,,,,75.0,,,24
78,,,,,75.0,,,24
79,14:00,Flowline,3936.0,ULTIDRILL,1.55,40.0,10.0,25
80,23:00,Flowline,3962.0,ULTIDRILL,1.55,36.0,13.5,25
81,,,,,74.0,,,25
82,,,,,74.0,,,25
83,15:30,Flowline,3968.0,ULTIDRILL,1.55,42.0,9.0,26
84,21:00,Flowline,3990.0,ULTIDRILL,1.55,40.0,15.0,26
85,,,,,67.0,,,26
86,,,,,68.0,,,26
87,14:00,Flowline,3990.0,ULTIDRILL,1.55,42.0,10.0,27
88,23:00,Flowline,4017.0,ULTIDRILL,1.55,42.0,9.0,27
89,,,,,68.0,,,27
90,,,,,67.0,,,27
91,14:00,Flowline,4017.0,ULTIDRILL,1.55,40.0,10.0,28
92,,,,,62.0,,,28
93,14:00,Flowline,4017.0,ULTIDRILL,1.55,43.0,12.5,29
94,21:00,Flowline,4017.0,ULTIDRILL,1.55,35.0,25.0,29
95,,,,,69.0,,,29
96,,,,,63.0,,,29
97,13:00,Flowline,4131.0,ULTIDRILL,1.55,43.0,16.0,30
98,23:00,Active pit,4131.0,ULTIDRILL,1.55,36.0,22.0,30
99,,,,,70.0,,,30
100,,,,,70.0,,,30
101,23:00,Active pit,4131.0,ULTIDRILL,1.55,39.0,19.5,32
102,,,,,70.0,,,32
103,23:00,Active pit,4131.0,ULTIDRILL,1.55,39.0,19.0,33
104,,,,,71.0,,,33
105,23:59,Active pit,4131.0,ULTIDRILL,1.55,39.0,18.5,34
106,,,,,75.0,,,34
107,00:00,Active pit,4131.0,ULTIDRILL,1.55,49.0,18.0,36
108,06:00,Active pit,4131.0,ULTIDRILL,1.55,49.0,18.0,36
109,23:59,Active pit,4131.0,ULTIDRILL,1.55,43.0,16.0,36
110,,,,,76.0,,,36
111,,,,,76.0,,,36
112,,,,,70.0,,,36
113,23:59,Active pit,4131.0,ULTIDRILL,1.55,45.0,15.0,37
114,,,,,71.0,,,37
115,23:59,Active pit,4131.0,ULTIDRILL,1.56,52.0,14.5,38
116,,,,,75.0,,,38
117,23:59,Active pit,4131.0,ULTIDRILL,1.55,45.0,10.0,39
118,,,,,65.0,,,39
119,23:59,Active pit,4131.0,ULTIDRILL,1.55,45.0,11.0,40
120,,,,,65.0,,,40
121,23:59,Active pit,4131.0,ULTIDRILL,1.55,44.0,11.0,41
122,,,,,65.0,,,41
123,23:58,Active pit,4131.0,ULTIDRILL,1.55,45.0,11.0,42
124,,,,,65.0,,,42
125,10:00,Active pit,4131.0,INTERDRILL NT,1.55,50.0,17.5,78
126,,,,,,,6.0,78
127,,,,,,,2592.0,78
128,,,,,,,3993.0,78
129,23:30,Flowline,4131.0,INTERDRILL NT,1.47,40.0,12.0,79
130,,,,,85.0,,,79
131,17:00,Active pit,4131.0,INTERDRILL NT,1.47,52.0,14.0,80
132,18:00,Flowline,4131.0,INTERDRILL NT,1.47,52.0,14.0,80
133,,,,,85.0,,,80
134,,,,,85.0,,,80
135,,,,,,,7.0,80
136,,,,,,,2600.0,80
137,,,,,,,3500.0,80
138,18:00,Flowline,4131.0,INTERDRILL NT,1.47,52.0,14.0,81
139,,,,,85.0,,,81
140,18:00,Flowline,4131.0,ULTIDRILL,1.47,52.0,14.0,82
141,,,,,85.0,,,82
142,20:00,Flowline,4131.0,ULTIDRILL,1.47,52.0,14.0,83
143,,,,,85.0,,,83
144,18:00,Flowline,4131.0,ULTIDRILL,1.47,52.0,14.0,84
145,,,,,85.0,,,84
146,20:00,Flowline,4131.0,ULTIDRILL,1.47,48.0,17.0,85
147,,,,,85.0,,,85
148,23:59,Flowline,4131.0,ULTIDRILL,1.48,46.0,13.0,86
149,23:59,Flowline,4131.0,ULTIDRILL,1.48,46.0,13.0,87
150,23:59,Flowline,4131.0,ULTIDRILL,1.48,46.0,13.0,88
151,23:59,Flowline,4131.0,ULTIDRILL,1.48,44.0,14.0,89
152,23:59,Flowline,4131.0,ULTIDRILL,1.48,45.0,13.5,90
153,23:59,Flowline,4131.0,ULTIDRILL,1.48,45.0,13.0,91
154,23:59,Flowline,4131.0,ULTIDRILL,1.48,46.0,13.0,92
155,23:59,Flowline,4131.0,ULTIDRILL,1.47,56.0,13.5,93
156,23:59,Flowline,4131.0,ULTIDRILL,1.47,56.0,13.0,94
157,23:59,Active pit,4131.0,ULTIDRILL,1.47,56.0,13.5,95
158,21:57,Active pit,4131.0,ULTIDRILL,1.47,55.0,14.0,96
159,23:59,Active pit,4131.0,ULTIDRILL,1.47,56.0,13.5,97
160,23:59,Active pit,4131.0,ULTIDRILL,1.47,55.0,14.0,98
161,23:59,Active pit,4131.0,ULTIDRILL,1.47,56.0,13.5,99
162,23:59,Active pit,4131.0,ULTIDRILL,1.47,56.0,13.5,100
163,23:59,Active pit,4131.0,ULTIDRILL,1.47,56.0,13.5,101
164,23:59,Active pit,4131.0,ULTIDRILL,1.49,56.0,13.5,102
165,23:59,Active pit,4131.0,ULTIDRILL,1.47,56.0,13.5,103
166,23:59,Active pit,4131.0,ULTIDRILL,1.47,56.0,13.5,104
167,23:59,Active pit,3818.0,ULTIDRILL,1.47,56.0,13.5,105
168,23:59,Active pit,3765.0,ULTIDRILL,1.55,56.0,13.5,106
169,23:59,Active pit,3765.0,ULTIDRILL,1.55,56.0,13.5,107
170,23:59,Active pit,3765.0,ULTIDRILL,1.55,55.0,14.5,108
171,,,,,130.0,,,108
172,00:00,Active pit,3765.0,ULTIDRILL,1.55,55.0,14.5,109
173,06:00,Active pit,3765.0,ULTIDRILL,1.55,55.0,14.5,109
174,,,,,130.0,,,109
175,,,,,130.0,,,109
176,00:00,Active pit,2205.0,ULTIDRILL,1.55,47.0,13.5,110
177,06:00,Active pit,2205.0,ULTIDRILL,1.55,47.0,13.5,110
178,21:00,Active pit,2205.0,ULTIDRILL,1.55,46.0,14.0,110
179,,,,,95.0,,,110
180,,,,,95.0,,,110
181,,,,,100.0,,,110
182,04:00,Active pit,2205.0,QUADRILL,1.55,46.0,14.0,112
183,,,,,100.0,,,112
184,00:00,Active pit,2243.0,QUADRILL,1.56,43.0,10.0,113
185,06:00,Active pit,2243.0,QUADRILL,1.56,43.0,10.0,113
186,,,,,85.0,,,113
187,,,,,85.0,,,113
188,00:00,Active pit,2354.0,QUADRILL,1.55,46.0,15.0,114
189,06:00,Active pit,2354.0,QUADRILL,1.55,46.0,15.0,114
190,,,,,87.0,,,114
191,,,,,87.0,,,114
192,00:00,Active pit,2744.0,ULTIDRILL,1.55,41.0,17.5,115
193,06:00,Active pit,2744.0,ULTIDRILL,1.55,41.0,17.5,115
194,,,,,70.0,,,115
195,,,,,70.0,,,115
196,00:00,Active pit,2817.0,ULTIDRILL,1.55,42.0,16.5,116
197,06:00,Active pit,2817.0,ULTIDRILL,1.55,42.0,16.5,116
198,,,,,81.0,,,116
199,,,,,81.0,,,116
200,00:00,Active pit,3039.0,ULTIDRILL,1.55,39.0,16.5,117
201,06:00,Active pit,3039.0,ULTIDRILL,1.55,39.0,16.5,117
202,,,,,67.0,,,117
203,,,,,67.0,,,117
204,00:00,Active pit,3039.0,ULTIDRILL,1.57,38.0,16.5,118
205,06:00,Active pit,3039.0,ULTIDRILL,1.57,38.0,16.5,118
206,,,,,109.0,,,118
207,,,,,109.0,,,118
208,00:00,Active pit,3039.0,ULTIDRILL,1.57,38.0,16.5,119
209,06:00,Active pit,3039.0,ULTIDRILL,1.57,38.0,16.5,119
210,,,,,109.0,,,119
211,,,,,109.0,,,119
212,00:00,Active pit,3054.0,ULTIDRILL,1.53,35.0,10.5,120
213,06:00,Active pit,3054.0,ULTIDRILL,1.53,35.0,10.5,120
214,,,,,61.0,,,120
215,,,,,61.0,,,120
216,00:00,Active pit,3054.0,ULTIDRILL,1.53,37.0,9.5,121
217,06:00,Active pit,3054.0,ULTIDRILL,1.53,37.0,9.5,121
218,,,,,61.0,,,121
219,,,,,61.0,,,121
220,00:00,Active pit,3054.0,ULTIDRILL,1.53,37.0,9.5,122
221,06:00,Active pit,3054.0,ULTIDRILL,1.53,37.0,9.5,122
222,23:59,Active pit,3054.0,ULTIDRILL,1.53,36.0,10.0,122
223,,,,,112.0,,,122
224,,,,,112.0,,,122
225,,,,,111.0,,,122
226,23:59,,3054.0,ULTIDRILL,1.53,36.0,10.0,124
227,,,,,112.0,,,124
228,23:59,,3054.0,ULTIDRILL,1.51,42.0,13.0,125
229,,,,,102.0,,,125
230,23:50,,3054.0,ULTIDRILL,1.49,22.0,10.5,126
231,,,,,78.0,,,126
232,23:59,,3054.0,ULTIDRILL,1.49,22.0,11.0,127
233,,,,,78.0,,,127
234,08:00,,3054.0,ULTIDRILL,1.49,22.0,10.5,128
235,15:00,,3054.0,ULTIDRILL,1.49,33.0,9.5,128
236,23:59,,3125.0,ULTIDRILL,1.49,35.0,9.5,128
237,,,,,78.0,,,128
238,,,,,65.0,,,128
239,,,,,78.0,,,128
240,06:43,,3219.0,ULTIDRILL,1.49,34.0,11.5,129
241,21:00,,3125.0,ULTIDRILL,1.49,35.0,9.5,129
242,,,,,65.0,,,129
243,,,,,78.0,,,129
244,20:00,,3272.0,ULTIDRILL,1.49,34.0,11.5,130
245,,,,,77.0,,,130
246,20:00,,3272.0,ULTIDRILL,1.49,35.0,11.0,131
247,,,,,78.0,,,131
248,17:52,,3272.0,ULTIDRILL,1.52,34.0,11.5,132
249,21:00,,3272.0,ULTIDRILL,1.52,34.0,10.5,132
250,,,,,79.0,,,132
251,,,,,73.0,,,132
252,10:00,,3272.0,ULTIDRILL,1.53,33.0,11.5,133
253,20:00,,3272.0,ULTIDRILL,1.53,33.0,11.5,133
254,,,,,74.0,,,133
255,,,,,73.0,,,133
256,16:00,,3272.0,ULTIDRILL,1.53,33.0,11.5,134
257,22:30,,2835.0,ULTIDRILL,1.52,30.0,10.5,134
258,,,,,73.0,,,134
259,,,,,68.0,,,134
260,10:00,Flowline,3272.0,ULTIDRILL,1.52,30.0,10.5,135
261,23:00,Flowline,3272.0,ULTIDRILL,1.52,30.0,10.5,135
262,,,,,69.0,,,135
263,,,,,68.0,,,135
264,20:00,Active pit,3272.0,ULTIDRILL,1.52,30.0,10.0,136
265,,,,,69.0,,,136
266,15:00,Flowline,2948.0,ULTIDRILL,1.52,34.0,10.5,137
267,22:30,Active pit,3004.0,ULTIDRILL,1.52,36.0,11.5,137
268,,,,,71.0,,,137
269,,,,,71.0,,,137
270,22:30,Active pit,3004.0,ULTIDRILL,1.52,36.0,11.5,138
271,,,,,71.0,,,138
272,15:00,Active pit,3151.0,ULTIDRILL,1.52,40.0,12.0,139
273,,,,,75.0,,,139
274,05:30,Flowline,3047.0,ULTIDRILL,1.52,40.0,12.0,140
275,21:45,Active pit,3220.0,ULTIDRILL,1.52,44.0,12.0,140
276,,,,,75.0,,,140
277,,,,,79.0,,,140
278,08:00,Flowline,3220.0,ULTIDRILL,1.52,42.0,12.5,141
279,20:00,Active pit,3220.0,ULTIDRILL,1.52,43.0,14.0,141
280,,,,,81.0,,,141
281,,,,,84.0,,,141
282,20:00,Active pit,3220.0,ULTIDRILL,1.52,43.0,14.5,142
283,,,,,86.0,,,142
284,23:00,Active pit,3220.0,ULTIDRILL,1.52,38.0,11.5,143
285,,,,,77.0,,,143
286,00:00,Active pit,3220.0,ULTIDRILL,1.52,40.0,11.0,145
287,06:00,Active pit,3220.0,ULTIDRILL,1.52,40.0,11.0,145
288,,,,,75.0,,,145
289,,,,,75.0,,,145
290,00:00,Active pit,3220.0,ULTIDRILL,1.52,39.0,11.0,146
291,06:00,Active pit,3220.0,ULTIDRILL,1.52,39.0,11.0,146
292,,,,,77.0,,,146
293,,,,,77.0,,,146
294,00:00,Active pit,3220.0,ULTIDRILL,1.52,39.0,11.5,147
295,06:00,Active pit,3220.0,ULTIDRILL,1.52,39.0,11.5,147
296,,,,,77.0,,,147
297,,,,,77.0,,,147
298,00:00,Active pit,3220.0,ULTIDRILL,1.52,39.0,11.0,148
299,06:00,Active pit,3220.0,ULTIDRILL,1.52,39.0,11.0,148
300,,,,,76.0,,,148
301,,,,,76.0,,,148
302,00:00,Active pit,3220.0,ULTIDRILL,1.52,39.0,11.0,149
303,06:00,Active pit,3220.0,ULTIDRILL,1.52,39.0,11.0,149
304,,,,,76.0,,,149
305,,,,,76.0,,,149
306,00:00,Active pit,3220.0,ULTIDRILL,1.4,39.0,11.0,150
307,06:00,Active pit,3220.0,ULTIDRILL,1.4,39.0,11.0,150
308,,,,,63.0,,,150
309,,,,,63.0,,,150
310,00:00,Active pit,3220.0,ULTIDRILL,1.4,26.0,9.0,151
311,06:00,Active pit,3220.0,ULTIDRILL,1.4,26.0,9.0,151
312,,,,,70.0,,,151
313,,,,,70.0,,,151
314,00:00,Active pit,3321.0,ULTIDRILL,1.4,29.0,8.0,152
315,06:00,Active pit,3321.0,ULTIDRILL,1.4,29.0,8.0,152
316,,,,,67.0,,,152
317,,,,,67.0,,,152
318,00:00,Active pit,3360.0,ULTIDRILL,1.4,29.0,12.0,153
319,06:00,Active pit,3360.0,ULTIDRILL,1.4,29.0,12.0,153
320,,,,,67.0,,,153
321,,,,,67.0,,,153
322,00:00,Active pit,3405.0,ULTIDRILL,1.4,31.0,12.5,154
323,06:00,Active pit,3405.0,ULTIDRILL,1.4,31.0,12.5,154
324,,,,,63.0,,,154
325,,,,,63.0,,,154
326,00:00,Active pit,3432.0,ULTIDRILL,1.4,31.0,12.5,155
327,06:00,Active pit,3432.0,ULTIDRILL,1.4,31.0,12.5,155
328,,,,,68.0,,,155
329,,,,,68.0,,,155
330,00:00,Active pit,3511.0,ULTIDRILL,1.4,29.0,12.0,156
331,06:00,Active pit,3511.0,ULTIDRILL,1.4,29.0,12.0,156
332,,,,,60.0,,,156
333,,,,,60.0,,,156
334,00:00,Active pit,3575.0,ULTIDRILL,1.4,30.0,11.0,157
335,06:00,Active pit,3575.0,ULTIDRILL,1.4,30.0,11.0,157
336,,,,,60.0,,,157
337,,,,,60.0,,,157
338,00:00,Active pit,3603.8,ULTIDRILL,1.4,30.0,13.0,158
339,06:00,Active pit,3603.8,ULTIDRILL,1.4,30.0,13.0,158
340,,,,,71.0,,,158
341,,,,,71.0,,,158
342,00:00,Active pit,3656.6,ULTIDRILL,1.4,26.0,11.0,159
343,06:00,Active pit,3656.6,ULTIDRILL,1.4,26.0,11.0,159
344,,,,,71.0,,,159
345,,,,,71.0,,,159
346,00:00,Active pit,3690.0,ULTIDRILL,1.4,26.0,11.0,160
347,06:00,Active pit,3690.0,ULTIDRILL,1.4,26.0,11.0,160
348,,,,,64.0,,,160
349,,,,,64.0,,,160
350,00:00,Active pit,3690.0,ULTIDRILL,1.4,26.0,11.0,161
351,06:00,Active pit,3690.0,ULTIDRILL,1.4,26.0,11.0,161
352,,,,,64.0,,,161
353,,,,,64.0,,,161
354,00:00,Active pit,3717.0,ULTIDRILL,1.4,23.0,10.0,162
355,06:00,Active pit,3717.0,ULTIDRILL,1.4,23.0,10.0,162
356,,,,,62.0,,,162
357,,,,,62.0,,,162
358,00:00,Active pit,3840.0,ULTIDRILL,1.4,23.0,11.0,163
359,06:00,Active pit,3840.0,ULTIDRILL,1.4,23.0,11.0,163
360,,,,,54.0,,,163
361,,,,,54.0,,,163
362,00:00,Active pit,4031.0,ULTIDRILL,1.4,29.0,10.5,164
363,06:00,Active pit,4031.0,ULTIDRILL,1.4,29.0,10.5,164
364,,,,,54.0,,,164
365,,,,,54.0,,,164
366,00:00,Active pit,4031.0,ULTIDRILL,1.4,29.0,13.5,165
367,06:00,Active pit,4031.0,ULTIDRILL,1.4,29.0,13.5,165
368,,,,,56.0,,,165
369,,,,,56.0,,,165
370,00:00,Active pit,4031.0,ULTIDRILL,1.4,29.0,13.5,166
371,06:00,Active pit,4031.0,ULTIDRILL,1.4,29.0,13.5,166
372,,,,,56.0,,,166
373,,,,,56.0,,,166
374,00:00,Active pit,4031.0,ULTIDRILL,1.4,27.0,11.0,167
375,06:00,Active pit,4031.0,ULTIDRILL,1.4,27.0,11.0,167
376,,,,,54.0,,,167
377,,,,,54.0,,,167
378,00:00,Active pit,4031.0,ULTIDRILL,1.4,31.0,12.5,168
379,06:00,Active pit,4031.0,ULTIDRILL,1.4,31.0,12.5,168
380,,,,,57.0,,,168
381,,,,,57.0,,,168
382,00:00,Active pit,4045.0,ULTIDRILL,1.4,27.0,11.5,169
383,06:00,Active pit,4045.0,ULTIDRILL,1.4,27.0,11.5,169
384,,,,,54.0,,,169
385,,,,,54.0,,,169
386,00:00,Active pit,4054.0,ULTIDRILL,1.4,26.0,11.0,170
387,06:00,Active pit,4054.0,ULTIDRILL,1.4,26.0,11.0,170
388,,,,,52.0,,,170
389,,,,,52.0,,,170
390,00:00,Active pit,4084.0,ULTIDRILL,1.4,26.0,11.0,171
391,06:00,Active pit,4084.0,ULTIDRILL,1.4,26.0,11.0,171
392,,,,,54.0,,,171
393,,,,,54.0,,,171
394,00:00,Active pit,4090.0,ULTIDRILL,1.4,24.0,11.0,172
395,06:00,Active pit,4090.0,ULTIDRILL,1.4,24.0,11.0,172
396,,,,,52.0,,,172
397,,,,,52.0,,,172
398,00:00,Active pit,4038.0,ULTIDRILL,1.4,26.0,10.5,173
399,06:00,Active pit,4038.0,ULTIDRILL,1.4,26.0,10.5,173
400,,,,,52.0,,,173
401,,,,,52.0,,,173
402,00:00,Active pit,4206.0,ULTIDRILL,1.4,26.0,10.5,174
403,06:00,Active pit,4206.0,ULTIDRILL,1.4,26.0,10.5,174
404,,,,,53.0,,,174
405,,,,,53.0,,,174
406,00:00,Active pit,4250.0,ULTIDRILL,1.4,25.0,10.5,175
407,06:00,Active pit,4250.0,ULTIDRILL,1.4,25.0,10.5,175
408,,,,,57.0,,,175
409,,,,,57.0,,,175
410,00:00,Active pit,4250.0,ULTIDRILL,1.4,25.0,11.0,176
411,06:00,Active pit,4250.0,ULTIDRILL,1.4,25.0,11.0,176
412,,,,,57.0,,,176
413,,,,,57.0,,,176
414,00:00,Active pit,4250.0,ULTIDRILL,1.4,24.0,10.5,177
415,06:00,Active pit,4250.0,ULTIDRILL,1.4,24.0,10.5,177
416,,,,,51.0,,,177
417,,,,,51.0,,,177
418,00:00,Active pit,4250.0,ULTIDRILL,1.4,24.0,10.5,178
419,06:00,Active pit,4250.0,ULTIDRILL,1.4,24.0,10.5,178
420,,,,,55.0,,,178
421,,,,,55.0,,,178
422,00:00,Active pit,4250.0,ULTIDRILL,1.4,24.0,10.5,179
423,06:00,Active pit,4250.0,ULTIDRILL,1.4,24.0,10.5,179
424,,,,,56.0,,,179
425,,,,,56.0,,,179
426,00:00,Active pit,3360.0,ULTIDRILL,1.4,24.0,11.0,180
427,06:00,Active pit,3360.0,ULTIDRILL,1.4,24.0,11.0,180
428,,,,,55.0,,,180
429,,,,,55.0,,,180
430,00:00,Active pit,3360.0,ULTIDRILL,1.4,24.0,10.5,181
431,06:00,Active pit,3360.0,ULTIDRILL,1.4,24.0,10.5,181
432,,,,,58.0,,,181
433,,,,,58.0,,,181
434,00:00,Active pit,3360.0,ULTIDRILL,1.4,24.0,11.0,182
435,06:00,Active pit,3360.0,ULTIDRILL,1.4,24.0,11.0,182
436,,,,,58.0,,,182
437,,,,,58.0,,,182
438,00:00,Active pit,3360.0,ULTIDRILL,1.4,27.0,11.0,183
439,06:00,Active pit,3360.0,ULTIDRILL,1.4,27.0,11.0,183
440,,,,,59.0,,,183
441,,,,,59.0,,,183
442,00:00,Active pit,3360.0,ULTIDRILL,1.4,27.0,11.0,184
443,06:00,Active pit,3360.0,ULTIDRILL,1.4,27.0,11.0,184
444,,,,,59.0,,,184
445,,,,,59.0,,,184
446,00:00,Active pit,3360.0,ULTIDRILL,1.4,27.0,11.0,185
447,06:00,Active pit,3360.0,ULTIDRILL,1.4,27.0,11.0,185
448,,,,,59.0,,,185
449,,,,,59.0,,,185
450,00:00,Active pit,3360.0,ULTIDRILL,1.4,22.0,10.0,186
451,06:00,Active pit,3360.0,ULTIDRILL,1.4,22.0,10.0,186
452,,,,,59.0,,,186
453,,,,,59.0,,,186
454,00:00,Active pit,4250.0,ULTIDRILL,1.4,22.0,11.0,187
455,06:00,Active pit,4250.0,ULTIDRILL,1.4,22.0,11.0,187
456,,,,,54.0,,,187
457,,,,,54.0,,,187
458,00:00,Active pit,4250.0,ULTIDRILL,1.4,22.0,11.0,188
459,06:00,Active pit,4250.0,ULTIDRILL,1.4,22.0,11.0,188
460,,,,,54.0,,,188
461,,,,,54.0,,,188
462,00:00,Active pit,3140.0,BENT./POLYMER,1.4,10.0,12.5,189
463,06:00,Active pit,3140.0,BENT./POLYMER,1.4,10.0,12.5,189
464,,,,,63.0,,,189
465,,,,,63.0,,,189
466,00:00,Active pit,3140.0,BENT./POLYMER,1.4,10.0,12.5,190
467,06:00,Active pit,3140.0,BENT./POLYMER,1.4,10.0,12.5,190
468,17:00,Flowline,3140.0,BENT./POLYMER,1.4,10.0,12.5,190
469,,,,,56.0,,,190
470,,,,,56.0,,,190
471,,,,,56.0,,,190
472,00:01,,,SEAWATER/BENT.,1.0,,,208
473,22:00,,,SEAWATER/BENT.,1.06,,,208
474,,,,,100.0,,,208
475,00:00,,,SEAWATER/BENT.,1.06,,,210
476,06:00,,,SEAWATER/BENT.,1.06,,,210
477,,,,,100.0,,,210
478,,,,,100.0,,,210
479,00:00,Active pit,,SEAWATER/BENT.,1.06,,,211
480,06:00,Active pit,,SEAWATER/BENT.,1.06,,,211
481,,,,,100.0,,,211
482,,,,,100.0,,,211
483,00:00,Active pit,,SEAWATER/BENT.,1.06,,,212
484,06:00,Active pit,,SEAWATER/BENT.,1.06,,,212
485,,,,,100.0,,,212
486,,,,,100.0,,,212
487,,,,,,,30.0,212
488,,,,,,,310.0,212
489,,,,,,,-2.0,212
490,,,,,,,62.0,212
491,,,,,,,104.0,212
492,,,,,,,166.0,212
493,00:00,Active pit,,SEAWATER/BENT.,1.06,,,213
494,06:00,Active pit,,SEAWATER/BENT.,1.06,,,213
495,,,,,100.0,,,213
496,,,,,100.0,,,213
497,00:00,Active pit,,SEAWATER/BENT.,1.06,,,214
498,06:00,Active pit,,SEAWATER/BENT.,1.06,,,214
499,,,,,100.0,,,214
500,,,,,100.0,,,214
501,00:00,Active pit,,SEAWATER/BENT.,1.06,,,215
502,06:00,Active pit,,SEAWATER/BENT.,1.06,,,215
503,,,,,100.0,,,215
504,,,,,100.0,,,215
505,00:00,Active pit,,SEAWATER/BENT.,1.06,,,216
506,06:00,Active pit,,SEAWATER/BENT.,1.06,,,216
507,,,,,100.0,,,216
508,,,,,100.0,,,216
509,,,,,,,20.0,216
510,,,,,,,133.0,216
511,,,,,,,-55.0,216
512,,,,,,,-4.0,216
513,,,,,,,428.0,216
514,,,,,,,103.0,216
515,,,,,,,531.0,216
516,08:15,Active pit,,KCL/PAC/PHPA,1.2,30.0,13.5,218
517,,,,,118.0,,,218
518,23:00,Active pit,,KCL/PAC/PHPA,1.2,30.0,13.5,219
519,,,,,106.0,,,219
520,23:00,Active pit,,KCL/PAC/PHPA,1.2,27.0,15.0,220
521,,,,,105.0,,,220
522,22:00,Active pit,,KCL/PAC/PHPA,1.2,27.0,15.0,221
523,,,,,105.0,,,221
524,23:00,Flowline,610.0,KCL/PAC/PHPA,1.2,19.0,8.0,222
525,,,,,67.0,,,222
526,10:00,Flowline,780.0,KCL/PAC/PHPA,1.2,22.0,11.5,223
527,22:00,Active pit,1016.0,KCL/PAC/PHPA,1.21,24.0,11.0,223
528,,,,,76.0,,,223
529,,,,,67.0,,,223
530,15:15,Flowline,1257.0,KCL/PAC/PHPA,1.2,26.0,18.5,224
531,23:00,Flowline,1380.0,KCL/PAC/PHPA,1.2,24.0,15.0,224
532,,,,,86.0,,,224
533,,,,,74.0,,,224
534,10:00,Flowline,1490.0,KCL/PAC/PHPA,1.22,25.0,13.5,225
535,21:00,Active pit,1490.0,KCL/PAC/PHPA,1.22,24.0,13.0,225
536,,,,,60.0,,,225
537,,,,,61.0,,,225
538,21:30,Active pit,1490.0,KCL/PAC/PHPA,1.22,23.0,11.5,226
539,,,,,60.0,,,226
540,21:00,Active pit,,KCL/PAC/PHPA,1.22,15.0,6.5,227
541,,,,,53.0,,,227
542,21:00,Active pit,,KCL/PAC/PHPA,1.22,15.0,6.5,228
543,,,,,51.0,,,228
544,12:00,Flowline,,KCL/PAC/PHPA,1.24,16.0,5.0,229
545,23:00,Flowline,1622.0,KCL/PAC/PHPA,1.2,18.0,10.5,229
546,,,,,46.0,,,229
547,,,,,63.0,,,229
548,00:00,Flowline,1495.0,DUMMY for old LOT w/ WBM,1.25,,,230
549,06:30,Flowline,1750.0,KCL/PAC/PHPA,1.21,17.0,10.5,230
550,17:00,Flowline,1930.0,KCL/PAC/PHPA,1.22,20.0,10.0,230
551,23:00,,1972.0,KCL/PAC/PHPA,1.3,20.0,10.5,230
552,,,,,52.0,,,230
553,,,,,51.0,,,230
554,,,,,60.0,,,230
555,22:00,Active pit,,KCL/PAC/PHPA,1.31,19.0,9.0,231
556,,,,,58.0,,,231
557,05:00,Flowline,2015.0,KCL/PAC/PHPA,1.3,22.0,9.5,232
558,15:00,Flowline,2300.0,KCL/PAC/PHPA,1.3,26.0,11.5,232
559,23:00,Flowline,2458.0,KCL/PAC/PHPA,1.4,26.0,10.0,232
560,,,,,60.0,,,232
561,,,,,62.0,,,232
562,,,,,60.0,,,232
563,05:00,Flowline,2147.0,KCL/PAC/PHPA,1.31,22.0,10.0,233
564,17:00,Flowline,1480.0,KCL/PAC/PHPA,1.4,22.0,9.0,233
565,22:30,Active pit,,KCL/PAC/PHPA,1.4,22.0,10.0,233
566,,,,,60.0,,,233
567,,,,,60.0,,,233
568,,,,,57.0,,,233
569,04:00,Flowline,253.0,KCL/PAC/PHPA,1.4,27.0,9.0,234
570,10:00,Flowline,2704.0,KCL/PAC/PHPA,1.4,27.0,10.0,234
571,16:30,Flowline,2839.0,KCL/PAC/PHPA,1.4,23.0,9.0,234
572,22:30,Flowline,2922.0,KCL/PAC/PHPA,1.4,31.0,9.5,234
573,,,,,64.0,,,234
574,,,,,60.0,,,234
575,,,,,52.0,,,234
576,,,,,68.0,,,234
577,10:00,Flowline,3017.0,KCL/PAC/PHPA,1.4,24.0,9.5,235
578,23:00,Flowline,2062.0,KCL/PAC/PHPA,1.4,29.0,11.0,235
579,,,,,57.0,,,235
580,,,,,64.0,,,235
581,03:00,Flowline,2970.0,KCL/PAC/PHPA,1.4,29.0,10.0,236
582,13:00,Active pit,,KCL/PAC/PHPA,1.4,28.0,14.0,236
583,22:00,Active pit,,KCL/PAC/PHPA,1.4,19.0,13.5,236
584,,,,,60.0,,,236
585,,,,,85.0,,,236
586,,,,,73.0,,,236
587,03:00,Flowline,1810.0,KCL/PAC/PHPA,1.4,28.0,11.5,237
588,14:30,Flowline,3165.0,KCL/PAC/PHPA,1.4,24.0,15.0,237
589,19:00,Flowline,3221.0,KCL/PAC/PHPA,1.4,24.0,16.5,237
590,,,,,75.0,,,237
591,,,,,75.0,,,237
592,,,,,76.0,,,237
593,00:00,Flowline,3256.0,KCL/PAC/PHPA,1.4,19.0,12.5,238
594,02:30,Flowline,3027.0,KCL/PAC/PHPA,1.4,21.0,14.0,238
595,06:00,Flowline,3256.0,KCL/PAC/PHPA,1.4,19.0,12.5,238
596,10:30,Flowline,3319.0,KCL/PAC/PHPA,1.4,19.0,12.5,238
597,16:30,Flowline,3345.0,KCL/PAC/PHPA,1.4,18.0,12.0,238
598,23:45,Flowline,3095.0,KCL/PAC/PHPA,1.4,21.0,13.5,238
599,,,,,61.0,,,238
600,,,,,72.0,,,238
601,,,,,61.0,,,238
602,,,,,63.0,,,238
603,,,,,68.0,,,238
604,,,,,60.0,,,238
605,09:00,Flowline,2909.0,KCL/PAC/PHPA,1.4,20.0,13.5,239
606,16:00,Flowline,2909.0,KCL/PAC/PHPA,1.4,21.0,13.0,239
607,,,,,70.0,,,239
608,,,,,62.0,,,239
609,01:00,Flowline,2838.0,KCL/PAC/PHPA,1.4,27.0,12.0,240
610,09:00,Flowline,2741.0,KCL/PAC/PHPA,1.4,27.0,10.5,240
611,16:00,Flowline,2741.0,KCL/PAC/PHPA,1.4,33.0,13.5,240
612,23:00,Flowline,2741.0,KCL/PAC/PHPA,1.4,35.0,14.5,240
613,,,,,68.0,,,240
614,,,,,62.0,,,240
615,,,,,68.0,,,240
616,,,,,70.0,,,240
617,22:00,Flowline,2741.0,KCL/PAC/PHPA,1.4,33.0,13.5,241
618,,,,,67.0,,,241
619,21:30,Active pit,3353.0,KCL/PAC/PHPA,1.4,33.0,13.5,242
620,,,,,73.0,,,242
621,19:00,Active pit,,KCL/PAC/PHPA,1.48,44.0,20.0,243
622,,,,,122.0,,,243
623,07:30,Flowline,2220.0,KCL/PAC/PHPA,1.48,39.0,18.0,244
624,16:45,Flowline,1410.0,KCL/PAC/PHPA,1.5,34.0,15.0,244
625,21:30,Active pit,,KCL/PAC/PHPA,1.5,35.0,14.0,244
626,,,,,116.0,,,244
627,,,,,98.0,,,244
628,,,,,94.0,,,244
629,21:00,Active pit,,KCL/PAC/PHPA,1.5,31.0,10.5,245
630,,,,,72.0,,,245
631,00:00,Flowline,,PETROFREE,1.37,49.0,16.5,248
632,06:00,,,PETROFREE,1.37,49.0,16.5,248
633,23:00,,1520.0,PETROFREE,1.4,45.0,14.0,248
634,,,,,120.0,,,248
635,22:00,Active pit,1653.0,PETROFREE,1.4,44.0,14.0,250
636,,,,,120.0,,,250
637,21:00,Active pit,1740.0,PETROFREE,1.4,45.0,12.5,251
638,,,,,116.0,,,251
639,22:00,Flowline,,PETROFREE,1.4,36.0,9.5,252
640,,,,,76.0,,,252
641,21:30,Active pit,,PETROFREE,1.4,36.0,11.5,253
642,,,,,72.0,,,253
643,06:10,Flowline,2559.0,PETROFREE,1.4,36.0,11.0,254
644,15:00,Flowline,2670.0,PETROFREE,1.4,39.0,9.5,254
645,22:00,Flowline,2790.0,PETROFREE,1.4,32.0,10.5,254
646,,,,,75.0,,,254
647,,,,,75.0,,,254
648,,,,,66.0,,,254
649,22:00,Flowline,3018.0,PETROFREE,1.4,38.0,13.0,255
650,,,,,96.0,,,255
651,14:00,Flowline,3018.0,PETROFREE,1.41,31.0,9.5,256
652,22:00,Flowline,3018.0,PETROFREE,1.45,32.0,12.0,256
653,,,,,86.0,,,256
654,,,,,80.0,,,256
655,15:00,Flowline,3018.0,PETROFREE,1.5,42.0,12.0,257
656,22:00,Flowline,3018.0,PETROFREE,1.55,44.0,14.5,257
657,,,,,86.0,,,257
658,,,,,85.0,,,257
659,15:00,Flowline,3018.0,PETROFREE,1.55,47.0,15.5,258
660,22:00,Flowline,3018.0,PETROFREE,1.55,41.0,16.5,258
661,,,,,85.0,,,258
662,,,,,85.0,,,258
663,15:30,Flowline,2387.0,PETROFREE,,41.0,11.5,259
664,22:00,Flowline,1800.0,PETROFREE,1.6,36.0,11.5,259
665,,,,,83.0,,,259
666,,,,,85.0,,,259
667,04:30,Flowline,2636.0,PETROFREE,1.55,39.0,16.5,260
668,21:30,Active pit,,PETROFREE,1.6,39.0,11.5,260
669,,,,,87.0,,,260
670,03:00,Flowline,,PETROFREE,1.6,35.0,11.5,261
671,14:00,Flowline,3018.0,PETROFREE,1.62,39.0,10.5,261
672,22:00,Flowline,3050.0,PETROFREE,1.61,43.0,12.5,261
673,,,,,88.0,,,261
674,,,,,87.0,,,261
675,,,,,92.0,,,261
676,09:00,Flowline,1400.0,PETROFREE,1.62,44.0,12.0,262
677,22:30,Flowline,2310.0,PETROFREE,1.62,43.0,13.0,262
678,,,,,120.0,,,262
679,,,,,120.0,,,262
680,09:00,Active pit,,PETROFREE,1.62,44.0,13.0,263
681,22:00,Active pit,,PETROFREE,1.62,43.0,13.5,263
682,,,,,122.0,,,263
683,,,,,125.0,,,263
684,14:00,Flowline,3090.0,PETROFREE,1.61,46.0,12.5,264
685,16:30,Flowline,3120.0,PETROFREE,1.61,46.0,13.0,264
686,22:30,Flowline,3138.0,PETROFREE,1.61,52.0,13.0,264
687,,,,,100.0,,,264
688,,,,,93.0,,,264
689,,,,,84.0,,,264
690,10:30,Active pit,3141.0,PETROFREE,1.6,49.0,13.5,265
691,21:00,Active pit,3141.0,PETROFREE,1.61,50.0,15.0,265
692,,,,,103.0,,,265
693,,,,,125.0,,,265
694,04:30,Flowline,3158.0,PETROFREE,1.6,50.0,14.0,266
695,22:00,Active pit,3141.0,PETROFREE,1.61,50.0,15.0,266
696,,,,,100.0,,,266
697,,,,,136.0,,,266
698,08:30,Flowline,3180.0,PETROFREE,1.6,54.0,14.0,267
699,15:00,Flowline,3202.0,PETROFREE,1.6,53.0,13.0,267
700,21:00,Flowline,3204.0,PETROFREE,1.6,53.0,13.0,267
701,,,,,112.0,,,267
702,,,,,97.0,,,267
703,,,,,118.0,,,267
704,04:30,Flowline,3167.0,PETROFREE,1.6,56.0,13.0,268
705,09:00,Flowline,3213.0,PETROFREE,1.6,52.0,13.0,268
706,14:00,Flowline,3215.0,PETROFREE,1.6,50.0,14.5,268
707,22:00,Active pit,3215.0,PETROFREE,1.6,49.0,15.0,268
708,,,,,120.0,,,268
709,,,,,100.0,,,268
710,,,,,115.0,,,268
711,,,,,135.0,,,268
712,10:00,Flowline,3220.0,PETROFREE,1.62,50.0,14.0,269
713,15:00,Flowline,3245.0,PETROFREE,1.62,50.0,15.0,269
714,22:30,Active pit,3297.0,PETROFREE,1.6,50.0,15.0,269
715,,,,,108.0,,,269
716,,,,,108.0,,,269
717,,,,,105.0,,,269
718,07:30,Flowline,3321.0,PETROFREE,1.6,50.0,14.0,270
719,12:00,Flowline,3331.0,PETROFREE,1.6,49.0,14.0,270
720,22:00,Flowline,3376.0,PETROFREE,1.6,49.0,13.5,270
721,,,,,109.0,,,270
722,,,,,100.0,,,270
723,,,,,95.0,,,270
724,09:00,Flowline,3467.0,PETROFREE,1.6,50.0,12.5,271
725,15:30,Flowline,3503.0,PETROFREE,1.6,52.0,10.0,271
726,21:00,Flowline,3535.0,PETROFREE,1.6,49.0,12.0,271
727,,,,,102.0,,,271
728,,,,,93.0,,,271
729,,,,,96.0,,,271
730,09:00,Flowline,3561.0,PETROFREE,1.6,50.0,11.0,272
731,13:00,Flowline,3580.0,PETROFREE,1.6,50.0,12.5,272
732,,,,,100.0,,,272
733,,,,,93.0,,,272
734,13:30,Active pit,,PETROFREE,1.62,65.0,18.0,273
735,,,,,270.0,,,273
736,14:00,Active pit,,PETROFREE,1.6,50.0,12.0,274
737,22:30,Flowline,,PETROFREE,1.62,56.0,13.0,274
738,,,,,167.0,,,274
739,,,,,186.0,,,274
740,05:30,Active pit,,PETROFREE,1.6,51.0,12.5,275
741,14:30,Active pit,,PETROFREE,,50.0,12.5,275
742,,,,,195.0,,,275
743,,,,,227.0,,,275
744,05:15,Flowline,3580.0,PETROFREE,1.6,50.0,12.0,276
745,16:25,Flowline,,PETROFREE,1.6,49.0,16.0,276
746,,,,,122.0,,,276
747,,,,,270.0,,,276
748,23:00,Flowline,3580.0,PETROFREE,1.6,52.0,11.5,277
749,,,,,400.0,,,277
750,23:30,Active pit,,PETROFREE,1.56,48.0,9.0,278
751,,,,,145.0,,,278
752,20:00,Active pit,3580.0,PETROFREE,1.56,48.0,9.0,279
753,,,,,145.0,,,279
754,21:00,Active pit,3580.0,PETROFREE,1.56,48.0,9.0,280
755,,,,,145.0,,,280
756,18:00,Active pit,,PETROFREE,1.54,44.0,8.0,281
757,,,,,190.0,,,281
758,22:30,Flowline,3580.0,PETROFREE,1.55,55.0,11.0,282
759,,,,,113.0,,,282
760,,,,,,,9.625,282
761,,,,,,,53.5,282
762,,,,,,,-95.0,282
763,,,,,,,3464.3,282
764,,,,,,,105.0,282
765,,,,,,,3569.3,282
766,21:30,Flowline,3337.0,PETROFREE,1.55,60.0,10.5,283
767,,,,,120.0,,,283
768,23:15,Flowline,3580.0,PETROFREE,1.55,68.0,13.5,284
769,,,,,125.0,,,284
770,02:30,Flowline,3422.0,PETROFREE,1.56,64.0,11.5,285
771,21:00,Flowline,3580.0,PETROFREE,1.55,73.0,14.5,285
772,,,,,145.0,,,285
773,,,,,200.0,,,285
774,22:00,Flowline,3580.0,PETROFREE,1.56,72.0,13.0,286
775,,,,,265.0,,,286
776,03:00,Flowline,3580.0,PETROFREE,1.55,72.0,13.0,287
777,22:30,Flowline,3580.0,PETROFREE,1.55,81.0,16.0,287
778,,,,,240.0,,,287
779,,,,,200.0,,,287
780,19:00,Active pit,3580.0,PETROFREE,1.55,47.0,7.0,288
781,,,,,230.0,,,288
782,22:00,Active pit,3230.0,PETROFREE,1.56,65.0,10.0,289
783,,,,,280.0,,,289
784,19:00,Active pit,3230.0,PETROFREE,1.56,65.0,10.0,290
785,,,,,280.0,,,290
786,10:00,Active pit,,PETROFREE,1.56,65.0,10.0,291
787,,,,,280.0,,,291
788,22:00,,,PETROFREE,1.4,,,295
789,,,,,120.0,,,295
790,16:00,Active pit,,PETROFREE,1.4,40.0,7.0,296
791,00:00,Active pit,,PETROFREE,1.4,40.0,7.0,298
792,06:00,Active pit,,PETROFREE,1.4,40.0,7.0,298
793,22:00,Active pit,,PETROFREE,1.4,40.0,7.0,298
794,19:00,Active pit,,PETROFREE,1.4,40.0,7.0,299
795,21:00,Active pit,,PETROFREE,1.4,40.0,7.0,300
796,06:00,Active pit,,PETROFREE,1.4,40.0,7.0,302
797,22:00,Active pit,3595.0,PETROFREE,1.4,42.0,11.0,302
798,,,,,112.0,,,302
799,00:00,Flowline,3569.0,DUMMY for old LOT w/ OBM,1.39,,,303
800,22:30,,3643.0,PETROFREE,1.4,40.0,11.5,303
801,,,,,95.0,,,303
802,17:00,Flowline,3645.0,PETROFREE,1.41,41.0,11.5,304
803,,,,,175.0,,,304
804,23:00,Flowline,3743.0,PETROFREE,1.4,35.0,12.5,305
805,,,,,88.0,,,305
806,23:00,Flowline,3875.0,PETROFREE,1.4,36.0,12.0,306
807,,,,,116.0,,,306
808,23:00,Flowline,3948.0,PETROFREE,1.41,38.0,13.0,307
809,,,,,85.0,,,307
810,21:00,Active pit,3955.0,PETROFREE,1.42,36.0,13.5,308
811,,,,,180.0,,,308
812,23:00,Flowline,4070.0,PETROFREE,1.4,39.0,15.5,309
813,,,,,90.0,,,309
814,06:30,Flowline,4146.0,PETROFREE,1.4,43.0,13.5,310
815,15:00,Flowline,4220.0,PETROFREE,1.4,38.0,11.5,310
816,22:00,Flowline,4280.0,PETROFREE,1.4,40.0,11.5,310
817,,,,,90.0,,,310
818,,,,,85.0,,,310
819,,,,,83.0,,,310
820,22:00,Active pit,4328.0,PETROFREE,1.4,41.0,12.0,311
821,,,,,130.0,,,311
822,06:00,Flowline,4328.0,PETROFREE,1.4,39.0,12.0,312
823,10:00,Flowline,4354.0,PETROFREE,1.4,35.0,9.5,312
824,,,,,88.0,,,312
825,,,,,115.0,,,312
826,04:00,Flowline,4330.0,PETROFREE,1.4,41.0,12.5,313
827,12:30,Flowline,3500.0,PETROFREE,1.4,38.0,12.5,313
828,16:30,Flowline,4355.0,PETROFREE,1.4,35.0,11.5,313
829,22:00,Flowline,4383.0,PETROFREE,1.4,37.0,11.5,313
830,,,,,130.0,,,313
831,,,,,135.0,,,313
832,,,,,120.0,,,313
833,,,,,114.0,,,313
834,22:00,Active pit,4383.0,PETROFREE,1.4,38.0,12.0,314
835,,,,,100.0,,,314
836,14:00,Flowline,4355.0,PETROFREE,1.4,37.0,10.5,315
837,22:00,Active pit,4439.0,PETROFREE,1.4,36.0,10.5,315
838,,,,,96.0,,,315
839,,,,,86.0,,,315
840,22:15,Flowline,4618.0,PETROFREE,1.4,33.0,11.0,316
841,,,,,73.0,,,316
842,13:10,Flowline,4630.0,PETROFREE,1.41,34.0,10.0,317
843,,,,,70.0,,,317
844,01:45,Flowline,4640.0,PETROFREE,1.41,34.0,11.0,318
845,22:30,Active pit,4641.0,PETROFREE,1.41,34.0,10.0,318
846,,,,,72.0,,,318
847,,,,,84.0,,,318
848,22:00,Active pit,4641.0,PETROFREE,1.41,33.0,11.5,319
849,,,,,120.0,,,319
850,19:15,Flowline,4641.0,PETROFREE,1.43,50.0,20.0,320
851,21:00,,,PETROFREE,1.42,47.0,13.5,320
852,22:45,,,PETROFREE,1.42,44.0,12.0,320
853,,,,,200.0,,,320
854,,,,,118.0,,,320
855,,,,,102.0,,,320
856,13:10,Flowline,3547.0,PETROFREE,1.4,37.0,10.5,321
857,,,,,110.0,,,321
858,05:00,Flowline,4415.0,PETROFREE,1.43,38.0,12.0,322
859,22:15,Active pit,4641.0,PETROFREE,1.41,37.0,10.5,322
860,,,,,100.0,,,322
861,,,,,220.0,,,322
862,13:00,Active pit,4638.0,PETROFREE,1.4,35.0,9.0,323
863,15:00,Active pit,4638.0,PETROFREE,1.4,36.0,6.0,323
864,22:00,Active pit,,PETROFREE,1.41,49.0,10.0,323
865,,,,,118.0,,,323
866,,,,,115.0,,,323
867,21:00,Active pit,1837.0,PETROFREE,1.41,48.0,11.0,324
868,,,,,119.0,,,324
869,22:00,Active pit,4297.0,PETROFREE,1.41,49.0,11.0,325
870,,,,,150.0,,,325
871,12:00,Active pit,4638.0,PETROFREE,1.42,69.0,18.0,326
872,16:30,Flowline,4638.0,PETROFREE,1.42,47.0,8.5,326
873,20:00,Flowline,4638.0,PETROFREE,1.42,48.0,12.0,326
874,,,,,125.0,,,326
875,,,,,145.0,,,326
876,22:00,,2920.0,PETROFREE,1.42,48.0,12.0,327
877,,,,,160.0,,,327
878,21:00,Active pit,4641.0,PETROFREE,1.43,48.0,12.0,328
879,,,,,200.0,,,328
880,21:00,Active pit,,PETROFREE,1.43,52.0,10.0,329
881,,,,,150.0,,,329
882,21:00,Active pit,,PETROFREE,1.43,52.0,10.0,330
883,,,,,180.0,,,330
884,06:00,Active pit,,BRINE,1.15,,,332
885,00:00,Active pit,,BRINE,1.15,,,333
886,06:00,Active pit,,BRINE,1.15,,,333
887,00:00,Active pit,,BRINE,1.15,,,334
888,06:00,Active pit,,BRINE,1.15,,,334
889,00:00,Active pit,,BRINE,1.15,,,335
890,06:00,Active pit,,BRINE,1.15,,,335
891,00:00,Active pit,,BRINE,1.15,,,336
892,06:00,Active pit,,BRINE,1.15,,,336
893,01:00,,,BRINE,1.15,,,337
894,01:00,,,BRINE,1.15,,,338
895,06:00,,,BRINE,1.15,,,339
896,06:00,,,BRINE,1.15,,,340
897,06:00,,,BRINE,1.15,,,341
898,06:00,,,BRINE,1.15,,,342
899,06:00,,,BRINE,1.15,,,343
900,06:00,,,BRINE,1.15,,,344
901,06:00,,,BRINE,1.15,,,345
902,00:00,,,BRINE,1.15,,,346
903,06:00,,,BRINE,1.15,,,346
904,23:00,,,BRINE,1.15,,,346
905,23:00,,,BRINE,1.15,,,347
906,23:00,,,BRINE,1.15,,,348
907,23:00,,,BRINE,1.15,,,349
908,23:00,,,BRINE,1.15,,,350
909,23:00,,,BRINE,1.15,,,351
910,23:00,,,BRINE,1.15,,,352
911,23:00,,,BRINE,1.15,,,353
912,23:00,,,BRINE,1.15,,,354
913,23:00,,,BRINE,1.15,,,355
914,23:00,,,BRINE,1.15,,,356
915,23:00,,,BRINE,1.15,,,357
916,20:00,Active pit,4340.0,BENTONITE/FW,1.38,6.0,23.0,358
917,,,,,49.0,,,358
918,23:30,Active pit,,BENTONITE/FW,1.38,7.0,23.0,359
919,,,,,49.0,,,359
920,19:00,Active pit,,BENTONITE/FW,1.38,7.0,23.0,360
921,,,,,49.0,,,360
922,22:45,Active pit,4560.0,BENTONITE/FW,1.39,10.0,24.0,361
923,,,,,52.0,,,361
924,22:30,Active pit,4305.0,BENTONITE/FW,1.38,10.0,24.0,362
925,,,,,46.0,,,362
926,19:00,Active pit,,BENTONITE/FW,1.38,9.0,25.0,363
927,,,,,45.0,,,363
928,22:00,Active pit,,BENTONITE/FW,1.38,9.0,25.0,364
929,,,,,45.0,,,364
930,05:00,Active pit,,SEAWATER/BENT.,1.38,7.0,13.0,370
931,23:00,Active pit,,SEAWATER/BENT.,1.38,8.0,13.0,370
932,12:00,Active pit,,SEAWATER/BENT.,1.38,7.0,24.5,371
933,23:00,Active pit,,SEAWATER/BENT.,1.38,8.0,24.0,371
934,,,,,160.0,,,371
935,,,,,54.0,,,371
936,05:00,Active pit,,SEAWATER/BENT.,1.38,8.0,22.0,372
937,06:01,Active pit,401.0,SEAWATER/BENT.,1.37,8.0,20.5,372
938,20:00,Active pit,3259.0,SEAWATER/BENT.,1.36,8.0,20.5,372
939,,,,,54.0,,,372
940,,,,,46.0,,,372
941,,,,,42.0,,,372
942,15:00,Active pit,150.0,Spud Mud,1.05,,,376
943,,,,,89.0,,,376
944,21:00,Reserve pit,207.0,Spud Mud,1.05,,,377
945,,,,,105.0,,,377
946,21:00,Reserve pit,207.0,Spud Mud,1.05,,,378
947,,,,,105.0,,,378
948,23:59,Reserve pit,207.0,Spud Mud,1.05,,,379
949,,,,,,,6.0,379
950,,,,,,,6.0,379
951,,,,,,,12.0,379
952,,,,,,,12.0,379
953,,,,,,,30.0,379
954,,,,,,,30.0,379
955,,,,,,,456.6,379
956,,,,,,,309.7,379
957,,,,,,,-65.0,379
958,,,,,,,-52.0,379
959,,,,,,,-4.0,379
960,,,,,,,-2.0,379
961,,,,,,,25.4,379
962,,,,,,,36.6,379
963,,,,,,,139.7,379
964,,,,,,,165.1,379
965,,,,,,,165.1,379
966,,,,,,,201.7,379
967,,,,,,,36.0,379
968,,,,,,,36.0,379
969,20:00,Reserve pit,207.0,KCl/Polymer/Glycol,1.4,,,380
970,21:00,Reserve pit,207.0,Spud Mud,1.05,,,380
971,23:00,Reserve pit,316.0,Spud Mud,1.05,,,381
972,23:00,Reserve pit,573.0,Spud Mud,1.05,,,382
973,20:00,Reserve pit,1105.0,Spud Mud,1.05,,,383
974,16:00,Reserve pit,1400.0,KCl/Polymer/Glycol,1.41,,,384
975,22:00,Reserve pit,1400.0,Spud Mud,1.05,,,384
976,04:00,Reserve pit,1400.0,OBM-Standard,1.4,20.0,5.0,390
977,,,,,,,120.0,390
978,04:00,Reserve pit,1400.0,OBM-Standard,1.4,20.0,5.0,391
979,16:00,Reserve pit,1400.0,OBM-Standard,1.4,20.0,5.0,391
980,,,,,,,120.0,391
981,,,,,,,120.0,391
982,04:00,Flowline,1359.0,OBM-Standard,1.39,22.0,7.0,392
983,16:00,Flowline,1403.0,OBM-Standard,1.4,26.0,9.0,392
984,20:00,Flowline,1450.0,OBM-Standard,1.46,29.0,11.5,392
985,,,,,,,120.0,392
986,,,,,,,120.0,392
987,,,,,,,120.0,392
988,04:00,Active pit,1463.0,OBM-Standard,1.47,29.0,11.5,393
989,23:00,Flowline,1479.0,OBM-Standard,1.51,29.0,11.5,393
990,,,,,,,120.0,393
991,,,,,,,120.0,393
992,04:00,Flowline,1530.0,OBM-Standard,1.51,30.0,14.0,394
993,10:00,Flowline,1601.0,OBM-Standard,1.51,31.0,15.0,394
994,17:00,Flowline,1711.0,OBM-Standard,1.51,32.0,15.5,394
995,22:00,Flowline,1781.0,OBM-Standard,1.51,31.0,16.5,394
996,,,,,,,120.0,394
997,,,,,,,120.0,394
998,,,,,,,120.0,394
999,,,,,,,120.0,394
1000,04:30,Flowline,1861.0,OBM-Standard,1.51,34.0,16.0,395
1001,10:00,Flowline,1944.0,OBM-Standard,1.51,33.0,16.0,395
1002,16:00,Flowline,2030.0,OBM-Standard,1.51,27.0,15.0,395
1003,21:30,Flowline,2049.0,OBM-Standard,1.51,30.0,13.5,395
1004,,,,,,,120.0,395
1005,,,,,,,120.0,395
1006,,,,,,,120.0,395
1007,,,,,,,120.0,395
1008,04:00,Flowline,2131.0,OBM-Standard,1.51,30.0,13.5,396
1009,10:00,Flowline,2235.0,OBM-Standard,1.51,32.0,13.0,396
1010,16:00,Flowline,2325.0,OBM-Standard,1.51,32.0,14.0,396
1011,21:30,Flowline,2385.0,OBM-Standard,1.51,34.0,13.0,396
1012,,,,,,,120.0,396
1013,,,,,,,120.0,396
1014,,,,,,,120.0,396
1015,,,,,,,120.0,396
1016,04:00,Flowline,2447.0,OBM-Standard,1.51,36.0,15.5,397
1017,10:00,Flowline,2527.0,OBM-Standard,1.51,37.0,14.5,397
1018,16:00,Flowline,2593.0,OBM-Standard,1.51,32.0,13.0,397
1019,20:00,Flowline,2616.0,OBM-Standard,1.51,39.0,16.0,397
1020,,,,,,,120.0,397
1021,,,,,,,120.0,397
1022,,,,,,,120.0,397
1023,,,,,,,120.0,397
1024,04:00,Flowline,2616.0,OBM-Standard,1.51,37.0,13.0,398
1025,14:00,Flowline,2616.0,OBM-Standard,1.51,32.0,11.5,398
1026,21:00,Flowline,2616.0,OBM-Standard,1.51,31.0,10.5,398
1027,,,,,,,120.0,398
1028,,,,,,,120.0,398
1029,,,,,,,120.0,398
1030,04:00,Flowline,2616.0,OBM-Standard,1.51,31.0,9.0,399
1031,10:00,Flowline,2616.0,OBM-Standard,1.51,37.0,11.5,399
1032,16:00,Flowline,2616.0,OBM-Standard,1.51,42.0,13.0,399
1033,20:00,Flowline,2616.0,OBM-Standard,1.51,41.0,14.0,399
1034,,,,,,,120.0,399
1035,,,,,,,120.0,399
1036,,,,,,,120.0,399
1037,,,,,,,120.0,399
1038,04:00,Active pit,2616.0,OBM-Standard,1.51,41.0,14.0,400
1039,22:30,Flowline,2616.0,OBM-Standard,1.51,40.0,14.5,400
1040,,,,,,,120.0,400
1041,,,,,,,120.0,400
1042,10:00,Flowline,2616.0,OBM-Standard,1.51,40.0,14.5,401
1043,21:00,Active pit,2616.0,OBM-Standard,1.51,37.0,12.5,401
1044,,,,,,,120.0,401
1045,,,,,,,120.0,401
1046,10:00,Flowline,2616.0,OBM-Standard,1.51,38.0,13.0,402
1047,23:00,Active pit,2616.0,OBM-Standard,1.51,40.0,16.0,402
1048,,,,,,,120.0,402
1049,,,,,,,120.0,402
1050,08:30,Active pit,2616.0,OBM-Standard,1.51,38.0,13.5,403
1051,20:00,Active pit,2616.0,OBM-Standard,1.51,44.0,11.0,403
1052,,,,,,,120.0,403
1053,,,,,,,120.0,403
1054,10:00,Active pit,2616.0,OBM-Standard,1.51,41.0,14.0,404
1055,23:00,Active pit,2616.0,OBM-Standard,1.51,44.0,11.0,404
1056,,,,,,,120.0,404
1057,,,,,,,120.0,404
1058,10:00,Active pit,2616.0,OBM-Standard,1.51,43.0,13.5,405
1059,23:00,Active pit,2616.0,OBM-Standard,1.3,26.0,6.0,405
1060,,,,,,,120.0,405
1061,,,,,,,120.0,405
1062,09:00,Flowline,2616.0,Enviromul Yellow,1.3,25.0,7.5,406
1063,15:30,Flowline,2619.0,Enviromul Yellow,1.3,26.0,7.0,406
1064,17:30,Flowline,2644.0,Enviromul Yellow,1.3,24.0,8.5,406
1065,23:30,Active pit,2760.0,Enviromul Yellow,1.3,24.0,9.5,406
1066,,,,,,,120.0,406
1067,,,,,,,120.0,406
1068,,,,,,,120.0,406
1069,,,,,,,120.0,406
1070,03:00,Flowline,2821.0,Enviromul Yellow,1.3,24.0,10.0,407
1071,16:00,Active pit,2821.0,Enviromul Yellow,1.3,24.0,10.5,407
1072,22:30,Active pit,2644.0,Enviromul Yellow,1.3,24.0,10.0,407
1073,,,,,,,120.0,407
1074,,,,,,,120.0,407
1075,,,,,,,120.0,407
1076,03:30,Flowline,2821.0,Enviromul Yellow,1.3,25.0,10.0,408
1077,10:30,Flowline,2821.0,Enviromul Yellow,1.3,26.0,8.5,408
1078,15:45,Active pit,2644.0,Enviromul Yellow,1.3,26.0,7.5,408
1079,21:30,Flowline,3164.0,Enviromul Yellow,1.3,25.0,9.5,408
1080,,,,,,,120.0,408
1081,,,,,,,120.0,408
1082,,,,,,,120.0,408
1083,,,,,,,120.0,408
1084,02:30,Flowline,3250.0,Enviromul Yellow,1.3,25.0,8.5,409
1085,11:00,Flowline,3293.0,Enviromul Yellow,1.3,22.0,10.0,409
1086,16:00,Flowline,3298.0,Enviromul Yellow,1.3,22.0,9.0,409
1087,21:00,Flowline,3305.0,Enviromul Yellow,1.3,24.0,9.0,409
1088,,,,,,,120.0,409
1089,,,,,,,120.0,409
1090,,,,,,,120.0,409
1091,,,,,,,120.0,409
1092,02:00,Flowline,3250.0,Enviromul Yellow,1.3,19.0,9.0,410
1093,10:30,Flowline,3318.0,Enviromul Yellow,1.3,22.0,9.0,410
1094,16:00,Active pit,3319.0,Enviromul Yellow,1.3,21.0,9.5,410
1095,21:00,Active pit,3320.0,Enviromul Yellow,1.3,22.0,9.0,410
1096,,,,,,,120.0,410
1097,,,,,,,120.0,410
1098,,,,,,,120.0,410
1099,,,,,,,120.0,410
1100,11:00,Active pit,3320.0,Enviromul Yellow,1.31,23.0,9.5,411
1101,17:00,Flowline,3320.0,Enviromul Yellow,1.3,23.0,10.0,411
1102,21:00,Flowline,3320.0,Enviromul Yellow,1.3,20.0,10.0,411
1103,,,,,,,120.0,411
1104,,,,,,,120.0,411
1105,,,,,,,120.0,411
1106,04:00,Flowline,3320.0,Enviromul Yellow,1.3,20.0,9.5,412
1107,10:30,Flowline,3284.0,Enviromul Yellow,1.3,24.0,9.5,412
1108,16:30,Flowline,3364.0,Enviromul Yellow,1.3,24.0,10.0,412
1109,21:00,Flowline,3401.0,Enviromul Yellow,1.3,23.0,9.5,412
1110,,,,,,,120.0,412
1111,,,,,,,120.0,412
1112,,,,,,,120.0,412
1113,,,,,,,120.0,412
1114,03:00,Flowline,3429.0,Enviromul Yellow,1.3,24.0,10.0,413
1115,11:00,Flowline,3425.0,Enviromul Yellow,1.31,27.0,11.0,413
1116,14:00,Flowline,3442.0,Enviromul Yellow,1.3,24.0,11.5,413
1117,22:00,Active pit,3442.0,Enviromul Yellow,1.3,24.0,11.0,413
1118,,,,,,,120.0,413
1119,,,,,,,120.0,413
1120,,,,,,,120.0,413
1121,,,,,,,120.0,413
1122,04:00,Active pit,3442.0,Enviromul Yellow,1.3,24.0,11.0,414
1123,14:00,Active pit,3442.0,Enviromul Yellow,1.3,24.0,11.0,414
1124,22:30,Active pit,3442.0,Enviromul Yellow,1.3,24.0,11.0,414
1125,,,,,,,120.0,414
1126,,,,,,,120.0,414
1127,,,,,,,120.0,414
1128,16:00,Active pit,3442.0,Enviromul Yellow,1.3,25.0,10.5,415
1129,22:30,Active pit,3442.0,Enviromul Yellow,1.3,24.0,11.0,415
1130,,,,,,,120.0,415
1131,,,,,,,120.0,415
1132,,,,,,,1.0,415
1133,,,,,,,12.0,415
1134,,,,,,,9.625,415
1135,,,,,,,8.535,415
1136,,,,,,,53.5,415
1137,,,,,,,-95.0,415
1138,,,,,,,934.0,415
1139,,,,,,,2507.0,415
1140,,,,,,,3441.0,415
1141,,,,,,,12.0,415
1142,10:00,Active pit,3442.0,Enviromul Yellow,1.3,24.0,10.0,416
1143,21:00,Active pit,3442.0,Enviromul Yellow,1.3,24.0,10.0,416
1144,,,,,,,120.0,416
1145,10:00,Active pit,3442.0,Enviromul Yellow,1.3,25.0,9.5,417
1146,23:00,Active pit,3442.0,Enviromul Yellow,1.3,24.0,10.0,417
1147,,,,,,,120.0,417
1148,,,,,,,120.0,417
1149,14:00,Active pit,3442.0,Enviromul Yellow,1.3,25.0,9.5,418
1150,23:00,Active pit,3442.0,Enviromul Yellow,1.3,27.0,10.0,418
1151,,,,,,,120.0,418
1152,03:00,Active pit,3422.0,Enviromul Yellow,1.3,27.0,10.0,419
1153,09:00,Flowline,3442.0,Enviromul Yellow,1.3,29.0,10.5,419
1154,15:00,Active pit,3446.0,Enviromul Yellow,1.3,28.0,10.0,419
1155,23:30,Active pit,3461.0,Enviromul Yellow,1.31,31.0,11.0,419
1156,,,,,,,120.0,419
1157,,,,,,,120.0,419
1158,,,,,,,120.0,419
1159,,,,,,,120.0,419
1160,03:00,Active pit,3467.0,Enviromul Yellow,1.31,31.0,10.0,420
1161,09:15,Flowline,3475.0,Enviromul Yellow,1.3,29.0,10.5,420
1162,15:00,Active pit,3491.0,Enviromul Yellow,1.3,28.0,10.5,420
1163,23:30,Active pit,3515.0,Enviromul Yellow,1.31,28.0,10.5,420
1164,,,,,,,120.0,420
1165,,,,,,,120.0,420
1166,,,,,,,120.0,420
1167,,,,,,,120.0,420
1168,04:00,Active pit,3539.0,Enviromul Yellow,1.31,27.0,10.5,421
1169,09:00,Active pit,3550.0,Enviromul Yellow,1.31,27.0,10.5,421
1170,15:00,Active pit,3565.0,Enviromul Yellow,1.31,29.0,11.0,421
1171,21:00,Active pit,3580.0,Enviromul Yellow,1.31,29.0,10.5,421
1172,,,,,,,120.0,421
1173,,,,,,,120.0,421
1174,,,,,,,120.0,421
1175,,,,,,,120.0,421
1176,04:30,Active pit,3597.0,Enviromul Yellow,1.31,29.0,10.5,422
1177,10:00,Active pit,3605.0,Enviromul Yellow,1.3,29.0,10.0,422
1178,14:00,Active pit,3615.0,Enviromul Yellow,1.3,29.0,10.0,422
1179,21:00,Active pit,3640.0,Enviromul Yellow,1.3,30.0,12.0,422
1180,,,,,,,120.0,422
1181,,,,,,,120.0,422
1182,,,,,,,120.0,422
1183,,,,,,,120.0,422
1184,03:00,Active pit,3660.0,Enviromul Yellow,1.31,28.0,10.5,423
1185,09:30,Active pit,3690.0,Enviromul Yellow,1.3,28.0,11.0,423
1186,15:00,Active pit,3695.0,Enviromul Yellow,1.3,32.0,13.0,423
1187,,,,,,,120.0,423
1188,,,,,,,120.0,423
1189,,,,,,,120.0,423
1190,16:00,Active pit,3700.0,Enviromul Yellow,1.31,32.0,12.0,424
1191,21:00,Active pit,3745.0,Enviromul Yellow,1.31,32.0,12.0,424
1192,,,,,,,150.0,424
1193,,,,,,,150.0,424
1194,03:00,Active pit,3850.0,Enviromul Yellow,1.31,29.0,12.5,425
1195,10:30,Active pit,3926.0,Enviromul Yellow,1.31,30.0,12.0,425
1196,15:00,Active pit,4018.0,Enviromul Yellow,1.31,31.0,12.0,425
1197,21:00,Active pit,4102.0,Enviromul Yellow,1.31,34.0,12.5,425
1198,,,,,,,150.0,425
1199,,,,,,,150.0,425
1200,,,,,,,150.0,425
1201,03:00,Active pit,4210.0,Enviromul Yellow,1.31,32.0,14.0,426
1202,09:00,Active pit,4306.0,Enviromul Yellow,1.31,34.0,12.5,426
1203,15:00,Active pit,4370.0,Enviromul Yellow,1.31,34.0,12.5,426
1204,21:00,Active pit,4485.0,Enviromul Yellow,1.31,33.0,13.0,426
1205,,,,,,,120.0,426
1206,,,,,,,120.0,426
1207,,,,,,,120.0,426
1208,,,,,,,120.0,426
1209,03:00,Active pit,4548.0,Enviromul Yellow,1.31,32.0,14.0,427
1210,09:00,Active pit,4549.0,Enviromul Yellow,1.31,32.0,14.0,427
1211,16:00,Active pit,4549.0,Enviromul Yellow,1.31,35.0,12.0,427
1212,21:00,Flowline,4620.0,Enviromul Yellow,1.31,36.0,12.5,427
1213,,,,,,,120.0,427
1214,,,,,,,120.0,427
1215,,,,,,,120.0,427
1216,,,,,,,120.0,427
1217,03:00,Active pit,4717.0,Enviromul Yellow,1.31,29.0,12.0,428
1218,16:00,Active pit,4908.0,Enviromul Yellow,1.32,32.0,13.0,428
1219,21:00,Flowline,4908.0,Enviromul Yellow,1.32,32.0,13.0,428
1220,,,,,,,120.0,428
1221,,,,,,,120.0,428
1222,,,,,,,120.0,428
1223,10:30,Active pit,,Enviromul Yellow,1.32,32.0,12.5,429
1224,21:00,Active pit,,Enviromul Yellow,1.32,32.0,12.5,429
1225,,,,,,,120.0,429
1226,,,,,,,120.0,429
1227,09:00,Active pit,,Enviromul Yellow,1.32,32.0,12.5,430
1228,21:00,Active pit,,Enviromul Yellow,1.32,32.0,12.5,430
1229,,,,,,,120.0,430
1230,,,,,,,120.0,430
1231,09:00,Active pit,4911.0,Enviromul Yellow,1.32,32.0,12.5,431
1232,21:00,Active pit,4911.0,Enviromul Yellow,1.32,32.0,10.0,431
1233,,,,,,,120.0,431
1234,,,,,,,120.0,431
1235,04:00,Flowline,4958.0,Enviromul Yellow,1.32,30.0,11.0,432
1236,09:00,Active pit,4958.0,Enviromul Yellow,1.32,30.0,11.0,432
1237,21:00,Active pit,5225.0,Enviromul Yellow,1.32,34.0,12.0,432
1238,,,,,,,120.0,432
1239,,,,,,,120.0,432
1240,,,,,,,120.0,432
1241,05:00,Flowline,5308.0,Enviromul Yellow,1.32,36.0,11.5,433
1242,10:00,Active pit,5305.0,Enviromul Yellow,1.32,36.0,11.5,433
1243,21:00,Active pit,5331.0,Enviromul Yellow,1.32,37.0,15.0,433
1244,,,,,,,120.0,433
1245,,,,,,,120.0,433
1246,,,,,,,120.0,433
1247,05:00,Flowline,5331.0,Enviromul Yellow,1.32,337.0,-135.0,434
1248,21:00,Active pit,5331.0,Enviromul Yellow,1.32,37.0,15.0,434
1249,,,,,,,120.0,434
1250,,,,,,,120.0,434
1251,08:00,Active pit,5331.0,Enviromul Yellow,1.33,38.0,13.0,435
1252,20:00,Flowline,5331.0,Enviromul Yellow,1.35,38.0,14.0,435
1253,,,,,,,120.0,435
1254,,,,,,,120.0,435
1255,03:00,Flowline,5331.0,Enviromul Yellow,1.34,33.0,13.5,436
1256,09:00,Flowline,5331.0,Enviromul Yellow,1.33,33.0,13.0,436
1257,23:00,Active pit,5331.0,Enviromul Yellow,1.33,34.0,12.0,436
1258,,,,,,,120.0,436
1259,,,,,,,120.0,436
1260,,,,,,,120.0,436
1261,06:00,Reserve pit,3240.0,Enviromul Yellow,1.34,47.0,16.5,437
1262,14:00,Active pit,3240.0,Enviromul Yellow,1.33,34.0,12.0,437
1263,23:00,Active pit,3240.0,Enviromul Yellow,1.33,34.0,12.0,437
1264,,,,,,,120.0,437
1265,,,,,,,120.0,437
1266,,,,,,,120.0,437
1267,10:00,Active pit,2400.0,Enviromul Yellow,1.33,34.0,12.5,438
1268,22:00,Active pit,2400.0,Enviromul Yellow,1.33,34.0,12.0,438
1269,,,,,,,120.0,438
1270,,,,,,,120.0,438
1271,,,,,,,1235.1,438
1272,,,,,,,1199.1,438
1273,,,,,,,2591.1,438
1274,,,,,,,2276.1,438
1275,,,,,,,3266.1,438
1276,,,,,,,2632.1,438
1277,,,,,,,5065.0,438
1278,,,,,,,2859.0,438
1279,,,,,,,5204.0,438
1280,,,,,,,2944.0,438
1281,,,,,,,890.0,438
1282,,,,,,,877.0,438
1283,,,,,,,890.1,438
1284,,,,,,,877.1,438
1285,10:00,Active pit,1590.0,Enviromul Yellow,1.33,35.0,11.0,439
1286,23:30,Active pit,1590.0,Enviromul Yellow,1.51,39.0,13.0,439
1287,,,,,,,120.0,439
1288,,,,,,,120.0,439
1289,10:00,Active pit,1590.0,Enviromul Yellow,1.51,39.0,12.5,440
1290,22:00,Active pit,1590.0,Enviromul Yellow,1.51,38.0,13.5,440
1291,,,,,,,120.0,440
1292,,,,,,,120.0,440
1293,14:00,Reserve pit,1590.0,Enviromul Yellow,1.51,40.0,11.5,441
1294,22:00,Active pit,1590.0,Enviromul Yellow,1.51,38.0,13.0,441
1295,,,,,,,120.0,441
1296,,,,,,,120.0,441
1297,09:00,Active pit,1590.0,Enviromul Yellow,1.51,39.0,12.5,442
1298,22:00,Active pit,1590.0,Enviromul Yellow,1.51,38.0,13.5,442
1299,,,,,,,120.0,442
1300,,,,,,,120.0,442
1301,11:00,Active pit,1205.0,Enviromul Yellow,1.5,41.0,11.5,443
1302,22:30,Active pit,1205.0,Enviromul Yellow,1.5,42.0,15.0,443
1303,,,,,,,120.0,443
1304,,,,,,,120.0,443
1305,10:00,Reserve pit,1205.0,Enviromul Yellow,1.5,41.0,15.0,444
1306,22:00,Reserve pit,1205.0,Packer fluid,1.03,,,444
1307,,,,,,,120.0,444
1308,22:00,Active pit,0.0,Packer fluid,1.03,,,445
1309,22:00,Active pit,0.0,Packer fluid,1.03,,,446
1310,20:00,Active pit,165.0,Spud mud,1.03,,,447
1311,,,,,120.0,,,447
1312,10:00,Reserve pit,207.0,Spud Mud,1.4,,,448
1313,20:00,Active pit,165.0,Spud mud,1.03,,,448
1314,,,,,100.0,,,448
1315,,,,,120.0,,,448
1316,10:00,Reserve pit,207.0,Spud Mud,1.4,,,449
1317,20:00,Active pit,165.0,Spud mud,1.03,,,449
1318,,,,,100.0,,,449
1319,,,,,120.0,,,449
1320,10:00,Reserve pit,207.0,Spud Mud,1.4,,,450
1321,20:00,Active pit,165.0,Spud mud,1.03,,,450
1322,,,,,100.0,,,450
1323,,,,,120.0,,,450
1324,10:00,Reserve pit,207.0,Spud Mud,1.4,,,451
1325,20:00,Active pit,165.0,Spud mud,1.03,,,451
1326,,,,,100.0,,,451
1327,,,,,120.0,,,451
1328,10:00,Reserve pit,207.0,Spud Mud,1.4,,,452
1329,20:00,Active pit,165.0,Spud mud,1.03,,,452
1330,,,,,100.0,,,452
1331,,,,,120.0,,,452
1332,10:00,Reserve pit,207.0,Spud Mud,1.4,,,453
1333,20:00,Active pit,165.0,Spud mud,1.03,,,453
1334,,,,,100.0,,,453
1335,,,,,120.0,,,453
1336,,,,,,,30.0,453
1337,,,,,,,30.0,453
1338,,,,,,,30.0,453
1339,,,,,,,30.0,453
1340,,,,,,,30.0,453
1341,,,,,,,30.0,453
1342,,,,,,,27.0,453
1343,,,,,,,28.0,453
1344,,,,,,,28.0,453
1345,,,,,,,27.0,453
1346,,,,,,,27.0,453
1347,,,,,,,457.0,453
1348,,,,,,,309.7,453
1349,,,,,,,309.7,453
1350,,,,,,,309.7,453
1351,,,,,,,457.0,453
1352,,,,,,,457.0,453
1353,,,,,,,-56.0,453
1354,,,,,,,-52.0,453
1355,,,,,,,-52.0,453
1356,,,,,,,-52.0,453
1357,,,,,,,-56.0,453
1358,,,,,,,-56.0,453
1359,,,,,,,-4.0,453
1360,,,,,,,-2.0,453
1361,,,,,,,-2.0,453
1362,,,,,,,-2.0,453
1363,,,,,,,-4.0,453
1364,,,,,,,-4.0,453
1365,,,,,,,25.4,453
1366,,,,,,,36.5,453
1367,,,,,,,12.6,453
1368,,,,,,,24.4,453
1369,,,,,,,12.3,453
1370,,,,,,,12.9,453
1371,,,,,,,140.1,453
1372,,,,,,,165.5,453
1373,,,,,,,189.7,453
1374,,,,,,,165.3,453
1375,,,,,,,153.0,453
1376,,,,,,,140.1,453
1377,,,,,,,165.5,453
1378,,,,,,,202.0,453
1379,,,,,,,202.3,453
1380,,,,,,,189.7,453
1381,,,,,,,165.3,453
1382,,,,,,,153.0,453
1383,10:00,Reserve pit,207.0,Spud Mud,1.4,,,454
1384,20:00,Active pit,165.0,Spud mud,1.03,,,454
1385,,,,,100.0,,,454
1386,,,,,120.0,,,454
1387,10:00,Reserve pit,224.0,Spud Mud,1.4,,,455
1388,20:00,Active pit,224.0,Spud mud,1.03,,,455
1389,,,,,100.0,,,455
1390,,,,,120.0,,,455
1391,10:00,Reserve pit,282.0,Spud Mud,1.4,,,456
1392,20:00,Active pit,282.0,Spud mud,1.03,,,456
1393,,,,,100.0,,,456
1394,,,,,120.0,,,456
1395,,,,,,,100.0,456
1396,,,,,,,208.0,456
1397,,,,,,,224.0,456
1398,10:00,Reserve pit,282.0,Spud Mud,1.4,,,457
1399,20:00,Active pit,282.0,Spud mud,1.03,,,457
1400,,,,,100.0,,,457
1401,,,,,120.0,,,457
1402,10:00,Reserve pit,347.0,Spud Mud,1.4,,,458
1403,20:00,Active pit,347.0,Spud mud,1.03,,,458
1404,,,,,100.0,,,458
1405,,,,,120.0,,,458
1406,10:00,Reserve pit,347.0,Spud Mud,1.4,,,459
1407,20:00,Active pit,347.0,Spud mud,1.03,,,459
1408,,,,,100.0,,,459
1409,,,,,120.0,,,459
1410,10:00,Reserve pit,347.0,Spud Mud,1.4,,,460
1411,20:00,Active pit,347.0,Spud mud,1.03,,,460
1412,,,,,100.0,,,460
1413,,,,,120.0,,,460
1414,10:00,Reserve pit,347.0,Spud Mud,1.4,,,461
1415,20:00,Active pit,347.0,Spud mud,1.03,,,461
1416,22:00,Reserve pit,347.0,KCl/Polymer/GEM,1.4,27.0,14.5,461
1417,,,,,100.0,,,461
1418,,,,,120.0,,,461
1419,10:00,Reserve pit,347.0,Spud Mud,1.4,,,462
1420,20:00,Active pit,347.0,Spud mud,1.03,,,462
1421,22:00,Reserve pit,347.0,KCl/Polymer/GEM,1.4,27.0,14.5,462
1422,,,,,100.0,,,462
1423,,,,,120.0,,,462
1424,10:00,Reserve pit,347.0,Spud Mud,1.4,,,463
1425,20:00,Active pit,347.0,Spud mud,1.03,,,463
1426,22:00,Reserve pit,347.0,KCl/Polymer/GEM,1.4,27.0,14.5,463
1427,,,,,100.0,,,463
1428,,,,,120.0,,,463
1429,02:00,Active pit,2616.0,Enviromul Yellow,1.28,31.0,8.0,464
1430,15:00,Active pit,2569.0,Enviromul Yellow,1.28,31.0,8.0,464
1431,,,,,,,120.0,464
1432,,,,,,,120.0,464
1433,02:15,Flowline,3041.0,Enviromul Yellow,1.28,34.0,9.5,465
1434,11:00,Flowline,2762.0,Enviromul Yellow,1.28,32.0,8.5,465
1435,16:30,Flowline,2876.0,Enviromul Yellow,1.28,31.0,9.5,465
1436,20:00,Flowline,2938.0,Enviromul Yellow,1.28,32.0,10.5,465
1437,,,,,,,120.0,465
1438,,,,,,,120.0,465
1439,,,,,,,120.0,465
1440,,,,,,,120.0,465
1441,02:30,Flowline,3301.0,Enviromul Yellow,1.28,34.0,11.0,466
1442,10:30,Flowline,3174.0,Enviromul Yellow,1.28,31.0,9.5,466
1443,15:00,Flowline,3226.0,Enviromul Yellow,1.28,33.0,9.5,466
1444,22:00,Flowline,3301.0,Enviromul Yellow,1.28,35.0,10.5,466
1445,,,,,,,120.0,466
1446,,,,,,,120.0,466
1447,,,,,,,120.0,466
1448,,,,,,,120.0,466
1449,21:00,Active pit,3301.0,Enviromul Yellow,1.28,35.0,11.0,467
1450,,,,,,,120.0,467
1451,01:00,Flowline,3392.0,Enviromul Yellow,1.3,41.0,15.0,468
1452,10:00,Active pit,3301.0,Enviromul Yellow,1.28,39.0,12.0,468
1453,20:30,Active pit,3301.0,Enviromul Yellow,1.28,40.0,14.5,468
1454,,,,,,,120.0,468
1455,,,,,,,120.0,468
1456,,,,,,,120.0,468
1457,02:30,Flowline,3762.0,Enviromul Yellow,1.32,36.0,13.0,469
1458,10:00,Flowline,3762.0,Enviromul Yellow,1.32,35.0,13.0,469
1459,10:30,Flowline,3563.0,Enviromul Yellow,1.32,38.0,12.5,469
1460,16:00,Flowline,3648.0,Enviromul Yellow,1.32,37.0,12.5,469
1461,20:00,Flowline,3695.0,Enviromul Yellow,1.32,35.0,12.5,469
1462,,,,,,,120.0,469
1463,,,,,,,120.0,469
1464,,,,,,,120.0,469
1465,,,,,,,120.0,469
1466,,,,,,,120.0,469
1467,14:30,Flowline,3762.0,Enviromul Yellow,1.32,36.0,12.0,470
1468,21:00,Active pit,3762.0,Enviromul Yellow,1.32,39.0,14.5,470
1469,,,,,,,120.0,470
1470,,,,,,,120.0,470
1471,09:00,Active pit,3762.0,Enviromul Yellow,1.32,39.0,12.5,471
1472,16:30,Flowline,3762.0,Enviromul Yellow,1.32,40.0,12.5,471
1473,20:00,Active pit,3762.0,Enviromul Yellow,1.32,38.0,13.0,471
1474,,,,,,,120.0,471
1475,,,,,,,120.0,471
1476,,,,,,,120.0,471
1477,03:00,Active pit,3762.0,Enviromul Yellow,1.32,41.0,12.5,472
1478,20:00,Flowline,3762.0,Enviromul Yellow,1.32,40.0,14.0,472
1479,,,,,,,120.0,472
1480,,,,,,,120.0,472
1481,12:00,Active pit,3762.0,Enviromul Yellow,1.32,39.0,12.5,473
1482,,,,,,,120.0,473
1483,12:00,Flowline,3485.0,Enviromul Yellow,1.32,39.0,12.5,474
1484,20:30,Active pit,3485.0,Enviromul Yellow,1.32,39.0,14.0,474
1485,,,,,,,120.0,474
1486,,,,,,,120.0,474
1487,12:00,Flowline,2520.0,Enviromul Yellow,1.28,39.0,14.0,475
1488,20:00,Active pit,2520.0,Enviromul Yellow,1.28,39.0,14.5,475
1489,,,,,,,120.0,475
1490,,,,,,,120.0,475
1491,05:30,Active pit,2520.0,Enviromul Yellow,1.28,46.0,13.5,476
1492,12:00,Active pit,2520.0,Enviromul Yellow,1.28,42.0,11.5,476
1493,21:00,Active pit,2520.0,Enviromul Yellow,1.28,39.0,14.5,476
1494,,,,,,,120.0,476
1495,,,,,,,120.0,476
1496,,,,,,,120.0,476
1497,09:00,Active pit,2577.0,Enviromul Yellow,1.28,43.0,13.5,477
1498,15:00,Flowline,2625.0,Enviromul Yellow,1.28,38.0,11.5,477
1499,21:00,Flowline,2730.0,Enviromul Yellow,1.28,35.0,11.0,477
1500,,,,,,,120.0,477
1501,,,,,,,120.0,477
1502,,,,,,,120.0,477
1503,03:00,Flowline,2828.0,Enviromul Yellow,1.28,34.0,11.0,478
1504,09:00,Flowline,2577.0,Enviromul Yellow,1.28,43.0,13.5,478
1505,15:00,Flowline,2625.0,Enviromul Yellow,1.28,38.0,11.5,478
1506,20:30,Active pit,2917.0,Enviromul Yellow,1.28,33.0,13.0,478
1507,21:00,Flowline,2730.0,Enviromul Yellow,1.28,35.0,11.0,478
1508,,,,,,,120.0,478
1509,,,,,,,120.0,478
1510,,,,,,,120.0,478
1511,,,,,,,120.0,478
1512,,,,,,,120.0,478
1513,02:30,Active pit,2917.0,Enviromul Yellow,1.28,33.0,13.0,479
1514,09:00,Flowline,2866.0,Enviromul Yellow,1.28,33.0,11.0,479
1515,15:00,Flowline,2911.0,Enviromul Yellow,1.28,38.0,11.5,479
1516,,,,,,,120.0,479
1517,,,,,,,120.0,479
1518,,,,,,,120.0,479
1519,01:30,Flowline,3197.0,Enviromul Yellow,1.28,32.0,11.5,480
1520,09:00,Flowline,2917.0,Enviromul Yellow,1.28,33.0,13.0,480
1521,15:00,Flowline,2917.0,Enviromul Yellow,1.28,34.0,11.0,480
1522,20:30,Flowline,3014.0,Enviromul Yellow,1.28,33.0,10.5,480
1523,,,,,,,120.0,480
1524,,,,,,,120.0,480
1525,,,,,,,120.0,480
1526,,,,,,,120.0,480
1527,12:00,Flowline,3197.0,Enviromul Yellow,1.28,33.0,10.5,481
1528,22:30,Active pit,3197.0,Enviromul Yellow,1.28,33.0,10.5,481
1529,,,,,,,120.0,481
1530,,,,,,,120.0,481
1531,12:00,Flowline,3197.0,Enviromul Yellow,1.28,33.0,10.5,482
1532,23:40,Active pit,3197.0,Enviromul Yellow,1.28,33.0,10.5,482
1533,,,,,,,120.0,482
1534,,,,,,,120.0,482
1535,11:45,Active pit,3197.0,Enviromul Yellow,1.28,33.0,10.5,483
1536,23:00,Active pit,3197.0,Enviromul Yellow,1.28,33.0,10.5,483
1537,,,,,,,120.0,483
1538,,,,,,,120.0,483
1539,10:00,Active pit,3197.0,Enviromul Yellow,1.28,33.0,10.5,484
1540,23:00,Active pit,3197.0,Enviromul Yellow,1.28,33.0,10.5,484
1541,,,,,,,120.0,484
1542,,,,,,,120.0,484
1543,11:00,Active pit,3197.0,Enviromul Yellow,1.28,33.0,10.5,485
1544,23:05,Active pit,3197.0,Enviromul Yellow,1.28,33.0,10.5,485
1545,,,,,,,120.0,485
1546,,,,,,,120.0,485
1547,12:00,Active pit,3197.0,Enviromul Yellow,1.28,33.0,10.5,486
1548,23:00,Flowline,3197.0,Enviromul Yellow,1.28,33.0,10.5,486
1549,,,,,,,120.0,486
1550,,,,,,,120.0,486
1551,,,,,,,32453.0,486
1552,,,,,,,35354.0,486
1553,,,,,,,3453.0,486
1554,,,,,,,56354.0,486
1555,04:00,Active pit,3197.0,Enviromul Yellow,1.28,32.0,11.5,487
1556,12:00,Active pit,3197.0,Enviromul Yellow,1.28,32.0,11.5,487
1557,23:30,Active pit,3197.0,Enviromul Yellow,1.28,33.0,10.5,487
1558,,,,,,,120.0,487
1559,,,,,,,120.0,487
1560,,,,,,,120.0,487
1561,,,,,,,3219.0,487
1562,,,,,,,2793.0,487
1563,,,,,,,3266.0,487
1564,,,,,,,2814.5,487
1565,,,,,,,3268.0,487
1566,,,,,,,2815.0,487
1567,03:00,Flowline,3310.0,Enviromul Yellow,1.32,41.0,11.5,488
1568,16:00,Active pit,3197.0,Enviromul Yellow,1.28,33.0,10.5,488
1569,21:00,Flowline,3250.0,Enviromul Yellow,1.32,42.0,12.0,488
1570,,,,,,,120.0,488
1571,,,,,,,120.0,488
1572,,,,,,,120.0,488
1573,03:00,Flowline,3840.0,Enviromul Yellow,1.32,35.0,9.0,489
1574,09:45,Flowline,3427.0,Enviromul Yellow,1.32,40.0,12.0,489
1575,16:45,Flowline,3600.0,Enviromul Yellow,1.32,40.0,11.0,489
1576,21:00,Flowline,3698.0,Enviromul Yellow,1.32,35.0,10.0,489
1577,,,,,,,120.0,489
1578,,,,,,,120.0,489
1579,,,,,,,120.0,489
1580,,,,,,,120.0,489
1581,03:00,Flowline,4218.0,Enviromul Yellow,1.32,35.0,12.5,490
1582,09:30,Flowline,3882.0,Enviromul Yellow,1.32,27.0,11.0,490
1583,17:00,Flowline,3973.0,Enviromul Yellow,1.32,36.0,12.5,490
1584,21:00,Flowline,4080.0,Enviromul Yellow,1.32,33.0,11.0,490
1585,,,,,,,120.0,490
1586,,,,,,,120.0,490
1587,,,,,,,120.0,490
1588,,,,,,,120.0,490
1589,09:30,Flowline,4361.0,Enviromul Yellow,1.32,38.0,12.0,491
1590,16:00,Flowline,4444.0,Enviromul Yellow,1.32,36.0,11.5,491
1591,21:00,Flowline,4520.0,Enviromul Yellow,1.32,35.0,12.0,491
1592,,,,,,,120.0,491
1593,,,,,,,120.0,491
1594,,,,,,,120.0,491
1595,04:00,Flowline,4770.0,Enviromul Yellow,1.32,32.0,10.5,492
1596,09:30,Flowline,4689.0,Enviromul Yellow,1.32,35.0,12.5,492
1597,13:30,Flowline,4716.0,Enviromul Yellow,1.32,36.0,12.0,492
1598,21:00,Flowline,4770.0,Enviromul Yellow,1.32,30.0,10.0,492
1599,,,,,,,120.0,492
1600,,,,,,,120.0,492
1601,,,,,,,120.0,492
1602,,,,,,,120.0,492
1603,10:00,Active pit,4770.0,Enviromul Yellow,1.32,32.0,10.5,493
1604,21:00,Active pit,4770.0,Enviromul Yellow,1.32,31.0,10.5,493
1605,,,,,,,120.0,493
1606,,,,,,,120.0,493
1607,15:00,Active pit,4770.0,Enviromul Yellow,1.32,32.0,10.5,495
1608,,,,,,,120.0,495
1609,,,,,,,7.0,495
1610,,,,,,,7.0,495
1611,,,,,,,7.0,495
1612,,,,,,,7.0,495
1613,,,,,,,7.0,495
1614,,,,,,,7.0,495
1615,,,,,,,7.0,495
1616,,,,,,,7.0,495
1617,,,,,,,7.0,495
1618,,,,,,,7.0,495
1619,,,,,,,7.0,495
1620,,,,,,,7.0,495
1621,,,,,,,7.0,495
1622,,,,,,,7.0,495
1623,,,,,,,7.0,495
1624,,,,,,,7.0,495
1625,,,,,,,6.184,495
1626,,,,,,,6.184,495
1627,,,,,,,6.184,495
1628,,,,,,,6.184,495
1629,,,,,,,6.184,495
1630,,,,,,,6.184,495
1631,,,,,,,6.184,495
1632,,,,,,,6.184,495
1633,,,,,,,6.184,495
1634,,,,,,,6.184,495
1635,,,,,,,6.184,495
1636,,,,,,,6.184,495
1637,,,,,,,6.184,495
1638,,,,,,,6.184,495
1639,,,,,,,6.184,495
1640,,,,,,,6.184,495
1641,,,,,,,29.0,495
1642,,,,,,,29.0,495
1643,,,,,,,29.0,495
1644,,,,,,,29.0,495
1645,,,,,,,29.0,495
1646,,,,,,,29.0,495
1647,,,,,,,29.0,495
1648,,,,,,,29.0,495
1649,,,,,,,29.0,495
1650,,,,,,,29.0,495
1651,,,,,,,29.0,495
1652,,,,,,,29.0,495
1653,,,,,,,29.0,495
1654,,,,,,,29.0,495
1655,,,,,,,29.0,495
1656,,,,,,,29.0,495
1657,,,,,,,13.0,495
1658,,,,,,,0.0,495
1659,,,,,,,13.0,495
1660,,,,,,,0.0,495
1661,,,,,,,13.0,495
1662,,,,,,,0.0,495
1663,,,,,,,13.0,495
1664,,,,,,,0.0,495
1665,,,,,,,13.0,495
1666,,,,,,,0.0,495
1667,,,,,,,13.0,495
1668,,,,,,,13.0,495
1669,,,,,,,13.0,495
1670,,,,,,,13.0,495
1671,,,,,,,13.0,495
1672,,,,,,,13.0,495
1673,,,,,,,13.0,495
1674,,,,,,,13.0,495
1675,,,,,,,13.0,495
1676,,,,,,,13.0,495
1677,,,,,,,13.0,495
1678,,,,,,,6.0,495
1679,,,,,,,400.44,495
1680,,,,,,,5.9,495
1681,,,,,,,304.32,495
1682,,,,,,,36.0,495
1683,,,,,,,12.43,495
1684,,,,,,,35.47,495
1685,,,,,,,12.68,495
1686,,,,,,,4.05,495
1687,,,,,,,152.91,495
1688,,,,,,,5.89,495
1689,,,,,,,225.25,495
1690,,,,,,,6.03,495
1691,,,,,,,8.04,495
1692,,,,,,,340.54,495
1693,,,,,,,153.81,495
1694,,,,,,,3991.1,495
1695,,,,,,,3997.06,495
1696,,,,,,,4397.5,495
1697,,,,,,,4403.38,495
1698,,,,,,,4707.74,495
1699,,,,,,,4708.1,495
1700,,,,,,,4720.53,495
1701,,,,,,,4756.02,495
1702,,,,,,,3443.24,495
1703,,,,,,,3447.29,495
1704,,,,,,,3600.16,495
1705,,,,,,,3606.05,495
1706,,,,,,,3831.27,495
1707,,,,,,,3094.7,495
1708,,,,,,,3102.7,495
1709,,,,,,,3837.29,495
1710,,,,,,,3997.1,495
1711,,,,,,,4397.5,495
1712,,,,,,,4403.4,495
1713,,,,,,,4707.7,495
1714,,,,,,,4708.1,495
1715,,,,,,,4720.53,495
1716,,,,,,,4756.0,495
1717,,,,,,,4768.7,495
1718,,,,,,,3447.29,495
1719,,,,,,,3600.2,495
1720,,,,,,,3606.05,495
1721,,,,,,,3831.3,495
1722,,,,,,,3837.3,495
1723,,,,,,,3102.74,495
1724,,,,,,,3443.24,495
1725,,,,,,,3991.1,495
1726,14:00,Flowline,4770.0,Enviromul Yellow,1.32,40.0,12.5,496
1727,,,,,,,120.0,496
1728,15:00,Active pit,4770.0,Enviromul Yellow,1.32,37.0,13.0,497
1729,,,,,,,120.0,497
1730,20:00,Active pit,4770.0,Enviromul Yellow,1.32,37.0,13.0,498
1731,,,,,,,120.0,498
1732,16:00,Active pit,4770.0,Enviromul Yellow,1.32,37.0,13.0,499
1733,,,,,,,120.0,499
1734,12:00,Flowline,4770.0,Enviromul Yellow,1.32,36.0,13.5,500
1735,22:00,Active pit,4767.0,NaCl brine,1.03,,,500
1736,,,,,,,120.0,500
1737,21:00,Active pit,4770.0,Enviromul Yellow,1.32,36.0,13.5,501
1738,22:00,Flowline,4770.0,NaCl brine,1.03,,,501
1739,,,,,,,120.0,501
1740,15:00,Reserve pit,4770.0,Enviromul Yellow,1.32,36.0,13.5,502
1741,21:00,Flowline,4770.0,NaCl brine,1.03,,,502
1742,,,,,,,120.0,502
1743,15:00,Reserve pit,4770.0,Enviromul Yellow,1.32,36.0,14.0,503
1744,21:00,Flowline,4770.0,NaCl brine,1.03,,,503
1745,,,,,,,120.0,503
1746,13:00,Reserve pit,4770.0,Enviromul Yellow,1.32,36.0,14.0,504
1747,18:00,Flowline,4770.0,NaCl brine,1.03,,,504
1748,,,,,,,120.0,504
1749,15:00,Reserve pit,4770.0,Enviromul Yellow,1.32,36.0,14.0,505
1750,18:00,Flowline,4770.0,NaCl brine,1.03,,,505
1751,,,,,,,120.0,505
1752,17:00,Reserve pit,4770.0,Enviromul Yellow,1.32,36.0,14.0,506
1753,18:00,Flowline,4770.0,NaCl brine,1.03,,,506
1754,,,,,,,120.0,506
1755,15:00,Reserve pit,4770.0,Enviromul Yellow,1.32,36.0,14.0,507
1756,18:00,Flowline,4770.0,NaCl brine,1.03,,,507
1757,,,,,,,120.0,507
1758,15:00,Reserve pit,4770.0,Enviromul Yellow,1.32,36.0,14.0,508
1759,18:00,Flowline,4770.0,NaCl brine,1.03,,,508
1760,,,,,,,120.0,508
1761,21:00,Flowline,4770.0,NaCl brine,1.03,,,509
1762,20:00,Reserve pit,4770.0,Enviromul Yellow,1.32,36.0,14.0,510
1763,21:00,Flowline,4770.0,NaCl brine,1.03,,,510
1764,22:00,Reserve pit,4770.0,Enviromul Yellow,1.32,36.0,14.0,510
1765,,,,,,,120.0,510
1766,,,,,,,120.0,510
1767,13:00,Flowline,4770.0,NaCl brine,1.03,,,511
1768,21:00,Flowline,4770.0,NaCl brine,1.03,,,511
1769,11:00,Reserve pit,4770.0,Enviromul Yellow,1.32,36.0,14.0,512
1770,,,,,,,120.0,512
1771,16:00,Reserve pit,4770.0,Enviromul Yellow,1.32,36.0,14.0,513
1772,21:00,Flowline,4770.0,NaCl brine,1.03,,,513
1773,,,,,,,120.0,513
1774,16:00,Flowline,4770.0,NaCl brine,1.03,,,514
1775,23:00,Reserve pit,4770.0,Enviromul Yellow,1.32,36.0,14.0,514
1776,,,,,,,120.0,514
1777,20:00,Active pit,4770.0,NaCl brine,1.03,,,515
1778,23:00,Reserve pit,4770.0,Enviromul Yellow,1.32,36.0,14.0,515
1779,,,,,,,120.0,515
1780,16:00,Reserve pit,4770.0,Enviromul Yellow,1.32,36.0,14.0,516
1781,,,,,,,120.0,516
1782,00:00,Active pit,455.0,KCl/Polymer/GEM,1.35,27.0,14.5,568
1783,00:00,Active pit,455.0,KCl/Polymer/GEM,1.35,27.0,14.5,569
1784,00:00,Active pit,455.0,KCl/Polymer/GEM,1.35,27.0,14.5,570
1785,00:00,Active pit,455.0,KCl/Polymer/GEM,1.35,27.0,14.5,571
1786,00:00,Active pit,455.0,KCl/Polymer/GEM,1.35,27.0,14.5,572
1787,00:00,Active pit,455.0,KCl/Polymer/GEM,1.35,27.0,14.5,573
1788,00:00,Active pit,455.0,KCl/Polymer/GEM,1.35,27.0,14.5,574
1789,00:00,Active pit,455.0,KCl/Polymer/GEM,1.35,27.0,14.5,575
1790,08:00,Active pit,455.0,KCl/Polymer/GEM,1.35,32.0,14.0,576
1791,08:00,Active pit,455.0,KCl/Polymer/GEM,1.35,32.0,14.0,578
1792,08:00,Active pit,455.0,KCl/Polymer/GEM,1.35,32.0,14.0,579
1793,08:00,Active pit,455.0,KCl/Polymer/GEM,1.35,32.0,14.0,580
1794,00:00,,,Seawater,1.03,,,580
1795,00:00,,,Seawater,1.03,,,581
1796,,,,,,,20.0,581
1797,,,,,,,20.0,581
1798,,,,,,,20.0,581
1799,,,,,,,20.0,581
1800,,,,,,,18.73,581
1801,,,,,,,18.73,581
1802,,,,,,,18.73,581
1803,,,,,,,18.73,581
1804,,,,,,,133.0,581
1805,,,,,,,133.0,581
1806,,,,,,,133.0,581
1807,,,,,,,133.0,581
1808,,,,,,,-80.0,581
1809,,,,,,,-80.0,581
1810,,,,,,,-80.0,581
1811,,,,,,,-80.0,581
1812,,,,,,,12.96,581
1813,,,,,,,12.82,581
1814,,,,,,,1182.38,581
1815,,,,,,,10.31,581
1816,,,,,,,1344.72,581
1817,,,,,,,1331.9,581
1818,,,,,,,149.52,581
1819,,,,,,,139.21,581
1820,,,,,,,1357.68,581
1821,,,,,,,1344.72,581
1822,,,,,,,1331.9,581
1823,,,,,,,149.52,581
1824,00:00,,,Seawater,1.03,,,582
1825,00:00,,,Seawater,1.03,,,583
1826,12:00,,,Seawater,1.03,,,584
1827,21:00,Reserve pit,,Enviromul Yellow,1.4,29.0,6.5,585
1828,,,,,,,120.0,585
1829,12:00,Reserve pit,,Enviromul Yellow,,28.0,6.0,586
1830,23:00,Reserve pit,,Enviromul Yellow,1.4,29.0,6.0,586
1831,23:30,Active pit,,Seawater,1.03,,,586
1832,,,,,,,120.0,586
1833,,,,,,,120.0,586
1834,23:30,Active pit,,Seawater,1.03,,,587
1835,03:00,Flowline,1365.0,Enviromul Yellow,1.4,34.0,8.0,588
1836,12:00,Active pit,,Seawater,1.03,,,588
1837,,,,,,,120.0,588
1838,02:00,Active pit,1346.0,Enviromul Yellow,1.4,33.0,9.5,589
1839,09:00,Flowline,1368.0,Enviromul Yellow,1.4,34.0,6.5,589
1840,15:00,Flowline,1400.0,Enviromul Yellow,1.4,33.0,8.0,589
1841,16:00,Flowline,1400.0,Enviromul Yellow,1.4,32.0,10.0,589
1842,21:00,Active pit,1346.0,Enviromul Yellow,1.4,33.0,8.5,589
1843,,,,,,,120.0,589
1844,,,,,,,120.0,589
1845,,,,,,,120.0,589
1846,,,,,,,120.0,589
1847,,,,,,,120.0,589
1848,02:00,Flowline,1500.0,Enviromul Yellow,1.4,34.0,8.0,590
1849,12:00,Flowline,1500.0,Enviromul Yellow,1.4,34.0,8.5,590
1850,21:00,Flowline,1500.0,Enviromul Yellow,1.4,37.0,9.0,590
1851,,,,,,,120.0,590
1852,,,,,,,120.0,590
1853,,,,,,,120.0,590
1854,03:00,Flowline,1500.0,Enviromul Yellow,1.4,35.0,9.0,591
1855,12:00,Flowline,1500.0,Enviromul Yellow,1.4,34.0,8.5,591
1856,15:00,Flowline,1500.0,Enviromul Yellow,1.4,32.0,10.0,591
1857,21:00,Active pit,1500.0,Enviromul Yellow,1.4,33.0,9.5,591
1858,23:30,Flowline,1779.0,Enviromul Yellow,1.4,34.0,9.0,591
1859,,,,,,,120.0,591
1860,,,,,,,120.0,591
1861,,,,,,,120.0,591
1862,,,,,,,120.0,591
1863,,,,,,,120.0,591
1864,09:00,Flowline,1620.0,Enviromul Yellow,1.4,34.0,8.5,592
1865,15:00,Flowline,1735.0,Enviromul Yellow,1.4,35.0,9.0,592
1866,,,,,,,120.0,592
1867,,,,,,,120.0,592
1868,01:00,Flowline,1822.0,Enviromul Yellow,1.4,35.0,10.0,593
1869,12:00,Flowline,1779.0,Enviromul Yellow,1.4,34.0,9.0,593
1870,16:00,Flowline,1779.0,Enviromul Yellow,1.4,34.0,9.0,593
1871,20:30,Flowline,1779.0,Enviromul Yellow,1.4,33.0,10.0,593
1872,,,,,,,120.0,593
1873,,,,,,,120.0,593
1874,,,,,,,120.0,593
1875,,,,,,,120.0,593
1876,09:00,Flowline,1822.0,Enviromul Yellow,1.4,34.0,9.5,594
1877,12:00,Flowline,1966.0,Enviromul Yellow,1.4,34.0,9.0,594
1878,21:30,Flowline,1966.0,Enviromul Yellow,1.4,34.0,10.5,594
1879,,,,,,,120.0,594
1880,,,,,,,120.0,594
1881,,,,,,,120.0,594
1882,01:30,Flowline,2086.0,Enviromul Yellow,1.4,30.0,9.5,595
1883,15:00,Flowline,1966.0,Enviromul Yellow,1.4,34.0,9.0,595
1884,20:40,Flowline,2409.0,Enviromul Yellow,1.4,32.0,8.5,595
1885,22:20,Flowline,2006.0,Enviromul Yellow,1.4,34.0,9.0,595
1886,,,,,,,120.0,595
1887,,,,,,,120.0,595
1888,,,,,,,120.0,595
1889,,,,,,,120.0,595
1890,02:00,Flowline,2520.0,Enviromul Yellow,1.4,29.0,7.0,596
1891,09:00,Flowline,2280.0,Enviromul Yellow,1.4,34.0,8.5,596
1892,15:00,Flowline,2323.0,Enviromul Yellow,1.4,34.0,9.0,596
1893,,,,,,,120.0,596
1894,,,,,,,120.0,596
1895,,,,,,,120.0,596
1896,03:30,Active pit,2574.0,Enviromul Yellow,1.42,33.0,9.0,597
1897,12:00,Flowline,2574.0,Enviromul Yellow,1.42,33.0,9.0,597
1898,22:00,Active pit,2574.0,Enviromul Yellow,1.42,33.0,9.0,597
1899,,,,,,,120.0,597
1900,,,,,,,120.0,597
1901,,,,,,,120.0,597
1902,10:00,Active pit,2574.0,Enviromul Yellow,1.42,33.0,9.0,598
1903,21:00,Active pit,2574.0,Enviromul Yellow,1.42,34.0,9.0,598
1904,,,,,,,120.0,598
1905,,,,,,,120.0,598
1906,04:30,Flowline,2574.0,Enviromul Yellow,1.42,34.0,9.0,599
1907,12:00,Flowline,2574.0,Enviromul Yellow,1.42,34.0,9.5,599
1908,,,,,,,120.0,599
1909,,,,,,,120.0,599
1910,04:00,Flowline,2574.0,Enviromul Yellow,1.42,34.0,9.5,600
1911,14:00,Flowline,2574.0,Enviromul Yellow,1.42,34.0,9.5,600
1912,,,,,,,120.0,600
1913,,,,,,,120.0,600
1914,03:00,Flowline,2574.0,Enviromul Yellow,1.42,34.0,9.5,601
1915,14:00,Active pit,2574.0,Enviromul Yellow,1.42,34.0,9.0,601
1916,,,,,,,120.0,601
1917,,,,,,,120.0,601
1918,10:00,Reserve pit,2574.0,Enviromul Yellow,1.42,30.0,6.5,602
1919,15:00,Flowline,2574.0,Enviromul Yellow,1.28,27.0,5.5,602
1920,,,,,,,120.0,602
1921,,,,,,,120.0,602
1922,,,,,,,14.0,602
1923,,,,,,,14.0,602
1924,,,,,,,14.0,602
1925,,,,,,,14.0,602
1926,,,,,,,14.0,602
1927,,,,,,,14.0,602
1928,,,,,,,14.0,602
1929,,,,,,,14.0,602
1930,,,,,,,14.0,602
1931,,,,,,,14.0,602
1932,,,,,,,12.4,602
1933,,,,,,,12.4,602
1934,,,,,,,12.4,602
1935,,,,,,,12.4,602
1936,,,,,,,12.4,602
1937,,,,,,,12.4,602
1938,,,,,,,12.4,602
1939,,,,,,,12.4,602
1940,,,,,,,12.4,602
1941,,,,,,,12.4,602
1942,,,,,,,114.0,602
1943,,,,,,,114.0,602
1944,,,,,,,114.0,602
1945,,,,,,,114.0,602
1946,,,,,,,114.0,602
1947,,,,,,,114.0,602
1948,,,,,,,114.0,602
1949,,,,,,,114.0,602
1950,,,,,,,114.0,602
1951,,,,,,,114.0,602
1952,,,,,,,125.0,602
1953,,,,,,,125.0,602
1954,,,,,,,125.0,602
1955,,,,,,,125.0,602
1956,,,,,,,125.0,602
1957,,,,,,,125.0,602
1958,,,,,,,125.0,602
1959,,,,,,,125.0,602
1960,,,,,,,125.0,602
1961,,,,,,,125.0,602
1962,,,,,,,11.67,602
1963,,,,,,,2.0,602
1964,,,,,,,5.69,602
1965,,,,,,,11.06,602
1966,,,,,,,12.38,602
1967,,,,,,,4.0,602
1968,,,,,,,2104.05,602
1969,,,,,,,270.1,602
1970,,,,,,,5.3,602
1971,,,,,,,5.73,602
1972,,,,,,,146.13,602
1973,,,,,,,2541.3,602
1974,,,,,,,2541.5,602
1975,,,,,,,2547.19,602
1976,,,,,,,2558.3,602
1977,,,,,,,157.8,602
1978,,,,,,,161.8,602
1979,,,,,,,2265.9,602
1980,,,,,,,2536.0,602
1981,,,,,,,140.4,602
1982,,,,,,,157.8,602
1983,,,,,,,2541.5,602
1984,,,,,,,2547.19,602
1985,,,,,,,2558.25,602
1986,,,,,,,2570.68,602
1987,,,,,,,161.8,602
1988,,,,,,,2265.85,602
1989,,,,,,,2536.0,602
1990,,,,,,,2541.3,602
1991,,,,,,,146.13,602
1992,20:00,Active pit,2574.0,Enviromul Yellow,1.28,26.0,6.5,603
1993,,,,,,,120.0,603
1994,02:30,Flowline,2950.0,Enviromul Yellow,1.28,29.0,7.0,604
1995,10:15,Flowline,2622.0,Enviromul Yellow,1.28,23.0,6.5,604
1996,14:45,Active pit,2667.0,Enviromul Yellow,1.28,26.0,6.5,604
1997,20:30,Flowline,2820.0,Enviromul Yellow,1.28,30.0,4.5,604
1998,,,,,,,120.0,604
1999,,,,,,,120.0,604
2000,,,,,,,120.0,604
2001,,,,,,,120.0,604
2002,02:00,Flowline,3320.0,Enviromul Yellow,1.28,27.0,7.0,605
2003,08:30,Flowline,3014.0,Enviromul Yellow,1.28,29.0,7.0,605
2004,14:45,Flowline,2622.0,Enviromul Yellow,1.28,29.0,7.0,605
2005,20:45,Flowline,3258.0,Enviromul Yellow,1.28,28.0,6.0,605
2006,,,,,,,120.0,605
2007,,,,,,,120.0,605
2008,,,,,,,120.0,605
2009,,,,,,,120.0,605
2010,03:50,Flowline,3552.0,Enviromul Yellow,1.28,30.0,11.0,606
2011,09:15,Flowline,3351.0,Enviromul Yellow,1.28,27.0,7.0,606
2012,15:00,Flowline,3428.0,Enviromul Yellow,1.28,27.0,7.5,606
2013,20:50,Flowline,3483.0,Enviromul Yellow,1.28,29.0,8.0,606
2014,,,,,,,120.0,606
2015,,,,,,,120.0,606
2016,,,,,,,120.0,606
2017,,,,,,,120.0,606
2018,03:45,Flowline,3897.0,Enviromul Yellow,1.28,31.0,11.5,607
2019,08:45,Flowline,3660.0,Enviromul Yellow,1.28,28.0,8.5,607
2020,13:30,Flowline,3713.0,Enviromul Yellow,1.28,40.0,6.0,607
2021,20:30,Flowline,3791.0,Enviromul Yellow,1.28,31.0,9.0,607
2022,,,,,,,120.0,607
2023,,,,,,,120.0,607
2024,,,,,,,120.0,607
2025,,,,,,,120.0,607
2026,02:50,Flowline,4197.0,Enviromul Yellow,1.32,38.0,9.5,608
2027,10:30,Flowline,3999.0,Enviromul Yellow,1.32,36.0,8.5,608
2028,16:00,Flowline,4070.0,Enviromul Yellow,1.32,37.0,8.0,608
2029,20:30,Flowline,4115.0,Enviromul Yellow,1.32,41.0,11.0,608
2030,,,,,,,120.0,608
2031,,,,,,,120.0,608
2032,,,,,,,120.0,608
2033,,,,,,,120.0,608
2034,03:15,Flowline,4502.0,Enviromul Yellow,1.32,36.0,10.0,609
2035,09:45,Flowline,4300.0,Enviromul Yellow,1.32,37.0,9.5,609
2036,16:10,Flowline,4380.0,Enviromul Yellow,1.32,32.0,10.0,609
2037,20:45,Flowline,4115.0,Enviromul Yellow,1.32,33.0,10.5,609
2038,,,,,,,120.0,609
2039,,,,,,,120.0,609
2040,,,,,,,120.0,609
2041,,,,,,,120.0,609
2042,02:00,Flowline,4563.0,Enviromul Yellow,1.32,36.0,11.5,610
2043,09:15,Flowline,4562.0,Enviromul Yellow,1.32,33.0,11.0,610
2044,13:30,Flowline,4562.0,Enviromul Yellow,1.32,32.0,11.5,610
2045,,,,,,,120.0,610
2046,,,,,,,120.0,610
2047,,,,,,,120.0,610
2048,10:45,Flowline,4562.0,Enviromul Yellow,1.32,38.0,11.0,611
2049,21:00,Active pit,4562.0,Enviromul Yellow,1.32,37.0,10.5,611
2050,,,,,,,120.0,611
2051,,,,,,,120.0,611
2052,11:00,Active pit,4562.0,Enviromul Yellow,1.32,36.0,10.5,612
2053,20:00,Active pit,4562.0,Enviromul Yellow,1.32,36.0,11.5,612
2054,,,,,,,120.0,612
2055,,,,,,,120.0,612
2056,11:00,Active pit,4562.0,Enviromul Yellow,1.32,37.0,10.5,613
2057,20:00,Active pit,4562.0,Enviromul Yellow,1.32,36.0,12.0,613
2058,,,,,,,120.0,613
2059,,,,,,,120.0,613
2060,09:30,Active pit,4562.0,Enviromul Yellow,1.32,37.0,10.5,614
2061,20:30,Active pit,4562.0,Enviromul Yellow,1.32,36.0,12.0,614
2062,,,,,,,120.0,614
2063,,,,,,,120.0,614
2064,10:00,Active pit,4562.0,Enviromul Yellow,1.32,37.0,10.5,615
2065,21:00,Active pit,4562.0,Enviromul Yellow,1.32,36.0,12.0,615
2066,,,,,,,120.0,615
2067,,,,,,,120.0,615
2068,07:30,Active pit,4562.0,Enviromul Yellow,1.32,37.0,10.5,616
2069,15:00,Active pit,4562.0,Enviromul Yellow,1.32,36.0,12.0,616
2070,,,,,,,120.0,616
2071,,,,,,,120.0,616
2072,15:00,Active pit,4160.0,Enviromul Yellow,1.32,39.0,11.5,617
2073,22:00,Active pit,4160.0,Enviromul Yellow,1.32,38.0,11.5,617
2074,,,,,,,120.0,617
2075,,,,,,,120.0,617
2076,14:00,Active pit,4160.0,Enviromul Yellow,1.28,28.0,8.5,618
2077,22:00,Active pit,4160.0,Enviromul Yellow,1.28,28.0,9.5,618
2078,,,,,,,120.0,618
2079,,,,,,,120.0,618
2080,14:30,Active pit,2569.0,Enviromul Yellow,1.28,32.0,9.0,619
2081,21:00,Active pit,2569.0,Enviromul Yellow,1.28,34.0,8.5,619
2082,,,,,,,120.0,619
2083,,,,,,,120.0,619
2084,10:00,Flowline,2574.0,Enviromul Yellow,1.28,31.0,9.5,620
2085,15:00,Active pit,2569.0,Enviromul Yellow,1.28,31.0,8.0,620
2086,,,,,,,120.0,620
2087,,,,,,,120.0,620
2088,00:00,,,Spud Mud,,,,623
2089,00:00,,,Spud Mud,1.4,,,624
2090,00:00,Active pit,,Spud Mud,1.4,,,625
2091,11:00,,258.0,Spud Mud,1.12,8.0,16.0,625
2092,,,,,110.0,,,625
2093,15:00,Active pit,258.0,Spud Mud,1.12,9.0,15.5,626
2094,,,,,110.0,,,626
2095,15:00,Active pit,258.0,Spud Mud,1.12,9.0,15.5,627
2096,,,,,111.0,,,627
2097,20:00,Reserve pit,258.0,Spud Mud,1.12,9.0,15.5,628
2098,,,,,105.0,,,628
2099,14:00,Reserve pit,258.0,Spud Mud,1.12,9.0,15.0,629
2100,14:30,Reserve pit,258.0,Spud Mud,1.4,10.0,17.5,629
2101,15:00,Reserve pit,258.0,Spud Mud,1.6,10.0,21.0,629
2102,,,,,111.0,,,629
2103,,,,,118.0,,,629
2104,,,,,124.0,,,629
2105,21:00,Reserve pit,261.0,Spud Mud,,17.0,17.5,630
2106,,,,,150.0,,,630
2107,21:00,Reserve pit,261.0,Spud Mud,1.12,9.0,15.0,631
2108,,,,,111.0,,,631
2109,21:00,Reserve pit,261.0,Spud Mud,1.12,9.0,15.0,632
2110,,,,,111.0,,,632
2111,10:00,Flowline,270.0,Spud Mud,1.12,7.0,28.5,633
2112,16:00,Flowline,,Spud Mud,1.12,7.0,25.0,633
2113,21:30,Flowline,384.0,Spud Mud,1.11,7.0,24.5,633
2114,23:30,Flowline,410.0,Spud Mud,1.11,7.0,23.5,633
2115,,,,,150.0,,,633
2116,,,,,140.0,,,633
2117,,,,,120.0,,,633
2118,,,,,69.0,,,633
2119,04:00,Active pit,470.0,Spud Mud,1.13,6.0,24.5,634
2120,10:00,Flowline,545.0,Spud Mud,1.13,6.0,18.0,634
2121,16:00,Active pit,617.0,Spud Mud,1.15,6.0,13.0,634
2122,21:00,Active pit,618.0,Spud Mud,1.15,6.0,14.0,634
2123,,,,,65.0,,,634
2124,,,,,60.0,,,634
2125,,,,,69.0,,,634
2126,,,,,72.0,,,634
2127,16:00,Active pit,617.0,Spud Mud,1.14,6.0,13.0,635
2128,20:30,Flowline,617.0,Spud Mud,1.13,5.0,19.0,635
2129,23:30,Flowline,669.0,Spud Mud,1.12,5.0,17.0,635
2130,,,,,60.0,,,635
2131,,,,,65.0,,,635
2132,,,,,63.0,,,635
2133,03:00,Flowline,730.0,Spud Mud,1.12,8.0,16.0,636
2134,10:00,Flowline,800.0,Spud Mud,1.12,6.0,14.0,636
2135,16:00,Flowline,890.0,Spud Mud,1.12,6.0,15.5,636
2136,22:00,Flowline,930.0,Seawater,1.03,,,636
2137,,,,,63.0,,,636
2138,,,,,68.0,,,636
2139,,,,,58.0,,,636
2140,00:00,Flowline,,CARBOSEA,,,,637
2141,10:00,Flowline,990.0,Spud Mud,1.12,6.0,10.5,637
2142,15:00,Flowline,1060.0,Spud Mud,1.13,5.0,13.5,637
2143,22:00,,1178.0,Spud Mud,1.1,7.0,14.5,637
2144,,,,,50.0,,,637
2145,,,,,57.0,,,637
2146,,,,,65.0,,,637
2147,04:00,Flowline,1205.0,Spud Mud,1.1,7.0,15.5,638
2148,10:30,Flowline,1330.0,Spud Mud,1.11,6.0,13.0,638
2149,13:00,Flowline,1353.0,Spud Mud,1.11,7.0,12.5,638
2150,21:00,Active pit,1353.0,Spud Mud,1.12,7.0,13.5,638
2151,,,,,67.0,,,638
2152,,,,,61.0,,,638
2153,,,,,62.0,,,638
2154,,,,,63.0,,,638
2155,10:00,Reserve pit,1353.0,Spud Mud,1.05,,,639
2156,10:30,Reserve pit,1353.0,Spud Mud,1.35,,,639
2157,22:00,Reserve pit,1353.0,Spud Mud,1.35,,,639
2158,,,,,200.0,,,639
2159,,,,,150.0,,,639
2160,,,,,142.0,,,639
2161,22:00,Reserve pit,1353.0,Spud Mud,1.05,,,640
2162,,,,,145.0,,,640
2163,21:00,Reserve pit,1353.0,Spud Mud,1.05,,,641
2164,,,,,150.0,,,641
2165,14:00,Reserve pit,1353.0,Spud Mud,1.05,,,642
2166,14:30,Reserve pit,1353.0,Spud Mud,1.35,,,642
2167,21:00,Reserve pit,1353.0,Spud Mud,1.35,,,642
2168,,,,,200.0,,,642
2169,,,,,120.0,,,642
2170,,,,,124.0,,,642
2171,22:00,Reserve pit,251.0,Spud Mud,1.05,,,643
2172,,,,,200.0,,,643
2173,15:00,Reserve pit,370.0,Spud Mud,1.05,,,644
2174,20:00,Reserve pit,377.0,Spud Mud,1.05,,,644
2175,,,,,113.0,,,644
2176,,,,,110.0,,,644
2177,20:30,Reserve pit,870.0,Spud Mud,1.05,,,645
2178,,,,,150.0,,,645
2179,02:00,Reserve pit,990.0,Spud Mud,1.05,,,646
2180,15:00,Reserve pit,1250.0,Spud Mud,1.35,,,646
2181,21:00,Reserve pit,1362.0,Spud Mud,1.05,,,646
2182,,,,,200.0,,,646
2183,,,,,103.0,,,646
2184,,,,,200.0,,,646
2185,23:00,Reserve pit,1369.0,Spud Mud,1.05,,,647
2186,,,,,200.0,,,647
2187,01:00,Reserve pit,1369.0,Spud Mud,1.05,,,648
2188,15:00,Reserve pit,1369.0,Spud Mud,1.4,,,648
2189,16:00,Reserve pit,1369.0,Spud Mud,1.05,,,648
2190,22:00,Reserve pit,1369.0,Spud Mud,1.4,,,648
2191,,,,,150.0,,,648
2192,,,,,110.0,,,648
2193,,,,,155.0,,,648
2194,,,,,100.0,,,648
2195,21:00,Reserve pit,1369.0,Spud Mud,1.05,,,649
2196,,,,,150.0,,,649
2197,01:00,Reserve pit,1369.0,Spud Mud,1.4,,,650
2198,15:00,Reserve pit,1369.0,Spud Mud,1.4,,,650
2199,20:00,Reserve pit,1369.0,Spud Mud,1.4,,,650
2200,,,,,90.0,,,650
2201,,,,,110.0,,,650
2202,,,,,95.0,,,650
2203,01:00,Reserve pit,1369.0,Spud Mud,1.4,,,651
2204,10:00,Reserve pit,1369.0,HPWBM,1.34,,,651
2205,22:00,Reserve pit,1369.0,HPWBM,1.35,,,651
2206,,,,,90.0,,,651
2207,03:00,Reserve pit,1369.0,HPWBM,1.35,,,652
2208,20:30,Reserve pit,,HPWBM,1.35,41.0,16.5,652
2209,,,,,,,17.0,652
2210,,,,,,,18.0,652
2211,,,,,,,20.0,652
2212,,,,,,,18.73,652
2213,,,,,,,133.0,652
2214,,,,,,,-80.0,652
2215,,,,,,,1212.0,652
2216,,,,,,,145.0,652
2217,,,,,,,1357.0,652
2218,,,,,,,26.0,652
2219,20:30,Reserve pit,1369.0,HPWBM,1.35,41.0,16.5,653
2220,14:00,Reserve pit,1369.0,HPWBM,1.35,39.0,12.5,654
2221,16:00,Reserve pit,1369.0,HPWBM,1.35,37.0,10.5,654
2222,21:00,Reserve pit,1369.0,HPWBM,1.35,38.0,17.5,654
2223,22:00,Reserve pit,1369.0,HPWBM,1.35,37.0,18.5,655
2224,10:00,Reserve pit,1369.0,HPWBM,1.35,38.0,15.5,656
2225,22:00,Reserve pit,1369.0,HPWBM,1.35,40.0,15.0,656
2226,10:00,Reserve pit,1369.0,HPWBM,1.35,38.0,17.5,657
2227,22:00,Reserve pit,1369.0,HPWBM,1.35,37.0,20.5,657
2228,10:00,Reserve pit,1369.0,HPWBM,1.35,38.0,17.5,658
2229,22:00,Reserve pit,1369.0,HPWBM,1.35,37.0,20.5,658
2230,08:00,Active pit,1370.0,HPWBM,1.35,35.0,12.5,659
2231,16:00,Active pit,1371.0,HPWBM,1.35,35.0,13.0,659
2232,23:00,Active pit,1400.0,HPWBM,1.35,30.0,7.5,659
2233,10:00,Active pit,1472.0,HPWBM,1.35,31.0,11.5,660
2234,16:00,Active pit,1500.0,HPWBM,1.35,31.0,9.0,660
2235,21:00,Active pit,1546.0,HPWBM,1.35,31.0,11.5,660
2236,03:00,Active pit,1485.0,HPWBM,1.35,32.0,10.0,661
2237,10:20,Active pit,1580.0,HPWBM,1.35,29.0,8.5,661
2238,16:00,Active pit,1675.0,HPWBM,1.35,28.0,9.5,661
2239,22:30,Active pit,1855.0,HPWBM,1.35,30.0,10.0,661
2240,04:00,Active pit,1500.0,HPWBM,1.35,29.0,10.5,662
2241,10:00,Active pit,1940.0,HPWBM,1.35,36.0,14.0,662
2242,16:30,Active pit,1960.0,HPWBM,1.35,36.0,13.5,662
2243,22:30,Active pit,2039.0,HPWBM,1.35,30.0,10.5,662
2244,04:00,Active pit,1875.0,HPWBM,1.35,31.0,9.5,663
2245,10:00,Active pit,2200.0,HPWBM,1.35,33.0,11.0,663
2246,16:00,Active pit,2325.0,HPWBM,1.35,30.0,12.5,663
2247,23:50,Active pit,2403.0,HPWBM,1.35,34.0,12.0,663
2248,04:30,Active pit,2150.0,HPWBM,1.35,31.0,11.5,664
2249,10:35,Active pit,2460.0,HPWBM,1.35,33.0,10.5,664
2250,16:30,Active pit,2485.0,HPWBM,1.35,33.0,11.5,664
2251,22:30,Active pit,2485.0,HPWBM,1.35,33.0,12.5,664
2252,04:30,Active pit,2500.0,HPWBM,1.35,34.0,10.5,665
2253,10:30,Active pit,2510.0,HPWBM,1.35,38.0,13.0,665
2254,15:00,Active pit,2513.0,HPWBM,1.35,38.0,13.0,665
2255,22:30,Active pit,2513.0,HPWBM,1.35,35.0,12.0,665
2256,04:30,Active pit,2513.0,HPWBM,1.35,34.0,12.5,666
2257,11:00,Active pit,2513.0,HPWBM,1.35,-35.0,49.5,666
2258,22:00,Active pit,2513.0,HPWBM,1.35,45.0,4.0,666
2259,04:30,Active pit,2513.0,HPWBM,1.35,34.0,12.5,667
2260,21:00,Active pit,2513.0,HPWBM,1.35,34.0,12.0,667
2261,23:00,Reserve pit,2513.0,HPWBM,1.35,31.0,11.0,667
2262,04:30,Active pit,2520.0,HPWBM,1.35,35.0,11.0,668
2263,10:00,Active pit,2520.0,HPWBM,1.35,38.0,9.5,668
2264,16:00,Reserve pit,2558.0,HPWBM,1.35,36.0,10.0,668
2265,23:00,Active pit,2572.0,HPWBM,1.35,36.0,12.5,668
2266,05:00,Active pit,2572.5,HPWBM,1.35,36.0,10.5,669
2267,15:00,Active pit,2572.0,HPWBM,1.35,36.0,10.5,669
2268,22:00,Reserve pit,0.0,HPWBM,1.35,36.0,10.0,669
2269,23:00,Active pit,2572.0,HPWBM,1.35,36.0,12.5,669
2270,05:00,Active pit,2572.5,HPWBM,1.35,36.0,10.5,670
2271,22:00,Reserve pit,0.0,HPWBM,1.35,35.0,11.0,670
2272,22:00,Reserve pit,0.0,HPWBM,1.35,35.0,11.0,671
2273,22:00,Reserve pit,0.0,HPWBM,1.35,35.0,11.0,672
2274,22:00,Reserve pit,0.0,HPWBM,1.35,35.0,11.0,673
2275,,,,,,,3.0,673
2276,,,,,,,0.0,673
2277,,,,,,,14.0,673
2278,,,,,,,12.66,673
2279,,,,,,,96.6,673
2280,,,,,,,-110.0,673
2281,,,,,,,2366.0,673
2282,,,,,,,140.0,673
2283,,,,,,,2506.0,673
2284,,,,,,,12.0,673
2285,22:00,Reserve pit,0.0,HPWBM,1.35,35.0,11.0,674
2286,22:00,Reserve pit,0.0,HPWBM,1.35,35.0,11.0,675
2287,22:00,Active pit,,HPWBM,1.36,39.0,10.5,676
2288,22:00,Active pit,,HPWBM,1.36,39.0,10.5,677
2289,22:00,Active pit,,HPWBM,1.36,39.0,10.5,678
2290,22:00,Active pit,,HPWBM,1.35,31.0,8.5,679
2291,11:30,Active pit,2572.0,HPWBM,1.38,31.0,8.5,680
2292,18:00,Flowline,2576.0,OBM-Standard,1.35,31.0,10.0,680
2293,22:00,Active pit,2576.0,OBM-Standard,1.35,26.0,6.0,680
2294,,,,,,,120.0,680
2295,,,,,,,120.0,680
2296,04:00,Active pit,2610.0,OBM-Standard,1.35,24.0,8.0,681
2297,15:30,Flowline,2727.0,OBM-Standard,1.35,24.0,8.0,681
2298,22:00,Active pit,2760.0,OBM-Standard,1.35,25.0,10.0,681
2299,,,,,,,120.0,681
2300,,,,,,,120.0,681
2301,,,,,,,120.0,681
2302,04:00,Flowline,2764.0,OBM-Standard,1.35,28.0,9.0,682
2303,14:00,Active pit,2780.0,OBM-Standard,1.36,27.0,9.0,682
2304,21:00,Flowline,2822.0,OBM-Standard,1.36,27.0,10.0,682
2305,,,,,,,120.0,682
2306,,,,,,,120.0,682
2307,,,,,,,120.0,682
2308,04:00,Active pit,2864.0,OBM-Standard,1.35,28.0,9.0,683
2309,09:00,Flowline,2891.0,OBM-Standard,1.38,27.0,9.5,683
2310,15:15,Active pit,2936.0,OBM-Standard,1.37,27.0,9.5,683
2311,22:00,Active pit,2965.0,OBM-Standard,1.36,27.0,10.0,683
2312,,,,,,,120.0,683
2313,,,,,,,120.0,683
2314,,,,,,,120.0,683
2315,,,,,,,120.0,683
2316,04:00,Flowline,2970.0,OBM-Standard,1.36,27.0,10.0,684
2317,09:00,Flowline,2979.0,OBM-Standard,1.37,27.0,11.0,684
2318,16:30,Flowline,3001.0,OBM-Standard,1.36,28.0,12.5,684
2319,22:00,Active pit,3011.0,OBM-Standard,1.38,31.0,11.5,684
2320,,,,,,,120.0,684
2321,,,,,,,120.0,684
2322,,,,,,,120.0,684
2323,,,,,,,120.0,684
2324,04:00,Flowline,3027.0,OBM-Standard,1.4,29.0,13.0,685
2325,10:30,Flowline,3041.0,OBM-Standard,1.4,30.0,11.5,685
2326,16:45,Active pit,3053.0,OBM-Standard,1.4,30.0,12.0,685
2327,22:10,Active pit,3077.0,OBM-Standard,1.4,27.0,12.5,685
2328,,,,,,,120.0,685
2329,,,,,,,120.0,685
2330,,,,,,,120.0,685
2331,,,,,,,120.0,685
2332,04:00,Flowline,3092.0,OBM-Standard,1.4,28.0,12.0,686
2333,22:00,Active pit,3114.0,OBM-Standard,1.4,29.0,12.0,686
2334,,,,,,,120.0,686
2335,,,,,,,120.0,686
2336,22:00,Active pit,3114.0,OBM-Standard,1.4,29.0,12.0,687
2337,,,,,,,120.0,687
2338,22:00,Active pit,3114.0,OBM-Standard,1.4,28.0,12.5,688
2339,,,,,,,120.0,688
2340,,,,,,,12.0,688
2341,,,,,,,13.0,688
2342,,,,,,,9.625,688
2343,,,,,,,8.535,688
2344,,,,,,,53.5,688
2345,,,,,,,13.0,688
2346,,,,,,,708.6,688
2347,,,,,,,2404.4,688
2348,,,,,,,3113.0,688
2349,22:00,Active pit,3114.0,OBM-Standard,1.4,30.0,12.0,689
2350,,,,,,,120.0,689
2351,22:00,Active pit,3114.0,OBM-Standard,1.4,29.0,11.5,690
2352,,,,,,,120.0,690
2353,11:00,Active pit,3116.0,OBM-Standard,1.4,30.0,9.5,691
2354,22:00,Active pit,3143.0,OBM-Standard,1.4,29.0,10.0,691
2355,,,,,,,120.0,691
2356,,,,,,,120.0,691
2357,05:00,Active pit,3185.0,OBM-Standard,1.4,29.0,10.5,692
2358,12:00,Active pit,3230.0,OBM-Standard,1.4,28.0,10.5,692
2359,16:00,Active pit,3280.0,OBM-Standard,1.4,28.0,10.5,692
2360,23:00,Active pit,3440.0,OBM-Standard,1.4,29.0,11.0,692
2361,,,,,,,120.0,692
2362,,,,,,,120.0,692
2363,,,,,,,120.0,692
2364,,,,,,,120.0,692
2365,04:00,Active pit,3507.0,OBM-Standard,1.4,30.0,10.5,693
2366,10:00,Active pit,3520.0,OBM-Standard,1.4,30.0,10.5,693
2367,22:00,Active pit,3520.0,OBM-Standard,1.4,29.0,11.0,693
2368,,,,,,,120.0,693
2369,,,,,,,120.0,693
2370,,,,,,,120.0,693
2371,04:00,Active pit,3507.0,OBM-Standard,1.4,30.0,10.0,694
2372,22:00,Active pit,3520.0,OBM-Standard,1.4,30.0,10.5,694
2373,,,,,,,120.0,694
2374,,,,,,,120.0,694
2375,22:00,Active pit,3520.0,OBM-Standard,1.4,30.0,10.5,695
2376,,,,,,,120.0,695
2377,22:00,Active pit,3519.0,OBM-Standard,1.4,30.0,10.5,696
2378,,,,,,,120.0,696
2379,22:00,Active pit,3457.0,OBM-Standard,1.4,29.0,10.0,697
2380,,,,,,,120.0,697
2381,,,,,,,14.0,697
2382,,,,,,,10.0,697
2383,,,,,,,7.0,697
2384,,,,,,,6.184,697
2385,,,,,,,29.0,697
2386,,,,,,,13.0,697
2387,,,,,,,496.0,697
2388,,,,,,,3023.0,697
2389,,,,,,,3519.0,697
2390,22:00,Active pit,3457.0,OBM-Standard,1.4,29.0,10.0,698
2391,,,,,,,120.0,698
2392,22:00,Active pit,3457.0,OBM-Standard,1.4,29.0,10.0,699
2393,,,,,,,120.0,699
2394,00:00,Active pit,,Seawater,1.01,,,700
2395,00:00,Active pit,,Seawater,1.01,,,701
2396,20:00,Active pit,,Seawater,1.01,,,701
2397,20:00,Active pit,,Seawater,1.01,,,702
2398,20:00,Active pit,,Seawater,1.01,,,703
2399,20:00,Active pit,3520.0,Seawater,1.01,,,704
2400,20:00,Active pit,3520.0,Seawater,1.01,,,705
2401,20:00,Active pit,3520.0,Seawater,1.01,,,706
2402,20:00,Active pit,3520.0,Seawater,1.01,,,707
2403,14:00,Active pit,3520.0,Seawater,1.01,,,708
2404,14:00,Active pit,3520.0,Seawater,1.01,,,709
2405,14:00,Active pit,3520.0,Seawater,1.01,,,710
2406,14:00,Active pit,3520.0,Seawater,1.01,,,711
2407,14:00,Active pit,3520.0,Seawater,1.01,,,712
2408,14:00,Active pit,3520.0,Seawater,1.01,,,713
2409,14:00,Active pit,3520.0,Seawater,1.01,,,714
2410,22:00,Active pit,,Seawater,1.03,,,716
2411,22:00,Active pit,3520.0,Packer fluid,1.03,,,717
2412,22:00,Active pit,3520.0,Packer fluid,1.03,,,718
2413,15:00,Active pit,3520.0,Packer fluid,1.03,,,719
2414,15:00,Reserve pit,0.0,Packer fluid,1.03,,,720
2415,10:00,Reserve pit,,Packer fluid,1.03,,,721
2416,21:00,Reserve pit,,Packer fluid,1.03,,,722
2417,21:00,Reserve pit,,Packer fluid,1.03,,,723
2418,21:00,Reserve pit,,Packer fluid,1.03,,,724
2419,15:00,Reserve pit,,Packer fluid,1.03,,,725
2420,21:00,Reserve pit,,Packer fluid,1.03,,,726
2421,00:00,Reserve pit,,Packer fluid,1.03,,,728
2422,00:00,Reserve pit,,Packer fluid,1.03,,,729
2423,00:00,Reserve pit,,Packer fluid,1.03,,,730
2424,00:00,Reserve pit,,Packer fluid,1.03,,,731
2425,00:00,Reserve pit,,Packer fluid,1.03,,,732
2426,00:00,Reserve pit,,Packer fluid,1.03,,,733
2427,00:00,Reserve pit,,Packer fluid,1.03,,,734
2428,00:00,Reserve pit,,Packer fluid,1.03,,,735
2429,00:00,Reserve pit,,Packer fluid,1.03,,,736
2430,00:00,Reserve pit,,Packer fluid,1.03,,,737
2431,00:00,Reserve pit,,Packer fluid,1.03,,,738
2432,00:00,Reserve pit,,Packer fluid,1.03,,,739
2433,00:00,Reserve pit,,Packer fluid,1.03,,,740
2434,20:00,Reserve pit,3520.0,Packer fluid,1.03,,,740
2435,20:00,Reserve pit,3520.0,Packer fluid,1.03,,,741
2436,20:00,Reserve pit,3520.0,Packer fluid,1.03,,,742
2437,20:00,Reserve pit,3520.0,Packer fluid,1.03,,,743
2438,20:00,Reserve pit,3520.0,Packer fluid,1.03,,,744
2439,20:00,Reserve pit,3520.0,Packer fluid,1.03,,,745
2440,20:00,Reserve pit,3520.0,Packer fluid,1.03,,,746
2441,20:00,Reserve pit,3520.0,Packer fluid,1.03,,,747
2442,20:00,Reserve pit,3520.0,Packer fluid,1.03,,,748
2443,20:00,Reserve pit,3520.0,Packer fluid,1.03,,,749
2444,20:00,Reserve pit,3520.0,Packer fluid,1.03,,,750
2445,20:00,Reserve pit,3520.0,Packer fluid,1.03,,,751
2446,20:00,Reserve pit,3520.0,Packer fluid,1.03,,,752
2447,11:00,Active pit,2993.0,OBM-Standard,1.4,29.0,7.5,753
2448,22:45,Active pit,2993.0,OBM-Standard,1.4,24.0,8.0,753
2449,,,,,,,120.0,753
2450,,,,,,,120.0,753
2451,,,,,,,0.0,753
2452,,,,,,,3130.0,753
2453,,,,,,,3281.0,753
2454,23:59,Active pit,,Packer fluid,1.03,,,754
2455,23:59,Active pit,,Packer fluid,1.03,,,755
2456,23:59,Active pit,,Packer fluid,1.03,,,756
2457,23:59,Active pit,,Packer fluid,1.03,,,757
2458,23:59,Active pit,,Packer fluid,1.03,,,758
2459,21:00,Reserve pit,,OBM-Standard,1.4,30.0,10.5,786
2460,21:01,Reserve pit,,Spud Mud,1.05,,,786
2461,,,,,111.0,,,786
2462,,,,,,,120.0,786
2463,21:00,Reserve pit,,OBM-Standard,1.4,30.0,10.5,787
2464,21:01,Reserve pit,,Spud Mud,1.05,,,787
2465,,,,,111.0,,,787
2466,21:00,Reserve pit,,Spud Mud,1.05,,,788
2467,21:01,Reserve pit,204.0,OBM-Standard,1.4,30.0,10.5,788
2468,,,,,111.0,,,788
2469,,,,,,,120.0,788
2470,20:00,Active pit,203.0,Spud Mud,1.4,,,789
2471,21:01,Reserve pit,204.0,OBM-Standard,1.4,30.0,10.5,789
2472,,,,,111.0,,,789
2473,,,,,,,120.0,789
2474,20:00,Active pit,203.0,Spud Mud,1.05,,,790
2475,21:01,Reserve pit,204.0,OBM-Standard,1.4,30.0,10.5,790
2476,,,,,111.0,,,790
2477,,,,,,,120.0,790
2478,20:00,Reserve pit,203.0,Spud Mud,1.05,,,791
2479,21:01,Reserve pit,204.0,OBM-Standard,1.4,30.0,10.5,791
2480,,,,,111.0,,,791
2481,,,,,,,120.0,791
2482,20:00,Active pit,203.0,Spud Mud,1.05,,,792
2483,21:01,Reserve pit,204.0,OBM-Standard,1.4,30.0,10.5,792
2484,,,,,111.0,,,792
2485,,,,,,,120.0,792
2486,20:00,Reserve pit,203.0,Spud Mud,1.05,,,793
2487,21:01,Reserve pit,204.0,OBM-Standard,1.4,30.0,10.5,793
2488,,,,,111.0,,,793
2489,,,,,,,120.0,793
2490,20:00,Reserve pit,203.0,Spud Mud,1.05,,,794
2491,21:01,Reserve pit,204.0,OBM-Standard,1.4,30.0,10.5,794
2492,,,,,111.0,,,794
2493,,,,,,,120.0,794
2494,20:00,Reserve pit,203.0,Spud Mud,1.05,,,795
2495,21:01,Reserve pit,204.0,OBM-Standard,1.4,30.0,10.5,795
2496,,,,,121.0,,,795
2497,,,,,,,120.0,795
2498,21:00,Reserve pit,200.0,Spud Mud,1.05,,,797
2499,,,,,125.0,,,797
2500,21:00,Reserve pit,235.0,Spud Mud,1.05,,,799
2501,,,,,123.0,,,799
2502,21:00,Reserve pit,475.0,Spud Mud,1.05,,,800
2503,,,,,125.0,,,800
2504,21:00,Reserve pit,878.0,Spud Mud,1.05,,,801
2505,21:00,Reserve pit,,Spud Mud,1.05,,,802
2506,,,,,120.0,,,802
2507,21:00,Reserve pit,,Spud Mud,1.05,,,803
2508,,,,,115.0,,,803
2509,21:00,Reserve pit,,Spud Mud,1.05,,,804
2510,,,,,120.0,,,804
2511,21:00,Reserve pit,,Spud Mud,1.05,,,805
2512,,,,,120.0,,,805
2513,15:00,Reserve pit,1083.0,HPWBM,1.3,,,806
2514,15:00,Reserve pit,1083.0,HPWBM,1.3,,,807
2515,15:00,Reserve pit,1083.0,HPWBM,1.3,,,808
2516,16:00,Reserve pit,1083.0,HPWBM,1.3,,,809
2517,14:00,Reserve pit,1083.0,HPWBM,1.3,,,810
2518,02:00,Active pit,1083.0,Seawater,1.03,,,811
2519,23:00,Active pit,1048.0,Seawater,1.03,,,811
2520,12:00,Active pit,1086.0,HPWBM,1.21,33.0,6.0,812
2521,17:00,Active pit,1101.0,HPWBM,1.2,33.0,14.5,812
2522,22:00,Active pit,1158.0,HPWBM,1.21,33.0,13.5,812
2523,04:00,Active pit,1238.0,HPWBM,1.23,36.0,12.0,813
2524,09:00,Flowline,1378.0,HPWBM,1.24,28.0,16.0,813
2525,16:00,Flowline,1460.0,HPWBM,1.25,30.0,15.0,813
2526,22:00,Flowline,1521.0,HPWBM,1.26,42.0,18.0,813
2527,04:00,Active pit,1680.0,HPWBM,1.27,31.0,16.0,814
2528,09:00,Flowline,1781.0,HPWBM,1.29,30.0,14.0,814
2529,16:00,Flowline,1940.0,HPWBM,1.3,31.0,13.5,814
2530,22:00,Active pit,2091.0,HPWBM,1.3,29.0,15.5,814
2531,04:00,Active pit,2192.0,HPWBM,1.3,25.0,12.0,815
2532,10:00,Flowline,2223.0,HPWBM,1.3,33.0,17.0,815
2533,16:00,Flowline,2279.0,HPWBM,1.3,33.0,15.5,815
2534,22:00,Active pit,2281.0,HPWBM,1.3,32.0,16.5,815
2535,22:00,Active pit,2281.0,HPWBM,1.3,32.0,16.5,816
2536,12:00,Active pit,2281.0,HPWBM,1.3,27.0,13.5,817
2537,22:00,Active pit,2281.0,HPWBM,1.3,27.0,13.5,817
2538,14:00,Flowline,2281.0,HPWBM,1.3,30.0,15.0,818
2539,22:00,Active pit,2281.0,HPWBM,1.3,28.0,17.0,818
2540,12:00,Active pit,2281.0,HPWBM,1.3,30.0,15.0,819
2541,22:00,Active pit,2281.0,HPWBM,1.3,28.0,17.0,819
2542,11:00,Active pit,2281.0,HPWBM,1.3,27.0,17.5,820
2543,22:00,Active pit,2281.0,HPWBM,1.3,28.0,17.0,820
2544,12:00,Reserve pit,,OBM-Standard,1.3,23.0,6.5,821
2545,22:00,Active pit,2281.0,HPWBM,1.3,28.0,17.0,821
2546,,,,,,,120.0,821
2547,14:00,Active pit,,HPWBM,1.3,33.0,14.5,822
2548,17:00,Flowline,2249.0,HPWBM,1.3,33.0,15.5,822
2549,22:00,Active pit,2284.0,HPWBM,1.3,32.0,13.5,822
2550,05:00,Active pit,2284.0,OBM-Standard,1.3,23.0,6.5,823
2551,10:00,Flowline,2303.0,OBM-Standard,1.3,25.0,8.5,823
2552,16:45,Flowline,2417.0,OBM-Standard,1.3,24.0,10.0,823
2553,22:30,Active pit,2547.0,OBM-Standard,1.3,23.0,10.5,823
2554,,,,,,,120.0,823
2555,,,,,,,120.0,823
2556,,,,,,,120.0,823
2557,,,,,,,120.0,823
2558,03:30,Flowline,2647.0,OBM-Standard,1.3,23.0,11.0,824
2559,11:00,Flowline,2707.0,OBM-Standard,1.31,25.0,10.0,824
2560,16:00,Flowline,2788.0,OBM-Standard,1.3,25.0,9.5,824
2561,21:00,Flowline,2788.0,OBM-Standard,1.3,23.0,10.5,824
2562,,,,,,,120.0,824
2563,,,,,,,120.0,824
2564,,,,,,,120.0,824
2565,,,,,,,120.0,824
2566,16:00,Active pit,2788.0,OBM-Standard,1.3,22.0,9.5,825
2567,21:00,Active pit,2788.0,OBM-Standard,1.3,22.0,9.5,825
2568,,,,,,,120.0,825
2569,,,,,,,120.0,825
2570,11:00,Active pit,2788.0,OBM-Standard,1.3,24.0,10.0,826
2571,21:00,Active pit,2788.0,OBM-Standard,1.3,24.0,9.0,826
2572,,,,,,,120.0,826
2573,,,,,,,120.0,826
2574,16:00,Active pit,2788.0,OBM-Standard,1.3,23.0,11.0,827
2575,21:00,Active pit,2788.0,OBM-Standard,1.3,24.0,9.0,827
2576,,,,,,,120.0,827
2577,,,,,,,120.0,827
2578,16:00,Active pit,2788.0,OBM-Standard,1.31,21.0,9.0,828
2579,21:00,Active pit,2788.0,OBM-Standard,1.31,22.0,8.5,828
2580,,,,,,,120.0,828
2581,,,,,,,120.0,828
2582,16:00,Active pit,2788.0,OBM-Standard,1.31,22.0,9.0,829
2583,21:00,Active pit,2788.0,OBM-Standard,1.31,22.0,8.5,829
2584,,,,,,,120.0,829
2585,21:00,Active pit,2788.0,OBM-Standard,1.31,22.0,8.0,830
2586,,,,,,,120.0,830
2587,21:00,Active pit,2788.0,OBM-Standard,1.31,23.0,7.5,831
2588,,,,,,,120.0,831
2589,21:00,Active pit,2788.0,OBM-Standard,1.31,23.0,7.5,832
2590,,,,,,,120.0,832
2591,21:00,Active pit,2788.0,OBM-Standard,1.31,23.0,8.0,833
2592,,,,,,,120.0,833
2593,21:00,Active pit,2788.0,OBM-Standard,1.31,21.0,10.0,834
2594,,,,,,,120.0,834
2595,21:00,Active pit,2788.0,OBM-Standard,1.31,,,835
2596,19:00,Reserve pit,2788.0,OBM-Standard,1.31,22.0,8.5,836
2597,,,,,,,120.0,836
2598,04:00,Active pit,2788.0,OBM-Standard,1.31,22.0,8.5,838
2599,,,,,,,121.0,838
2600,04:00,Active pit,2788.0,OBM-Standard,1.31,22.0,8.5,839
2601,,,,,,,120.0,839
2602,04:00,Active pit,2788.0,OBM-Standard,1.31,22.0,8.5,840
2603,,,,,,,120.0,840
2604,04:00,Active pit,2788.0,OBM-Standard,1.31,22.0,8.5,841
2605,16:00,Active pit,2788.0,OBM-Standard,1.31,22.0,8.5,841
2606,,,,,,,120.0,841
2607,,,,,,,120.0,841
2608,06:00,Active pit,2778.0,OBM-Standard,1.31,22.0,8.5,842
2609,13:00,Active pit,2788.0,OBM-Standard,1.31,25.0,7.0,842
2610,,,,,,,120.0,842
2611,,,,,,,120.0,842
2612,02:00,Flowline,2791.0,OBM-Standard,1.31,28.0,7.0,843
2613,15:00,Flowline,2910.0,OBM-Standard,1.35,26.0,9.5,843
2614,21:00,Flowline,2975.0,OBM-Standard,1.35,27.0,8.5,843
2615,,,,,,,120.0,843
2616,,,,,,,120.0,843
2617,,,,,,,120.0,843
2618,04:00,Flowline,3057.0,OBM-Standard,1.35,25.0,10.0,844
2619,11:00,Active pit,3095.0,OBM-Standard,1.35,29.0,10.0,844
2620,17:00,Flowline,3206.0,OBM-Standard,1.35,26.0,11.5,844
2621,22:00,Flowline,3249.0,OBM-Standard,1.35,27.0,9.0,844
2622,,,,,,,120.0,844
2623,,,,,,,120.0,844
2624,,,,,,,120.0,844
2625,,,,,,,120.0,844
2626,04:00,Flowline,3295.0,OBM-Standard,1.35,24.0,10.5,845
2627,09:00,Flowline,3315.0,OBM-Standard,1.36,26.0,8.0,845
2628,16:00,Flowline,3471.0,OBM-Standard,1.36,23.0,11.0,845
2629,22:00,Active pit,3536.0,OBM-Standard,1.36,23.0,8.0,845
2630,,,,,,,120.0,845
2631,,,,,,,120.0,845
2632,,,,,,,120.0,845
2633,,,,,,,120.0,845
2634,04:00,Flowline,3610.0,OBM-Standard,1.35,24.0,8.0,846
2635,09:00,Flowline,3669.0,OBM-Standard,1.35,25.0,8.0,846
2636,16:30,Flowline,3750.0,OBM-Standard,1.36,26.0,9.0,846
2637,22:00,Reserve pit,3750.0,OBM-Standard,1.36,26.0,9.0,846
2638,,,,,,,120.0,846
2639,,,,,,,120.0,846
2640,,,,,,,120.0,846
2641,,,,,,,120.0,846
2642,04:00,Active pit,3750.0,OBM-Standard,1.36,25.0,7.5,847
2643,18:00,Active pit,3750.0,OBM-Standard,1.36,25.0,7.5,847
2644,,,,,,,120.0,847
2645,,,,,,,120.0,847
2646,04:00,Active pit,3750.0,OBM-Standard,1.36,24.0,8.5,848
2647,14:00,Active pit,3750.0,OBM-Standard,1.36,26.0,8.5,848
2648,22:00,Active pit,3750.0,OBM-Standard,1.36,27.0,8.0,848
2649,,,,,,,120.0,848
2650,,,,,,,120.0,848
2651,,,,,,,120.0,848
2652,12:00,Active pit,3750.0,OBM-Standard,1.36,27.0,8.0,849
2653,22:00,Active pit,3750.0,OBM-Standard,1.36,26.0,8.5,849
2654,,,,,,,120.0,849
2655,,,,,,,120.0,849
2656,,,,,,,7.0,849
2657,,,,,,,6.184,849
2658,,,,,,,29.0,849
2659,,,,,,,13.0,849
2660,,,,,,,1079.0,849
2661,,,,,,,2616.0,849
2662,,,,,,,3695.0,849
2663,13:00,Active pit,3750.0,OBM-Standard,1.36,27.0,8.0,850
2664,22:00,Active pit,3750.0,OBM-Standard,1.36,27.0,8.0,850
2665,,,,,,,120.0,850
2666,,,,,,,120.0,850
2667,14:00,Active pit,3750.0,OBM-Standard,1.36,27.0,8.0,851
2668,23:00,Active pit,3750.0,OBM-Standard,1.36,26.0,9.0,851
2669,,,,,,,120.0,851
2670,,,,,,,120.0,851
2671,12:00,Active pit,3750.0,OBM-Standard,1.36,27.0,8.0,852
2672,22:00,Active pit,3750.0,Packer fluid,1.03,,,852
2673,,,,,,,120.0,852
2674,12:00,Reserve pit,3750.0,Packer fluid,1.03,,,853
2675,22:00,Active pit,3750.0,Packer fluid,1.03,,,854
2676,00:00,Active pit,,Packer fluid,1.03,,,856
2677,00:00,Active pit,,Packer fluid,1.03,,,857
2678,00:00,Active pit,,Packer fluid,1.03,,,858
2679,,,,,,,7.0,858
2680,,,,,,,6.184,858
2681,,,,,,,29.0,858
2682,,,,,,,13.0,858
2683,,,,,,,2599.1,858
2684,,,,,,,20.5,858
2685,,,,,,,2619.6,858
2686,00:00,Active pit,,Packer fluid,1.03,,,859
2687,00:00,Active pit,,Packer fluid,1.03,,,860
2688,00:00,Active pit,,Packer fluid,1.03,,,861
2689,00:00,Active pit,,Packer fluid,1.03,,,862
2690,00:00,Active pit,,Packer fluid,1.03,,,863
2691,00:00,Active pit,,Packer fluid,1.03,,,864
2692,00:00,Active pit,,Packer fluid,1.03,,,865
2693,00:00,Active pit,,Packer fluid,1.03,,,866
2694,00:00,Active pit,,Packer fluid,1.03,,,867
2695,10:00,Reserve pit,3750.0,OBM-Standard,1.37,25.0,7.5,867
2696,,,,,,,120.0,867
2697,11:00,Reserve pit,3750.0,OBM-Standard,1.37,25.0,7.5,868
2698,,,,,,,120.0,868
2699,11:00,Reserve pit,3750.0,OBM-Standard,1.37,25.0,7.5,869
2700,,,,,,,120.0,869
2701,11:00,Reserve pit,3750.0,OBM-Standard,1.37,25.0,7.5,870
2702,,,,,,,120.0,870
2703,11:00,Reserve pit,3750.0,OBM-Standard,1.37,25.0,7.5,871
2704,,,,,,,120.0,871
2705,11:00,Reserve pit,3750.0,OBM-Standard,1.37,25.0,7.5,872
2706,,,,,,,120.0,872
2707,23:59,Active pit,,Packer fluid,1.03,,,875
2708,23:59,Active pit,,Packer fluid,1.03,,,876
2709,23:59,Active pit,,Packer fluid,1.03,,,877
2710,23:59,Active pit,,Packer fluid,1.03,,,878
2711,23:59,Active pit,,Packer fluid,1.03,,,879
2712,23:59,Active pit,,Packer fluid,1.03,,,880
2713,14:00,Active pit,206.0,Spud Mud,1.4,,,920
2714,,,,,125.0,,,920
2715,14:00,Active pit,206.0,Spud Mud,1.4,,,921
2716,,,,,125.0,,,921
2717,14:00,Reserve pit,226.0,Seawater,1.03,,,922
2718,19:00,Active pit,226.0,Seawater,1.03,,,922
2719,,,,,125.0,,,922
2720,15:00,Reserve pit,226.0,Spud Mud,1.06,,,925
2721,22:00,Reserve pit,288.0,Spud Mud,1.4,,,925
2722,,,,,139.0,,,925
2723,,,,,132.0,,,925
2724,15:30,Reserve pit,770.0,Spud Mud,1.06,,,926
2725,22:30,Reserve pit,885.0,Spud Mud,1.4,,,926
2726,,,,,138.0,,,926
2727,,,,,132.0,,,926
2728,15:00,Reserve pit,1215.0,Spud Mud,1.06,,,927
2729,22:00,Reserve pit,1338.0,Spud Mud,1.4,,,927
2730,,,,,139.0,,,927
2731,,,,,132.0,,,927
2732,22:01,Reserve pit,1378.0,Spud Mud,1.06,,,928
2733,22:30,Reserve pit,1378.0,Spud Mud,1.4,,,928
2734,,,,,139.0,,,928
2735,,,,,132.0,,,928
2736,08:00,Reserve pit,1378.0,Spud Mud,1.4,,,929
2737,,,,,132.0,,,929
2738,22:00,Reserve pit,1378.0,Spud Mud,1.4,,,930
2739,,,,,132.0,,,930
2740,08:30,Reserve pit,1378.0,Spud Mud,1.4,,,931
2741,,,,,138.0,,,931
2742,08:30,Reserve pit,1378.0,Seawater,1.03,,,932
2743,22:00,Reserve pit,,OBM-Standard,1.44,22.0,5.5,934
2744,23:00,Flowline,1378.0,Spud Mud,1.03,,,934
2745,,,,,,,120.0,934
2746,10:00,Reserve pit,,OBM-Standard,1.44,21.0,6.0,935
2747,22:00,Reserve pit,,OBM-Standard,1.44,22.0,6.0,935
2748,23:00,Active pit,1378.0,Seawater,1.03,,,935
2749,,,,,,,120.0,935
2750,,,,,,,120.0,935
2751,10:00,Reserve pit,,OBM-Standard,1.44,22.0,5.5,936
2752,22:00,Reserve pit,,OBM-Standard,1.44,20.0,6.0,936
2753,,,,,,,120.0,936
2754,,,,,,,120.0,936
2755,00:00,Active pit,1378.0,Seawater,1.03,,,937
2756,10:00,Reserve pit,,OBM-Standard,1.44,21.0,5.5,937
2757,22:00,Reserve pit,,OBM-Standard,1.44,22.0,5.5,937
2758,00:00,Active pit,1378.0,Seawater,1.03,,,937
2759,,,,,,,120.0,937
2760,,,,,,,120.0,937
2761,16:00,Reserve pit,1381.0,OBM-Standard,1.44,25.0,4.0,938
2762,,,,,,,120.0,938
2763,16:00,Reserve pit,1381.0,OBM-Standard,1.44,25.0,4.0,939
2764,,,,,,,120.0,939
2765,10:00,Flowline,1365.0,OBM-Standard,1.44,24.0,12.0,989
2766,16:00,Flowline,1385.0,OBM-Standard,1.43,30.0,10.5,989
2767,23:00,Flowline,1457.0,OBM-Standard,1.43,29.0,11.5,989
2768,,,,,,,120.0,989
2769,,,,,,,120.0,989
2770,,,,,,,120.0,989
2771,05:00,Flowline,1518.0,OBM-Standard,1.43,31.0,14.5,990
2772,10:00,Flowline,1590.0,OBM-Standard,1.43,31.0,12.0,990
2773,16:30,Flowline,1645.0,OBM-Standard,1.43,34.0,13.5,990
2774,21:30,Flowline,1721.0,OBM-Standard,1.43,31.0,12.5,990
2775,,,,,,,120.0,990
2776,,,,,,,120.0,990
2777,,,,,,,120.0,990
2778,,,,,,,120.0,990
2779,04:30,Flowline,1805.0,OBM-Standard,1.43,33.0,14.0,991
2780,11:00,Flowline,1841.0,OBM-Standard,1.43,34.0,14.5,991
2781,16:00,Flowline,1956.0,OBM-Standard,1.43,34.0,15.0,991
2782,22:30,Flowline,2021.0,OBM-Standard,1.43,32.0,14.0,991
2783,,,,,,,120.0,991
2784,,,,,,,120.0,991
2785,,,,,,,120.0,991
2786,,,,,,,120.0,991
2787,03:30,Flowline,2095.0,OBM-Standard,1.43,32.0,13.0,992
2788,10:30,Flowline,2208.0,OBM-Standard,1.44,32.0,14.0,992
2789,16:00,Flowline,2284.0,OBM-Standard,1.43,31.0,14.0,992
2790,22:00,Flowline,2369.0,OBM-Standard,1.43,32.0,13.5,992
2791,,,,,,,120.0,992
2792,,,,,,,120.0,992
2793,,,,,,,120.0,992
2794,,,,,,,120.0,992
2795,03:30,Flowline,2445.0,OBM-Standard,1.43,33.0,13.0,993
2796,11:30,Flowline,2548.0,OBM-Standard,1.43,32.0,12.0,993
2797,15:30,Flowline,2583.0,OBM-Standard,1.43,30.0,12.0,993
2798,20:00,Flowline,2591.0,OBM-Standard,1.43,29.0,11.0,993
2799,,,,,,,120.0,993
2800,,,,,,,120.0,993
2801,,,,,,,120.0,993
2802,,,,,,,120.0,993
2803,14:00,Active pit,2591.0,OBM-Standard,,28.0,11.0,994
2804,20:00,Active pit,2591.0,OBM-Standard,,29.0,10.0,994
2805,,,,,,,120.0,994
2806,,,,,,,120.0,994
2807,10:00,Active pit,2591.0,OBM-Standard,,29.0,10.0,995
2808,22:00,Active pit,2591.0,OBM-Standard,,29.0,10.0,995
2809,,,,,,,120.0,995
2810,,,,,,,120.0,995
2811,15:00,Active pit,2591.0,OBM-Standard,1.43,29.0,9.5,996
2812,22:30,Active pit,2591.0,OBM-Standard,1.43,29.0,10.0,996
2813,,,,,,,120.0,996
2814,,,,,,,120.0,996
2815,11:00,Active pit,2591.0,OBM-Standard,1.43,28.0,10.5,997
2816,22:30,Active pit,2591.0,OBM-Standard,1.43,28.0,10.0,997
2817,,,,,,,120.0,997
2818,,,,,,,120.0,997
2819,08:00,Active pit,2591.0,OBM-Standard,1.43,29.0,10.5,998
2820,22:30,Active pit,2591.0,OBM-Standard,1.43,29.0,10.0,998
2821,,,,,,,120.0,998
2822,,,,,,,120.0,998
2823,11:00,Active pit,2591.0,OBM-Standard,1.43,28.0,10.5,999
2824,22:30,Active pit,2591.0,OBM-Standard,1.43,28.0,10.0,999
2825,,,,,,,120.0,999
2826,,,,,,,120.0,999
2827,11:00,Active pit,2591.0,OBM-Standard,1.25,17.0,5.5,1000
2828,22:30,Active pit,2591.0,OBM-Standard,1.43,29.0,10.0,1000
2829,,,,,,,120.0,1000
2830,,,,,,,120.0,1000
