quality_check_id,table_name,field_name,severity,check_name,message,report_id
1,reports,operator,info,value_missing_before_next_label,No accepted value for operator,1.0
2,reports,rig_name,info,value_missing_before_next_label,No accepted value for rig_name,1.0
3,reports,drilling_contractor,info,value_missing_before_next_label,No accepted value for drilling_contractor,1.0
4,reports,depth_current_mmd,warning,metadata_value_rejected,Rejected raw value '-999.99' for depth_current_mmd,1.0
5,reports,depth_current_mtvd,info,value_missing_before_next_label,No accepted value for depth_current_mtvd,1.0
6,reports,depth_kickoff_mtvd,info,value_missing_before_next_label,No accepted value for depth_kickoff_mtvd,1.0
7,reports,depth_last_casing_mmd,info,value_missing_before_next_label,No accepted value for depth_last_casing_mmd,1.0
8,reports,depth_last_casing_mtvd,info,value_missing_before_next_label,No accepted value for depth_last_casing_mtvd,1.0
9,reports,depth_formation_strength_mmd,info,value_missing_before_next_label,No accepted value for depth_formation_strength_mmd,1.0
10,reports,depth_formation_strength_mtvd,info,value_missing_before_next_label,No accepted value for depth_formation_strength_mtvd,1.0
11,reports,plug_back_depth_mmd,info,value_missing_before_next_label,No accepted value for plug_back_depth_mmd,1.0
12,reports,pressure_test_type,info,value_missing_before_next_label,No accepted value for pressure_test_type,1.0
13,reports,drilling_contractor,info,value_missing_before_next_label,No accepted value for drilling_contractor,2.0
14,reports,depth_current_mmd,warning,metadata_value_rejected,Rejected raw value '-999.99' for depth_current_mmd,2.0
15,reports,depth_current_mtvd,info,value_missing_before_next_label,No accepted value for depth_current_mtvd,2.0
16,reports,depth_kickoff_mtvd,info,value_missing_before_next_label,No accepted value for depth_kickoff_mtvd,2.0
17,reports,depth_last_casing_mtvd,info,value_missing_before_next_label,No accepted value for depth_last_casing_mtvd,2.0
18,reports,depth_formation_strength_mmd,info,value_missing_before_next_label,No accepted value for depth_formation_strength_mmd,2.0
19,reports,depth_formation_strength_mtvd,info,value_missing_before_next_label,No accepted value for depth_formation_strength_mtvd,2.0
20,reports,pressure_test_type,info,value_missing_before_next_label,No accepted value for pressure_test_type,2.0
21,reports,drilling_contractor,info,value_missing_before_next_label,No accepted value for drilling_contractor,3.0
22,reports,depth_kickoff_mtvd,info,value_missing_before_next_label,No accepted value for depth_kickoff_mtvd,3.0
23,reports,depth_last_casing_mtvd,info,value_missing_before_next_label,No accepted value for depth_last_casing_mtvd,3.0
24,reports,plug_back_depth_mmd,info,value_missing_before_next_label,No accepted value for plug_back_depth_mmd,3.0
25,reports,drilling_contractor,info,value_missing_before_next_label,No accepted value for drilling_contractor,4.0
26,reports,depth_kickoff_mtvd,info,value_missing_before_next_label,No accepted value for depth_kickoff_mtvd,4.0
27,reports,depth_last_casing_mtvd,info,value_missing_before_next_label,No accepted value for depth_last_casing_mtvd,4.0
28,reports,plug_back_depth_mmd,info,value_missing_before_next_label,No accepted value for plug_back_depth_mmd,4.0
29,drilling_fluid,,warning,partial_fluid_row,Partial drilling fluid row retained at row offset 3,4.0
30,drilling_fluid,,warning,partial_fluid_row,Partial drilling fluid row retained at row offset 4,4.0
31,reports,drilling_contractor,info,value_missing_before_next_label,No accepted value for drilling_contractor,5.0
32,reports,depth_current_mmd,warning,metadata_value_rejected,Rejected raw value '-999.99' for depth_current_mmd,5.0
33,reports,depth_current_mtvd,info,value_missing_before_next_label,No accepted value for depth_current_mtvd,5.0
34,reports,depth_kickoff_mtvd,info,value_missing_before_next_label,No accepted value for depth_kickoff_mtvd,5.0
35,reports,depth_last_casing_mtvd,info,value_missing_before_next_label,No accepted value for depth_last_casing_mtvd,5.0
36,drilling_fluid,,warning,partial_fluid_row,Partial drilling fluid row retained at row offset 3,5.0
37,drilling_fluid,,warning,partial_fluid_row,Partial drilling fluid row retained at row offset 4,5.0
38,reports,drilling_contractor,info,value_missing_before_next_label,No accepted value for drilling_contractor,6.0
39,reports,depth_kickoff_mtvd,info,value_missing_before_next_label,No accepted value for depth_kickoff_mtvd,6.0
40,reports,depth_last_casing_mtvd,info,value_missing_before_next_label,No accepted value for depth_last_casing_mtvd,6.0
41,reports,plug_back_depth_mmd,info,value_missing_before_next_label,No accepted value for plug_back_depth_mmd,6.0
42,drilling_fluid,,warning,partial_fluid_row,Partial drilling fluid row retained at row offset 3,6.0
43,drilling_fluid,,warning,partial_fluid_row,Partial drilling fluid row retained at row offset 4,6.0
44,reports,drilling_contractor,info,value_missing_before_next_label,No accepted value for drilling_contractor,7.0
45,reports,depth_kickoff_mtvd,info,value_missing_before_next_label,No accepted value for depth_kickoff_mtvd,7.0
46,reports,depth_last_casing_mtvd,info,value_missing_before_next_label,No accepted value for depth_last_casing_mtvd,7.0
47,reports,plug_back_depth_mmd,info,value_missing_before_next_label,No accepted value for plug_back_depth_mmd,7.0
48,drilling_fluid,,warning,partial_fluid_row,Partial drilling fluid row retained at row offset 3,7.0
49,drilling_fluid,,warning,partial_fluid_row,Partial drilling fluid row retained at row offset 4,7.0
50,reports,drilling_contractor,info,value_missing_before_next_label,No accepted value for drilling_contractor,8.0
51,reports,depth_kickoff_mtvd,info,value_missing_before_next_label,No accepted value for depth_kickoff_mtvd,8.0
52,reports,depth_last_casing_mtvd,info,value_missing_before_next_label,No accepted value for depth_last_casing_mtvd,8.0
53,reports,plug_back_depth_mmd,info,value_missing_before_next_label,No accepted value for plug_back_depth_mmd,8.0
54,drilling_fluid,,warning,partial_fluid_row,Partial drilling fluid row retained at row offset 3,8.0
55,drilling_fluid,,warning,partial_fluid_row,Partial drilling fluid row retained at row offset 4,8.0
56,reports,drilling_contractor,info,value_missing_before_next_label,No accepted value for drilling_contractor,9.0
57,reports,depth_kickoff_mtvd,info,value_missing_before_next_label,No accepted value for depth_kickoff_mtvd,9.0
58,reports,depth_last_casing_mtvd,info,value_missing_before_next_label,No accepted value for depth_last_casing_mtvd,9.0
59,reports,plug_back_depth_mmd,info,value_missing_before_next_label,No accepted value for plug_back_depth_mmd,9.0
60,drilling_fluid,,warning,partial_fluid_row,Partial drilling fluid row retained at row offset 4,9.0
61,drilling_fluid,,warning,partial_fluid_row,Partial drilling fluid row retained at row offset 5,9.0
62,drilling_fluid,,warning,partial_fluid_row,Partial drilling fluid row retained at row offset 6,9.0
63,reports,drilling_contractor,info,value_missing_before_next_label,No accepted value for drilling_contractor,10.0
64,reports,depth_kickoff_mtvd,info,value_missing_before_next_label,No accepted value for depth_kickoff_mtvd,10.0
65,reports,depth_last_casing_mtvd,info,value_missing_before_next_label,No accepted value for depth_last_casing_mtvd,10.0
66,reports,plug_back_depth_mmd,info,value_missing_before_next_label,No accepted value for plug_back_depth_mmd,10.0
67,drilling_fluid,,warning,partial_fluid_row,Partial drilling fluid row retained at row offset 3,10.0
68,drilling_fluid,,warning,partial_fluid_row,Partial drilling fluid row retained at row offset 4,10.0
69,reports,drilling_contractor,info,value_missing_before_next_label,No accepted value for drilling_contractor,11.0
70,reports,depth_kickoff_mtvd,info,value_missing_before_next_label,No accepted value for depth_kickoff_mtvd,11.0
71,reports,depth_last_casing_mtvd,info,value_missing_before_next_label,No accepted value for depth_last_casing_mtvd,11.0
72,reports,plug_back_depth_mmd,info,value_missing_before_next_label,No accepted value for plug_back_depth_mmd,11.0
73,drilling_fluid,,warning,partial_fluid_row,Partial drilling fluid row retained at row offset 2,11.0
74,reports,drilling_contractor,info,value_missing_before_next_label,No accepted value for drilling_contractor,12.0
75,reports,depth_kickoff_mtvd,info,value_missing_before_next_label,No accepted value for depth_kickoff_mtvd,12.0
76,reports,depth_last_casing_mtvd,info,value_missing_before_next_label,No accepted value for depth_last_casing_mtvd,12.0
77,reports,plug_back_depth_mmd,info,value_missing_before_next_label,No accepted value for plug_back_depth_mmd,12.0
78,drilling_fluid,,warning,partial_fluid_row,Partial drilling fluid row retained at row offset 3,12.0
79,drilling_fluid,,warning,partial_fluid_row,Partial drilling fluid row retained at row offset 4,12.0
80,reports,drilling_contractor,info,value_missing_before_next_label,No accepted value for drilling_contractor,13.0
81,reports,depth_kickoff_mtvd,info,value_missing_before_next_label,No accepted value for depth_kickoff_mtvd,13.0
82,reports,depth_last_casing_mtvd,info,value_missing_before_next_label,No accepted value for depth_last_casing_mtvd,13.0
83,reports,plug_back_depth_mmd,info,value_missing_before_next_label,No accepted value for plug_back_depth_mmd,13.0
84,drilling_fluid,,warning,partial_fluid_row,Partial drilling fluid row retained at row offset 2,13.0
85,reports,drilling_contractor,info,value_missing_before_next_label,No accepted value for drilling_contractor,14.0
86,reports,depth_kickoff_mtvd,info,value_missing_before_next_label,No accepted value for depth_kickoff_mtvd,14.0
87,reports,depth_last_casing_mtvd,info,value_missing_before_next_label,No accepted value for depth_last_casing_mtvd,14.0
88,reports,plug_back_depth_mmd,info,value_missing_before_next_label,No accepted value for plug_back_depth_mmd,14.0
89,drilling_fluid,,warning,partial_fluid_row,Partial drilling fluid row retained at row offset 3,14.0
90,drilling_fluid,,warning,partial_fluid_row,Partial drilling fluid row retained at row offset 4,14.0
91,reports,drilling_contractor,info,value_missing_before_next_label,No accepted value for drilling_contractor,15.0
92,reports,depth_kickoff_mtvd,info,value_missing_before_next_label,No accepted value for depth_kickoff_mtvd,15.0
93,reports,depth_last_casing_mtvd,info,value_missing_before_next_label,No accepted value for depth_last_casing_mtvd,15.0
94,reports,plug_back_depth_mmd,info,value_missing_before_next_label,No accepted value for plug_back_depth_mmd,15.0
95,drilling_fluid,,warning,partial_fluid_row,Partial drilling fluid row retained at row offset 4,15.0
96,drilling_fluid,,warning,partial_fluid_row,Partial drilling fluid row retained at row offset 5,15.0
97,drilling_fluid,,warning,partial_fluid_row,Partial drilling fluid row retained at row offset 6,15.0
98,reports,drilling_contractor,info,value_missing_before_next_label,No accepted value for drilling_contractor,16.0
99,reports,depth_kickoff_mtvd,info,value_missing_before_next_label,No accepted value for depth_kickoff_mtvd,16.0
100,reports,depth_last_casing_mtvd,info,value_missing_before_next_label,No accepted value for depth_last_casing_mtvd,16.0
101,reports,plug_back_depth_mmd,info,value_missing_before_next_label,No accepted value for plug_back_depth_mmd,16.0
102,drilling_fluid,,warning,partial_fluid_row,Partial drilling fluid row retained at row offset 4,16.0
103,drilling_fluid,,warning,partial_fluid_row,Partial drilling fluid row retained at row offset 5,16.0
104,drilling_fluid,,warning,partial_fluid_row,Partial drilling fluid row retained at row offset 6,16.0
105,reports,drilling_contractor,info,value_missing_before_next_label,No accepted value for drilling_contractor,17.0
106,reports,depth_kickoff_mtvd,info,value_missing_before_next_label,No accepted value for depth_kickoff_mtvd,17.0
107,reports,depth_last_casing_mtvd,info,value_missing_before_next_label,No accepted value for depth_last_casing_mtvd,17.0
108,reports,plug_back_depth_mmd,info,value_missing_before_next_label,No accepted value for plug_back_depth_mmd,17.0
109,drilling_fluid,,warning,partial_fluid_row,Partial drilling fluid row retained at row offset 2,17.0
110,reports,drilling_contractor,info,value_missing_before_next_label,No accepted value for drilling_contractor,18.0
111,reports,depth_kickoff_mtvd,info,value_missing_before_next_label,No accepted value for depth_kickoff_mtvd,18.0
112,reports,depth_last_casing_mtvd,info,value_missing_before_next_label,No accepted value for depth_last_casing_mtvd,18.0
113,reports,plug_back_depth_mmd,info,value_missing_before_next_label,No accepted value for plug_back_depth_mmd,18.0
114,drilling_fluid,,warning,partial_fluid_row,Partial drilling fluid row retained at row offset 3,18.0
115,drilling_fluid,,warning,partial_fluid_row,Partial drilling fluid row retained at row offset 4,18.0
116,reports,drilling_contractor,info,value_missing_before_next_label,No accepted value for drilling_contractor,19.0
117,reports,depth_kickoff_mtvd,info,value_missing_before_next_label,No accepted value for depth_kickoff_mtvd,19.0
118,reports,depth_last_casing_mtvd,info,value_missing_before_next_label,No accepted value for depth_last_casing_mtvd,19.0
119,reports,plug_back_depth_mmd,info,value_missing_before_next_label,No accepted value for plug_back_depth_mmd,19.0
120,drilling_fluid,,warning,partial_fluid_row,Partial drilling fluid row retained at row offset 2,19.0
121,reports,drilling_contractor,info,value_missing_before_next_label,No accepted value for drilling_contractor,20.0
122,reports,depth_kickoff_mtvd,info,value_missing_before_next_label,No accepted value for depth_kickoff_mtvd,20.0
123,reports,depth_last_casing_mtvd,info,value_missing_before_next_label,No accepted value for depth_last_casing_mtvd,20.0
124,reports,plug_back_depth_mmd,info,value_missing_before_next_label,No accepted value for plug_back_depth_mmd,20.0
125,drilling_fluid,,warning,partial_fluid_row,Partial drilling fluid row retained at row offset 2,20.0
126,reports,drilling_contractor,info,value_missing_before_next_label,No accepted value for drilling_contractor,21.0
127,reports,depth_kickoff_mtvd,info,value_missing_before_next_label,No accepted value for depth_kickoff_mtvd,21.0
128,reports,depth_last_casing_mtvd,info,value_missing_before_next_label,No accepted value for depth_last_casing_mtvd,21.0
129,reports,plug_back_depth_mmd,info,value_missing_before_next_label,No accepted value for plug_back_depth_mmd,21.0
130,drilling_fluid,,warning,partial_fluid_row,Partial drilling fluid row retained at row offset 3,21.0
131,drilling_fluid,,warning,partial_fluid_row,Partial drilling fluid row retained at row offset 4,21.0
132,reports,drilling_contractor,info,value_missing_before_next_label,No accepted value for drilling_contractor,22.0
133,reports,depth_kickoff_mtvd,info,value_missing_before_next_label,No accepted value for depth_kickoff_mtvd,22.0
134,reports,depth_last_casing_mtvd,info,value_missing_before_next_label,No accepted value for depth_last_casing_mtvd,22.0
135,reports,plug_back_depth_mmd,info,value_missing_before_next_label,No accepted value for plug_back_depth_mmd,22.0
136,drilling_fluid,,warning,partial_fluid_row,Partial drilling fluid row retained at row offset 2,22.0
137,reports,drilling_contractor,info,value_missing_before_next_label,No accepted value for drilling_contractor,23.0
138,reports,depth_kickoff_mtvd,info,value_missing_before_next_label,No accepted value for depth_kickoff_mtvd,23.0
139,reports,depth_last_casing_mtvd,info,value_missing_before_next_label,No accepted value for depth_last_casing_mtvd,23.0
140,reports,plug_back_depth_mmd,info,value_missing_before_next_label,No accepted value for plug_back_depth_mmd,23.0
141,drilling_fluid,,warning,partial_fluid_row,Partial drilling fluid row retained at row offset 2,23.0
142,reports,drilling_contractor,info,value_missing_before_next_label,No accepted value for drilling_contractor,24.0
143,reports,depth_kickoff_mtvd,info,value_missing_before_next_label,No accepted value for depth_kickoff_mtvd,24.0
144,reports,depth_last_casing_mtvd,info,value_missing_before_next_label,No accepted value for depth_last_casing_mtvd,24.0
145,reports,plug_back_depth_mmd,info,value_missing_before_next_label,No accepted value for plug_back_depth_mmd,24.0
146,drilling_fluid,,warning,partial_fluid_row,Partial drilling fluid row retained at row offset 3,24.0
147,drilling_fluid,,warning,partial_fluid_row,Partial drilling fluid row retained at row offset 4,24.0
148,reports,drilling_contractor,info,value_missing_before_next_label,No accepted value for drilling_contractor,25.0
149,reports,depth_kickoff_mtvd,info,value_missing_before_next_label,No accepted value for depth_kickoff_mtvd,25.0
150,reports,depth_last_casing_mtvd,info,value_missing_before_next_label,No accepted value for depth_last_casing_mtvd,25.0
151,reports,plug_back_depth_mmd,info,value_missing_before_next_label,No accepted value for plug_back_depth_mmd,25.0
152,drilling_fluid,,warning,partial_fluid_row,Partial drilling fluid row retained at row offset 3,25.0
153,drilling_fluid,,warning,partial_fluid_row,Partial drilling fluid row retained at row offset 4,25.0
154,reports,drilling_contractor,info,value_missing_before_next_label,No accepted value for drilling_contractor,26.0
155,reports,depth_kickoff_mtvd,info,value_missing_before_next_label,No accepted value for depth_kickoff_mtvd,26.0
156,reports,depth_last_casing_mtvd,info,value_missing_before_next_label,No accepted value for depth_last_casing_mtvd,26.0
157,reports,plug_back_depth_mmd,info,value_missing_before_next_label,No accepted value for plug_back_depth_mmd,26.0
158,drilling_fluid,,warning,partial_fluid_row,Partial drilling fluid row retained at row offset 3,26.0
159,drilling_fluid,,warning,partial_fluid_row,Partial drilling fluid row retained at row offset 4,26.0
160,reports,drilling_contractor,info,value_missing_before_next_label,No accepted value for drilling_contractor,27.0
161,reports,depth_kickoff_mtvd,info,value_missing_before_next_label,No accepted value for depth_kickoff_mtvd,27.0
162,reports,depth_last_casing_mtvd,info,value_missing_before_next_label,No accepted value for depth_last_casing_mtvd,27.0
163,reports,plug_back_depth_mmd,info,value_missing_before_next_label,No accepted value for plug_back_depth_mmd,27.0
164,drilling_fluid,,warning,partial_fluid_row,Partial drilling fluid row retained at row offset 3,27.0
165,drilling_fluid,,warning,partial_fluid_row,Partial drilling fluid row retained at row offset 4,27.0
166,reports,drilling_contractor,info,value_missing_before_next_label,No accepted value for drilling_contractor,28.0
167,reports,depth_kickoff_mtvd,info,value_missing_before_next_label,No accepted value for depth_kickoff_mtvd,28.0
168,reports,depth_last_casing_mtvd,info,value_missing_before_next_label,No accepted value for depth_last_casing_mtvd,28.0
169,reports,plug_back_depth_mmd,info,value_missing_before_next_label,No accepted value for plug_back_depth_mmd,28.0
170,drilling_fluid,,warning,partial_fluid_row,Partial drilling fluid row retained at row offset 2,28.0
171,reports,drilling_contractor,info,value_missing_before_next_label,No accepted value for drilling_contractor,29.0
172,reports,depth_kickoff_mtvd,info,value_missing_before_next_label,No accepted value for depth_kickoff_mtvd,29.0
173,reports,depth_last_casing_mtvd,info,value_missing_before_next_label,No accepted value for depth_last_casing_mtvd,29.0
174,reports,plug_back_depth_mmd,info,value_missing_before_next_label,No accepted value for plug_back_depth_mmd,29.0
175,drilling_fluid,,warning,partial_fluid_row,Partial drilling fluid row retained at row offset 3,29.0
176,drilling_fluid,,warning,partial_fluid_row,Partial drilling fluid row retained at row offset 4,29.0
177,reports,drilling_contractor,info,value_missing_before_next_label,No accepted value for drilling_contractor,30.0
178,reports,depth_kickoff_mtvd,info,value_missing_before_next_label,No accepted value for depth_kickoff_mtvd,30.0
179,reports,depth_last_casing_mtvd,info,value_missing_before_next_label,No accepted value for depth_last_casing_mtvd,30.0
180,reports,plug_back_depth_mmd,info,value_missing_before_next_label,No accepted value for plug_back_depth_mmd,30.0
181,drilling_fluid,,warning,partial_fluid_row,Partial drilling fluid row retained at row offset 3,30.0
182,drilling_fluid,,warning,partial_fluid_row,Partial drilling fluid row retained at row offset 4,30.0
183,reports,drilling_contractor,info,value_missing_before_next_label,No accepted value for drilling_contractor,31.0
184,reports,depth_kickoff_mtvd,info,value_missing_before_next_label,No accepted value for depth_kickoff_mtvd,31.0
185,reports,depth_last_casing_mtvd,info,value_missing_before_next_label,No accepted value for depth_last_casing_mtvd,31.0
186,reports,plug_back_depth_mmd,info,value_missing_before_next_label,No accepted value for plug_back_depth_mmd,31.0
187,reports,drilling_contractor,info,value_missing_before_next_label,No accepted value for drilling_contractor,32.0
188,reports,depth_kickoff_mtvd,info,value_missing_before_next_label,No accepted value for depth_kickoff_mtvd,32.0
189,reports,depth_last_casing_mtvd,info,value_missing_before_next_label,No accepted value for depth_last_casing_mtvd,32.0
190,reports,plug_back_depth_mmd,info,value_missing_before_next_label,No accepted value for plug_back_depth_mmd,32.0
191,drilling_fluid,,warning,partial_fluid_row,Partial drilling fluid row retained at row offset 2,32.0
192,reports,drilling_contractor,info,value_missing_before_next_label,No accepted value for drilling_contractor,33.0
193,reports,depth_kickoff_mtvd,info,value_missing_before_next_label,No accepted value for depth_kickoff_mtvd,33.0
194,reports,depth_last_casing_mtvd,info,value_missing_before_next_label,No accepted value for depth_last_casing_mtvd,33.0
195,reports,plug_back_depth_mmd,info,value_missing_before_next_label,No accepted value for plug_back_depth_mmd,33.0
196,drilling_fluid,,warning,partial_fluid_row,Partial drilling fluid row retained at row offset 2,33.0
197,reports,drilling_contractor,info,value_missing_before_next_label,No accepted value for drilling_contractor,34.0
198,reports,depth_kickoff_mtvd,info,value_missing_before_next_label,No accepted value for depth_kickoff_mtvd,34.0
199,reports,depth_last_casing_mtvd,info,value_missing_before_next_label,No accepted value for depth_last_casing_mtvd,34.0
200,reports,plug_back_depth_mmd,info,value_missing_before_next_label,No accepted value for plug_back_depth_mmd,34.0
201,drilling_fluid,,warning,partial_fluid_row,Partial drilling fluid row retained at row offset 2,34.0
202,reports,drilling_contractor,info,value_missing_before_next_label,No accepted value for drilling_contractor,35.0
203,reports,depth_kickoff_mtvd,info,value_missing_before_next_label,No accepted value for depth_kickoff_mtvd,35.0
204,reports,depth_last_casing_mtvd,info,value_missing_before_next_label,No accepted value for depth_last_casing_mtvd,35.0
205,reports,plug_back_depth_mmd,info,value_missing_before_next_label,No accepted value for plug_back_depth_mmd,35.0
206,reports,drilling_contractor,info,value_missing_before_next_label,No accepted value for drilling_contractor,36.0
207,reports,depth_kickoff_mtvd,info,value_missing_before_next_label,No accepted value for depth_kickoff_mtvd,36.0
208,reports,depth_last_casing_mtvd,info,value_missing_before_next_label,No accepted value for depth_last_casing_mtvd,36.0
209,reports,plug_back_depth_mmd,info,value_missing_before_next_label,No accepted value for plug_back_depth_mmd,36.0
210,drilling_fluid,,warning,partial_fluid_row,Partial drilling fluid row retained at row offset 4,36.0
211,drilling_fluid,,warning,partial_fluid_row,Partial drilling fluid row retained at row offset 5,36.0
212,drilling_fluid,,warning,partial_fluid_row,Partial drilling fluid row retained at row offset 6,36.0
213,reports,drilling_contractor,info,value_missing_before_next_label,No accepted value for drilling_contractor,37.0
214,reports,depth_kickoff_mtvd,info,value_missing_before_next_label,No accepted value for depth_kickoff_mtvd,37.0
215,reports,depth_last_casing_mtvd,info,value_missing_before_next_label,No accepted value for depth_last_casing_mtvd,37.0
216,reports,plug_back_depth_mmd,info,value_missing_before_next_label,No accepted value for plug_back_depth_mmd,37.0
217,drilling_fluid,,warning,partial_fluid_row,Partial drilling fluid row retained at row offset 2,37.0
218,reports,drilling_contractor,info,value_missing_before_next_label,No accepted value for drilling_contractor,38.0
219,reports,depth_kickoff_mtvd,info,value_missing_before_next_label,No accepted value for depth_kickoff_mtvd,38.0
220,reports,depth_last_casing_mtvd,info,value_missing_before_next_label,No accepted value for depth_last_casing_mtvd,38.0
221,reports,plug_back_depth_mmd,info,value_missing_before_next_label,No accepted value for plug_back_depth_mmd,38.0
222,drilling_fluid,,warning,partial_fluid_row,Partial drilling fluid row retained at row offset 2,38.0
223,reports,drilling_contractor,info,value_missing_before_next_label,No accepted value for drilling_contractor,39.0
224,reports,depth_kickoff_mtvd,info,value_missing_before_next_label,No accepted value for depth_kickoff_mtvd,39.0
225,reports,depth_last_casing_mtvd,info,value_missing_before_next_label,No accepted value for depth_last_casing_mtvd,39.0
226,reports,plug_back_depth_mmd,info,value_missing_before_next_label,No accepted value for plug_back_depth_mmd,39.0
227,drilling_fluid,,warning,partial_fluid_row,Partial drilling fluid row retained at row offset 2,39.0
228,reports,drilling_contractor,info,value_missing_before_next_label,No accepted value for drilling_contractor,40.0
229,reports,depth_kickoff_mtvd,info,value_missing_before_next_label,No accepted value for depth_kickoff_mtvd,40.0
230,reports,depth_last_casing_mtvd,info,value_missing_before_next_label,No accepted value for depth_last_casing_mtvd,40.0
231,reports,plug_back_depth_mmd,info,value_missing_before_next_label,No accepted value for plug_back_depth_mmd,40.0
232,drilling_fluid,,warning,partial_fluid_row,Partial drilling fluid row retained at row offset 2,40.0
233,reports,drilling_contractor,info,value_missing_before_next_label,No accepted value for drilling_contractor,41.0
234,reports,depth_kickoff_mtvd,info,value_missing_before_next_label,No accepted value for depth_kickoff_mtvd,41.0
235,reports,depth_last_casing_mtvd,info,value_missing_before_next_label,No accepted value for depth_last_casing_mtvd,41.0
236,reports,plug_back_depth_mmd,info,value_missing_before_next_label,No accepted value for plug_back_depth_mmd,41.0
237,drilling_fluid,,warning,partial_fluid_row,Partial drilling fluid row retained at row offset 2,41.0
238,reports,drilling_contractor,info,value_missing_before_next_label,No accepted value for drilling_contractor,42.0
239,reports,depth_kickoff_mtvd,info,value_missing_before_next_label,No accepted value for depth_kickoff_mtvd,42.0
240,reports,depth_last_casing_mtvd,info,value_missing_before_next_label,No accepted value for depth_last_casing_mtvd,42.0
241,drilling_fluid,,warning,partial_fluid_row,Partial drilling fluid row retained at row offset 2,42.0
242,reports,drilling_contractor,info,value_missing_before_next_label,No accepted value for drilling_contractor,43.0
243,reports,depth_kickoff_mtvd,info,value_missing_before_next_label,No accepted value for depth_kickoff_mtvd,43.0
244,reports,depth_last_casing_mtvd,info,value_missing_before_next_label,No accepted value for depth_last_casing_mtvd,43.0
245,reports,depth_formation_strength_mmd,info,value_missing_before_next_label,No accepted value for depth_formation_strength_mmd,43.0
246,reports,depth_formation_strength_mtvd,info,value_missing_before_next_label,No accepted value for depth_formation_strength_mtvd,43.0
247,reports,pressure_test_type,info,value_missing_before_next_label,No accepted value for pressure_test_type,43.0
248,reports,drilling_contractor,info,value_missing_before_next_label,No accepted value for drilling_contractor,44.0
249,reports,depth_kickoff_mtvd,info,value_missing_before_next_label,No accepted value for depth_kickoff_mtvd,44.0
250,reports,depth_last_casing_mtvd,info,value_missing_before_next_label,No accepted value for depth_last_casing_mtvd,44.0
251,reports,depth_formation_strength_mmd,info,value_missing_before_next_label,No accepted value for depth_formation_strength_mmd,44.0
252,reports,depth_formation_strength_mtvd,info,value_missing_before_next_label,No accepted value for depth_formation_strength_mtvd,44.0
253,reports,pressure_test_type,info,value_missing_before_next_label,No accepted value for pressure_test_type,44.0
254,reports,drilling_contractor,info,value_missing_before_next_label,No accepted value for drilling_contractor,45.0
255,reports,depth_kickoff_mtvd,info,value_missing_before_next_label,No accepted value for depth_kickoff_mtvd,45.0
256,reports,depth_last_casing_mtvd,info,value_missing_before_next_label,No accepted value for depth_last_casing_mtvd,45.0
257,reports,depth_formation_strength_mmd,info,value_missing_before_next_label,No accepted value for depth_formation_strength_mmd,45.0
258,reports,depth_formation_strength_mtvd,info,value_missing_before_next_label,No accepted value for depth_formation_strength_mtvd,45.0
259,reports,pressure_test_type,info,value_missing_before_next_label,No accepted value for pressure_test_type,45.0
260,reports,drilling_contractor,info,value_missing_before_next_label,No accepted value for drilling_contractor,46.0
261,reports,depth_kickoff_mtvd,info,value_missing_before_next_label,No accepted value for depth_kickoff_mtvd,46.0
262,reports,depth_last_casing_mtvd,info,value_missing_before_next_label,No accepted value for depth_last_casing_mtvd,46.0
263,reports,depth_formation_strength_mmd,info,value_missing_before_next_label,No accepted value for depth_formation_strength_mmd,46.0
264,reports,depth_formation_strength_mtvd,info,value_missing_before_next_label,No accepted value for depth_formation_strength_mtvd,46.0
265,reports,pressure_test_type,info,value_missing_before_next_label,No accepted value for pressure_test_type,46.0
266,reports,drilling_contractor,info,value_missing_before_next_label,No accepted value for drilling_contractor,47.0
267,reports,depth_kickoff_mtvd,info,value_missing_before_next_label,No accepted value for depth_kickoff_mtvd,47.0
268,reports,depth_last_casing_mtvd,info,value_missing_before_next_label,No accepted value for depth_last_casing_mtvd,47.0
269,reports,depth_formation_strength_mmd,info,value_missing_before_next_label,No accepted value for depth_formation_strength_mmd,47.0
270,reports,depth_formation_strength_mtvd,info,value_missing_before_next_label,No accepted value for depth_formation_strength_mtvd,47.0
271,reports,pressure_test_type,info,value_missing_before_next_label,No accepted value for pressure_test_type,47.0
272,reports,drilling_contractor,info,value_missing_before_next_label,No accepted value for drilling_contractor,48.0
273,reports,depth_kickoff_mtvd,info,value_missing_before_next_label,No accepted value for depth_kickoff_mtvd,48.0
274,reports,depth_last_casing_mtvd,info,value_missing_before_next_label,No accepted value for depth_last_casing_mtvd,48.0
275,reports,depth_formation_strength_mmd,info,value_missing_before_next_label,No accepted value for depth_formation_strength_mmd,48.0
276,reports,depth_formation_strength_mtvd,info,value_missing_before_next_label,No accepted value for depth_formation_strength_mtvd,48.0
277,reports,pressure_test_type,info,value_missing_before_next_label,No accepted value for pressure_test_type,48.0
278,reports,drilling_contractor,info,value_missing_before_next_label,No accepted value for drilling_contractor,49.0
279,reports,depth_kickoff_mtvd,info,value_missing_before_next_label,No accepted value for depth_kickoff_mtvd,49.0
280,reports,depth_last_casing_mtvd,info,value_missing_before_next_label,No accepted value for depth_last_casing_mtvd,49.0
281,reports,depth_formation_strength_mmd,info,value_missing_before_next_label,No accepted value for depth_formation_strength_mmd,49.0
282,reports,depth_formation_strength_mtvd,info,value_missing_before_next_label,No accepted value for depth_formation_strength_mtvd,49.0
283,reports,pressure_test_type,info,value_missing_before_next_label,No accepted value for pressure_test_type,49.0
284,reports,drilling_contractor,info,value_missing_before_next_label,No accepted value for drilling_contractor,50.0
285,reports,depth_kickoff_mtvd,info,value_missing_before_next_label,No accepted value for depth_kickoff_mtvd,50.0
286,reports,depth_last_casing_mtvd,info,value_missing_before_next_label,No accepted value for depth_last_casing_mtvd,50.0
287,reports,depth_formation_strength_mmd,info,value_missing_before_next_label,No accepted value for depth_formation_strength_mmd,50.0
288,reports,depth_formation_strength_mtvd,info,value_missing_before_next_label,No accepted value for depth_formation_strength_mtvd,50.0
289,reports,pressure_test_type,info,value_missing_before_next_label,No accepted value for pressure_test_type,50.0
290,reports,drilling_contractor,info,value_missing_before_next_label,No accepted value for drilling_contractor,51.0
291,reports,depth_kickoff_mtvd,info,value_missing_before_next_label,No accepted value for depth_kickoff_mtvd,51.0
292,reports,depth_last_casing_mtvd,info,value_missing_before_next_label,No accepted value for depth_last_casing_mtvd,51.0
293,reports,depth_formation_strength_mmd,info,value_missing_before_next_label,No accepted value for depth_formation_strength_mmd,51.0
294,reports,depth_formation_strength_mtvd,info,value_missing_before_next_label,No accepted value for depth_formation_strength_mtvd,51.0
295,reports,pressure_test_type,info,value_missing_before_next_label,No accepted value for pressure_test_type,51.0
296,reports,drilling_contractor,info,value_missing_before_next_label,No accepted value for drilling_contractor,52.0
297,reports,depth_kickoff_mtvd,info,value_missing_before_next_label,No accepted value for depth_kickoff_mtvd,52.0
298,reports,depth_last_casing_mtvd,info,value_missing_before_next_label,No accepted value for depth_last_casing_mtvd,52.0
299,reports,depth_formation_strength_mmd,info,value_missing_before_next_label,No accepted value for depth_formation_strength_mmd,52.0
300,reports,depth_formation_strength_mtvd,info,value_missing_before_next_label,No accepted value for depth_formation_strength_mtvd,52.0
301,reports,pressure_test_type,info,value_missing_before_next_label,No accepted value for pressure_test_type,52.0
302,reports,drilling_contractor,info,value_missing_before_next_label,No accepted value for drilling_contractor,53.0
303,reports,depth_kickoff_mtvd,info,value_missing_before_next_label,No accepted value for depth_kickoff_mtvd,53.0
304,reports,depth_last_casing_mtvd,info,value_missing_before_next_label,No accepted value for depth_last_casing_mtvd,53.0
305,reports,depth_formation_strength_mmd,info,value_missing_before_next_label,No accepted value for depth_formation_strength_mmd,53.0
306,reports,depth_formation_strength_mtvd,info,value_missing_before_next_label,No accepted value for depth_formation_strength_mtvd,53.0
307,reports,pressure_test_type,info,value_missing_before_next_label,No accepted value for pressure_test_type,53.0
308,reports,drilling_contractor,info,value_missing_before_next_label,No accepted value for drilling_contractor,54.0
309,reports,depth_kickoff_mtvd,info,value_missing_before_next_label,No accepted value for depth_kickoff_mtvd,54.0
310,reports,depth_last_casing_mtvd,info,value_missing_before_next_label,No accepted value for depth_last_casing_mtvd,54.0
311,reports,depth_formation_strength_mmd,info,value_missing_before_next_label,No accepted value for depth_formation_strength_mmd,54.0
312,reports,depth_formation_strength_mtvd,info,value_missing_before_next_label,No accepted value for depth_formation_strength_mtvd,54.0
313,reports,pressure_test_type,info,value_missing_before_next_label,No accepted value for pressure_test_type,54.0
314,reports,drilling_contractor,info,value_missing_before_next_label,No accepted value for drilling_contractor,55.0
315,reports,depth_kickoff_mtvd,info,value_missing_before_next_label,No accepted value for depth_kickoff_mtvd,55.0
316,reports,depth_last_casing_mtvd,info,value_missing_before_next_label,No accepted value for depth_last_casing_mtvd,55.0
317,reports,depth_formation_strength_mmd,info,value_missing_before_next_label,No accepted value for depth_formation_strength_mmd,55.0
318,reports,depth_formation_strength_mtvd,info,value_missing_before_next_label,No accepted value for depth_formation_strength_mtvd,55.0
319,reports,pressure_test_type,info,value_missing_before_next_label,No accepted value for pressure_test_type,55.0
320,reports,drilling_contractor,info,value_missing_before_next_label,No accepted value for drilling_contractor,56.0
321,reports,depth_kickoff_mtvd,info,value_missing_before_next_label,No accepted value for depth_kickoff_mtvd,56.0
322,reports,depth_last_casing_mtvd,info,value_missing_before_next_label,No accepted value for depth_last_casing_mtvd,56.0
323,reports,depth_formation_strength_mmd,info,value_missing_before_next_label,No accepted value for depth_formation_strength_mmd,56.0
324,reports,depth_formation_strength_mtvd,info,value_missing_before_next_label,No accepted value for depth_formation_strength_mtvd,56.0
325,reports,pressure_test_type,info,value_missing_before_next_label,No accepted value for pressure_test_type,56.0
326,reports,drilling_contractor,info,value_missing_before_next_label,No accepted value for drilling_contractor,57.0
327,reports,depth_kickoff_mtvd,info,value_missing_before_next_label,No accepted value for depth_kickoff_mtvd,57.0
328,reports,depth_last_casing_mtvd,info,value_missing_before_next_label,No accepted value for depth_last_casing_mtvd,57.0
329,reports,depth_formation_strength_mmd,info,value_missing_before_next_label,No accepted value for depth_formation_strength_mmd,57.0
330,reports,depth_formation_strength_mtvd,info,value_missing_before_next_label,No accepted value for depth_formation_strength_mtvd,57.0
331,reports,pressure_test_type,info,value_missing_before_next_label,No accepted value for pressure_test_type,57.0
332,reports,drilling_contractor,info,value_missing_before_next_label,No accepted value for drilling_contractor,58.0
333,reports,depth_kickoff_mtvd,info,value_missing_before_next_label,No accepted value for depth_kickoff_mtvd,58.0
334,reports,depth_last_casing_mtvd,info,value_missing_before_next_label,No accepted value for depth_last_casing_mtvd,58.0
335,reports,depth_formation_strength_mmd,info,value_missing_before_next_label,No accepted value for depth_formation_strength_mmd,58.0
336,reports,depth_formation_strength_mtvd,info,value_missing_before_next_label,No accepted value for depth_formation_strength_mtvd,58.0
337,reports,plug_back_depth_mmd,info,value_missing_before_next_label,No accepted value for plug_back_depth_mmd,58.0
338,reports,pressure_test_type,info,value_missing_before_next_label,No accepted value for pressure_test_type,58.0
339,reports,drilling_contractor,info,value_missing_before_next_label,No accepted value for drilling_contractor,59.0
340,reports,depth_kickoff_mtvd,info,value_missing_before_next_label,No accepted value for depth_kickoff_mtvd,59.0
341,reports,depth_last_casing_mtvd,info,value_missing_before_next_label,No accepted value for depth_last_casing_mtvd,59.0
342,reports,depth_formation_strength_mmd,info,value_missing_before_next_label,No accepted value for depth_formation_strength_mmd,59.0
343,reports,depth_formation_strength_mtvd,info,value_missing_before_next_label,No accepted value for depth_formation_strength_mtvd,59.0
344,reports,plug_back_depth_mmd,info,value_missing_before_next_label,No accepted value for plug_back_depth_mmd,59.0
345,reports,pressure_test_type,info,value_missing_before_next_label,No accepted value for pressure_test_type,59.0
346,reports,drilling_contractor,info,value_missing_before_next_label,No accepted value for drilling_contractor,60.0
347,reports,depth_kickoff_mtvd,info,value_missing_before_next_label,No accepted value for depth_kickoff_mtvd,60.0
348,reports,depth_last_casing_mtvd,info,value_missing_before_next_label,No accepted value for depth_last_casing_mtvd,60.0
349,reports,depth_formation_strength_mmd,info,value_missing_before_next_label,No accepted value for depth_formation_strength_mmd,60.0
350,reports,depth_formation_strength_mtvd,info,value_missing_before_next_label,No accepted value for depth_formation_strength_mtvd,60.0
351,reports,plug_back_depth_mmd,info,value_missing_before_next_label,No accepted value for plug_back_depth_mmd,60.0
352,reports,pressure_test_type,info,value_missing_before_next_label,No accepted value for pressure_test_type,60.0
353,reports,drilling_contractor,info,value_missing_before_next_label,No accepted value for drilling_contractor,61.0
354,reports,depth_kickoff_mtvd,info,value_missing_before_next_label,No accepted value for depth_kickoff_mtvd,61.0
355,reports,depth_last_casing_mtvd,info,value_missing_before_next_label,No accepted value for depth_last_casing_mtvd,61.0
356,reports,depth_formation_strength_mmd,info,value_missing_before_next_label,No accepted value for depth_formation_strength_mmd,61.0
357,reports,depth_formation_strength_mtvd,info,value_missing_before_next_label,No accepted value for depth_formation_strength_mtvd,61.0
358,reports,plug_back_depth_mmd,info,value_missing_before_next_label,No accepted value for plug_back_depth_mmd,61.0
359,reports,pressure_test_type,info,value_missing_before_next_label,No accepted value for pressure_test_type,61.0
360,reports,drilling_contractor,info,value_missing_before_next_label,No accepted value for drilling_contractor,62.0
361,reports,depth_kickoff_mtvd,info,value_missing_before_next_label,No accepted value for depth_kickoff_mtvd,62.0
362,reports,depth_last_casing_mtvd,info,value_missing_before_next_label,No accepted value for depth_last_casing_mtvd,62.0
363,reports,depth_formation_strength_mmd,info,value_missing_before_next_label,No accepted value for depth_formation_strength_mmd,62.0
364,reports,depth_formation_strength_mtvd,info,value_missing_before_next_label,No accepted value for depth_formation_strength_mtvd,62.0
365,reports,plug_back_depth_mmd,info,value_missing_before_next_label,No accepted value for plug_back_depth_mmd,62.0
366,reports,pressure_test_type,info,value_missing_before_next_label,No accepted value for pressure_test_type,62.0
367,reports,drilling_contractor,info,value_missing_before_next_label,No accepted value for drilling_contractor,63.0
368,reports,depth_kickoff_mtvd,info,value_missing_before_next_label,No accepted value for depth_kickoff_mtvd,63.0
369,reports,depth_last_casing_mtvd,info,value_missing_before_next_label,No accepted value for depth_last_casing_mtvd,63.0
370,reports,depth_formation_strength_mmd,info,value_missing_before_next_label,No accepted value for depth_formation_strength_mmd,63.0
371,reports,depth_formation_strength_mtvd,info,value_missing_before_next_label,No accepted value for depth_formation_strength_mtvd,63.0
372,reports,plug_back_depth_mmd,info,value_missing_before_next_label,No accepted value for plug_back_depth_mmd,63.0
373,reports,pressure_test_type,info,value_missing_before_next_label,No accepted value for pressure_test_type,63.0
374,reports,drilling_contractor,info,value_missing_before_next_label,No accepted value for drilling_contractor,64.0
375,reports,depth_kickoff_mtvd,info,value_missing_before_next_label,No accepted value for depth_kickoff_mtvd,64.0
376,reports,depth_last_casing_mtvd,info,value_missing_before_next_label,No accepted value for depth_last_casing_mtvd,64.0
377,reports,depth_formation_strength_mmd,info,value_missing_before_next_label,No accepted value for depth_formation_strength_mmd,64.0
378,reports,depth_formation_strength_mtvd,info,value_missing_before_next_label,No accepted value for depth_formation_strength_mtvd,64.0
379,reports,plug_back_depth_mmd,info,value_missing_before_next_label,No accepted value for plug_back_depth_mmd,64.0
380,reports,pressure_test_type,info,value_missing_before_next_label,No accepted value for pressure_test_type,64.0
381,reports,drilling_contractor,info,value_missing_before_next_label,No accepted value for drilling_contractor,65.0
382,reports,depth_kickoff_mtvd,info,value_missing_before_next_label,No accepted value for depth_kickoff_mtvd,65.0
383,reports,depth_last_casing_mtvd,info,value_missing_before_next_label,No accepted value for depth_last_casing_mtvd,65.0
384,reports,depth_formation_strength_mmd,info,value_missing_before_next_label,No accepted value for depth_formation_strength_mmd,65.0
385,reports,depth_formation_strength_mtvd,info,value_missing_before_next_label,No accepted value for depth_formation_strength_mtvd,65.0
386,reports,plug_back_depth_mmd,info,value_missing_before_next_label,No accepted value for plug_back_depth_mmd,65.0
387,reports,pressure_test_type,info,value_missing_before_next_label,No accepted value for pressure_test_type,65.0
388,reports,drilling_contractor,info,value_missing_before_next_label,No accepted value for drilling_contractor,66.0
389,reports,depth_kickoff_mtvd,info,value_missing_before_next_label,No accepted value for depth_kickoff_mtvd,66.0
390,reports,depth_last_casing_mtvd,info,value_missing_before_next_label,No accepted value for depth_last_casing_mtvd,66.0
391,reports,depth_formation_strength_mmd,info,value_missing_before_next_label,No accepted value for depth_formation_strength_mmd,66.0
392,reports,depth_formation_strength_mtvd,info,value_missing_before_next_label,No accepted value for depth_formation_strength_mtvd,66.0
393,reports,plug_back_depth_mmd,info,value_missing_before_next_label,No accepted value for plug_back_depth_mmd,66.0
394,reports,pressure_test_type,info,value_missing_before_next_label,No accepted value for pressure_test_type,66.0
395,reports,drilling_contractor,info,value_missing_before_next_label,No accepted value for drilling_contractor,67.0
396,reports,depth_kickoff_mtvd,info,value_missing_before_next_label,No accepted value for depth_kickoff_mtvd,67.0
397,reports,depth_last_casing_mtvd,info,value_missing_before_next_label,No accepted value for depth_last_casing_mtvd,67.0
398,reports,depth_formation_strength_mmd,info,value_missing_before_next_label,No accepted value for depth_formation_strength_mmd,67.0
399,reports,depth_formation_strength_mtvd,info,value_missing_before_next_label,No accepted value for depth_formation_strength_mtvd,67.0
400,reports,plug_back_depth_mmd,info,value_missing_before_next_label,No accepted value for plug_back_depth_mmd,67.0
401,reports,pressure_test_type,info,value_missing_before_next_label,No accepted value for pressure_test_type,67.0
402,reports,drilling_contractor,info,value_missing_before_next_label,No accepted value for drilling_contractor,68.0
403,reports,depth_kickoff_mtvd,info,value_missing_before_next_label,No accepted value for depth_kickoff_mtvd,68.0
404,reports,depth_last_casing_mtvd,info,value_missing_before_next_label,No accepted value for depth_last_casing_mtvd,68.0
405,reports,depth_formation_strength_mmd,info,value_missing_before_next_label,No accepted value for depth_formation_strength_mmd,68.0
406,reports,depth_formation_strength_mtvd,info,value_missing_before_next_label,No accepted value for depth_formation_strength_mtvd,68.0
407,reports,plug_back_depth_mmd,info,value_missing_before_next_label,No accepted value for plug_back_depth_mmd,68.0
408,reports,pressure_test_type,info,value_missing_before_next_label,No accepted value for pressure_test_type,68.0
409,reports,drilling_contractor,info,value_missing_before_next_label,No accepted value for drilling_contractor,69.0
410,reports,depth_kickoff_mtvd,info,value_missing_before_next_label,No accepted value for depth_kickoff_mtvd,69.0
411,reports,depth_last_casing_mtvd,info,value_missing_before_next_label,No accepted value for depth_last_casing_mtvd,69.0
412,reports,depth_formation_strength_mmd,info,value_missing_before_next_label,No accepted value for depth_formation_strength_mmd,69.0
413,reports,depth_formation_strength_mtvd,info,value_missing_before_next_label,No accepted value for depth_formation_strength_mtvd,69.0
414,reports,plug_back_depth_mmd,info,value_missing_before_next_label,No accepted value for plug_back_depth_mmd,69.0
415,reports,pressure_test_type,info,value_missing_before_next_label,No accepted value for pressure_test_type,69.0
416,reports,drilling_contractor,info,value_missing_before_next_label,No accepted value for drilling_contractor,70.0
417,reports,depth_kickoff_mtvd,info,value_missing_before_next_label,No accepted value for depth_kickoff_mtvd,70.0
418,reports,depth_last_casing_mtvd,info,value_missing_before_next_label,No accepted value for depth_last_casing_mtvd,70.0
419,reports,depth_formation_strength_mmd,info,value_missing_before_next_label,No accepted value for depth_formation_strength_mmd,70.0
420,reports,depth_formation_strength_mtvd,info,value_missing_before_next_label,No accepted value for depth_formation_strength_mtvd,70.0
421,reports,plug_back_depth_mmd,info,value_missing_before_next_label,No accepted value for plug_back_depth_mmd,70.0
422,reports,pressure_test_type,info,value_missing_before_next_label,No accepted value for pressure_test_type,70.0
423,reports,drilling_contractor,info,value_missing_before_next_label,No accepted value for drilling_contractor,71.0
424,reports,depth_kickoff_mtvd,info,value_missing_before_next_label,No accepted value for depth_kickoff_mtvd,71.0
425,reports,depth_last_casing_mtvd,info,value_missing_before_next_label,No accepted value for depth_last_casing_mtvd,71.0
426,reports,depth_formation_strength_mmd,info,value_missing_before_next_label,No accepted value for depth_formation_strength_mmd,71.0
427,reports,depth_formation_strength_mtvd,info,value_missing_before_next_label,No accepted value for depth_formation_strength_mtvd,71.0
428,reports,plug_back_depth_mmd,info,value_missing_before_next_label,No accepted value for plug_back_depth_mmd,71.0
429,reports,pressure_test_type,info,value_missing_before_next_label,No accepted value for pressure_test_type,71.0
430,reports,drilling_contractor,info,value_missing_before_next_label,No accepted value for drilling_contractor,72.0
431,reports,depth_kickoff_mtvd,info,value_missing_before_next_label,No accepted value for depth_kickoff_mtvd,72.0
432,reports,depth_last_casing_mtvd,info,value_missing_before_next_label,No accepted value for depth_last_casing_mtvd,72.0
433,reports,depth_formation_strength_mmd,info,value_missing_before_next_label,No accepted value for depth_formation_strength_mmd,72.0
434,reports,depth_formation_strength_mtvd,info,value_missing_before_next_label,No accepted value for depth_formation_strength_mtvd,72.0
435,reports,plug_back_depth_mmd,info,value_missing_before_next_label,No accepted value for plug_back_depth_mmd,72.0
436,reports,pressure_test_type,info,value_missing_before_next_label,No accepted value for pressure_test_type,72.0
437,reports,drilling_contractor,info,value_missing_before_next_label,No accepted value for drilling_contractor,73.0
438,reports,depth_kickoff_mtvd,info,value_missing_before_next_label,No accepted value for depth_kickoff_mtvd,73.0
439,reports,depth_last_casing_mtvd,info,value_missing_before_next_label,No accepted value for depth_last_casing_mtvd,73.0
440,reports,depth_formation_strength_mmd,info,value_missing_before_next_label,No accepted value for depth_formation_strength_mmd,73.0
441,reports,depth_formation_strength_mtvd,info,value_missing_before_next_label,No accepted value for depth_formation_strength_mtvd,73.0
442,reports,plug_back_depth_mmd,info,value_missing_before_next_label,No accepted value for plug_back_depth_mmd,73.0
443,reports,pressure_test_type,info,value_missing_before_next_label,No accepted value for pressure_test_type,73.0
444,reports,drilling_contractor,info,value_missing_before_next_label,No accepted value for drilling_contractor,74.0
445,reports,depth_kickoff_mtvd,info,value_missing_before_next_label,No accepted value for depth_kickoff_mtvd,74.0
446,reports,depth_last_casing_mtvd,info,value_missing_before_next_label,No accepted value for depth_last_casing_mtvd,74.0
447,reports,depth_formation_strength_mmd,info,value_missing_before_next_label,No accepted value for depth_formation_strength_mmd,74.0
448,reports,depth_formation_strength_mtvd,info,value_missing_before_next_label,No accepted value for depth_formation_strength_mtvd,74.0
449,reports,plug_back_depth_mmd,info,value_missing_before_next_label,No accepted value for plug_back_depth_mmd,74.0
450,reports,pressure_test_type,info,value_missing_before_next_label,No accepted value for pressure_test_type,74.0
451,reports,drilling_contractor,info,value_missing_before_next_label,No accepted value for drilling_contractor,75.0
452,reports,depth_kickoff_mtvd,info,value_missing_before_next_label,No accepted value for depth_kickoff_mtvd,75.0
453,reports,depth_last_casing_mtvd,info,value_missing_before_next_label,No accepted value for depth_last_casing_mtvd,75.0
454,reports,depth_formation_strength_mmd,info,value_missing_before_next_label,No accepted value for depth_formation_strength_mmd,75.0
455,reports,depth_formation_strength_mtvd,info,value_missing_before_next_label,No accepted value for depth_formation_strength_mtvd,75.0
456,reports,plug_back_depth_mmd,info,value_missing_before_next_label,No accepted value for plug_back_depth_mmd,75.0
457,reports,pressure_test_type,info,value_missing_before_next_label,No accepted value for pressure_test_type,75.0
458,reports,drilling_contractor,info,value_missing_before_next_label,No accepted value for drilling_contractor,76.0
459,reports,depth_kickoff_mtvd,info,value_missing_before_next_label,No accepted value for depth_kickoff_mtvd,76.0
460,reports,depth_last_casing_mtvd,info,value_missing_before_next_label,No accepted value for depth_last_casing_mtvd,76.0
461,reports,depth_formation_strength_mmd,info,value_missing_before_next_label,No accepted value for depth_formation_strength_mmd,76.0
462,reports,depth_formation_strength_mtvd,info,value_missing_before_next_label,No accepted value for depth_formation_strength_mtvd,76.0
463,reports,plug_back_depth_mmd,info,value_missing_before_next_label,No accepted value for plug_back_depth_mmd,76.0
464,reports,pressure_test_type,info,value_missing_before_next_label,No accepted value for pressure_test_type,76.0
465,reports,drilling_contractor,info,value_missing_before_next_label,No accepted value for drilling_contractor,77.0
466,reports,depth_kickoff_mtvd,info,value_missing_before_next_label,No accepted value for depth_kickoff_mtvd,77.0
467,reports,depth_last_casing_mtvd,info,value_missing_before_next_label,No accepted value for depth_last_casing_mtvd,77.0
468,reports,depth_formation_strength_mmd,info,value_missing_before_next_label,No accepted value for depth_formation_strength_mmd,77.0
469,reports,depth_formation_strength_mtvd,info,value_missing_before_next_label,No accepted value for depth_formation_strength_mtvd,77.0
470,reports,plug_back_depth_mmd,info,value_missing_before_next_label,No accepted value for plug_back_depth_mmd,77.0
471,reports,pressure_test_type,info,value_missing_before_next_label,No accepted value for pressure_test_type,77.0
472,reports,drilling_contractor,info,value_missing_before_next_label,No accepted value for drilling_contractor,78.0
473,reports,depth_kickoff_mtvd,info,value_missing_before_next_label,No accepted value for depth_kickoff_mtvd,78.0
474,reports,depth_last_casing_mtvd,info,value_missing_before_next_label,No accepted value for depth_last_casing_mtvd,78.0
475,reports,depth_formation_strength_mmd,info,value_missing_before_next_label,No accepted value for depth_formation_strength_mmd,78.0
476,reports,depth_formation_strength_mtvd,info,value_missing_before_next_label,No accepted value for depth_formation_strength_mtvd,78.0
477,reports,plug_back_depth_mmd,info,value_missing_before_next_label,No accepted value for plug_back_depth_mmd,78.0
478,reports,pressure_test_type,info,value_missing_before_next_label,No accepted value for pressure_test_type,78.0
479,drilling_fluid,,warning,partial_fluid_row,Partial drilling fluid row retained at row offset 22,78.0
480,drilling_fluid,,warning,partial_fluid_row,Partial drilling fluid row retained at row offset 24,78.0
481,drilling_fluid,,warning,partial_fluid_row,Partial drilling fluid row retained at row offset 25,78.0
482,reports,drilling_contractor,info,value_missing_before_next_label,No accepted value for drilling_contractor,79.0
483,reports,depth_kickoff_mtvd,info,value_missing_before_next_label,No accepted value for depth_kickoff_mtvd,79.0
484,reports,depth_last_casing_mtvd,info,value_missing_before_next_label,No accepted value for depth_last_casing_mtvd,79.0
485,reports,depth_formation_strength_mmd,info,value_missing_before_next_label,No accepted value for depth_formation_strength_mmd,79.0
486,reports,depth_formation_strength_mtvd,info,value_missing_before_next_label,No accepted value for depth_formation_strength_mtvd,79.0
487,reports,pressure_test_type,info,value_missing_before_next_label,No accepted value for pressure_test_type,79.0
488,drilling_fluid,,warning,partial_fluid_row,Partial drilling fluid row retained at row offset 2,79.0
489,reports,drilling_contractor,info,value_missing_before_next_label,No accepted value for drilling_contractor,80.0
490,reports,depth_kickoff_mtvd,info,value_missing_before_next_label,No accepted value for depth_kickoff_mtvd,80.0
491,reports,depth_last_casing_mtvd,info,value_missing_before_next_label,No accepted value for depth_last_casing_mtvd,80.0
492,reports,depth_formation_strength_mmd,info,value_missing_before_next_label,No accepted value for depth_formation_strength_mmd,80.0
493,reports,depth_formation_strength_mtvd,info,value_missing_before_next_label,No accepted value for depth_formation_strength_mtvd,80.0
494,reports,pressure_test_type,info,value_missing_before_next_label,No accepted value for pressure_test_type,80.0
495,drilling_fluid,,warning,partial_fluid_row,Partial drilling fluid row retained at row offset 3,80.0
496,drilling_fluid,,warning,partial_fluid_row,Partial drilling fluid row retained at row offset 4,80.0
497,drilling_fluid,,warning,partial_fluid_row,Partial drilling fluid row retained at row offset 23,80.0
498,drilling_fluid,,warning,partial_fluid_row,Partial drilling fluid row retained at row offset 25,80.0
499,drilling_fluid,,warning,partial_fluid_row,Partial drilling fluid row retained at row offset 26,80.0
500,reports,drilling_contractor,info,value_missing_before_next_label,No accepted value for drilling_contractor,81.0
501,reports,depth_kickoff_mtvd,info,value_missing_before_next_label,No accepted value for depth_kickoff_mtvd,81.0
502,reports,depth_last_casing_mtvd,info,value_missing_before_next_label,No accepted value for depth_last_casing_mtvd,81.0
503,reports,depth_formation_strength_mmd,info,value_missing_before_next_label,No accepted value for depth_formation_strength_mmd,81.0
504,reports,depth_formation_strength_mtvd,info,value_missing_before_next_label,No accepted value for depth_formation_strength_mtvd,81.0
505,reports,pressure_test_type,info,value_missing_before_next_label,No accepted value for pressure_test_type,81.0
506,drilling_fluid,,warning,partial_fluid_row,Partial drilling fluid row retained at row offset 2,81.0
507,reports,drilling_contractor,info,value_missing_before_next_label,No accepted value for drilling_contractor,82.0
508,reports,depth_kickoff_mtvd,info,value_missing_before_next_label,No accepted value for depth_kickoff_mtvd,82.0
509,reports,depth_last_casing_mtvd,info,value_missing_before_next_label,No accepted value for depth_last_casing_mtvd,82.0
510,reports,depth_formation_strength_mmd,info,value_missing_before_next_label,No accepted value for depth_formation_strength_mmd,82.0
511,reports,depth_formation_strength_mtvd,info,value_missing_before_next_label,No accepted value for depth_formation_strength_mtvd,82.0
512,reports,plug_back_depth_mmd,info,value_missing_before_next_label,No accepted value for plug_back_depth_mmd,82.0
513,reports,pressure_test_type,info,value_missing_before_next_label,No accepted value for pressure_test_type,82.0
514,drilling_fluid,,warning,partial_fluid_row,Partial drilling fluid row retained at row offset 2,82.0
515,reports,drilling_contractor,info,value_missing_before_next_label,No accepted value for drilling_contractor,83.0
516,reports,depth_kickoff_mtvd,info,value_missing_before_next_label,No accepted value for depth_kickoff_mtvd,83.0
517,reports,depth_last_casing_mtvd,info,value_missing_before_next_label,No accepted value for depth_last_casing_mtvd,83.0
518,reports,depth_formation_strength_mmd,info,value_missing_before_next_label,No accepted value for depth_formation_strength_mmd,83.0
519,reports,depth_formation_strength_mtvd,info,value_missing_before_next_label,No accepted value for depth_formation_strength_mtvd,83.0
520,reports,plug_back_depth_mmd,info,value_missing_before_next_label,No accepted value for plug_back_depth_mmd,83.0
521,reports,pressure_test_type,info,value_missing_before_next_label,No accepted value for pressure_test_type,83.0
522,drilling_fluid,,warning,partial_fluid_row,Partial drilling fluid row retained at row offset 2,83.0
523,reports,drilling_contractor,info,value_missing_before_next_label,No accepted value for drilling_contractor,84.0
524,reports,depth_kickoff_mtvd,info,value_missing_before_next_label,No accepted value for depth_kickoff_mtvd,84.0
525,reports,depth_last_casing_mtvd,info,value_missing_before_next_label,No accepted value for depth_last_casing_mtvd,84.0
526,reports,depth_formation_strength_mmd,info,value_missing_before_next_label,No accepted value for depth_formation_strength_mmd,84.0
527,reports,depth_formation_strength_mtvd,info,value_missing_before_next_label,No accepted value for depth_formation_strength_mtvd,84.0
528,reports,plug_back_depth_mmd,info,value_missing_before_next_label,No accepted value for plug_back_depth_mmd,84.0
529,reports,pressure_test_type,info,value_missing_before_next_label,No accepted value for pressure_test_type,84.0
530,drilling_fluid,,warning,partial_fluid_row,Partial drilling fluid row retained at row offset 2,84.0
531,reports,drilling_contractor,info,value_missing_before_next_label,No accepted value for drilling_contractor,85.0
532,reports,depth_kickoff_mtvd,info,value_missing_before_next_label,No accepted value for depth_kickoff_mtvd,85.0
533,reports,depth_last_casing_mtvd,info,value_missing_before_next_label,No accepted value for depth_last_casing_mtvd,85.0
534,reports,depth_formation_strength_mmd,info,value_missing_before_next_label,No accepted value for depth_formation_strength_mmd,85.0
535,reports,depth_formation_strength_mtvd,info,value_missing_before_next_label,No accepted value for depth_formation_strength_mtvd,85.0
536,reports,plug_back_depth_mmd,info,value_missing_before_next_label,No accepted value for plug_back_depth_mmd,85.0
537,reports,pressure_test_type,info,value_missing_before_next_label,No accepted value for pressure_test_type,85.0
538,drilling_fluid,,warning,partial_fluid_row,Partial drilling fluid row retained at row offset 2,85.0
539,reports,drilling_contractor,info,value_missing_before_next_label,No accepted value for drilling_contractor,86.0
540,reports,depth_kickoff_mtvd,info,value_missing_before_next_label,No accepted value for depth_kickoff_mtvd,86.0
541,reports,depth_last_casing_mtvd,info,value_missing_before_next_label,No accepted value for depth_last_casing_mtvd,86.0
542,reports,depth_formation_strength_mmd,info,value_missing_before_next_label,No accepted value for depth_formation_strength_mmd,86.0
543,reports,depth_formation_strength_mtvd,info,value_missing_before_next_label,No accepted value for depth_formation_strength_mtvd,86.0
544,reports,plug_back_depth_mmd,info,value_missing_before_next_label,No accepted value for plug_back_depth_mmd,86.0
545,reports,pressure_test_type,info,value_missing_before_next_label,No accepted value for pressure_test_type,86.0
546,reports,drilling_contractor,info,value_missing_before_next_label,No accepted value for drilling_contractor,87.0
547,reports,depth_kickoff_mtvd,info,value_missing_before_next_label,No accepted value for depth_kickoff_mtvd,87.0
548,reports,depth_last_casing_mtvd,info,value_missing_before_next_label,No accepted value for depth_last_casing_mtvd,87.0
549,reports,depth_formation_strength_mmd,info,value_missing_before_next_label,No accepted value for depth_formation_strength_mmd,87.0
550,reports,depth_formation_strength_mtvd,info,value_missing_before_next_label,No accepted value for depth_formation_strength_mtvd,87.0
551,reports,pressure_test_type,info,value_missing_before_next_label,No accepted value for pressure_test_type,87.0
552,reports,drilling_contractor,info,value_missing_before_next_label,No accepted value for drilling_contractor,88.0
553,reports,depth_kickoff_mtvd,info,value_missing_before_next_label,No accepted value for depth_kickoff_mtvd,88.0
554,reports,depth_last_casing_mtvd,info,value_missing_before_next_label,No accepted value for depth_last_casing_mtvd,88.0
555,reports,depth_formation_strength_mmd,info,value_missing_before_next_label,No accepted value for depth_formation_strength_mmd,88.0
556,reports,depth_formation_strength_mtvd,info,value_missing_before_next_label,No accepted value for depth_formation_strength_mtvd,88.0
557,reports,pressure_test_type,info,value_missing_before_next_label,No accepted value for pressure_test_type,88.0
558,reports,drilling_contractor,info,value_missing_before_next_label,No accepted value for drilling_contractor,89.0
559,reports,depth_kickoff_mtvd,info,value_missing_before_next_label,No accepted value for depth_kickoff_mtvd,89.0
560,reports,depth_last_casing_mtvd,info,value_missing_before_next_label,No accepted value for depth_last_casing_mtvd,89.0
561,reports,depth_formation_strength_mmd,info,value_missing_before_next_label,No accepted value for depth_formation_strength_mmd,89.0
562,reports,depth_formation_strength_mtvd,info,value_missing_before_next_label,No accepted value for depth_formation_strength_mtvd,89.0
563,reports,pressure_test_type,info,value_missing_before_next_label,No accepted value for pressure_test_type,89.0
564,reports,drilling_contractor,info,value_missing_before_next_label,No accepted value for drilling_contractor,90.0
565,reports,depth_kickoff_mtvd,info,value_missing_before_next_label,No accepted value for depth_kickoff_mtvd,90.0
566,reports,depth_last_casing_mtvd,info,value_missing_before_next_label,No accepted value for depth_last_casing_mtvd,90.0
567,reports,depth_formation_strength_mmd,info,value_missing_before_next_label,No accepted value for depth_formation_strength_mmd,90.0
568,reports,depth_formation_strength_mtvd,info,value_missing_before_next_label,No accepted value for depth_formation_strength_mtvd,90.0
569,reports,pressure_test_type,info,value_missing_before_next_label,No accepted value for pressure_test_type,90.0
570,reports,drilling_contractor,info,value_missing_before_next_label,No accepted value for drilling_contractor,91.0
571,reports,depth_kickoff_mtvd,info,value_missing_before_next_label,No accepted value for depth_kickoff_mtvd,91.0
572,reports,depth_last_casing_mtvd,info,value_missing_before_next_label,No accepted value for depth_last_casing_mtvd,91.0
573,reports,depth_formation_strength_mmd,info,value_missing_before_next_label,No accepted value for depth_formation_strength_mmd,91.0
574,reports,depth_formation_strength_mtvd,info,value_missing_before_next_label,No accepted value for depth_formation_strength_mtvd,91.0
575,reports,pressure_test_type,info,value_missing_before_next_label,No accepted value for pressure_test_type,91.0
576,reports,drilling_contractor,info,value_missing_before_next_label,No accepted value for drilling_contractor,92.0
577,reports,depth_kickoff_mtvd,info,value_missing_before_next_label,No accepted value for depth_kickoff_mtvd,92.0
578,reports,depth_last_casing_mtvd,info,value_missing_before_next_label,No accepted value for depth_last_casing_mtvd,92.0
579,reports,depth_formation_strength_mmd,info,value_missing_before_next_label,No accepted value for depth_formation_strength_mmd,92.0
580,reports,depth_formation_strength_mtvd,info,value_missing_before_next_label,No accepted value for depth_formation_strength_mtvd,92.0
581,reports,pressure_test_type,info,value_missing_before_next_label,No accepted value for pressure_test_type,92.0
582,reports,drilling_contractor,info,value_missing_before_next_label,No accepted value for drilling_contractor,93.0
583,reports,depth_kickoff_mtvd,info,value_missing_before_next_label,No accepted value for depth_kickoff_mtvd,93.0
584,reports,depth_last_casing_mtvd,info,value_missing_before_next_label,No accepted value for depth_last_casing_mtvd,93.0
585,reports,depth_formation_strength_mmd,info,value_missing_before_next_label,No accepted value for depth_formation_strength_mmd,93.0
586,reports,depth_formation_strength_mtvd,info,value_missing_before_next_label,No accepted value for depth_formation_strength_mtvd,93.0
587,reports,pressure_test_type,info,value_missing_before_next_label,No accepted value for pressure_test_type,93.0
588,reports,drilling_contractor,info,value_missing_before_next_label,No accepted value for drilling_contractor,94.0
589,reports,depth_kickoff_mtvd,info,value_missing_before_next_label,No accepted value for depth_kickoff_mtvd,94.0
590,reports,depth_last_casing_mtvd,info,value_missing_before_next_label,No accepted value for depth_last_casing_mtvd,94.0
591,reports,depth_formation_strength_mmd,info,value_missing_before_next_label,No accepted value for depth_formation_strength_mmd,94.0
592,reports,depth_formation_strength_mtvd,info,value_missing_before_next_label,No accepted value for depth_formation_strength_mtvd,94.0
593,reports,pressure_test_type,info,value_missing_before_next_label,No accepted value for pressure_test_type,94.0
594,reports,drilling_contractor,info,value_missing_before_next_label,No accepted value for drilling_contractor,95.0
595,reports,depth_kickoff_mtvd,info,value_missing_before_next_label,No accepted value for depth_kickoff_mtvd,95.0
596,reports,depth_last_casing_mtvd,info,value_missing_before_next_label,No accepted value for depth_last_casing_mtvd,95.0
597,reports,depth_formation_strength_mmd,info,value_missing_before_next_label,No accepted value for depth_formation_strength_mmd,95.0
598,reports,depth_formation_strength_mtvd,info,value_missing_before_next_label,No accepted value for depth_formation_strength_mtvd,95.0
599,reports,pressure_test_type,info,value_missing_before_next_label,No accepted value for pressure_test_type,95.0
600,reports,drilling_contractor,info,value_missing_before_next_label,No accepted value for drilling_contractor,96.0
601,reports,depth_kickoff_mtvd,info,value_missing_before_next_label,No accepted value for depth_kickoff_mtvd,96.0
602,reports,depth_last_casing_mtvd,info,value_missing_before_next_label,No accepted value for depth_last_casing_mtvd,96.0
603,reports,depth_formation_strength_mmd,info,value_missing_before_next_label,No accepted value for depth_formation_strength_mmd,96.0
604,reports,depth_formation_strength_mtvd,info,value_missing_before_next_label,No accepted value for depth_formation_strength_mtvd,96.0
605,reports,pressure_test_type,info,value_missing_before_next_label,No accepted value for pressure_test_type,96.0
606,reports,drilling_contractor,info,value_missing_before_next_label,No accepted value for drilling_contractor,97.0
607,reports,depth_kickoff_mtvd,info,value_missing_before_next_label,No accepted value for depth_kickoff_mtvd,97.0
608,reports,depth_last_casing_mtvd,info,value_missing_before_next_label,No accepted value for depth_last_casing_mtvd,97.0
609,reports,depth_formation_strength_mmd,info,value_missing_before_next_label,No accepted value for depth_formation_strength_mmd,97.0
610,reports,depth_formation_strength_mtvd,info,value_missing_before_next_label,No accepted value for depth_formation_strength_mtvd,97.0
611,reports,pressure_test_type,info,value_missing_before_next_label,No accepted value for pressure_test_type,97.0
612,reports,drilling_contractor,info,value_missing_before_next_label,No accepted value for drilling_contractor,98.0
613,reports,depth_kickoff_mtvd,info,value_missing_before_next_label,No accepted value for depth_kickoff_mtvd,98.0
614,reports,depth_last_casing_mtvd,info,value_missing_before_next_label,No accepted value for depth_last_casing_mtvd,98.0
615,reports,depth_formation_strength_mmd,info,value_missing_before_next_label,No accepted value for depth_formation_strength_mmd,98.0
616,reports,depth_formation_strength_mtvd,info,value_missing_before_next_label,No accepted value for depth_formation_strength_mtvd,98.0
617,reports,pressure_test_type,info,value_missing_before_next_label,No accepted value for pressure_test_type,98.0
618,reports,drilling_contractor,info,value_missing_before_next_label,No accepted value for drilling_contractor,99.0
619,reports,depth_kickoff_mtvd,info,value_missing_before_next_label,No accepted value for depth_kickoff_mtvd,99.0
620,reports,depth_last_casing_mtvd,info,value_missing_before_next_label,No accepted value for depth_last_casing_mtvd,99.0
621,reports,depth_formation_strength_mmd,info,value_missing_before_next_label,No accepted value for depth_formation_strength_mmd,99.0
622,reports,depth_formation_strength_mtvd,info,value_missing_before_next_label,No accepted value for depth_formation_strength_mtvd,99.0
623,reports,pressure_test_type,info,value_missing_before_next_label,No accepted value for pressure_test_type,99.0
624,reports,drilling_contractor,info,value_missing_before_next_label,No accepted value for drilling_contractor,100.0
625,reports,depth_kickoff_mtvd,info,value_missing_before_next_label,No accepted value for depth_kickoff_mtvd,100.0
626,reports,depth_last_casing_mtvd,info,value_missing_before_next_label,No accepted value for depth_last_casing_mtvd,100.0
627,reports,depth_formation_strength_mmd,info,value_missing_before_next_label,No accepted value for depth_formation_strength_mmd,100.0
628,reports,depth_formation_strength_mtvd,info,value_missing_before_next_label,No accepted value for depth_formation_strength_mtvd,100.0
629,reports,pressure_test_type,info,value_missing_before_next_label,No accepted value for pressure_test_type,100.0
630,reports,drilling_contractor,info,value_missing_before_next_label,No accepted value for drilling_contractor,101.0
631,reports,depth_kickoff_mtvd,info,value_missing_before_next_label,No accepted value for depth_kickoff_mtvd,101.0
632,reports,depth_last_casing_mtvd,info,value_missing_before_next_label,No accepted value for depth_last_casing_mtvd,101.0
633,reports,depth_formation_strength_mmd,info,value_missing_before_next_label,No accepted value for depth_formation_strength_mmd,101.0
634,reports,depth_formation_strength_mtvd,info,value_missing_before_next_label,No accepted value for depth_formation_strength_mtvd,101.0
635,reports,pressure_test_type,info,value_missing_before_next_label,No accepted value for pressure_test_type,101.0
636,reports,drilling_contractor,info,value_missing_before_next_label,No accepted value for drilling_contractor,102.0
637,reports,depth_kickoff_mtvd,info,value_missing_before_next_label,No accepted value for depth_kickoff_mtvd,102.0
638,reports,depth_last_casing_mtvd,info,value_missing_before_next_label,No accepted value for depth_last_casing_mtvd,102.0
639,reports,depth_formation_strength_mmd,info,value_missing_before_next_label,No accepted value for depth_formation_strength_mmd,102.0
640,reports,depth_formation_strength_mtvd,info,value_missing_before_next_label,No accepted value for depth_formation_strength_mtvd,102.0
641,reports,pressure_test_type,info,value_missing_before_next_label,No accepted value for pressure_test_type,102.0
642,reports,drilling_contractor,info,value_missing_before_next_label,No accepted value for drilling_contractor,103.0
643,reports,depth_kickoff_mtvd,info,value_missing_before_next_label,No accepted value for depth_kickoff_mtvd,103.0
644,reports,depth_last_casing_mtvd,info,value_missing_before_next_label,No accepted value for depth_last_casing_mtvd,103.0
645,reports,depth_formation_strength_mmd,info,value_missing_before_next_label,No accepted value for depth_formation_strength_mmd,103.0
646,reports,depth_formation_strength_mtvd,info,value_missing_before_next_label,No accepted value for depth_formation_strength_mtvd,103.0
647,reports,pressure_test_type,info,value_missing_before_next_label,No accepted value for pressure_test_type,103.0
648,reports,drilling_contractor,info,value_missing_before_next_label,No accepted value for drilling_contractor,104.0
649,reports,depth_kickoff_mtvd,info,value_missing_before_next_label,No accepted value for depth_kickoff_mtvd,104.0
650,reports,depth_last_casing_mtvd,info,value_missing_before_next_label,No accepted value for depth_last_casing_mtvd,104.0
651,reports,depth_formation_strength_mmd,info,value_missing_before_next_label,No accepted value for depth_formation_strength_mmd,104.0
652,reports,depth_formation_strength_mtvd,info,value_missing_before_next_label,No accepted value for depth_formation_strength_mtvd,104.0
653,reports,pressure_test_type,info,value_missing_before_next_label,No accepted value for pressure_test_type,104.0
654,reports,drilling_contractor,info,value_missing_before_next_label,No accepted value for drilling_contractor,105.0
655,reports,depth_kickoff_mtvd,info,value_missing_before_next_label,No accepted value for depth_kickoff_mtvd,105.0
656,reports,depth_last_casing_mtvd,info,value_missing_before_next_label,No accepted value for depth_last_casing_mtvd,105.0
657,reports,depth_formation_strength_mmd,info,value_missing_before_next_label,No accepted value for depth_formation_strength_mmd,105.0
658,reports,depth_formation_strength_mtvd,info,value_missing_before_next_label,No accepted value for depth_formation_strength_mtvd,105.0
659,reports,pressure_test_type,info,value_missing_before_next_label,No accepted value for pressure_test_type,105.0
660,reports,drilling_contractor,info,value_missing_before_next_label,No accepted value for drilling_contractor,106.0
661,reports,depth_kickoff_mtvd,info,value_missing_before_next_label,No accepted value for depth_kickoff_mtvd,106.0
662,reports,depth_last_casing_mtvd,info,value_missing_before_next_label,No accepted value for depth_last_casing_mtvd,106.0
663,reports,depth_formation_strength_mmd,info,value_missing_before_next_label,No accepted value for depth_formation_strength_mmd,106.0
664,reports,depth_formation_strength_mtvd,info,value_missing_before_next_label,No accepted value for depth_formation_strength_mtvd,106.0
665,reports,pressure_test_type,info,value_missing_before_next_label,No accepted value for pressure_test_type,106.0
666,reports,drilling_contractor,info,value_missing_before_next_label,No accepted value for drilling_contractor,107.0
667,reports,depth_kickoff_mtvd,info,value_missing_before_next_label,No accepted value for depth_kickoff_mtvd,107.0
668,reports,depth_last_casing_mtvd,info,value_missing_before_next_label,No accepted value for depth_last_casing_mtvd,107.0
669,reports,depth_formation_strength_mmd,info,value_missing_before_next_label,No accepted value for depth_formation_strength_mmd,107.0
670,reports,depth_formation_strength_mtvd,info,value_missing_before_next_label,No accepted value for depth_formation_strength_mtvd,107.0
671,reports,pressure_test_type,info,value_missing_before_next_label,No accepted value for pressure_test_type,107.0
672,reports,drilling_contractor,info,value_missing_before_next_label,No accepted value for drilling_contractor,108.0
673,reports,depth_kickoff_mtvd,info,value_missing_before_next_label,No accepted value for depth_kickoff_mtvd,108.0
674,reports,depth_last_casing_mtvd,info,value_missing_before_next_label,No accepted value for depth_last_casing_mtvd,108.0
675,reports,depth_formation_strength_mmd,info,value_missing_before_next_label,No accepted value for depth_formation_strength_mmd,108.0
676,reports,depth_formation_strength_mtvd,info,value_missing_before_next_label,No accepted value for depth_formation_strength_mtvd,108.0
677,reports,pressure_test_type,info,value_missing_before_next_label,No accepted value for pressure_test_type,108.0
678,drilling_fluid,,warning,partial_fluid_row,Partial drilling fluid row retained at row offset 2,108.0
679,reports,drilling_contractor,info,value_missing_before_next_label,No accepted value for drilling_contractor,109.0
680,reports,depth_kickoff_mtvd,info,value_missing_before_next_label,No accepted value for depth_kickoff_mtvd,109.0
681,reports,depth_last_casing_mtvd,info,value_missing_before_next_label,No accepted value for depth_last_casing_mtvd,109.0
682,reports,depth_formation_strength_mmd,info,value_missing_before_next_label,No accepted value for depth_formation_strength_mmd,109.0
683,reports,depth_formation_strength_mtvd,info,value_missing_before_next_label,No accepted value for depth_formation_strength_mtvd,109.0
684,reports,pressure_test_type,info,value_missing_before_next_label,No accepted value for pressure_test_type,109.0
685,drilling_fluid,,warning,partial_fluid_row,Partial drilling fluid row retained at row offset 3,109.0
686,drilling_fluid,,warning,partial_fluid_row,Partial drilling fluid row retained at row offset 4,109.0
687,reports,drilling_contractor,info,value_missing_before_next_label,No accepted value for drilling_contractor,110.0
688,reports,depth_kickoff_mtvd,info,value_missing_before_next_label,No accepted value for depth_kickoff_mtvd,110.0
689,reports,depth_last_casing_mtvd,info,value_missing_before_next_label,No accepted value for depth_last_casing_mtvd,110.0
690,reports,depth_formation_strength_mmd,info,value_missing_before_next_label,No accepted value for depth_formation_strength_mmd,110.0
691,reports,depth_formation_strength_mtvd,info,value_missing_before_next_label,No accepted value for depth_formation_strength_mtvd,110.0
692,reports,pressure_test_type,info,value_missing_before_next_label,No accepted value for pressure_test_type,110.0
693,drilling_fluid,,warning,partial_fluid_row,Partial drilling fluid row retained at row offset 4,110.0
694,drilling_fluid,,warning,partial_fluid_row,Partial drilling fluid row retained at row offset 5,110.0
695,drilling_fluid,,warning,partial_fluid_row,Partial drilling fluid row retained at row offset 6,110.0
696,reports,drilling_contractor,info,value_missing_before_next_label,No accepted value for drilling_contractor,111.0
697,reports,depth_current_mmd,warning,metadata_value_rejected,Rejected raw value '-999.99' for depth_current_mmd,111.0
698,reports,depth_current_mtvd,info,value_missing_before_next_label,No accepted value for depth_current_mtvd,111.0
699,reports,depth_kickoff_mtvd,info,value_missing_before_next_label,No accepted value for depth_kickoff_mtvd,111.0
700,reports,depth_last_casing_mtvd,info,value_missing_before_next_label,No accepted value for depth_last_casing_mtvd,111.0
701,reports,depth_formation_strength_mmd,info,value_missing_before_next_label,No accepted value for depth_formation_strength_mmd,111.0
702,reports,depth_formation_strength_mtvd,info,value_missing_before_next_label,No accepted value for depth_formation_strength_mtvd,111.0
703,reports,drilling_contractor,info,value_missing_before_next_label,No accepted value for drilling_contractor,112.0
704,reports,depth_kickoff_mtvd,info,value_missing_before_next_label,No accepted value for depth_kickoff_mtvd,112.0
705,reports,depth_last_casing_mtvd,info,value_missing_before_next_label,No accepted value for depth_last_casing_mtvd,112.0
706,reports,depth_formation_strength_mmd,info,value_missing_before_next_label,No accepted value for depth_formation_strength_mmd,112.0
707,reports,depth_formation_strength_mtvd,info,value_missing_before_next_label,No accepted value for depth_formation_strength_mtvd,112.0
708,reports,plug_back_depth_mmd,info,value_missing_before_next_label,No accepted value for plug_back_depth_mmd,112.0
709,drilling_fluid,,warning,partial_fluid_row,Partial drilling fluid row retained at row offset 2,112.0
710,reports,drilling_contractor,info,value_missing_before_next_label,No accepted value for drilling_contractor,113.0
711,reports,depth_current_mtvd,info,value_missing_before_next_label,No accepted value for depth_current_mtvd,113.0
712,reports,depth_kickoff_mtvd,info,value_missing_before_next_label,No accepted value for depth_kickoff_mtvd,113.0
713,reports,depth_last_casing_mtvd,info,value_missing_before_next_label,No accepted value for depth_last_casing_mtvd,113.0
714,reports,depth_formation_strength_mmd,info,value_missing_before_next_label,No accepted value for depth_formation_strength_mmd,113.0
715,reports,depth_formation_strength_mtvd,info,value_missing_before_next_label,No accepted value for depth_formation_strength_mtvd,113.0
716,reports,plug_back_depth_mmd,info,value_missing_before_next_label,No accepted value for plug_back_depth_mmd,113.0
717,drilling_fluid,,warning,partial_fluid_row,Partial drilling fluid row retained at row offset 3,113.0
718,drilling_fluid,,warning,partial_fluid_row,Partial drilling fluid row retained at row offset 4,113.0
719,reports,drilling_contractor,info,value_missing_before_next_label,No accepted value for drilling_contractor,114.0
720,reports,depth_kickoff_mtvd,info,value_missing_before_next_label,No accepted value for depth_kickoff_mtvd,114.0
721,reports,depth_last_casing_mtvd,info,value_missing_before_next_label,No accepted value for depth_last_casing_mtvd,114.0
722,reports,depth_formation_strength_mmd,info,value_missing_before_next_label,No accepted value for depth_formation_strength_mmd,114.0
723,reports,depth_formation_strength_mtvd,info,value_missing_before_next_label,No accepted value for depth_formation_strength_mtvd,114.0
724,reports,plug_back_depth_mmd,info,value_missing_before_next_label,No accepted value for plug_back_depth_mmd,114.0
725,drilling_fluid,,warning,partial_fluid_row,Partial drilling fluid row retained at row offset 3,114.0
726,drilling_fluid,,warning,partial_fluid_row,Partial drilling fluid row retained at row offset 4,114.0
727,reports,drilling_contractor,info,value_missing_before_next_label,No accepted value for drilling_contractor,115.0
728,reports,depth_kickoff_mtvd,info,value_missing_before_next_label,No accepted value for depth_kickoff_mtvd,115.0
729,reports,depth_last_casing_mtvd,info,value_missing_before_next_label,No accepted value for depth_last_casing_mtvd,115.0
730,reports,depth_formation_strength_mmd,info,value_missing_before_next_label,No accepted value for depth_formation_strength_mmd,115.0
731,reports,depth_formation_strength_mtvd,info,value_missing_before_next_label,No accepted value for depth_formation_strength_mtvd,115.0
732,reports,plug_back_depth_mmd,info,value_missing_before_next_label,No accepted value for plug_back_depth_mmd,115.0
733,drilling_fluid,,warning,partial_fluid_row,Partial drilling fluid row retained at row offset 3,115.0
734,drilling_fluid,,warning,partial_fluid_row,Partial drilling fluid row retained at row offset 4,115.0
735,reports,drilling_contractor,info,value_missing_before_next_label,No accepted value for drilling_contractor,116.0
736,reports,depth_kickoff_mtvd,info,value_missing_before_next_label,No accepted value for depth_kickoff_mtvd,116.0
737,reports,depth_last_casing_mmd,info,value_missing_before_next_label,No accepted value for depth_last_casing_mmd,116.0
738,reports,depth_last_casing_mtvd,info,value_missing_before_next_label,No accepted value for depth_last_casing_mtvd,116.0
739,reports,depth_formation_strength_mmd,info,value_missing_before_next_label,No accepted value for depth_formation_strength_mmd,116.0
740,reports,depth_formation_strength_mtvd,info,value_missing_before_next_label,No accepted value for depth_formation_strength_mtvd,116.0
741,reports,plug_back_depth_mmd,info,value_missing_before_next_label,No accepted value for plug_back_depth_mmd,116.0
742,drilling_fluid,,warning,partial_fluid_row,Partial drilling fluid row retained at row offset 3,116.0
743,drilling_fluid,,warning,partial_fluid_row,Partial drilling fluid row retained at row offset 4,116.0
744,reports,drilling_contractor,info,value_missing_before_next_label,No accepted value for drilling_contractor,117.0
745,reports,depth_kickoff_mtvd,info,value_missing_before_next_label,No accepted value for depth_kickoff_mtvd,117.0
746,reports,depth_last_casing_mtvd,info,value_missing_before_next_label,No accepted value for depth_last_casing_mtvd,117.0
747,reports,depth_formation_strength_mmd,info,value_missing_before_next_label,No accepted value for depth_formation_strength_mmd,117.0
748,reports,depth_formation_strength_mtvd,info,value_missing_before_next_label,No accepted value for depth_formation_strength_mtvd,117.0
749,reports,plug_back_depth_mmd,info,value_missing_before_next_label,No accepted value for plug_back_depth_mmd,117.0
750,drilling_fluid,,warning,partial_fluid_row,Partial drilling fluid row retained at row offset 3,117.0
751,drilling_fluid,,warning,partial_fluid_row,Partial drilling fluid row retained at row offset 4,117.0
752,reports,drilling_contractor,info,value_missing_before_next_label,No accepted value for drilling_contractor,118.0
753,reports,depth_kickoff_mtvd,info,value_missing_before_next_label,No accepted value for depth_kickoff_mtvd,118.0
754,reports,depth_last_casing_mtvd,info,value_missing_before_next_label,No accepted value for depth_last_casing_mtvd,118.0
755,reports,depth_formation_strength_mmd,info,value_missing_before_next_label,No accepted value for depth_formation_strength_mmd,118.0
756,reports,depth_formation_strength_mtvd,info,value_missing_before_next_label,No accepted value for depth_formation_strength_mtvd,118.0
757,reports,plug_back_depth_mmd,info,value_missing_before_next_label,No accepted value for plug_back_depth_mmd,118.0
758,drilling_fluid,,warning,partial_fluid_row,Partial drilling fluid row retained at row offset 3,118.0
759,drilling_fluid,,warning,partial_fluid_row,Partial drilling fluid row retained at row offset 4,118.0
760,reports,drilling_contractor,info,value_missing_before_next_label,No accepted value for drilling_contractor,119.0
761,reports,depth_kickoff_mtvd,info,value_missing_before_next_label,No accepted value for depth_kickoff_mtvd,119.0
762,reports,depth_last_casing_mtvd,info,value_missing_before_next_label,No accepted value for depth_last_casing_mtvd,119.0
763,reports,depth_formation_strength_mmd,info,value_missing_before_next_label,No accepted value for depth_formation_strength_mmd,119.0
764,reports,depth_formation_strength_mtvd,info,value_missing_before_next_label,No accepted value for depth_formation_strength_mtvd,119.0
765,reports,plug_back_depth_mmd,info,value_missing_before_next_label,No accepted value for plug_back_depth_mmd,119.0
766,drilling_fluid,,warning,partial_fluid_row,Partial drilling fluid row retained at row offset 3,119.0
767,drilling_fluid,,warning,partial_fluid_row,Partial drilling fluid row retained at row offset 4,119.0
768,reports,drilling_contractor,info,value_missing_before_next_label,No accepted value for drilling_contractor,120.0
769,reports,depth_kickoff_mtvd,info,value_missing_before_next_label,No accepted value for depth_kickoff_mtvd,120.0
770,reports,depth_last_casing_mtvd,info,value_missing_before_next_label,No accepted value for depth_last_casing_mtvd,120.0
771,reports,depth_formation_strength_mmd,info,value_missing_before_next_label,No accepted value for depth_formation_strength_mmd,120.0
772,reports,depth_formation_strength_mtvd,info,value_missing_before_next_label,No accepted value for depth_formation_strength_mtvd,120.0
773,reports,plug_back_depth_mmd,info,value_missing_before_next_label,No accepted value for plug_back_depth_mmd,120.0
774,drilling_fluid,,warning,partial_fluid_row,Partial drilling fluid row retained at row offset 3,120.0
775,drilling_fluid,,warning,partial_fluid_row,Partial drilling fluid row retained at row offset 4,120.0
776,reports,drilling_contractor,info,value_missing_before_next_label,No accepted value for drilling_contractor,121.0
777,reports,depth_kickoff_mtvd,info,value_missing_before_next_label,No accepted value for depth_kickoff_mtvd,121.0
778,reports,depth_last_casing_mtvd,info,value_missing_before_next_label,No accepted value for depth_last_casing_mtvd,121.0
779,reports,depth_formation_strength_mmd,info,value_missing_before_next_label,No accepted value for depth_formation_strength_mmd,121.0
780,reports,depth_formation_strength_mtvd,info,value_missing_before_next_label,No accepted value for depth_formation_strength_mtvd,121.0
781,reports,plug_back_depth_mmd,info,value_missing_before_next_label,No accepted value for plug_back_depth_mmd,121.0
782,drilling_fluid,,warning,partial_fluid_row,Partial drilling fluid row retained at row offset 3,121.0
783,drilling_fluid,,warning,partial_fluid_row,Partial drilling fluid row retained at row offset 4,121.0
784,reports,drilling_contractor,info,value_missing_before_next_label,No accepted value for drilling_contractor,122.0
785,reports,depth_kickoff_mtvd,info,value_missing_before_next_label,No accepted value for depth_kickoff_mtvd,122.0
786,reports,depth_last_casing_mtvd,info,value_missing_before_next_label,No accepted value for depth_last_casing_mtvd,122.0
787,reports,depth_formation_strength_mmd,info,value_missing_before_next_label,No accepted value for depth_formation_strength_mmd,122.0
788,reports,depth_formation_strength_mtvd,info,value_missing_before_next_label,No accepted value for depth_formation_strength_mtvd,122.0
789,reports,plug_back_depth_mmd,info,value_missing_before_next_label,No accepted value for plug_back_depth_mmd,122.0
790,drilling_fluid,,warning,partial_fluid_row,Partial drilling fluid row retained at row offset 4,122.0
791,drilling_fluid,,warning,partial_fluid_row,Partial drilling fluid row retained at row offset 5,122.0
792,drilling_fluid,,warning,partial_fluid_row,Partial drilling fluid row retained at row offset 6,122.0
793,reports,drilling_contractor,info,value_missing_before_next_label,No accepted value for drilling_contractor,123.0
794,reports,depth_kickoff_mtvd,info,value_missing_before_next_label,No accepted value for depth_kickoff_mtvd,123.0
795,reports,depth_last_casing_mtvd,info,value_missing_before_next_label,No accepted value for depth_last_casing_mtvd,123.0
796,reports,depth_formation_strength_mmd,info,value_missing_before_next_label,No accepted value for depth_formation_strength_mmd,123.0
797,reports,depth_formation_strength_mtvd,info,value_missing_before_next_label,No accepted value for depth_formation_strength_mtvd,123.0
798,reports,plug_back_depth_mmd,info,value_missing_before_next_label,No accepted value for plug_back_depth_mmd,123.0
799,reports,drilling_contractor,info,value_missing_before_next_label,No accepted value for drilling_contractor,124.0
800,reports,depth_kickoff_mtvd,info,value_missing_before_next_label,No accepted value for depth_kickoff_mtvd,124.0
801,reports,depth_last_casing_mtvd,info,value_missing_before_next_label,No accepted value for depth_last_casing_mtvd,124.0
802,reports,depth_formation_strength_mmd,info,value_missing_before_next_label,No accepted value for depth_formation_strength_mmd,124.0
803,reports,depth_formation_strength_mtvd,info,value_missing_before_next_label,No accepted value for depth_formation_strength_mtvd,124.0
804,reports,plug_back_depth_mmd,info,value_missing_before_next_label,No accepted value for plug_back_depth_mmd,124.0
805,drilling_fluid,,warning,partial_fluid_row,Partial drilling fluid row retained at row offset 2,124.0
806,reports,drilling_contractor,info,value_missing_before_next_label,No accepted value for drilling_contractor,125.0
807,reports,depth_kickoff_mtvd,info,value_missing_before_next_label,No accepted value for depth_kickoff_mtvd,125.0
808,reports,depth_last_casing_mtvd,info,value_missing_before_next_label,No accepted value for depth_last_casing_mtvd,125.0
809,reports,depth_formation_strength_mmd,info,value_missing_before_next_label,No accepted value for depth_formation_strength_mmd,125.0
810,reports,depth_formation_strength_mtvd,info,value_missing_before_next_label,No accepted value for depth_formation_strength_mtvd,125.0
811,reports,plug_back_depth_mmd,info,value_missing_before_next_label,No accepted value for plug_back_depth_mmd,125.0
812,drilling_fluid,,warning,partial_fluid_row,Partial drilling fluid row retained at row offset 2,125.0
813,reports,drilling_contractor,info,value_missing_before_next_label,No accepted value for drilling_contractor,126.0
814,reports,depth_kickoff_mtvd,info,value_missing_before_next_label,No accepted value for depth_kickoff_mtvd,126.0
815,reports,depth_last_casing_mtvd,info,value_missing_before_next_label,No accepted value for depth_last_casing_mtvd,126.0
816,reports,depth_formation_strength_mmd,info,value_missing_before_next_label,No accepted value for depth_formation_strength_mmd,126.0
817,reports,depth_formation_strength_mtvd,info,value_missing_before_next_label,No accepted value for depth_formation_strength_mtvd,126.0
818,reports,plug_back_depth_mmd,info,value_missing_before_next_label,No accepted value for plug_back_depth_mmd,126.0
819,drilling_fluid,,warning,partial_fluid_row,Partial drilling fluid row retained at row offset 2,126.0
820,reports,drilling_contractor,info,value_missing_before_next_label,No accepted value for drilling_contractor,127.0
821,reports,depth_kickoff_mtvd,info,value_missing_before_next_label,No accepted value for depth_kickoff_mtvd,127.0
822,reports,depth_last_casing_mtvd,info,value_missing_before_next_label,No accepted value for depth_last_casing_mtvd,127.0
823,reports,depth_formation_strength_mmd,info,value_missing_before_next_label,No accepted value for depth_formation_strength_mmd,127.0
824,reports,depth_formation_strength_mtvd,info,value_missing_before_next_label,No accepted value for depth_formation_strength_mtvd,127.0
825,reports,plug_back_depth_mmd,info,value_missing_before_next_label,No accepted value for plug_back_depth_mmd,127.0
826,drilling_fluid,,warning,partial_fluid_row,Partial drilling fluid row retained at row offset 2,127.0
827,reports,drilling_contractor,info,value_missing_before_next_label,No accepted value for drilling_contractor,128.0
828,reports,depth_kickoff_mtvd,info,value_missing_before_next_label,No accepted value for depth_kickoff_mtvd,128.0
829,reports,depth_last_casing_mtvd,info,value_missing_before_next_label,No accepted value for depth_last_casing_mtvd,128.0
830,reports,depth_formation_strength_mmd,info,value_missing_before_next_label,No accepted value for depth_formation_strength_mmd,128.0
831,reports,depth_formation_strength_mtvd,info,value_missing_before_next_label,No accepted value for depth_formation_strength_mtvd,128.0
832,reports,plug_back_depth_mmd,info,value_missing_before_next_label,No accepted value for plug_back_depth_mmd,128.0
833,drilling_fluid,,warning,partial_fluid_row,Partial drilling fluid row retained at row offset 4,128.0
834,drilling_fluid,,warning,partial_fluid_row,Partial drilling fluid row retained at row offset 5,128.0
835,drilling_fluid,,warning,partial_fluid_row,Partial drilling fluid row retained at row offset 6,128.0
836,reports,drilling_contractor,info,value_missing_before_next_label,No accepted value for drilling_contractor,129.0
837,reports,depth_kickoff_mtvd,info,value_missing_before_next_label,No accepted value for depth_kickoff_mtvd,129.0
838,reports,depth_last_casing_mtvd,info,value_missing_before_next_label,No accepted value for depth_last_casing_mtvd,129.0
839,reports,depth_formation_strength_mmd,info,value_missing_before_next_label,No accepted value for depth_formation_strength_mmd,129.0
840,reports,depth_formation_strength_mtvd,info,value_missing_before_next_label,No accepted value for depth_formation_strength_mtvd,129.0
841,reports,plug_back_depth_mmd,info,value_missing_before_next_label,No accepted value for plug_back_depth_mmd,129.0
842,drilling_fluid,,warning,partial_fluid_row,Partial drilling fluid row retained at row offset 3,129.0
843,drilling_fluid,,warning,partial_fluid_row,Partial drilling fluid row retained at row offset 4,129.0
844,reports,drilling_contractor,info,value_missing_before_next_label,No accepted value for drilling_contractor,130.0
845,reports,depth_kickoff_mtvd,info,value_missing_before_next_label,No accepted value for depth_kickoff_mtvd,130.0
846,reports,depth_last_casing_mtvd,info,value_missing_before_next_label,No accepted value for depth_last_casing_mtvd,130.0
847,reports,depth_formation_strength_mmd,info,value_missing_before_next_label,No accepted value for depth_formation_strength_mmd,130.0
848,reports,depth_formation_strength_mtvd,info,value_missing_before_next_label,No accepted value for depth_formation_strength_mtvd,130.0
849,reports,plug_back_depth_mmd,info,value_missing_before_next_label,No accepted value for plug_back_depth_mmd,130.0
850,drilling_fluid,,warning,partial_fluid_row,Partial drilling fluid row retained at row offset 2,130.0
851,reports,drilling_contractor,info,value_missing_before_next_label,No accepted value for drilling_contractor,131.0
852,reports,depth_kickoff_mtvd,info,value_missing_before_next_label,No accepted value for depth_kickoff_mtvd,131.0
853,reports,depth_last_casing_mtvd,info,value_missing_before_next_label,No accepted value for depth_last_casing_mtvd,131.0
854,reports,depth_formation_strength_mmd,info,value_missing_before_next_label,No accepted value for depth_formation_strength_mmd,131.0
855,reports,depth_formation_strength_mtvd,info,value_missing_before_next_label,No accepted value for depth_formation_strength_mtvd,131.0
856,reports,plug_back_depth_mmd,info,value_missing_before_next_label,No accepted value for plug_back_depth_mmd,131.0
857,drilling_fluid,,warning,partial_fluid_row,Partial drilling fluid row retained at row offset 2,131.0
858,reports,drilling_contractor,info,value_missing_before_next_label,No accepted value for drilling_contractor,132.0
859,reports,depth_kickoff_mtvd,info,value_missing_before_next_label,No accepted value for depth_kickoff_mtvd,132.0
860,reports,depth_last_casing_mtvd,info,value_missing_before_next_label,No accepted value for depth_last_casing_mtvd,132.0
861,reports,depth_formation_strength_mmd,info,value_missing_before_next_label,No accepted value for depth_formation_strength_mmd,132.0
862,reports,depth_formation_strength_mtvd,info,value_missing_before_next_label,No accepted value for depth_formation_strength_mtvd,132.0
863,reports,plug_back_depth_mmd,info,value_missing_before_next_label,No accepted value for plug_back_depth_mmd,132.0
864,drilling_fluid,,warning,partial_fluid_row,Partial drilling fluid row retained at row offset 3,132.0
865,drilling_fluid,,warning,partial_fluid_row,Partial drilling fluid row retained at row offset 4,132.0
866,reports,drilling_contractor,info,value_missing_before_next_label,No accepted value for drilling_contractor,133.0
867,reports,depth_kickoff_mtvd,info,value_missing_before_next_label,No accepted value for depth_kickoff_mtvd,133.0
868,reports,depth_last_casing_mtvd,info,value_missing_before_next_label,No accepted value for depth_last_casing_mtvd,133.0
869,reports,depth_formation_strength_mmd,info,value_missing_before_next_label,No accepted value for depth_formation_strength_mmd,133.0
870,reports,depth_formation_strength_mtvd,info,value_missing_before_next_label,No accepted value for depth_formation_strength_mtvd,133.0
871,drilling_fluid,,warning,partial_fluid_row,Partial drilling fluid row retained at row offset 3,133.0
872,drilling_fluid,,warning,partial_fluid_row,Partial drilling fluid row retained at row offset 4,133.0
873,reports,drilling_contractor,info,value_missing_before_next_label,No accepted value for drilling_contractor,134.0
874,reports,depth_kickoff_mtvd,info,value_missing_before_next_label,No accepted value for depth_kickoff_mtvd,134.0
875,reports,depth_last_casing_mtvd,info,value_missing_before_next_label,No accepted value for depth_last_casing_mtvd,134.0
876,reports,depth_formation_strength_mmd,info,value_missing_before_next_label,No accepted value for depth_formation_strength_mmd,134.0
877,reports,depth_formation_strength_mtvd,info,value_missing_before_next_label,No accepted value for depth_formation_strength_mtvd,134.0
878,reports,plug_back_depth_mmd,info,value_missing_before_next_label,No accepted value for plug_back_depth_mmd,134.0
879,drilling_fluid,,warning,partial_fluid_row,Partial drilling fluid row retained at row offset 3,134.0
880,drilling_fluid,,warning,partial_fluid_row,Partial drilling fluid row retained at row offset 4,134.0
881,reports,drilling_contractor,info,value_missing_before_next_label,No accepted value for drilling_contractor,135.0
882,reports,depth_kickoff_mtvd,info,value_missing_before_next_label,No accepted value for depth_kickoff_mtvd,135.0
883,reports,depth_last_casing_mtvd,info,value_missing_before_next_label,No accepted value for depth_last_casing_mtvd,135.0
884,reports,depth_formation_strength_mmd,info,value_missing_before_next_label,No accepted value for depth_formation_strength_mmd,135.0
885,reports,depth_formation_strength_mtvd,info,value_missing_before_next_label,No accepted value for depth_formation_strength_mtvd,135.0
886,drilling_fluid,,warning,partial_fluid_row,Partial drilling fluid row retained at row offset 3,135.0
887,drilling_fluid,,warning,partial_fluid_row,Partial drilling fluid row retained at row offset 4,135.0
888,reports,drilling_contractor,info,value_missing_before_next_label,No accepted value for drilling_contractor,136.0
889,reports,depth_kickoff_mtvd,info,value_missing_before_next_label,No accepted value for depth_kickoff_mtvd,136.0
890,reports,depth_last_casing_mtvd,info,value_missing_before_next_label,No accepted value for depth_last_casing_mtvd,136.0
891,reports,depth_formation_strength_mmd,info,value_missing_before_next_label,No accepted value for depth_formation_strength_mmd,136.0
892,reports,depth_formation_strength_mtvd,info,value_missing_before_next_label,No accepted value for depth_formation_strength_mtvd,136.0
893,drilling_fluid,,warning,partial_fluid_row,Partial drilling fluid row retained at row offset 2,136.0
894,reports,drilling_contractor,info,value_missing_before_next_label,No accepted value for drilling_contractor,137.0
895,reports,depth_kickoff_mtvd,info,value_missing_before_next_label,No accepted value for depth_kickoff_mtvd,137.0
896,reports,depth_last_casing_mtvd,info,value_missing_before_next_label,No accepted value for depth_last_casing_mtvd,137.0
897,reports,depth_formation_strength_mmd,info,value_missing_before_next_label,No accepted value for depth_formation_strength_mmd,137.0
898,reports,depth_formation_strength_mtvd,info,value_missing_before_next_label,No accepted value for depth_formation_strength_mtvd,137.0
899,reports,plug_back_depth_mmd,info,value_missing_before_next_label,No accepted value for plug_back_depth_mmd,137.0
900,drilling_fluid,,warning,partial_fluid_row,Partial drilling fluid row retained at row offset 3,137.0
901,drilling_fluid,,warning,partial_fluid_row,Partial drilling fluid row retained at row offset 4,137.0
902,reports,drilling_contractor,info,value_missing_before_next_label,No accepted value for drilling_contractor,138.0
903,reports,depth_current_mmd,warning,metadata_value_rejected,Rejected raw value '-999.99' for depth_current_mmd,138.0
904,reports,depth_current_mtvd,info,value_missing_before_next_label,No accepted value for depth_current_mtvd,138.0
905,reports,depth_kickoff_mtvd,info,value_missing_before_next_label,No accepted value for depth_kickoff_mtvd,138.0
906,reports,depth_last_casing_mtvd,info,value_missing_before_next_label,No accepted value for depth_last_casing_mtvd,138.0
907,reports,depth_formation_strength_mmd,info,value_missing_before_next_label,No accepted value for depth_formation_strength_mmd,138.0
908,reports,depth_formation_strength_mtvd,info,value_missing_before_next_label,No accepted value for depth_formation_strength_mtvd,138.0
909,reports,plug_back_depth_mmd,info,value_missing_before_next_label,No accepted value for plug_back_depth_mmd,138.0
910,drilling_fluid,,warning,partial_fluid_row,Partial drilling fluid row retained at row offset 2,138.0
911,reports,drilling_contractor,info,value_missing_before_next_label,No accepted value for drilling_contractor,139.0
912,reports,depth_kickoff_mtvd,info,value_missing_before_next_label,No accepted value for depth_kickoff_mtvd,139.0
913,reports,depth_last_casing_mtvd,info,value_missing_before_next_label,No accepted value for depth_last_casing_mtvd,139.0
914,reports,depth_formation_strength_mmd,info,value_missing_before_next_label,No accepted value for depth_formation_strength_mmd,139.0
915,reports,depth_formation_strength_mtvd,info,value_missing_before_next_label,No accepted value for depth_formation_strength_mtvd,139.0
916,reports,plug_back_depth_mmd,info,value_missing_before_next_label,No accepted value for plug_back_depth_mmd,139.0
917,drilling_fluid,,warning,partial_fluid_row,Partial drilling fluid row retained at row offset 2,139.0
918,reports,drilling_contractor,info,value_missing_before_next_label,No accepted value for drilling_contractor,140.0
919,reports,depth_kickoff_mtvd,info,value_missing_before_next_label,No accepted value for depth_kickoff_mtvd,140.0
920,reports,depth_last_casing_mtvd,info,value_missing_before_next_label,No accepted value for depth_last_casing_mtvd,140.0
921,reports,depth_formation_strength_mmd,info,value_missing_before_next_label,No accepted value for depth_formation_strength_mmd,140.0
922,reports,depth_formation_strength_mtvd,info,value_missing_before_next_label,No accepted value for depth_formation_strength_mtvd,140.0
923,reports,plug_back_depth_mmd,info,value_missing_before_next_label,No accepted value for plug_back_depth_mmd,140.0
924,drilling_fluid,,warning,partial_fluid_row,Partial drilling fluid row retained at row offset 3,140.0
925,drilling_fluid,,warning,partial_fluid_row,Partial drilling fluid row retained at row offset 4,140.0
926,reports,drilling_contractor,info,value_missing_before_next_label,No accepted value for drilling_contractor,141.0
927,reports,depth_kickoff_mtvd,info,value_missing_before_next_label,No accepted value for depth_kickoff_mtvd,141.0
928,reports,depth_last_casing_mtvd,info,value_missing_before_next_label,No accepted value for depth_last_casing_mtvd,141.0
929,reports,depth_formation_strength_mmd,info,value_missing_before_next_label,No accepted value for depth_formation_strength_mmd,141.0
930,reports,depth_formation_strength_mtvd,info,value_missing_before_next_label,No accepted value for depth_formation_strength_mtvd,141.0
931,reports,plug_back_depth_mmd,info,value_missing_before_next_label,No accepted value for plug_back_depth_mmd,141.0
932,drilling_fluid,,warning,partial_fluid_row,Partial drilling fluid row retained at row offset 3,141.0
933,drilling_fluid,,warning,partial_fluid_row,Partial drilling fluid row retained at row offset 4,141.0
934,reports,drilling_contractor,info,value_missing_before_next_label,No accepted value for drilling_contractor,142.0
935,reports,depth_kickoff_mtvd,info,value_missing_before_next_label,No accepted value for depth_kickoff_mtvd,142.0
936,reports,depth_last_casing_mtvd,info,value_missing_before_next_label,No accepted value for depth_last_casing_mtvd,142.0
937,reports,depth_formation_strength_mmd,info,value_missing_before_next_label,No accepted value for depth_formation_strength_mmd,142.0
938,reports,depth_formation_strength_mtvd,info,value_missing_before_next_label,No accepted value for depth_formation_strength_mtvd,142.0
939,reports,plug_back_depth_mmd,info,value_missing_before_next_label,No accepted value for plug_back_depth_mmd,142.0
940,drilling_fluid,,warning,partial_fluid_row,Partial drilling fluid row retained at row offset 2,142.0
941,reports,drilling_contractor,info,value_missing_before_next_label,No accepted value for drilling_contractor,143.0
942,reports,depth_kickoff_mtvd,info,value_missing_before_next_label,No accepted value for depth_kickoff_mtvd,143.0
943,reports,depth_last_casing_mtvd,info,value_missing_before_next_label,No accepted value for depth_last_casing_mtvd,143.0
944,reports,depth_formation_strength_mmd,info,value_missing_before_next_label,No accepted value for depth_formation_strength_mmd,143.0
945,reports,depth_formation_strength_mtvd,info,value_missing_before_next_label,No accepted value for depth_formation_strength_mtvd,143.0
946,reports,plug_back_depth_mmd,info,value_missing_before_next_label,No accepted value for plug_back_depth_mmd,143.0
947,drilling_fluid,,warning,partial_fluid_row,Partial drilling fluid row retained at row offset 2,143.0
948,reports,drilling_contractor,info,value_missing_before_next_label,No accepted value for drilling_contractor,144.0
949,reports,depth_kickoff_mtvd,info,value_missing_before_next_label,No accepted value for depth_kickoff_mtvd,144.0
950,reports,depth_last_casing_mtvd,info,value_missing_before_next_label,No accepted value for depth_last_casing_mtvd,144.0
951,reports,depth_formation_strength_mmd,info,value_missing_before_next_label,No accepted value for depth_formation_strength_mmd,144.0
952,reports,depth_formation_strength_mtvd,info,value_missing_before_next_label,No accepted value for depth_formation_strength_mtvd,144.0
953,reports,plug_back_depth_mmd,info,value_missing_before_next_label,No accepted value for plug_back_depth_mmd,144.0
954,reports,drilling_contractor,info,value_missing_before_next_label,No accepted value for drilling_contractor,145.0
955,reports,depth_kickoff_mtvd,info,value_missing_before_next_label,No accepted value for depth_kickoff_mtvd,145.0
956,reports,depth_last_casing_mtvd,info,value_missing_before_next_label,No accepted value for depth_last_casing_mtvd,145.0
957,reports,depth_formation_strength_mmd,info,value_missing_before_next_label,No accepted value for depth_formation_strength_mmd,145.0
958,reports,depth_formation_strength_mtvd,info,value_missing_before_next_label,No accepted value for depth_formation_strength_mtvd,145.0
959,reports,plug_back_depth_mmd,info,value_missing_before_next_label,No accepted value for plug_back_depth_mmd,145.0
960,drilling_fluid,,warning,partial_fluid_row,Partial drilling fluid row retained at row offset 3,145.0
961,drilling_fluid,,warning,partial_fluid_row,Partial drilling fluid row retained at row offset 4,145.0
962,reports,drilling_contractor,info,value_missing_before_next_label,No accepted value for drilling_contractor,146.0
963,reports,depth_kickoff_mtvd,info,value_missing_before_next_label,No accepted value for depth_kickoff_mtvd,146.0
964,reports,depth_last_casing_mtvd,info,value_missing_before_next_label,No accepted value for depth_last_casing_mtvd,146.0
965,reports,depth_formation_strength_mmd,info,value_missing_before_next_label,No accepted value for depth_formation_strength_mmd,146.0
966,reports,depth_formation_strength_mtvd,info,value_missing_before_next_label,No accepted value for depth_formation_strength_mtvd,146.0
967,reports,plug_back_depth_mmd,info,value_missing_before_next_label,No accepted value for plug_back_depth_mmd,146.0
968,drilling_fluid,,warning,partial_fluid_row,Partial drilling fluid row retained at row offset 3,146.0
969,drilling_fluid,,warning,partial_fluid_row,Partial drilling fluid row retained at row offset 4,146.0
970,reports,drilling_contractor,info,value_missing_before_next_label,No accepted value for drilling_contractor,147.0
971,reports,depth_kickoff_mtvd,info,value_missing_before_next_label,No accepted value for depth_kickoff_mtvd,147.0
972,reports,depth_last_casing_mtvd,info,value_missing_before_next_label,No accepted value for depth_last_casing_mtvd,147.0
973,reports,depth_formation_strength_mmd,info,value_missing_before_next_label,No accepted value for depth_formation_strength_mmd,147.0
974,reports,depth_formation_strength_mtvd,info,value_missing_before_next_label,No accepted value for depth_formation_strength_mtvd,147.0
975,reports,pressure_test_type,info,value_missing_before_next_label,No accepted value for pressure_test_type,147.0
976,drilling_fluid,,warning,partial_fluid_row,Partial drilling fluid row retained at row offset 3,147.0
977,drilling_fluid,,warning,partial_fluid_row,Partial drilling fluid row retained at row offset 4,147.0
978,reports,drilling_contractor,info,value_missing_before_next_label,No accepted value for drilling_contractor,148.0
979,reports,depth_kickoff_mtvd,info,value_missing_before_next_label,No accepted value for depth_kickoff_mtvd,148.0
980,reports,depth_last_casing_mtvd,info,value_missing_before_next_label,No accepted value for depth_last_casing_mtvd,148.0
981,reports,depth_formation_strength_mmd,info,value_missing_before_next_label,No accepted value for depth_formation_strength_mmd,148.0
982,reports,depth_formation_strength_mtvd,info,value_missing_before_next_label,No accepted value for depth_formation_strength_mtvd,148.0
983,reports,pressure_test_type,info,value_missing_before_next_label,No accepted value for pressure_test_type,148.0
984,drilling_fluid,,warning,partial_fluid_row,Partial drilling fluid row retained at row offset 3,148.0
985,drilling_fluid,,warning,partial_fluid_row,Partial drilling fluid row retained at row offset 4,148.0
986,reports,drilling_contractor,info,value_missing_before_next_label,No accepted value for drilling_contractor,149.0
987,reports,depth_kickoff_mtvd,info,value_missing_before_next_label,No accepted value for depth_kickoff_mtvd,149.0
988,reports,depth_last_casing_mtvd,info,value_missing_before_next_label,No accepted value for depth_last_casing_mtvd,149.0
989,reports,depth_formation_strength_mmd,info,value_missing_before_next_label,No accepted value for depth_formation_strength_mmd,149.0
990,reports,depth_formation_strength_mtvd,info,value_missing_before_next_label,No accepted value for depth_formation_strength_mtvd,149.0
991,reports,plug_back_depth_mmd,info,value_missing_before_next_label,No accepted value for plug_back_depth_mmd,149.0
992,reports,pressure_test_type,info,value_missing_before_next_label,No accepted value for pressure_test_type,149.0
993,drilling_fluid,,warning,partial_fluid_row,Partial drilling fluid row retained at row offset 3,149.0
994,drilling_fluid,,warning,partial_fluid_row,Partial drilling fluid row retained at row offset 4,149.0
995,reports,drilling_contractor,info,value_missing_before_next_label,No accepted value for drilling_contractor,150.0
996,reports,depth_kickoff_mtvd,info,value_missing_before_next_label,No accepted value for depth_kickoff_mtvd,150.0
997,reports,depth_last_casing_mtvd,info,value_missing_before_next_label,No accepted value for depth_last_casing_mtvd,150.0
998,reports,depth_formation_strength_mmd,info,value_missing_before_next_label,No accepted value for depth_formation_strength_mmd,150.0
999,reports,depth_formation_strength_mtvd,info,value_missing_before_next_label,No accepted value for depth_formation_strength_mtvd,150.0
1000,reports,plug_back_depth_mmd,info,value_missing_before_next_label,No accepted value for plug_back_depth_mmd,150.0
1001,reports,pressure_test_type,info,value_missing_before_next_label,No accepted value for pressure_test_type,150.0
1002,drilling_fluid,,warning,partial_fluid_row,Partial drilling fluid row retained at row offset 3,150.0
1003,drilling_fluid,,warning,partial_fluid_row,Partial drilling fluid row retained at row offset 4,150.0
1004,reports,drilling_contractor,info,value_missing_before_next_label,No accepted value for drilling_contractor,151.0
1005,reports,depth_kickoff_mtvd,info,value_missing_before_next_label,No accepted value for depth_kickoff_mtvd,151.0
1006,reports,depth_last_casing_mtvd,info,value_missing_before_next_label,No accepted value for depth_last_casing_mtvd,151.0
1007,reports,depth_formation_strength_mmd,info,value_missing_before_next_label,No accepted value for depth_formation_strength_mmd,151.0
1008,reports,depth_formation_strength_mtvd,info,value_missing_before_next_label,No accepted value for depth_formation_strength_mtvd,151.0
1009,reports,plug_back_depth_mmd,info,value_missing_before_next_label,No accepted value for plug_back_depth_mmd,151.0
1010,reports,pressure_test_type,info,value_missing_before_next_label,No accepted value for pressure_test_type,151.0
1011,drilling_fluid,,warning,partial_fluid_row,Partial drilling fluid row retained at row offset 3,151.0
1012,drilling_fluid,,warning,partial_fluid_row,Partial drilling fluid row retained at row offset 4,151.0
1013,reports,drilling_contractor,info,value_missing_before_next_label,No accepted value for drilling_contractor,152.0
1014,reports,depth_kickoff_mtvd,info,value_missing_before_next_label,No accepted value for depth_kickoff_mtvd,152.0
1015,reports,depth_last_casing_mtvd,info,value_missing_before_next_label,No accepted value for depth_last_casing_mtvd,152.0
1016,reports,depth_formation_strength_mmd,info,value_missing_before_next_label,No accepted value for depth_formation_strength_mmd,152.0
1017,reports,depth_formation_strength_mtvd,info,value_missing_before_next_label,No accepted value for depth_formation_strength_mtvd,152.0
1018,reports,plug_back_depth_mmd,info,value_missing_before_next_label,No accepted value for plug_back_depth_mmd,152.0
1019,reports,pressure_test_type,info,value_missing_before_next_label,No accepted value for pressure_test_type,152.0
1020,drilling_fluid,,warning,partial_fluid_row,Partial drilling fluid row retained at row offset 3,152.0
1021,drilling_fluid,,warning,partial_fluid_row,Partial drilling fluid row retained at row offset 4,152.0
1022,reports,drilling_contractor,info,value_missing_before_next_label,No accepted value for drilling_contractor,153.0
1023,reports,depth_kickoff_mtvd,info,value_missing_before_next_label,No accepted value for depth_kickoff_mtvd,153.0
1024,reports,depth_last_casing_mtvd,info,value_missing_before_next_label,No accepted value for depth_last_casing_mtvd,153.0
1025,reports,depth_formation_strength_mmd,info,value_missing_before_next_label,No accepted value for depth_formation_strength_mmd,153.0
1026,reports,depth_formation_strength_mtvd,info,value_missing_before_next_label,No accepted value for depth_formation_strength_mtvd,153.0
1027,reports,plug_back_depth_mmd,info,value_missing_before_next_label,No accepted value for plug_back_depth_mmd,153.0
1028,reports,pressure_test_type,info,value_missing_before_next_label,No accepted value for pressure_test_type,153.0
1029,drilling_fluid,,warning,partial_fluid_row,Partial drilling fluid row retained at row offset 3,153.0
1030,drilling_fluid,,warning,partial_fluid_row,Partial drilling fluid row retained at row offset 4,153.0
1031,reports,drilling_contractor,info,value_missing_before_next_label,No accepted value for drilling_contractor,154.0
1032,reports,depth_kickoff_mtvd,info,value_missing_before_next_label,No accepted value for depth_kickoff_mtvd,154.0
1033,reports,depth_last_casing_mtvd,info,value_missing_before_next_label,No accepted value for depth_last_casing_mtvd,154.0
1034,reports,depth_formation_strength_mmd,info,value_missing_before_next_label,No accepted value for depth_formation_strength_mmd,154.0
1035,reports,depth_formation_strength_mtvd,info,value_missing_before_next_label,No accepted value for depth_formation_strength_mtvd,154.0
1036,reports,plug_back_depth_mmd,info,value_missing_before_next_label,No accepted value for plug_back_depth_mmd,154.0
1037,reports,pressure_test_type,info,value_missing_before_next_label,No accepted value for pressure_test_type,154.0
1038,drilling_fluid,,warning,partial_fluid_row,Partial drilling fluid row retained at row offset 3,154.0
1039,drilling_fluid,,warning,partial_fluid_row,Partial drilling fluid row retained at row offset 4,154.0
1040,reports,drilling_contractor,info,value_missing_before_next_label,No accepted value for drilling_contractor,155.0
1041,reports,depth_kickoff_mtvd,info,value_missing_before_next_label,No accepted value for depth_kickoff_mtvd,155.0
1042,reports,depth_last_casing_mtvd,info,value_missing_before_next_label,No accepted value for depth_last_casing_mtvd,155.0
1043,reports,depth_formation_strength_mmd,info,value_missing_before_next_label,No accepted value for depth_formation_strength_mmd,155.0
1044,reports,depth_formation_strength_mtvd,info,value_missing_before_next_label,No accepted value for depth_formation_strength_mtvd,155.0
1045,reports,plug_back_depth_mmd,info,value_missing_before_next_label,No accepted value for plug_back_depth_mmd,155.0
1046,reports,pressure_test_type,info,value_missing_before_next_label,No accepted value for pressure_test_type,155.0
1047,drilling_fluid,,warning,partial_fluid_row,Partial drilling fluid row retained at row offset 3,155.0
1048,drilling_fluid,,warning,partial_fluid_row,Partial drilling fluid row retained at row offset 4,155.0
1049,reports,drilling_contractor,info,value_missing_before_next_label,No accepted value for drilling_contractor,156.0
1050,reports,depth_kickoff_mtvd,info,value_missing_before_next_label,No accepted value for depth_kickoff_mtvd,156.0
1051,reports,depth_last_casing_mtvd,info,value_missing_before_next_label,No accepted value for depth_last_casing_mtvd,156.0
1052,reports,depth_formation_strength_mmd,info,value_missing_before_next_label,No accepted value for depth_formation_strength_mmd,156.0
1053,reports,depth_formation_strength_mtvd,info,value_missing_before_next_label,No accepted value for depth_formation_strength_mtvd,156.0
1054,reports,plug_back_depth_mmd,info,value_missing_before_next_label,No accepted value for plug_back_depth_mmd,156.0
1055,reports,pressure_test_type,info,value_missing_before_next_label,No accepted value for pressure_test_type,156.0
1056,drilling_fluid,,warning,partial_fluid_row,Partial drilling fluid row retained at row offset 3,156.0
1057,drilling_fluid,,warning,partial_fluid_row,Partial drilling fluid row retained at row offset 4,156.0
1058,reports,drilling_contractor,info,value_missing_before_next_label,No accepted value for drilling_contractor,157.0
1059,reports,depth_kickoff_mtvd,info,value_missing_before_next_label,No accepted value for depth_kickoff_mtvd,157.0
1060,reports,depth_last_casing_mtvd,info,value_missing_before_next_label,No accepted value for depth_last_casing_mtvd,157.0
1061,reports,depth_formation_strength_mmd,info,value_missing_before_next_label,No accepted value for depth_formation_strength_mmd,157.0
1062,reports,depth_formation_strength_mtvd,info,value_missing_before_next_label,No accepted value for depth_formation_strength_mtvd,157.0
1063,reports,plug_back_depth_mmd,info,value_missing_before_next_label,No accepted value for plug_back_depth_mmd,157.0
1064,reports,pressure_test_type,info,value_missing_before_next_label,No accepted value for pressure_test_type,157.0
1065,drilling_fluid,,warning,partial_fluid_row,Partial drilling fluid row retained at row offset 3,157.0
1066,drilling_fluid,,warning,partial_fluid_row,Partial drilling fluid row retained at row offset 4,157.0
1067,reports,drilling_contractor,info,value_missing_before_next_label,No accepted value for drilling_contractor,158.0
1068,reports,depth_kickoff_mtvd,info,value_missing_before_next_label,No accepted value for depth_kickoff_mtvd,158.0
1069,reports,depth_last_casing_mtvd,info,value_missing_before_next_label,No accepted value for depth_last_casing_mtvd,158.0
1070,reports,depth_formation_strength_mmd,info,value_missing_before_next_label,No accepted value for depth_formation_strength_mmd,158.0
1071,reports,depth_formation_strength_mtvd,info,value_missing_before_next_label,No accepted value for depth_formation_strength_mtvd,158.0
1072,reports,plug_back_depth_mmd,info,value_missing_before_next_label,No accepted value for plug_back_depth_mmd,158.0
1073,reports,pressure_test_type,info,value_missing_before_next_label,No accepted value for pressure_test_type,158.0
1074,drilling_fluid,,warning,partial_fluid_row,Partial drilling fluid row retained at row offset 3,158.0
1075,drilling_fluid,,warning,partial_fluid_row,Partial drilling fluid row retained at row offset 4,158.0
1076,reports,drilling_contractor,info,value_missing_before_next_label,No accepted value for drilling_contractor,159.0
1077,reports,depth_kickoff_mtvd,info,value_missing_before_next_label,No accepted value for depth_kickoff_mtvd,159.0
1078,reports,depth_last_casing_mtvd,info,value_missing_before_next_label,No accepted value for depth_last_casing_mtvd,159.0
1079,reports,depth_formation_strength_mmd,info,value_missing_before_next_label,No accepted value for depth_formation_strength_mmd,159.0
1080,reports,depth_formation_strength_mtvd,info,value_missing_before_next_label,No accepted value for depth_formation_strength_mtvd,159.0
1081,reports,plug_back_depth_mmd,info,value_missing_before_next_label,No accepted value for plug_back_depth_mmd,159.0
1082,reports,pressure_test_type,info,value_missing_before_next_label,No accepted value for pressure_test_type,159.0
1083,drilling_fluid,,warning,partial_fluid_row,Partial drilling fluid row retained at row offset 3,159.0
1084,drilling_fluid,,warning,partial_fluid_row,Partial drilling fluid row retained at row offset 4,159.0
1085,reports,drilling_contractor,info,value_missing_before_next_label,No accepted value for drilling_contractor,160.0
1086,reports,depth_kickoff_mtvd,info,value_missing_before_next_label,No accepted value for depth_kickoff_mtvd,160.0
1087,reports,depth_last_casing_mtvd,info,value_missing_before_next_label,No accepted value for depth_last_casing_mtvd,160.0
1088,reports,depth_formation_strength_mmd,info,value_missing_before_next_label,No accepted value for depth_formation_strength_mmd,160.0
1089,reports,depth_formation_strength_mtvd,info,value_missing_before_next_label,No accepted value for depth_formation_strength_mtvd,160.0
1090,reports,plug_back_depth_mmd,info,value_missing_before_next_label,No accepted value for plug_back_depth_mmd,160.0
1091,reports,pressure_test_type,info,value_missing_before_next_label,No accepted value for pressure_test_type,160.0
1092,drilling_fluid,,warning,partial_fluid_row,Partial drilling fluid row retained at row offset 3,160.0
1093,drilling_fluid,,warning,partial_fluid_row,Partial drilling fluid row retained at row offset 4,160.0
1094,reports,drilling_contractor,info,value_missing_before_next_label,No accepted value for drilling_contractor,161.0
1095,reports,depth_kickoff_mtvd,info,value_missing_before_next_label,No accepted value for depth_kickoff_mtvd,161.0
1096,reports,depth_last_casing_mtvd,info,value_missing_before_next_label,No accepted value for depth_last_casing_mtvd,161.0
1097,reports,depth_formation_strength_mmd,info,value_missing_before_next_label,No accepted value for depth_formation_strength_mmd,161.0
1098,reports,depth_formation_strength_mtvd,info,value_missing_before_next_label,No accepted value for depth_formation_strength_mtvd,161.0
1099,reports,plug_back_depth_mmd,info,value_missing_before_next_label,No accepted value for plug_back_depth_mmd,161.0
1100,reports,pressure_test_type,info,value_missing_before_next_label,No accepted value for pressure_test_type,161.0
1101,drilling_fluid,,warning,partial_fluid_row,Partial drilling fluid row retained at row offset 3,161.0
1102,drilling_fluid,,warning,partial_fluid_row,Partial drilling fluid row retained at row offset 4,161.0
1103,reports,drilling_contractor,info,value_missing_before_next_label,No accepted value for drilling_contractor,162.0
1104,reports,depth_kickoff_mtvd,info,value_missing_before_next_label,No accepted value for depth_kickoff_mtvd,162.0
1105,reports,depth_last_casing_mtvd,info,value_missing_before_next_label,No accepted value for depth_last_casing_mtvd,162.0
1106,reports,depth_formation_strength_mmd,info,value_missing_before_next_label,No accepted value for depth_formation_strength_mmd,162.0
1107,reports,depth_formation_strength_mtvd,info,value_missing_before_next_label,No accepted value for depth_formation_strength_mtvd,162.0
1108,reports,plug_back_depth_mmd,info,value_missing_before_next_label,No accepted value for plug_back_depth_mmd,162.0
1109,reports,pressure_test_type,info,value_missing_before_next_label,No accepted value for pressure_test_type,162.0
1110,drilling_fluid,,warning,partial_fluid_row,Partial drilling fluid row retained at row offset 3,162.0
1111,drilling_fluid,,warning,partial_fluid_row,Partial drilling fluid row retained at row offset 4,162.0
1112,reports,drilling_contractor,info,value_missing_before_next_label,No accepted value for drilling_contractor,163.0
1113,reports,depth_kickoff_mtvd,info,value_missing_before_next_label,No accepted value for depth_kickoff_mtvd,163.0
1114,reports,depth_last_casing_mtvd,info,value_missing_before_next_label,No accepted value for depth_last_casing_mtvd,163.0
1115,reports,depth_formation_strength_mmd,info,value_missing_before_next_label,No accepted value for depth_formation_strength_mmd,163.0
1116,reports,depth_formation_strength_mtvd,info,value_missing_before_next_label,No accepted value for depth_formation_strength_mtvd,163.0
1117,reports,plug_back_depth_mmd,info,value_missing_before_next_label,No accepted value for plug_back_depth_mmd,163.0
1118,reports,pressure_test_type,info,value_missing_before_next_label,No accepted value for pressure_test_type,163.0
1119,drilling_fluid,,warning,partial_fluid_row,Partial drilling fluid row retained at row offset 3,163.0
1120,drilling_fluid,,warning,partial_fluid_row,Partial drilling fluid row retained at row offset 4,163.0
1121,reports,drilling_contractor,info,value_missing_before_next_label,No accepted value for drilling_contractor,164.0
1122,reports,depth_kickoff_mtvd,info,value_missing_before_next_label,No accepted value for depth_kickoff_mtvd,164.0
1123,reports,depth_last_casing_mtvd,info,value_missing_before_next_label,No accepted value for depth_last_casing_mtvd,164.0
1124,reports,depth_formation_strength_mmd,info,value_missing_before_next_label,No accepted value for depth_formation_strength_mmd,164.0
1125,reports,depth_formation_strength_mtvd,info,value_missing_before_next_label,No accepted value for depth_formation_strength_mtvd,164.0
1126,reports,plug_back_depth_mmd,info,value_missing_before_next_label,No accepted value for plug_back_depth_mmd,164.0
1127,reports,pressure_test_type,info,value_missing_before_next_label,No accepted value for pressure_test_type,164.0
1128,drilling_fluid,,warning,partial_fluid_row,Partial drilling fluid row retained at row offset 3,164.0
1129,drilling_fluid,,warning,partial_fluid_row,Partial drilling fluid row retained at row offset 4,164.0
1130,reports,drilling_contractor,info,value_missing_before_next_label,No accepted value for drilling_contractor,165.0
1131,reports,depth_kickoff_mtvd,info,value_missing_before_next_label,No accepted value for depth_kickoff_mtvd,165.0
1132,reports,depth_last_casing_mtvd,info,value_missing_before_next_label,No accepted value for depth_last_casing_mtvd,165.0
1133,reports,depth_formation_strength_mmd,info,value_missing_before_next_label,No accepted value for depth_formation_strength_mmd,165.0
1134,reports,depth_formation_strength_mtvd,info,value_missing_before_next_label,No accepted value for depth_formation_strength_mtvd,165.0
1135,reports,plug_back_depth_mmd,info,value_missing_before_next_label,No accepted value for plug_back_depth_mmd,165.0
1136,reports,pressure_test_type,info,value_missing_before_next_label,No accepted value for pressure_test_type,165.0
1137,drilling_fluid,,warning,partial_fluid_row,Partial drilling fluid row retained at row offset 3,165.0
1138,drilling_fluid,,warning,partial_fluid_row,Partial drilling fluid row retained at row offset 4,165.0
1139,reports,drilling_contractor,info,value_missing_before_next_label,No accepted value for drilling_contractor,166.0
1140,reports,depth_kickoff_mtvd,info,value_missing_before_next_label,No accepted value for depth_kickoff_mtvd,166.0
1141,reports,depth_last_casing_mtvd,info,value_missing_before_next_label,No accepted value for depth_last_casing_mtvd,166.0
1142,reports,depth_formation_strength_mmd,info,value_missing_before_next_label,No accepted value for depth_formation_strength_mmd,166.0
1143,reports,depth_formation_strength_mtvd,info,value_missing_before_next_label,No accepted value for depth_formation_strength_mtvd,166.0
1144,reports,plug_back_depth_mmd,info,value_missing_before_next_label,No accepted value for plug_back_depth_mmd,166.0
1145,reports,pressure_test_type,info,value_missing_before_next_label,No accepted value for pressure_test_type,166.0
1146,drilling_fluid,,warning,partial_fluid_row,Partial drilling fluid row retained at row offset 3,166.0
1147,drilling_fluid,,warning,partial_fluid_row,Partial drilling fluid row retained at row offset 4,166.0
1148,reports,drilling_contractor,info,value_missing_before_next_label,No accepted value for drilling_contractor,167.0
1149,reports,depth_kickoff_mtvd,info,value_missing_before_next_label,No accepted value for depth_kickoff_mtvd,167.0
1150,reports,depth_last_casing_mtvd,info,value_missing_before_next_label,No accepted value for depth_last_casing_mtvd,167.0
1151,reports,depth_formation_strength_mmd,info,value_missing_before_next_label,No accepted value for depth_formation_strength_mmd,167.0
1152,reports,depth_formation_strength_mtvd,info,value_missing_before_next_label,No accepted value for depth_formation_strength_mtvd,167.0
1153,reports,plug_back_depth_mmd,info,value_missing_before_next_label,No accepted value for plug_back_depth_mmd,167.0
1154,reports,pressure_test_type,info,value_missing_before_next_label,No accepted value for pressure_test_type,167.0
1155,drilling_fluid,,warning,partial_fluid_row,Partial drilling fluid row retained at row offset 3,167.0
1156,drilling_fluid,,warning,partial_fluid_row,Partial drilling fluid row retained at row offset 4,167.0
1157,reports,drilling_contractor,info,value_missing_before_next_label,No accepted value for drilling_contractor,168.0
1158,reports,depth_kickoff_mtvd,info,value_missing_before_next_label,No accepted value for depth_kickoff_mtvd,168.0
1159,reports,depth_last_casing_mtvd,info,value_missing_before_next_label,No accepted value for depth_last_casing_mtvd,168.0
1160,reports,depth_formation_strength_mmd,info,value_missing_before_next_label,No accepted value for depth_formation_strength_mmd,168.0
1161,reports,depth_formation_strength_mtvd,info,value_missing_before_next_label,No accepted value for depth_formation_strength_mtvd,168.0
1162,reports,plug_back_depth_mmd,info,value_missing_before_next_label,No accepted value for plug_back_depth_mmd,168.0
1163,reports,pressure_test_type,info,value_missing_before_next_label,No accepted value for pressure_test_type,168.0
1164,drilling_fluid,,warning,partial_fluid_row,Partial drilling fluid row retained at row offset 3,168.0
1165,drilling_fluid,,warning,partial_fluid_row,Partial drilling fluid row retained at row offset 4,168.0
1166,reports,drilling_contractor,info,value_missing_before_next_label,No accepted value for drilling_contractor,169.0
1167,reports,depth_kickoff_mtvd,info,value_missing_before_next_label,No accepted value for depth_kickoff_mtvd,169.0
1168,reports,depth_last_casing_mtvd,info,value_missing_before_next_label,No accepted value for depth_last_casing_mtvd,169.0
1169,reports,depth_formation_strength_mmd,info,value_missing_before_next_label,No accepted value for depth_formation_strength_mmd,169.0
1170,reports,depth_formation_strength_mtvd,info,value_missing_before_next_label,No accepted value for depth_formation_strength_mtvd,169.0
1171,reports,plug_back_depth_mmd,info,value_missing_before_next_label,No accepted value for plug_back_depth_mmd,169.0
1172,reports,pressure_test_type,info,value_missing_before_next_label,No accepted value for pressure_test_type,169.0
1173,drilling_fluid,,warning,partial_fluid_row,Partial drilling fluid row retained at row offset 3,169.0
1174,drilling_fluid,,warning,partial_fluid_row,Partial drilling fluid row retained at row offset 4,169.0
1175,reports,drilling_contractor,info,value_missing_before_next_label,No accepted value for drilling_contractor,170.0
1176,reports,depth_kickoff_mtvd,info,value_missing_before_next_label,No accepted value for depth_kickoff_mtvd,170.0
1177,reports,depth_last_casing_mtvd,info,value_missing_before_next_label,No accepted value for depth_last_casing_mtvd,170.0
1178,reports,depth_formation_strength_mmd,info,value_missing_before_next_label,No accepted value for depth_formation_strength_mmd,170.0
1179,reports,depth_formation_strength_mtvd,info,value_missing_before_next_label,No accepted value for depth_formation_strength_mtvd,170.0
1180,reports,plug_back_depth_mmd,info,value_missing_before_next_label,No accepted value for plug_back_depth_mmd,170.0
1181,reports,pressure_test_type,info,value_missing_before_next_label,No accepted value for pressure_test_type,170.0
1182,drilling_fluid,,warning,partial_fluid_row,Partial drilling fluid row retained at row offset 3,170.0
1183,drilling_fluid,,warning,partial_fluid_row,Partial drilling fluid row retained at row offset 4,170.0
1184,reports,drilling_contractor,info,value_missing_before_next_label,No accepted value for drilling_contractor,171.0
1185,reports,depth_kickoff_mtvd,info,value_missing_before_next_label,No accepted value for depth_kickoff_mtvd,171.0
1186,reports,depth_last_casing_mtvd,info,value_missing_before_next_label,No accepted value for depth_last_casing_mtvd,171.0
1187,reports,depth_formation_strength_mmd,info,value_missing_before_next_label,No accepted value for depth_formation_strength_mmd,171.0
1188,reports,depth_formation_strength_mtvd,info,value_missing_before_next_label,No accepted value for depth_formation_strength_mtvd,171.0
1189,reports,plug_back_depth_mmd,info,value_missing_before_next_label,No accepted value for plug_back_depth_mmd,171.0
1190,reports,pressure_test_type,info,value_missing_before_next_label,No accepted value for pressure_test_type,171.0
1191,drilling_fluid,,warning,partial_fluid_row,Partial drilling fluid row retained at row offset 3,171.0
1192,drilling_fluid,,warning,partial_fluid_row,Partial drilling fluid row retained at row offset 4,171.0
1193,reports,drilling_contractor,info,value_missing_before_next_label,No accepted value for drilling_contractor,172.0
1194,reports,depth_kickoff_mtvd,info,value_missing_before_next_label,No accepted value for depth_kickoff_mtvd,172.0
1195,reports,depth_last_casing_mtvd,info,value_missing_before_next_label,No accepted value for depth_last_casing_mtvd,172.0
1196,reports,depth_formation_strength_mmd,info,value_missing_before_next_label,No accepted value for depth_formation_strength_mmd,172.0
1197,reports,depth_formation_strength_mtvd,info,value_missing_before_next_label,No accepted value for depth_formation_strength_mtvd,172.0
1198,reports,plug_back_depth_mmd,info,value_missing_before_next_label,No accepted value for plug_back_depth_mmd,172.0
1199,reports,pressure_test_type,info,value_missing_before_next_label,No accepted value for pressure_test_type,172.0
1200,drilling_fluid,,warning,partial_fluid_row,Partial drilling fluid row retained at row offset 3,172.0
1201,drilling_fluid,,warning,partial_fluid_row,Partial drilling fluid row retained at row offset 4,172.0
1202,reports,drilling_contractor,info,value_missing_before_next_label,No accepted value for drilling_contractor,173.0
1203,reports,depth_kickoff_mtvd,info,value_missing_before_next_label,No accepted value for depth_kickoff_mtvd,173.0
1204,reports,depth_last_casing_mtvd,info,value_missing_before_next_label,No accepted value for depth_last_casing_mtvd,173.0
1205,reports,depth_formation_strength_mmd,info,value_missing_before_next_label,No accepted value for depth_formation_strength_mmd,173.0
1206,reports,depth_formation_strength_mtvd,info,value_missing_before_next_label,No accepted value for depth_formation_strength_mtvd,173.0
1207,reports,plug_back_depth_mmd,info,value_missing_before_next_label,No accepted value for plug_back_depth_mmd,173.0
1208,reports,pressure_test_type,info,value_missing_before_next_label,No accepted value for pressure_test_type,173.0
1209,drilling_fluid,,warning,partial_fluid_row,Partial drilling fluid row retained at row offset 3,173.0
1210,drilling_fluid,,warning,partial_fluid_row,Partial drilling fluid row retained at row offset 4,173.0
1211,reports,drilling_contractor,info,value_missing_before_next_label,No accepted value for drilling_contractor,174.0
1212,reports,depth_kickoff_mtvd,info,value_missing_before_next_label,No accepted value for depth_kickoff_mtvd,174.0
1213,reports,depth_last_casing_mtvd,info,value_missing_before_next_label,No accepted value for depth_last_casing_mtvd,174.0
1214,reports,depth_formation_strength_mmd,info,value_missing_before_next_label,No accepted value for depth_formation_strength_mmd,174.0
1215,reports,depth_formation_strength_mtvd,info,value_missing_before_next_label,No accepted value for depth_formation_strength_mtvd,174.0
1216,reports,plug_back_depth_mmd,info,value_missing_before_next_label,No accepted value for plug_back_depth_mmd,174.0
1217,reports,pressure_test_type,info,value_missing_before_next_label,No accepted value for pressure_test_type,174.0
1218,drilling_fluid,,warning,partial_fluid_row,Partial drilling fluid row retained at row offset 3,174.0
1219,drilling_fluid,,warning,partial_fluid_row,Partial drilling fluid row retained at row offset 4,174.0
1220,reports,drilling_contractor,info,value_missing_before_next_label,No accepted value for drilling_contractor,175.0
1221,reports,depth_kickoff_mtvd,info,value_missing_before_next_label,No accepted value for depth_kickoff_mtvd,175.0
1222,reports,depth_last_casing_mtvd,info,value_missing_before_next_label,No accepted value for depth_last_casing_mtvd,175.0
1223,reports,depth_formation_strength_mmd,info,value_missing_before_next_label,No accepted value for depth_formation_strength_mmd,175.0
1224,reports,depth_formation_strength_mtvd,info,value_missing_before_next_label,No accepted value for depth_formation_strength_mtvd,175.0
1225,reports,plug_back_depth_mmd,info,value_missing_before_next_label,No accepted value for plug_back_depth_mmd,175.0
1226,reports,pressure_test_type,info,value_missing_before_next_label,No accepted value for pressure_test_type,175.0
1227,drilling_fluid,,warning,partial_fluid_row,Partial drilling fluid row retained at row offset 3,175.0
1228,drilling_fluid,,warning,partial_fluid_row,Partial drilling fluid row retained at row offset 4,175.0
1229,reports,drilling_contractor,info,value_missing_before_next_label,No accepted value for drilling_contractor,176.0
1230,reports,depth_kickoff_mtvd,info,value_missing_before_next_label,No accepted value for depth_kickoff_mtvd,176.0
1231,reports,depth_last_casing_mtvd,info,value_missing_before_next_label,No accepted value for depth_last_casing_mtvd,176.0
1232,reports,depth_formation_strength_mmd,info,value_missing_before_next_label,No accepted value for depth_formation_strength_mmd,176.0
1233,reports,depth_formation_strength_mtvd,info,value_missing_before_next_label,No accepted value for depth_formation_strength_mtvd,176.0
1234,reports,plug_back_depth_mmd,info,value_missing_before_next_label,No accepted value for plug_back_depth_mmd,176.0
1235,reports,pressure_test_type,info,value_missing_before_next_label,No accepted value for pressure_test_type,176.0
1236,drilling_fluid,,warning,partial_fluid_row,Partial drilling fluid row retained at row offset 3,176.0
1237,drilling_fluid,,warning,partial_fluid_row,Partial drilling fluid row retained at row offset 4,176.0
1238,reports,drilling_contractor,info,value_missing_before_next_label,No accepted value for drilling_contractor,177.0
1239,reports,depth_kickoff_mtvd,info,value_missing_before_next_label,No accepted value for depth_kickoff_mtvd,177.0
1240,reports,depth_last_casing_mtvd,info,value_missing_before_next_label,No accepted value for depth_last_casing_mtvd,177.0
1241,reports,depth_formation_strength_mmd,info,value_missing_before_next_label,No accepted value for depth_formation_strength_mmd,177.0
1242,reports,depth_formation_strength_mtvd,info,value_missing_before_next_label,No accepted value for depth_formation_strength_mtvd,177.0
1243,reports,plug_back_depth_mmd,info,value_missing_before_next_label,No accepted value for plug_back_depth_mmd,177.0
1244,reports,pressure_test_type,info,value_missing_before_next_label,No accepted value for pressure_test_type,177.0
1245,drilling_fluid,,warning,partial_fluid_row,Partial drilling fluid row retained at row offset 3,177.0
1246,drilling_fluid,,warning,partial_fluid_row,Partial drilling fluid row retained at row offset 4,177.0
1247,reports,drilling_contractor,info,value_missing_before_next_label,No accepted value for drilling_contractor,178.0
1248,reports,depth_kickoff_mtvd,info,value_missing_before_next_label,No accepted value for depth_kickoff_mtvd,178.0
1249,reports,depth_last_casing_mtvd,info,value_missing_before_next_label,No accepted value for depth_last_casing_mtvd,178.0
1250,reports,depth_formation_strength_mmd,info,value_missing_before_next_label,No accepted value for depth_formation_strength_mmd,178.0
1251,reports,depth_formation_strength_mtvd,info,value_missing_before_next_label,No accepted value for depth_formation_strength_mtvd,178.0
1252,reports,plug_back_depth_mmd,info,value_missing_before_next_label,No accepted value for plug_back_depth_mmd,178.0
1253,reports,pressure_test_type,info,value_missing_before_next_label,No accepted value for pressure_test_type,178.0
1254,drilling_fluid,,warning,partial_fluid_row,Partial drilling fluid row retained at row offset 3,178.0
1255,drilling_fluid,,warning,partial_fluid_row,Partial drilling fluid row retained at row offset 4,178.0
1256,reports,drilling_contractor,info,value_missing_before_next_label,No accepted value for drilling_contractor,179.0
1257,reports,depth_kickoff_mtvd,info,value_missing_before_next_label,No accepted value for depth_kickoff_mtvd,179.0
1258,reports,depth_last_casing_mtvd,info,value_missing_before_next_label,No accepted value for depth_last_casing_mtvd,179.0
1259,reports,depth_formation_strength_mmd,info,value_missing_before_next_label,No accepted value for depth_formation_strength_mmd,179.0
1260,reports,depth_formation_strength_mtvd,info,value_missing_before_next_label,No accepted value for depth_formation_strength_mtvd,179.0
1261,reports,plug_back_depth_mmd,info,value_missing_before_next_label,No accepted value for plug_back_depth_mmd,179.0
1262,reports,pressure_test_type,info,value_missing_before_next_label,No accepted value for pressure_test_type,179.0
1263,drilling_fluid,,warning,partial_fluid_row,Partial drilling fluid row retained at row offset 3,179.0
1264,drilling_fluid,,warning,partial_fluid_row,Partial drilling fluid row retained at row offset 4,179.0
1265,reports,drilling_contractor,info,value_missing_before_next_label,No accepted value for drilling_contractor,180.0
1266,reports,depth_kickoff_mtvd,info,value_missing_before_next_label,No accepted value for depth_kickoff_mtvd,180.0
1267,reports,depth_last_casing_mtvd,info,value_missing_before_next_label,No accepted value for depth_last_casing_mtvd,180.0
1268,reports,depth_formation_strength_mmd,info,value_missing_before_next_label,No accepted value for depth_formation_strength_mmd,180.0
1269,reports,depth_formation_strength_mtvd,info,value_missing_before_next_label,No accepted value for depth_formation_strength_mtvd,180.0
1270,reports,plug_back_depth_mmd,info,value_missing_before_next_label,No accepted value for plug_back_depth_mmd,180.0
1271,reports,pressure_test_type,info,value_missing_before_next_label,No accepted value for pressure_test_type,180.0
1272,drilling_fluid,,warning,partial_fluid_row,Partial drilling fluid row retained at row offset 3,180.0
1273,drilling_fluid,,warning,partial_fluid_row,Partial drilling fluid row retained at row offset 4,180.0
1274,reports,drilling_contractor,info,value_missing_before_next_label,No accepted value for drilling_contractor,181.0
1275,reports,depth_kickoff_mtvd,info,value_missing_before_next_label,No accepted value for depth_kickoff_mtvd,181.0
1276,reports,depth_last_casing_mtvd,info,value_missing_before_next_label,No accepted value for depth_last_casing_mtvd,181.0
1277,reports,depth_formation_strength_mmd,info,value_missing_before_next_label,No accepted value for depth_formation_strength_mmd,181.0
1278,reports,depth_formation_strength_mtvd,info,value_missing_before_next_label,No accepted value for depth_formation_strength_mtvd,181.0
1279,reports,plug_back_depth_mmd,info,value_missing_before_next_label,No accepted value for plug_back_depth_mmd,181.0
1280,reports,pressure_test_type,info,value_missing_before_next_label,No accepted value for pressure_test_type,181.0
1281,drilling_fluid,,warning,partial_fluid_row,Partial drilling fluid row retained at row offset 3,181.0
1282,drilling_fluid,,warning,partial_fluid_row,Partial drilling fluid row retained at row offset 4,181.0
1283,reports,drilling_contractor,info,value_missing_before_next_label,No accepted value for drilling_contractor,182.0
1284,reports,depth_kickoff_mtvd,info,value_missing_before_next_label,No accepted value for depth_kickoff_mtvd,182.0
1285,reports,depth_last_casing_mtvd,info,value_missing_before_next_label,No accepted value for depth_last_casing_mtvd,182.0
1286,reports,depth_formation_strength_mmd,info,value_missing_before_next_label,No accepted value for depth_formation_strength_mmd,182.0
1287,reports,depth_formation_strength_mtvd,info,value_missing_before_next_label,No accepted value for depth_formation_strength_mtvd,182.0
1288,reports,plug_back_depth_mmd,info,value_missing_before_next_label,No accepted value for plug_back_depth_mmd,182.0
1289,reports,pressure_test_type,info,value_missing_before_next_label,No accepted value for pressure_test_type,182.0
1290,drilling_fluid,,warning,partial_fluid_row,Partial drilling fluid row retained at row offset 3,182.0
1291,drilling_fluid,,warning,partial_fluid_row,Partial drilling fluid row retained at row offset 4,182.0
1292,reports,drilling_contractor,info,value_missing_before_next_label,No accepted value for drilling_contractor,183.0
1293,reports,depth_kickoff_mtvd,info,value_missing_before_next_label,No accepted value for depth_kickoff_mtvd,183.0
1294,reports,depth_last_casing_mtvd,info,value_missing_before_next_label,No accepted value for depth_last_casing_mtvd,183.0
1295,reports,depth_formation_strength_mmd,info,value_missing_before_next_label,No accepted value for depth_formation_strength_mmd,183.0
1296,reports,depth_formation_strength_mtvd,info,value_missing_before_next_label,No accepted value for depth_formation_strength_mtvd,183.0
1297,reports,plug_back_depth_mmd,info,value_missing_before_next_label,No accepted value for plug_back_depth_mmd,183.0
1298,reports,pressure_test_type,info,value_missing_before_next_label,No accepted value for pressure_test_type,183.0
1299,drilling_fluid,,warning,partial_fluid_row,Partial drilling fluid row retained at row offset 3,183.0
1300,drilling_fluid,,warning,partial_fluid_row,Partial drilling fluid row retained at row offset 4,183.0
1301,reports,drilling_contractor,info,value_missing_before_next_label,No accepted value for drilling_contractor,184.0
1302,reports,depth_kickoff_mtvd,info,value_missing_before_next_label,No accepted value for depth_kickoff_mtvd,184.0
1303,reports,depth_last_casing_mtvd,info,value_missing_before_next_label,No accepted value for depth_last_casing_mtvd,184.0
1304,reports,depth_formation_strength_mmd,info,value_missing_before_next_label,No accepted value for depth_formation_strength_mmd,184.0
1305,reports,depth_formation_strength_mtvd,info,value_missing_before_next_label,No accepted value for depth_formation_strength_mtvd,184.0
1306,reports,plug_back_depth_mmd,info,value_missing_before_next_label,No accepted value for plug_back_depth_mmd,184.0
1307,reports,pressure_test_type,info,value_missing_before_next_label,No accepted value for pressure_test_type,184.0
1308,drilling_fluid,,warning,partial_fluid_row,Partial drilling fluid row retained at row offset 3,184.0
1309,drilling_fluid,,warning,partial_fluid_row,Partial drilling fluid row retained at row offset 4,184.0
1310,reports,drilling_contractor,info,value_missing_before_next_label,No accepted value for drilling_contractor,185.0
1311,reports,depth_kickoff_mtvd,info,value_missing_before_next_label,No accepted value for depth_kickoff_mtvd,185.0
1312,reports,depth_last_casing_mtvd,info,value_missing_before_next_label,No accepted value for depth_last_casing_mtvd,185.0
1313,reports,depth_formation_strength_mmd,info,value_missing_before_next_label,No accepted value for depth_formation_strength_mmd,185.0
1314,reports,depth_formation_strength_mtvd,info,value_missing_before_next_label,No accepted value for depth_formation_strength_mtvd,185.0
1315,reports,pressure_test_type,info,value_missing_before_next_label,No accepted value for pressure_test_type,185.0
1316,drilling_fluid,,warning,partial_fluid_row,Partial drilling fluid row retained at row offset 3,185.0
1317,drilling_fluid,,warning,partial_fluid_row,Partial drilling fluid row retained at row offset 4,185.0
1318,reports,drilling_contractor,info,value_missing_before_next_label,No accepted value for drilling_contractor,186.0
1319,reports,depth_kickoff_mtvd,info,value_missing_before_next_label,No accepted value for depth_kickoff_mtvd,186.0
1320,reports,depth_last_casing_mtvd,info,value_missing_before_next_label,No accepted value for depth_last_casing_mtvd,186.0
1321,reports,depth_formation_strength_mmd,info,value_missing_before_next_label,No accepted value for depth_formation_strength_mmd,186.0
1322,reports,depth_formation_strength_mtvd,info,value_missing_before_next_label,No accepted value for depth_formation_strength_mtvd,186.0
1323,reports,pressure_test_type,info,value_missing_before_next_label,No accepted value for pressure_test_type,186.0
1324,drilling_fluid,,warning,partial_fluid_row,Partial drilling fluid row retained at row offset 3,186.0
1325,drilling_fluid,,warning,partial_fluid_row,Partial drilling fluid row retained at row offset 4,186.0
1326,reports,drilling_contractor,info,value_missing_before_next_label,No accepted value for drilling_contractor,187.0
1327,reports,depth_kickoff_mtvd,info,value_missing_before_next_label,No accepted value for depth_kickoff_mtvd,187.0
1328,reports,depth_last_casing_mtvd,info,value_missing_before_next_label,No accepted value for depth_last_casing_mtvd,187.0
1329,reports,depth_formation_strength_mmd,info,value_missing_before_next_label,No accepted value for depth_formation_strength_mmd,187.0
1330,reports,depth_formation_strength_mtvd,info,value_missing_before_next_label,No accepted value for depth_formation_strength_mtvd,187.0
1331,reports,pressure_test_type,info,value_missing_before_next_label,No accepted value for pressure_test_type,187.0
1332,drilling_fluid,,warning,partial_fluid_row,Partial drilling fluid row retained at row offset 3,187.0
1333,drilling_fluid,,warning,partial_fluid_row,Partial drilling fluid row retained at row offset 4,187.0
1334,reports,drilling_contractor,info,value_missing_before_next_label,No accepted value for drilling_contractor,188.0
1335,reports,depth_kickoff_mtvd,info,value_missing_before_next_label,No accepted value for depth_kickoff_mtvd,188.0
1336,reports,depth_last_casing_mtvd,info,value_missing_before_next_label,No accepted value for depth_last_casing_mtvd,188.0
1337,reports,depth_formation_strength_mmd,info,value_missing_before_next_label,No accepted value for depth_formation_strength_mmd,188.0
1338,reports,depth_formation_strength_mtvd,info,value_missing_before_next_label,No accepted value for depth_formation_strength_mtvd,188.0
1339,reports,pressure_test_type,info,value_missing_before_next_label,No accepted value for pressure_test_type,188.0
1340,drilling_fluid,,warning,partial_fluid_row,Partial drilling fluid row retained at row offset 3,188.0
1341,drilling_fluid,,warning,partial_fluid_row,Partial drilling fluid row retained at row offset 4,188.0
1342,reports,drilling_contractor,info,value_missing_before_next_label,No accepted value for drilling_contractor,189.0
1343,reports,depth_kickoff_mtvd,info,value_missing_before_next_label,No accepted value for depth_kickoff_mtvd,189.0
1344,reports,depth_last_casing_mtvd,info,value_missing_before_next_label,No accepted value for depth_last_casing_mtvd,189.0
1345,reports,depth_formation_strength_mmd,info,value_missing_before_next_label,No accepted value for depth_formation_strength_mmd,189.0
1346,reports,depth_formation_strength_mtvd,info,value_missing_before_next_label,No accepted value for depth_formation_strength_mtvd,189.0
1347,reports,pressure_test_type,info,value_missing_before_next_label,No accepted value for pressure_test_type,189.0
1348,drilling_fluid,,warning,partial_fluid_row,Partial drilling fluid row retained at row offset 3,189.0
1349,drilling_fluid,,warning,partial_fluid_row,Partial drilling fluid row retained at row offset 4,189.0
1350,reports,drilling_contractor,info,value_missing_before_next_label,No accepted value for drilling_contractor,190.0
1351,reports,depth_current_mmd,warning,metadata_value_rejected,Rejected raw value '-999.99' for depth_current_mmd,190.0
1352,reports,depth_current_mtvd,info,value_missing_before_next_label,No accepted value for depth_current_mtvd,190.0
1353,reports,depth_kickoff_mtvd,info,value_missing_before_next_label,No accepted value for depth_kickoff_mtvd,190.0
1354,reports,depth_last_casing_mtvd,info,value_missing_before_next_label,No accepted value for depth_last_casing_mtvd,190.0
1355,reports,depth_formation_strength_mmd,info,value_missing_before_next_label,No accepted value for depth_formation_strength_mmd,190.0
1356,reports,depth_formation_strength_mtvd,info,value_missing_before_next_label,No accepted value for depth_formation_strength_mtvd,190.0
1357,reports,pressure_test_type,info,value_missing_before_next_label,No accepted value for pressure_test_type,190.0
1358,drilling_fluid,,warning,partial_fluid_row,Partial drilling fluid row retained at row offset 4,190.0
1359,drilling_fluid,,warning,partial_fluid_row,Partial drilling fluid row retained at row offset 5,190.0
1360,drilling_fluid,,warning,partial_fluid_row,Partial drilling fluid row retained at row offset 6,190.0
1361,reports,drilling_contractor,info,value_missing_before_next_label,No accepted value for drilling_contractor,191.0
1362,reports,depth_current_mtvd,info,value_missing_before_next_label,No accepted value for depth_current_mtvd,191.0
1363,reports,depth_kickoff_mtvd,info,value_missing_before_next_label,No accepted value for depth_kickoff_mtvd,191.0
1364,reports,depth_last_casing_mtvd,info,value_missing_before_next_label,No accepted value for depth_last_casing_mtvd,191.0
1365,reports,depth_formation_strength_mmd,info,value_missing_before_next_label,No accepted value for depth_formation_strength_mmd,191.0
1366,reports,depth_formation_strength_mtvd,info,value_missing_before_next_label,No accepted value for depth_formation_strength_mtvd,191.0
1367,reports,plug_back_depth_mmd,info,value_missing_before_next_label,No accepted value for plug_back_depth_mmd,191.0
1368,reports,pressure_test_type,info,value_missing_before_next_label,No accepted value for pressure_test_type,191.0
1369,reports,drilling_contractor,info,value_missing_before_next_label,No accepted value for drilling_contractor,192.0
1370,reports,depth_current_mtvd,info,value_missing_before_next_label,No accepted value for depth_current_mtvd,192.0
1371,reports,depth_kickoff_mtvd,info,value_missing_before_next_label,No accepted value for depth_kickoff_mtvd,192.0
1372,reports,depth_last_casing_mtvd,info,value_missing_before_next_label,No accepted value for depth_last_casing_mtvd,192.0
1373,reports,depth_formation_strength_mmd,info,value_missing_before_next_label,No accepted value for depth_formation_strength_mmd,192.0
1374,reports,depth_formation_strength_mtvd,info,value_missing_before_next_label,No accepted value for depth_formation_strength_mtvd,192.0
1375,reports,plug_back_depth_mmd,info,value_missing_before_next_label,No accepted value for plug_back_depth_mmd,192.0
1376,reports,pressure_test_type,info,value_missing_before_next_label,No accepted value for pressure_test_type,192.0
1377,reports,drilling_contractor,info,value_missing_before_next_label,No accepted value for drilling_contractor,193.0
1378,reports,depth_current_mtvd,info,value_missing_before_next_label,No accepted value for depth_current_mtvd,193.0
1379,reports,depth_kickoff_mtvd,info,value_missing_before_next_label,No accepted value for depth_kickoff_mtvd,193.0
1380,reports,depth_last_casing_mtvd,info,value_missing_before_next_label,No accepted value for depth_last_casing_mtvd,193.0
1381,reports,depth_formation_strength_mmd,info,value_missing_before_next_label,No accepted value for depth_formation_strength_mmd,193.0
1382,reports,depth_formation_strength_mtvd,info,value_missing_before_next_label,No accepted value for depth_formation_strength_mtvd,193.0
1383,reports,plug_back_depth_mmd,info,value_missing_before_next_label,No accepted value for plug_back_depth_mmd,193.0
1384,reports,pressure_test_type,info,value_missing_before_next_label,No accepted value for pressure_test_type,193.0
1385,reports,drilling_contractor,info,value_missing_before_next_label,No accepted value for drilling_contractor,194.0
1386,reports,depth_current_mmd,warning,metadata_value_rejected,Rejected raw value '-999.99' for depth_current_mmd,194.0
1387,reports,depth_current_mtvd,info,value_missing_before_next_label,No accepted value for depth_current_mtvd,194.0
1388,reports,depth_kickoff_mtvd,info,value_missing_before_next_label,No accepted value for depth_kickoff_mtvd,194.0
1389,reports,depth_last_casing_mtvd,info,value_missing_before_next_label,No accepted value for depth_last_casing_mtvd,194.0
1390,reports,depth_formation_strength_mmd,info,value_missing_before_next_label,No accepted value for depth_formation_strength_mmd,194.0
1391,reports,depth_formation_strength_mtvd,info,value_missing_before_next_label,No accepted value for depth_formation_strength_mtvd,194.0
1392,reports,plug_back_depth_mmd,info,value_missing_before_next_label,No accepted value for plug_back_depth_mmd,194.0
1393,reports,pressure_test_type,info,value_missing_before_next_label,No accepted value for pressure_test_type,194.0
1394,reports,drilling_contractor,info,value_missing_before_next_label,No accepted value for drilling_contractor,195.0
1395,reports,depth_current_mmd,warning,metadata_value_rejected,Rejected raw value '-999.99' for depth_current_mmd,195.0
1396,reports,depth_current_mtvd,info,value_missing_before_next_label,No accepted value for depth_current_mtvd,195.0
1397,reports,depth_kickoff_mtvd,info,value_missing_before_next_label,No accepted value for depth_kickoff_mtvd,195.0
1398,reports,depth_last_casing_mtvd,info,value_missing_before_next_label,No accepted value for depth_last_casing_mtvd,195.0
1399,reports,depth_formation_strength_mmd,info,value_missing_before_next_label,No accepted value for depth_formation_strength_mmd,195.0
1400,reports,depth_formation_strength_mtvd,info,value_missing_before_next_label,No accepted value for depth_formation_strength_mtvd,195.0
1401,reports,plug_back_depth_mmd,info,value_missing_before_next_label,No accepted value for plug_back_depth_mmd,195.0
1402,reports,pressure_test_type,info,value_missing_before_next_label,No accepted value for pressure_test_type,195.0
1403,reports,drilling_contractor,info,value_missing_before_next_label,No accepted value for drilling_contractor,196.0
1404,reports,depth_current_mmd,warning,metadata_value_rejected,Rejected raw value '-999.99' for depth_current_mmd,196.0
1405,reports,depth_current_mtvd,info,value_missing_before_next_label,No accepted value for depth_current_mtvd,196.0
1406,reports,depth_kickoff_mtvd,info,value_missing_before_next_label,No accepted value for depth_kickoff_mtvd,196.0
1407,reports,depth_last_casing_mtvd,info,value_missing_before_next_label,No accepted value for depth_last_casing_mtvd,196.0
1408,reports,depth_formation_strength_mmd,info,value_missing_before_next_label,No accepted value for depth_formation_strength_mmd,196.0
1409,reports,depth_formation_strength_mtvd,info,value_missing_before_next_label,No accepted value for depth_formation_strength_mtvd,196.0
1410,reports,plug_back_depth_mmd,info,value_missing_before_next_label,No accepted value for plug_back_depth_mmd,196.0
1411,reports,pressure_test_type,info,value_missing_before_next_label,No accepted value for pressure_test_type,196.0
1412,reports,drilling_contractor,info,value_missing_before_next_label,No accepted value for drilling_contractor,197.0
1413,reports,depth_current_mmd,warning,metadata_value_rejected,Rejected raw value '-999.99' for depth_current_mmd,197.0
1414,reports,depth_current_mtvd,info,value_missing_before_next_label,No accepted value for depth_current_mtvd,197.0
1415,reports,depth_kickoff_mtvd,info,value_missing_before_next_label,No accepted value for depth_kickoff_mtvd,197.0
1416,reports,depth_last_casing_mtvd,info,value_missing_before_next_label,No accepted value for depth_last_casing_mtvd,197.0
1417,reports,depth_formation_strength_mmd,info,value_missing_before_next_label,No accepted value for depth_formation_strength_mmd,197.0
1418,reports,depth_formation_strength_mtvd,info,value_missing_before_next_label,No accepted value for depth_formation_strength_mtvd,197.0
1419,reports,plug_back_depth_mmd,info,value_missing_before_next_label,No accepted value for plug_back_depth_mmd,197.0
1420,reports,pressure_test_type,info,value_missing_before_next_label,No accepted value for pressure_test_type,197.0
1421,reports,drilling_contractor,info,value_missing_before_next_label,No accepted value for drilling_contractor,198.0
1422,reports,depth_current_mmd,warning,metadata_value_rejected,Rejected raw value '-999.99' for depth_current_mmd,198.0
1423,reports,depth_current_mtvd,info,value_missing_before_next_label,No accepted value for depth_current_mtvd,198.0
1424,reports,depth_kickoff_mtvd,info,value_missing_before_next_label,No accepted value for depth_kickoff_mtvd,198.0
1425,reports,depth_last_casing_mtvd,info,value_missing_before_next_label,No accepted value for depth_last_casing_mtvd,198.0
1426,reports,depth_formation_strength_mmd,info,value_missing_before_next_label,No accepted value for depth_formation_strength_mmd,198.0
1427,reports,depth_formation_strength_mtvd,info,value_missing_before_next_label,No accepted value for depth_formation_strength_mtvd,198.0
1428,reports,plug_back_depth_mmd,info,value_missing_before_next_label,No accepted value for plug_back_depth_mmd,198.0
1429,reports,pressure_test_type,info,value_missing_before_next_label,No accepted value for pressure_test_type,198.0
1430,reports,drilling_contractor,info,value_missing_before_next_label,No accepted value for drilling_contractor,199.0
1431,reports,depth_current_mmd,warning,metadata_value_rejected,Rejected raw value '-999.99' for depth_current_mmd,199.0
1432,reports,depth_current_mtvd,info,value_missing_before_next_label,No accepted value for depth_current_mtvd,199.0
1433,reports,depth_kickoff_mtvd,info,value_missing_before_next_label,No accepted value for depth_kickoff_mtvd,199.0
1434,reports,depth_last_casing_mmd,info,value_missing_before_next_label,No accepted value for depth_last_casing_mmd,199.0
1435,reports,depth_last_casing_mtvd,info,value_missing_before_next_label,No accepted value for depth_last_casing_mtvd,199.0
1436,reports,depth_formation_strength_mmd,info,value_missing_before_next_label,No accepted value for depth_formation_strength_mmd,199.0
1437,reports,depth_formation_strength_mtvd,info,value_missing_before_next_label,No accepted value for depth_formation_strength_mtvd,199.0
1438,reports,plug_back_depth_mmd,info,value_missing_before_next_label,No accepted value for plug_back_depth_mmd,199.0
1439,reports,pressure_test_type,info,value_missing_before_next_label,No accepted value for pressure_test_type,199.0
1440,reports,depth_current_mmd,warning,metadata_value_rejected,Rejected raw value '-999.99' for depth_current_mmd,200.0
1441,reports,depth_current_mtvd,info,value_missing_before_next_label,No accepted value for depth_current_mtvd,200.0
1442,reports,depth_kickoff_mtvd,info,value_missing_before_next_label,No accepted value for depth_kickoff_mtvd,200.0
1443,reports,depth_last_casing_mmd,info,value_missing_before_next_label,No accepted value for depth_last_casing_mmd,200.0
1444,reports,depth_last_casing_mtvd,info,value_missing_before_next_label,No accepted value for depth_last_casing_mtvd,200.0
1445,reports,depth_formation_strength_mmd,info,value_missing_before_next_label,No accepted value for depth_formation_strength_mmd,200.0
1446,reports,depth_formation_strength_mtvd,info,value_missing_before_next_label,No accepted value for depth_formation_strength_mtvd,200.0
1447,reports,plug_back_depth_mmd,info,value_missing_before_next_label,No accepted value for plug_back_depth_mmd,200.0
1448,reports,pressure_test_type,info,value_missing_before_next_label,No accepted value for pressure_test_type,200.0
1449,reports,depth_current_mmd,warning,metadata_value_rejected,Rejected raw value '-999.99' for depth_current_mmd,201.0
1450,reports,depth_current_mtvd,info,value_missing_before_next_label,No accepted value for depth_current_mtvd,201.0
1451,reports,depth_kickoff_mtvd,info,value_missing_before_next_label,No accepted value for depth_kickoff_mtvd,201.0
1452,reports,depth_last_casing_mmd,info,value_missing_before_next_label,No accepted value for depth_last_casing_mmd,201.0
1453,reports,depth_last_casing_mtvd,info,value_missing_before_next_label,No accepted value for depth_last_casing_mtvd,201.0
1454,reports,depth_formation_strength_mmd,info,value_missing_before_next_label,No accepted value for depth_formation_strength_mmd,201.0
1455,reports,depth_formation_strength_mtvd,info,value_missing_before_next_label,No accepted value for depth_formation_strength_mtvd,201.0
1456,reports,plug_back_depth_mmd,info,value_missing_before_next_label,No accepted value for plug_back_depth_mmd,201.0
1457,reports,pressure_test_type,info,value_missing_before_next_label,No accepted value for pressure_test_type,201.0
1458,reports,depth_current_mmd,warning,metadata_value_rejected,Rejected raw value '-999.99' for depth_current_mmd,202.0
1459,reports,depth_current_mtvd,info,value_missing_before_next_label,No accepted value for depth_current_mtvd,202.0
1460,reports,depth_kickoff_mtvd,info,value_missing_before_next_label,No accepted value for depth_kickoff_mtvd,202.0
1461,reports,depth_last_casing_mmd,info,value_missing_before_next_label,No accepted value for depth_last_casing_mmd,202.0
1462,reports,depth_last_casing_mtvd,info,value_missing_before_next_label,No accepted value for depth_last_casing_mtvd,202.0
1463,reports,depth_formation_strength_mmd,info,value_missing_before_next_label,No accepted value for depth_formation_strength_mmd,202.0
1464,reports,depth_formation_strength_mtvd,info,value_missing_before_next_label,No accepted value for depth_formation_strength_mtvd,202.0
1465,reports,plug_back_depth_mmd,info,value_missing_before_next_label,No accepted value for plug_back_depth_mmd,202.0
1466,reports,pressure_test_type,info,value_missing_before_next_label,No accepted value for pressure_test_type,202.0
1467,reports,depth_current_mmd,warning,metadata_value_rejected,Rejected raw value '-999.99' for depth_current_mmd,203.0
1468,reports,depth_current_mtvd,info,value_missing_before_next_label,No accepted value for depth_current_mtvd,203.0
1469,reports,depth_kickoff_mtvd,info,value_missing_before_next_label,No accepted value for depth_kickoff_mtvd,203.0
1470,reports,depth_last_casing_mmd,info,value_missing_before_next_label,No accepted value for depth_last_casing_mmd,203.0
1471,reports,depth_last_casing_mtvd,info,value_missing_before_next_label,No accepted value for depth_last_casing_mtvd,203.0
1472,reports,depth_formation_strength_mmd,info,value_missing_before_next_label,No accepted value for depth_formation_strength_mmd,203.0
1473,reports,depth_formation_strength_mtvd,info,value_missing_before_next_label,No accepted value for depth_formation_strength_mtvd,203.0
1474,reports,plug_back_depth_mmd,info,value_missing_before_next_label,No accepted value for plug_back_depth_mmd,203.0
1475,reports,pressure_test_type,info,value_missing_before_next_label,No accepted value for pressure_test_type,203.0
1476,reports,depth_current_mmd,warning,metadata_value_rejected,Rejected raw value '-999.99' for depth_current_mmd,204.0
1477,reports,depth_current_mtvd,info,value_missing_before_next_label,No accepted value for depth_current_mtvd,204.0
1478,reports,depth_kickoff_mtvd,info,value_missing_before_next_label,No accepted value for depth_kickoff_mtvd,204.0
1479,reports,depth_last_casing_mmd,info,value_missing_before_next_label,No accepted value for depth_last_casing_mmd,204.0
1480,reports,depth_last_casing_mtvd,info,value_missing_before_next_label,No accepted value for depth_last_casing_mtvd,204.0
1481,reports,depth_formation_strength_mmd,info,value_missing_before_next_label,No accepted value for depth_formation_strength_mmd,204.0
1482,reports,depth_formation_strength_mtvd,info,value_missing_before_next_label,No accepted value for depth_formation_strength_mtvd,204.0
1483,reports,plug_back_depth_mmd,info,value_missing_before_next_label,No accepted value for plug_back_depth_mmd,204.0
1484,reports,pressure_test_type,info,value_missing_before_next_label,No accepted value for pressure_test_type,204.0
1485,reports,depth_current_mmd,warning,metadata_value_rejected,Rejected raw value '-999.99' for depth_current_mmd,205.0
1486,reports,depth_current_mtvd,info,value_missing_before_next_label,No accepted value for depth_current_mtvd,205.0
1487,reports,depth_kickoff_mtvd,info,value_missing_before_next_label,No accepted value for depth_kickoff_mtvd,205.0
1488,reports,depth_last_casing_mmd,info,value_missing_before_next_label,No accepted value for depth_last_casing_mmd,205.0
1489,reports,depth_last_casing_mtvd,info,value_missing_before_next_label,No accepted value for depth_last_casing_mtvd,205.0
1490,reports,depth_formation_strength_mmd,info,value_missing_before_next_label,No accepted value for depth_formation_strength_mmd,205.0
1491,reports,depth_formation_strength_mtvd,info,value_missing_before_next_label,No accepted value for depth_formation_strength_mtvd,205.0
1492,reports,plug_back_depth_mmd,info,value_missing_before_next_label,No accepted value for plug_back_depth_mmd,205.0
1493,reports,pressure_test_type,info,value_missing_before_next_label,No accepted value for pressure_test_type,205.0
1494,reports,depth_current_mmd,warning,metadata_value_rejected,Rejected raw value '-999.99' for depth_current_mmd,206.0
1495,reports,depth_current_mtvd,info,value_missing_before_next_label,No accepted value for depth_current_mtvd,206.0
1496,reports,depth_kickoff_mtvd,info,value_missing_before_next_label,No accepted value for depth_kickoff_mtvd,206.0
1497,reports,depth_last_casing_mmd,info,value_missing_before_next_label,No accepted value for depth_last_casing_mmd,206.0
1498,reports,depth_last_casing_mtvd,info,value_missing_before_next_label,No accepted value for depth_last_casing_mtvd,206.0
1499,reports,depth_formation_strength_mmd,info,value_missing_before_next_label,No accepted value for depth_formation_strength_mmd,206.0
1500,reports,depth_formation_strength_mtvd,info,value_missing_before_next_label,No accepted value for depth_formation_strength_mtvd,206.0
1501,reports,plug_back_depth_mmd,info,value_missing_before_next_label,No accepted value for plug_back_depth_mmd,206.0
1502,reports,pressure_test_type,info,value_missing_before_next_label,No accepted value for pressure_test_type,206.0
1503,reports,depth_current_mmd,warning,metadata_value_rejected,Rejected raw value '-999.99' for depth_current_mmd,207.0
1504,reports,depth_current_mtvd,info,value_missing_before_next_label,No accepted value for depth_current_mtvd,207.0
1505,reports,depth_kickoff_mtvd,info,value_missing_before_next_label,No accepted value for depth_kickoff_mtvd,207.0
1506,reports,depth_last_casing_mmd,info,value_missing_before_next_label,No accepted value for depth_last_casing_mmd,207.0
1507,reports,depth_last_casing_mtvd,info,value_missing_before_next_label,No accepted value for depth_last_casing_mtvd,207.0
1508,reports,depth_formation_strength_mmd,info,value_missing_before_next_label,No accepted value for depth_formation_strength_mmd,207.0
1509,reports,depth_formation_strength_mtvd,info,value_missing_before_next_label,No accepted value for depth_formation_strength_mtvd,207.0
1510,reports,plug_back_depth_mmd,info,value_missing_before_next_label,No accepted value for plug_back_depth_mmd,207.0
1511,reports,pressure_test_type,info,value_missing_before_next_label,No accepted value for pressure_test_type,207.0
1512,reports,depth_current_mmd,warning,metadata_value_rejected,Rejected raw value '-999.99' for depth_current_mmd,208.0
1513,reports,depth_current_mtvd,info,value_missing_before_next_label,No accepted value for depth_current_mtvd,208.0
1514,reports,depth_kickoff_mtvd,info,value_missing_before_next_label,No accepted value for depth_kickoff_mtvd,208.0
1515,reports,depth_last_casing_mmd,info,value_missing_before_next_label,No accepted value for depth_last_casing_mmd,208.0
1516,reports,depth_last_casing_mtvd,info,value_missing_before_next_label,No accepted value for depth_last_casing_mtvd,208.0
1517,reports,depth_formation_strength_mmd,info,value_missing_before_next_label,No accepted value for depth_formation_strength_mmd,208.0
1518,reports,depth_formation_strength_mtvd,info,value_missing_before_next_label,No accepted value for depth_formation_strength_mtvd,208.0
1519,reports,plug_back_depth_mmd,info,value_missing_before_next_label,No accepted value for plug_back_depth_mmd,208.0
1520,reports,pressure_test_type,info,value_missing_before_next_label,No accepted value for pressure_test_type,208.0
1521,drilling_fluid,,warning,partial_fluid_row,Partial drilling fluid row retained at row offset 4,208.0
1522,reports,depth_current_mmd,warning,metadata_value_rejected,Rejected raw value '-999.99' for depth_current_mmd,209.0
1523,reports,depth_current_mtvd,info,value_missing_before_next_label,No accepted value for depth_current_mtvd,209.0
1524,reports,depth_kickoff_mtvd,info,value_missing_before_next_label,No accepted value for depth_kickoff_mtvd,209.0
1525,reports,depth_last_casing_mmd,info,value_missing_before_next_label,No accepted value for depth_last_casing_mmd,209.0
1526,reports,depth_last_casing_mtvd,info,value_missing_before_next_label,No accepted value for depth_last_casing_mtvd,209.0
1527,reports,depth_formation_strength_mmd,info,value_missing_before_next_label,No accepted value for depth_formation_strength_mmd,209.0
1528,reports,depth_formation_strength_mtvd,info,value_missing_before_next_label,No accepted value for depth_formation_strength_mtvd,209.0
1529,reports,plug_back_depth_mmd,info,value_missing_before_next_label,No accepted value for plug_back_depth_mmd,209.0
1530,reports,pressure_test_type,info,value_missing_before_next_label,No accepted value for pressure_test_type,209.0
1531,reports,depth_current_mtvd,info,value_missing_before_next_label,No accepted value for depth_current_mtvd,210.0
1532,reports,depth_kickoff_mtvd,info,value_missing_before_next_label,No accepted value for depth_kickoff_mtvd,210.0
1533,reports,depth_last_casing_mmd,info,value_missing_before_next_label,No accepted value for depth_last_casing_mmd,210.0
1534,reports,depth_last_casing_mtvd,info,value_missing_before_next_label,No accepted value for depth_last_casing_mtvd,210.0
1535,reports,depth_formation_strength_mmd,info,value_missing_before_next_label,No accepted value for depth_formation_strength_mmd,210.0
1536,reports,depth_formation_strength_mtvd,info,value_missing_before_next_label,No accepted value for depth_formation_strength_mtvd,210.0
1537,reports,plug_back_depth_mmd,info,value_missing_before_next_label,No accepted value for plug_back_depth_mmd,210.0
1538,reports,pressure_test_type,info,value_missing_before_next_label,No accepted value for pressure_test_type,210.0
1539,drilling_fluid,,warning,partial_fluid_row,Partial drilling fluid row retained at row offset 3,210.0
1540,drilling_fluid,,warning,partial_fluid_row,Partial drilling fluid row retained at row offset 4,210.0
1541,reports,depth_current_mtvd,info,value_missing_before_next_label,No accepted value for depth_current_mtvd,211.0
1542,reports,depth_kickoff_mtvd,info,value_missing_before_next_label,No accepted value for depth_kickoff_mtvd,211.0
1543,reports,depth_last_casing_mmd,info,value_missing_before_next_label,No accepted value for depth_last_casing_mmd,211.0
1544,reports,depth_last_casing_mtvd,info,value_missing_before_next_label,No accepted value for depth_last_casing_mtvd,211.0
1545,reports,depth_formation_strength_mmd,info,value_missing_before_next_label,No accepted value for depth_formation_strength_mmd,211.0
1546,reports,depth_formation_strength_mtvd,info,value_missing_before_next_label,No accepted value for depth_formation_strength_mtvd,211.0
1547,reports,plug_back_depth_mmd,info,value_missing_before_next_label,No accepted value for plug_back_depth_mmd,211.0
1548,reports,pressure_test_type,info,value_missing_before_next_label,No accepted value for pressure_test_type,211.0
1549,drilling_fluid,,warning,partial_fluid_row,Partial drilling fluid row retained at row offset 3,211.0
1550,drilling_fluid,,warning,partial_fluid_row,Partial drilling fluid row retained at row offset 4,211.0
1551,reports,depth_current_mtvd,info,value_missing_before_next_label,No accepted value for depth_current_mtvd,212.0
1552,reports,depth_kickoff_mtvd,info,value_missing_before_next_label,No accepted value for depth_kickoff_mtvd,212.0
1553,reports,depth_last_casing_mtvd,info,value_missing_before_next_label,No accepted value for depth_last_casing_mtvd,212.0
1554,reports,depth_formation_strength_mmd,info,value_missing_before_next_label,No accepted value for depth_formation_strength_mmd,212.0
1555,reports,depth_formation_strength_mtvd,info,value_missing_before_next_label,No accepted value for depth_formation_strength_mtvd,212.0
1556,reports,plug_back_depth_mmd,info,value_missing_before_next_label,No accepted value for plug_back_depth_mmd,212.0
1557,reports,pressure_test_type,info,value_missing_before_next_label,No accepted value for pressure_test_type,212.0
1558,drilling_fluid,,warning,partial_fluid_row,Partial drilling fluid row retained at row offset 3,212.0
1559,drilling_fluid,,warning,partial_fluid_row,Partial drilling fluid row retained at row offset 4,212.0
1560,drilling_fluid,,warning,partial_fluid_row,Partial drilling fluid row retained at row offset 17,212.0
1561,drilling_fluid,,warning,partial_fluid_row,Partial drilling fluid row retained at row offset 20,212.0
1562,drilling_fluid,,warning,partial_fluid_row,Partial drilling fluid row retained at row offset 24,212.0
1563,drilling_fluid,,warning,partial_fluid_row,Partial drilling fluid row retained at row offset 26,212.0
1564,drilling_fluid,,warning,partial_fluid_row,Partial drilling fluid row retained at row offset 28,212.0
1565,drilling_fluid,,warning,partial_fluid_row,Partial drilling fluid row retained at row offset 30,212.0
1566,reports,depth_current_mtvd,info,value_missing_before_next_label,No accepted value for depth_current_mtvd,213.0
1567,reports,depth_kickoff_mtvd,info,value_missing_before_next_label,No accepted value for depth_kickoff_mtvd,213.0
1568,reports,depth_last_casing_mtvd,info,value_missing_before_next_label,No accepted value for depth_last_casing_mtvd,213.0
1569,reports,depth_formation_strength_mmd,info,value_missing_before_next_label,No accepted value for depth_formation_strength_mmd,213.0
1570,reports,depth_formation_strength_mtvd,info,value_missing_before_next_label,No accepted value for depth_formation_strength_mtvd,213.0
1571,reports,plug_back_depth_mmd,info,value_missing_before_next_label,No accepted value for plug_back_depth_mmd,213.0
1572,reports,pressure_test_type,info,value_missing_before_next_label,No accepted value for pressure_test_type,213.0
1573,drilling_fluid,,warning,partial_fluid_row,Partial drilling fluid row retained at row offset 3,213.0
1574,drilling_fluid,,warning,partial_fluid_row,Partial drilling fluid row retained at row offset 4,213.0
1575,reports,depth_current_mtvd,info,value_missing_before_next_label,No accepted value for depth_current_mtvd,214.0
1576,reports,depth_kickoff_mtvd,info,value_missing_before_next_label,No accepted value for depth_kickoff_mtvd,214.0
1577,reports,depth_last_casing_mtvd,info,value_missing_before_next_label,No accepted value for depth_last_casing_mtvd,214.0
1578,reports,depth_formation_strength_mmd,info,value_missing_before_next_label,No accepted value for depth_formation_strength_mmd,214.0
1579,reports,depth_formation_strength_mtvd,info,value_missing_before_next_label,No accepted value for depth_formation_strength_mtvd,214.0
1580,reports,plug_back_depth_mmd,info,value_missing_before_next_label,No accepted value for plug_back_depth_mmd,214.0
1581,reports,pressure_test_type,info,value_missing_before_next_label,No accepted value for pressure_test_type,214.0
1582,drilling_fluid,,warning,partial_fluid_row,Partial drilling fluid row retained at row offset 3,214.0
1583,drilling_fluid,,warning,partial_fluid_row,Partial drilling fluid row retained at row offset 4,214.0
1584,reports,depth_current_mtvd,info,value_missing_before_next_label,No accepted value for depth_current_mtvd,215.0
1585,reports,depth_kickoff_mtvd,info,value_missing_before_next_label,No accepted value for depth_kickoff_mtvd,215.0
1586,reports,depth_last_casing_mtvd,info,value_missing_before_next_label,No accepted value for depth_last_casing_mtvd,215.0
1587,reports,depth_formation_strength_mmd,info,value_missing_before_next_label,No accepted value for depth_formation_strength_mmd,215.0
1588,reports,depth_formation_strength_mtvd,info,value_missing_before_next_label,No accepted value for depth_formation_strength_mtvd,215.0
1589,reports,plug_back_depth_mmd,info,value_missing_before_next_label,No accepted value for plug_back_depth_mmd,215.0
1590,reports,pressure_test_type,info,value_missing_before_next_label,No accepted value for pressure_test_type,215.0
1591,drilling_fluid,,warning,partial_fluid_row,Partial drilling fluid row retained at row offset 3,215.0
1592,drilling_fluid,,warning,partial_fluid_row,Partial drilling fluid row retained at row offset 4,215.0
1593,reports,depth_current_mmd,warning,metadata_value_rejected,Rejected raw value '-999.99' for depth_current_mmd,216.0
1594,reports,depth_current_mtvd,info,value_missing_before_next_label,No accepted value for depth_current_mtvd,216.0
1595,reports,depth_kickoff_mtvd,info,value_missing_before_next_label,No accepted value for depth_kickoff_mtvd,216.0
1596,reports,depth_last_casing_mtvd,info,value_missing_before_next_label,No accepted value for depth_last_casing_mtvd,216.0
1597,reports,depth_formation_strength_mmd,info,value_missing_before_next_label,No accepted value for depth_formation_strength_mmd,216.0
1598,reports,depth_formation_strength_mtvd,info,value_missing_before_next_label,No accepted value for depth_formation_strength_mtvd,216.0
1599,reports,plug_back_depth_mmd,info,value_missing_before_next_label,No accepted value for plug_back_depth_mmd,216.0
1600,reports,pressure_test_type,info,value_missing_before_next_label,No accepted value for pressure_test_type,216.0
1601,drilling_fluid,,warning,partial_fluid_row,Partial drilling fluid row retained at row offset 3,216.0
1602,drilling_fluid,,warning,partial_fluid_row,Partial drilling fluid row retained at row offset 4,216.0
1603,drilling_fluid,,warning,partial_fluid_row,Partial drilling fluid row retained at row offset 17,216.0
1604,drilling_fluid,,warning,partial_fluid_row,Partial drilling fluid row retained at row offset 20,216.0
1605,drilling_fluid,,warning,partial_fluid_row,Partial drilling fluid row retained at row offset 22,216.0
1606,drilling_fluid,,warning,partial_fluid_row,Partial drilling fluid row retained at row offset 24,216.0
1607,drilling_fluid,,warning,partial_fluid_row,Partial drilling fluid row retained at row offset 26,216.0
1608,drilling_fluid,,warning,partial_fluid_row,Partial drilling fluid row retained at row offset 28,216.0
1609,drilling_fluid,,warning,partial_fluid_row,Partial drilling fluid row retained at row offset 30,216.0
1610,reports,depth_current_mtvd,info,value_missing_before_next_label,No accepted value for depth_current_mtvd,217.0
1611,reports,depth_kickoff_mtvd,info,value_missing_before_next_label,No accepted value for depth_kickoff_mtvd,217.0
1612,reports,depth_last_casing_mtvd,info,value_missing_before_next_label,No accepted value for depth_last_casing_mtvd,217.0
1613,reports,depth_formation_strength_mmd,info,value_missing_before_next_label,No accepted value for depth_formation_strength_mmd,217.0
1614,reports,depth_formation_strength_mtvd,info,value_missing_before_next_label,No accepted value for depth_formation_strength_mtvd,217.0
1615,reports,plug_back_depth_mmd,info,value_missing_before_next_label,No accepted value for plug_back_depth_mmd,217.0
1616,reports,pressure_test_type,info,value_missing_before_next_label,No accepted value for pressure_test_type,217.0
1617,reports,depth_current_mmd,warning,metadata_value_rejected,Rejected raw value '-999.99' for depth_current_mmd,218.0
1618,reports,depth_current_mtvd,info,value_missing_before_next_label,No accepted value for depth_current_mtvd,218.0
1619,reports,depth_kickoff_mtvd,info,value_missing_before_next_label,No accepted value for depth_kickoff_mtvd,218.0
1620,reports,depth_last_casing_mtvd,info,value_missing_before_next_label,No accepted value for depth_last_casing_mtvd,218.0
1621,reports,depth_formation_strength_mmd,info,value_missing_before_next_label,No accepted value for depth_formation_strength_mmd,218.0
1622,reports,depth_formation_strength_mtvd,info,value_missing_before_next_label,No accepted value for depth_formation_strength_mtvd,218.0
1623,reports,plug_back_depth_mmd,info,value_missing_before_next_label,No accepted value for plug_back_depth_mmd,218.0
1624,reports,pressure_test_type,info,value_missing_before_next_label,No accepted value for pressure_test_type,218.0
1625,drilling_fluid,,warning,partial_fluid_row,Partial drilling fluid row retained at row offset 2,218.0
1626,reports,depth_current_mmd,warning,metadata_value_rejected,Rejected raw value '-999.99' for depth_current_mmd,219.0
1627,reports,depth_current_mtvd,info,value_missing_before_next_label,No accepted value for depth_current_mtvd,219.0
1628,reports,depth_kickoff_mtvd,info,value_missing_before_next_label,No accepted value for depth_kickoff_mtvd,219.0
1629,reports,depth_last_casing_mtvd,info,value_missing_before_next_label,No accepted value for depth_last_casing_mtvd,219.0
1630,reports,depth_formation_strength_mmd,info,value_missing_before_next_label,No accepted value for depth_formation_strength_mmd,219.0
1631,reports,depth_formation_strength_mtvd,info,value_missing_before_next_label,No accepted value for depth_formation_strength_mtvd,219.0
1632,reports,plug_back_depth_mmd,info,value_missing_before_next_label,No accepted value for plug_back_depth_mmd,219.0
1633,reports,pressure_test_type,info,value_missing_before_next_label,No accepted value for pressure_test_type,219.0
1634,drilling_fluid,,warning,partial_fluid_row,Partial drilling fluid row retained at row offset 2,219.0
1635,reports,depth_current_mmd,warning,metadata_value_rejected,Rejected raw value '-999.99' for depth_current_mmd,220.0
1636,reports,depth_current_mtvd,info,value_missing_before_next_label,No accepted value for depth_current_mtvd,220.0
1637,reports,depth_kickoff_mtvd,info,value_missing_before_next_label,No accepted value for depth_kickoff_mtvd,220.0
1638,reports,depth_last_casing_mtvd,info,value_missing_before_next_label,No accepted value for depth_last_casing_mtvd,220.0
1639,reports,depth_formation_strength_mmd,info,value_missing_before_next_label,No accepted value for depth_formation_strength_mmd,220.0
1640,reports,depth_formation_strength_mtvd,info,value_missing_before_next_label,No accepted value for depth_formation_strength_mtvd,220.0
1641,reports,plug_back_depth_mmd,info,value_missing_before_next_label,No accepted value for plug_back_depth_mmd,220.0
1642,reports,pressure_test_type,info,value_missing_before_next_label,No accepted value for pressure_test_type,220.0
1643,drilling_fluid,,warning,partial_fluid_row,Partial drilling fluid row retained at row offset 2,220.0
1644,reports,depth_current_mmd,warning,metadata_value_rejected,Rejected raw value '-999.99' for depth_current_mmd,221.0
1645,reports,depth_current_mtvd,info,value_missing_before_next_label,No accepted value for depth_current_mtvd,221.0
1646,reports,depth_kickoff_mtvd,info,value_missing_before_next_label,No accepted value for depth_kickoff_mtvd,221.0
1647,reports,depth_last_casing_mtvd,info,value_missing_before_next_label,No accepted value for depth_last_casing_mtvd,221.0
1648,reports,depth_formation_strength_mmd,info,value_missing_before_next_label,No accepted value for depth_formation_strength_mmd,221.0
1649,reports,depth_formation_strength_mtvd,info,value_missing_before_next_label,No accepted value for depth_formation_strength_mtvd,221.0
1650,reports,plug_back_depth_mmd,info,value_missing_before_next_label,No accepted value for plug_back_depth_mmd,221.0
1651,reports,pressure_test_type,info,value_missing_before_next_label,No accepted value for pressure_test_type,221.0
1652,drilling_fluid,,warning,partial_fluid_row,Partial drilling fluid row retained at row offset 2,221.0
1653,reports,depth_kickoff_mtvd,info,value_missing_before_next_label,No accepted value for depth_kickoff_mtvd,222.0
1654,reports,depth_last_casing_mtvd,info,value_missing_before_next_label,No accepted value for depth_last_casing_mtvd,222.0
1655,reports,depth_formation_strength_mmd,info,value_missing_before_next_label,No accepted value for depth_formation_strength_mmd,222.0
1656,reports,depth_formation_strength_mtvd,info,value_missing_before_next_label,No accepted value for depth_formation_strength_mtvd,222.0
1657,reports,plug_back_depth_mmd,info,value_missing_before_next_label,No accepted value for plug_back_depth_mmd,222.0
1658,reports,pressure_test_type,info,value_missing_before_next_label,No accepted value for pressure_test_type,222.0
1659,drilling_fluid,,warning,partial_fluid_row,Partial drilling fluid row retained at row offset 2,222.0
1660,reports,depth_kickoff_mtvd,info,value_missing_before_next_label,No accepted value for depth_kickoff_mtvd,223.0
1661,reports,depth_last_casing_mtvd,info,value_missing_before_next_label,No accepted value for depth_last_casing_mtvd,223.0
1662,reports,plug_back_depth_mmd,info,value_missing_before_next_label,No accepted value for plug_back_depth_mmd,223.0
1663,reports,pressure_test_type,info,value_missing_before_next_label,No accepted value for pressure_test_type,223.0
1664,drilling_fluid,,warning,partial_fluid_row,Partial drilling fluid row retained at row offset 3,223.0
1665,drilling_fluid,,warning,partial_fluid_row,Partial drilling fluid row retained at row offset 4,223.0
1666,reports,depth_kickoff_mtvd,info,value_missing_before_next_label,No accepted value for depth_kickoff_mtvd,224.0
1667,reports,depth_last_casing_mtvd,info,value_missing_before_next_label,No accepted value for depth_last_casing_mtvd,224.0
1668,reports,plug_back_depth_mmd,info,value_missing_before_next_label,No accepted value for plug_back_depth_mmd,224.0
1669,reports,pressure_test_type,info,value_missing_before_next_label,No accepted value for pressure_test_type,224.0
1670,drilling_fluid,,warning,partial_fluid_row,Partial drilling fluid row retained at row offset 3,224.0
1671,drilling_fluid,,warning,partial_fluid_row,Partial drilling fluid row retained at row offset 4,224.0
1672,reports,depth_kickoff_mtvd,info,value_missing_before_next_label,No accepted value for depth_kickoff_mtvd,225.0
1673,reports,depth_last_casing_mtvd,info,value_missing_before_next_label,No accepted value for depth_last_casing_mtvd,225.0
1674,reports,plug_back_depth_mmd,info,value_missing_before_next_label,No accepted value for plug_back_depth_mmd,225.0
1675,reports,pressure_test_type,info,value_missing_before_next_label,No accepted value for pressure_test_type,225.0
1676,drilling_fluid,,warning,partial_fluid_row,Partial drilling fluid row retained at row offset 3,225.0
1677,drilling_fluid,,warning,partial_fluid_row,Partial drilling fluid row retained at row offset 4,225.0
1678,reports,depth_kickoff_mtvd,info,value_missing_before_next_label,No accepted value for depth_kickoff_mtvd,226.0
1679,reports,depth_last_casing_mtvd,info,value_missing_before_next_label,No accepted value for depth_last_casing_mtvd,226.0
1680,reports,plug_back_depth_mmd,info,value_missing_before_next_label,No accepted value for plug_back_depth_mmd,226.0
1681,reports,pressure_test_type,info,value_missing_before_next_label,No accepted value for pressure_test_type,226.0
1682,drilling_fluid,,warning,partial_fluid_row,Partial drilling fluid row retained at row offset 2,226.0
1683,reports,depth_kickoff_mtvd,info,value_missing_before_next_label,No accepted value for depth_kickoff_mtvd,227.0
1684,reports,depth_formation_strength_mmd,info,value_missing_before_next_label,No accepted value for depth_formation_strength_mmd,227.0
1685,reports,depth_formation_strength_mtvd,info,value_missing_before_next_label,No accepted value for depth_formation_strength_mtvd,227.0
1686,reports,plug_back_depth_mmd,info,value_missing_before_next_label,No accepted value for plug_back_depth_mmd,227.0
1687,reports,pressure_test_type,info,value_missing_before_next_label,No accepted value for pressure_test_type,227.0
1688,drilling_fluid,,warning,partial_fluid_row,Partial drilling fluid row retained at row offset 2,227.0
1689,reports,depth_kickoff_mtvd,info,value_missing_before_next_label,No accepted value for depth_kickoff_mtvd,228.0
1690,reports,depth_formation_strength_mmd,info,value_missing_before_next_label,No accepted value for depth_formation_strength_mmd,228.0
1691,reports,depth_formation_strength_mtvd,info,value_missing_before_next_label,No accepted value for depth_formation_strength_mtvd,228.0
1692,reports,plug_back_depth_mmd,info,value_missing_before_next_label,No accepted value for plug_back_depth_mmd,228.0
1693,reports,pressure_test_type,info,value_missing_before_next_label,No accepted value for pressure_test_type,228.0
1694,drilling_fluid,,warning,partial_fluid_row,Partial drilling fluid row retained at row offset 2,228.0
1695,reports,depth_kickoff_mtvd,info,value_missing_before_next_label,No accepted value for depth_kickoff_mtvd,229.0
1696,reports,plug_back_depth_mmd,info,value_missing_before_next_label,No accepted value for plug_back_depth_mmd,229.0
1697,reports,pressure_test_type,info,value_missing_before_next_label,No accepted value for pressure_test_type,229.0
1698,drilling_fluid,,warning,partial_fluid_row,Partial drilling fluid row retained at row offset 3,229.0
1699,drilling_fluid,,warning,partial_fluid_row,Partial drilling fluid row retained at row offset 4,229.0
1700,reports,depth_kickoff_mtvd,info,value_missing_before_next_label,No accepted value for depth_kickoff_mtvd,230.0
1701,reports,plug_back_depth_mmd,info,value_missing_before_next_label,No accepted value for plug_back_depth_mmd,230.0
1702,reports,pressure_test_type,info,value_missing_before_next_label,No accepted value for pressure_test_type,230.0
1703,drilling_fluid,,warning,partial_fluid_row,Partial drilling fluid row retained at row offset 6,230.0
1704,drilling_fluid,,warning,partial_fluid_row,Partial drilling fluid row retained at row offset 7,230.0
1705,drilling_fluid,,warning,partial_fluid_row,Partial drilling fluid row retained at row offset 8,230.0
1706,reports,depth_kickoff_mtvd,info,value_missing_before_next_label,No accepted value for depth_kickoff_mtvd,231.0
1707,reports,plug_back_depth_mmd,info,value_missing_before_next_label,No accepted value for plug_back_depth_mmd,231.0
1708,reports,pressure_test_type,info,value_missing_before_next_label,No accepted value for pressure_test_type,231.0
1709,drilling_fluid,,warning,partial_fluid_row,Partial drilling fluid row retained at row offset 2,231.0
1710,reports,depth_kickoff_mtvd,info,value_missing_before_next_label,No accepted value for depth_kickoff_mtvd,232.0
1711,reports,plug_back_depth_mmd,info,value_missing_before_next_label,No accepted value for plug_back_depth_mmd,232.0
1712,reports,pressure_test_type,info,value_missing_before_next_label,No accepted value for pressure_test_type,232.0
1713,drilling_fluid,,warning,partial_fluid_row,Partial drilling fluid row retained at row offset 4,232.0
1714,drilling_fluid,,warning,partial_fluid_row,Partial drilling fluid row retained at row offset 5,232.0
1715,drilling_fluid,,warning,partial_fluid_row,Partial drilling fluid row retained at row offset 6,232.0
1716,reports,depth_kickoff_mtvd,info,value_missing_before_next_label,No accepted value for depth_kickoff_mtvd,233.0
1717,reports,plug_back_depth_mmd,info,value_missing_before_next_label,No accepted value for plug_back_depth_mmd,233.0
1718,reports,pressure_test_type,info,value_missing_before_next_label,No accepted value for pressure_test_type,233.0
1719,drilling_fluid,,warning,partial_fluid_row,Partial drilling fluid row retained at row offset 4,233.0
1720,drilling_fluid,,warning,partial_fluid_row,Partial drilling fluid row retained at row offset 5,233.0
1721,drilling_fluid,,warning,partial_fluid_row,Partial drilling fluid row retained at row offset 6,233.0
1722,reports,depth_kickoff_mtvd,info,value_missing_before_next_label,No accepted value for depth_kickoff_mtvd,234.0
1723,reports,plug_back_depth_mmd,info,value_missing_before_next_label,No accepted value for plug_back_depth_mmd,234.0
1724,reports,pressure_test_type,info,value_missing_before_next_label,No accepted value for pressure_test_type,234.0
1725,drilling_fluid,,warning,partial_fluid_row,Partial drilling fluid row retained at row offset 5,234.0
1726,drilling_fluid,,warning,partial_fluid_row,Partial drilling fluid row retained at row offset 6,234.0
1727,drilling_fluid,,warning,partial_fluid_row,Partial drilling fluid row retained at row offset 7,234.0
1728,drilling_fluid,,warning,partial_fluid_row,Partial drilling fluid row retained at row offset 8,234.0
1729,reports,depth_kickoff_mtvd,info,value_missing_before_next_label,No accepted value for depth_kickoff_mtvd,235.0
1730,reports,plug_back_depth_mmd,info,value_missing_before_next_label,No accepted value for plug_back_depth_mmd,235.0
1731,reports,pressure_test_type,info,value_missing_before_next_label,No accepted value for pressure_test_type,235.0
1732,drilling_fluid,,warning,partial_fluid_row,Partial drilling fluid row retained at row offset 3,235.0
1733,drilling_fluid,,warning,partial_fluid_row,Partial drilling fluid row retained at row offset 4,235.0
1734,reports,depth_kickoff_mtvd,info,value_missing_before_next_label,No accepted value for depth_kickoff_mtvd,236.0
1735,reports,plug_back_depth_mmd,info,value_missing_before_next_label,No accepted value for plug_back_depth_mmd,236.0
1736,reports,pressure_test_type,info,value_missing_before_next_label,No accepted value for pressure_test_type,236.0
1737,drilling_fluid,,warning,partial_fluid_row,Partial drilling fluid row retained at row offset 4,236.0
1738,drilling_fluid,,warning,partial_fluid_row,Partial drilling fluid row retained at row offset 5,236.0
1739,drilling_fluid,,warning,partial_fluid_row,Partial drilling fluid row retained at row offset 6,236.0
1740,reports,depth_kickoff_mtvd,info,value_missing_before_next_label,No accepted value for depth_kickoff_mtvd,237.0
1741,reports,plug_back_depth_mmd,info,value_missing_before_next_label,No accepted value for plug_back_depth_mmd,237.0
1742,reports,pressure_test_type,info,value_missing_before_next_label,No accepted value for pressure_test_type,237.0
1743,drilling_fluid,,warning,partial_fluid_row,Partial drilling fluid row retained at row offset 4,237.0
1744,drilling_fluid,,warning,partial_fluid_row,Partial drilling fluid row retained at row offset 5,237.0
1745,drilling_fluid,,warning,partial_fluid_row,Partial drilling fluid row retained at row offset 6,237.0
1746,reports,depth_kickoff_mtvd,info,value_missing_before_next_label,No accepted value for depth_kickoff_mtvd,238.0
1747,reports,plug_back_depth_mmd,info,value_missing_before_next_label,No accepted value for plug_back_depth_mmd,238.0
1748,reports,pressure_test_type,info,value_missing_before_next_label,No accepted value for pressure_test_type,238.0
1749,drilling_fluid,,warning,partial_fluid_row,Partial drilling fluid row retained at row offset 7,238.0
1750,drilling_fluid,,warning,partial_fluid_row,Partial drilling fluid row retained at row offset 8,238.0
1751,drilling_fluid,,warning,partial_fluid_row,Partial drilling fluid row retained at row offset 9,238.0
1752,drilling_fluid,,warning,partial_fluid_row,Partial drilling fluid row retained at row offset 10,238.0
1753,drilling_fluid,,warning,partial_fluid_row,Partial drilling fluid row retained at row offset 11,238.0
1754,drilling_fluid,,warning,partial_fluid_row,Partial drilling fluid row retained at row offset 12,238.0
1755,reports,depth_kickoff_mtvd,info,value_missing_before_next_label,No accepted value for depth_kickoff_mtvd,239.0
1756,reports,plug_back_depth_mmd,info,value_missing_before_next_label,No accepted value for plug_back_depth_mmd,239.0
1757,reports,pressure_test_type,info,value_missing_before_next_label,No accepted value for pressure_test_type,239.0
1758,drilling_fluid,,warning,partial_fluid_row,Partial drilling fluid row retained at row offset 3,239.0
1759,drilling_fluid,,warning,partial_fluid_row,Partial drilling fluid row retained at row offset 4,239.0
1760,reports,depth_kickoff_mtvd,info,value_missing_before_next_label,No accepted value for depth_kickoff_mtvd,240.0
1761,reports,plug_back_depth_mmd,info,value_missing_before_next_label,No accepted value for plug_back_depth_mmd,240.0
1762,reports,pressure_test_type,info,value_missing_before_next_label,No accepted value for pressure_test_type,240.0
1763,drilling_fluid,,warning,partial_fluid_row,Partial drilling fluid row retained at row offset 5,240.0
1764,drilling_fluid,,warning,partial_fluid_row,Partial drilling fluid row retained at row offset 6,240.0
1765,drilling_fluid,,warning,partial_fluid_row,Partial drilling fluid row retained at row offset 7,240.0
1766,drilling_fluid,,warning,partial_fluid_row,Partial drilling fluid row retained at row offset 8,240.0
1767,reports,depth_kickoff_mtvd,info,value_missing_before_next_label,No accepted value for depth_kickoff_mtvd,241.0
1768,reports,plug_back_depth_mmd,info,value_missing_before_next_label,No accepted value for plug_back_depth_mmd,241.0
1769,reports,pressure_test_type,info,value_missing_before_next_label,No accepted value for pressure_test_type,241.0
1770,drilling_fluid,,warning,partial_fluid_row,Partial drilling fluid row retained at row offset 2,241.0
1771,reports,depth_current_mtvd,info,value_missing_before_next_label,No accepted value for depth_current_mtvd,242.0
1772,reports,depth_kickoff_mtvd,info,value_missing_before_next_label,No accepted value for depth_kickoff_mtvd,242.0
1773,reports,plug_back_depth_mmd,info,value_missing_before_next_label,No accepted value for plug_back_depth_mmd,242.0
1774,reports,pressure_test_type,info,value_missing_before_next_label,No accepted value for pressure_test_type,242.0
1775,drilling_fluid,,warning,partial_fluid_row,Partial drilling fluid row retained at row offset 2,242.0
1776,reports,depth_current_mmd,warning,metadata_value_rejected,Rejected raw value '-999.99' for depth_current_mmd,243.0
1777,reports,depth_current_mtvd,info,value_missing_before_next_label,No accepted value for depth_current_mtvd,243.0
1778,reports,depth_kickoff_mtvd,info,value_missing_before_next_label,No accepted value for depth_kickoff_mtvd,243.0
1779,reports,plug_back_depth_mmd,info,value_missing_before_next_label,No accepted value for plug_back_depth_mmd,243.0
1780,reports,pressure_test_type,info,value_missing_before_next_label,No accepted value for pressure_test_type,243.0
1781,drilling_fluid,,warning,partial_fluid_row,Partial drilling fluid row retained at row offset 2,243.0
1782,reports,depth_current_mmd,warning,metadata_value_rejected,Rejected raw value '-999.99' for depth_current_mmd,244.0
1783,reports,depth_current_mtvd,info,value_missing_before_next_label,No accepted value for depth_current_mtvd,244.0
1784,reports,depth_kickoff_mtvd,info,value_missing_before_next_label,No accepted value for depth_kickoff_mtvd,244.0
1785,reports,pressure_test_type,info,value_missing_before_next_label,No accepted value for pressure_test_type,244.0
1786,drilling_fluid,,warning,partial_fluid_row,Partial drilling fluid row retained at row offset 4,244.0
1787,drilling_fluid,,warning,partial_fluid_row,Partial drilling fluid row retained at row offset 5,244.0
1788,drilling_fluid,,warning,partial_fluid_row,Partial drilling fluid row retained at row offset 6,244.0
1789,reports,depth_kickoff_mtvd,info,value_missing_before_next_label,No accepted value for depth_kickoff_mtvd,245.0
1790,reports,plug_back_depth_mmd,info,value_missing_before_next_label,No accepted value for plug_back_depth_mmd,245.0
1791,reports,pressure_test_type,info,value_missing_before_next_label,No accepted value for pressure_test_type,245.0
1792,drilling_fluid,,warning,partial_fluid_row,Partial drilling fluid row retained at row offset 2,245.0
1793,reports,depth_current_mmd,warning,metadata_value_rejected,Rejected raw value '-999.99' for depth_current_mmd,246.0
1794,reports,depth_current_mtvd,info,value_missing_before_next_label,No accepted value for depth_current_mtvd,246.0
1795,reports,depth_kickoff_mtvd,info,value_missing_before_next_label,No accepted value for depth_kickoff_mtvd,246.0
1796,reports,plug_back_depth_mmd,info,value_missing_before_next_label,No accepted value for plug_back_depth_mmd,246.0
1797,reports,pressure_test_type,info,value_missing_before_next_label,No accepted value for pressure_test_type,246.0
1798,reports,depth_current_mmd,warning,metadata_value_rejected,Rejected raw value '-999.99' for depth_current_mmd,247.0
1799,reports,depth_current_mtvd,info,value_missing_before_next_label,No accepted value for depth_current_mtvd,247.0
1800,reports,depth_kickoff_mtvd,info,value_missing_before_next_label,No accepted value for depth_kickoff_mtvd,247.0
1801,reports,plug_back_depth_mmd,info,value_missing_before_next_label,No accepted value for plug_back_depth_mmd,247.0
1802,reports,pressure_test_type,info,value_missing_before_next_label,No accepted value for pressure_test_type,247.0
1803,reports,depth_kickoff_mtvd,info,value_missing_before_next_label,No accepted value for depth_kickoff_mtvd,248.0
1804,reports,depth_last_casing_mtvd,info,value_missing_before_next_label,No accepted value for depth_last_casing_mtvd,248.0
1805,reports,plug_back_depth_mmd,info,value_missing_before_next_label,No accepted value for plug_back_depth_mmd,248.0
1806,reports,pressure_test_type,info,value_missing_before_next_label,No accepted value for pressure_test_type,248.0
1807,drilling_fluid,,warning,partial_fluid_row,Partial drilling fluid row retained at row offset 6,248.0
1808,reports,depth_kickoff_mmd,info,value_missing_before_next_label,No accepted value for depth_kickoff_mmd,249.0
1809,reports,depth_kickoff_mtvd,info,value_missing_before_next_label,No accepted value for depth_kickoff_mtvd,249.0
1810,reports,depth_last_casing_mmd,info,value_missing_before_next_label,No accepted value for depth_last_casing_mmd,249.0
1811,reports,depth_last_casing_mtvd,info,value_missing_before_next_label,No accepted value for depth_last_casing_mtvd,249.0
1812,reports,plug_back_depth_mmd,info,value_missing_before_next_label,No accepted value for plug_back_depth_mmd,249.0
1813,reports,pressure_test_type,info,value_missing_before_next_label,No accepted value for pressure_test_type,249.0
1814,reports,depth_kickoff_mmd,info,value_missing_before_next_label,No accepted value for depth_kickoff_mmd,250.0
1815,reports,depth_kickoff_mtvd,info,value_missing_before_next_label,No accepted value for depth_kickoff_mtvd,250.0
1816,reports,depth_last_casing_mtvd,info,value_missing_before_next_label,No accepted value for depth_last_casing_mtvd,250.0
1817,reports,plug_back_depth_mmd,info,value_missing_before_next_label,No accepted value for plug_back_depth_mmd,250.0
1818,reports,pressure_test_type,info,value_missing_before_next_label,No accepted value for pressure_test_type,250.0
1819,drilling_fluid,,warning,partial_fluid_row,Partial drilling fluid row retained at row offset 2,250.0
1820,reports,depth_kickoff_mmd,info,value_missing_before_next_label,No accepted value for depth_kickoff_mmd,251.0
1821,reports,depth_kickoff_mtvd,info,value_missing_before_next_label,No accepted value for depth_kickoff_mtvd,251.0
1822,reports,depth_last_casing_mtvd,info,value_missing_before_next_label,No accepted value for depth_last_casing_mtvd,251.0
1823,reports,plug_back_depth_mmd,info,value_missing_before_next_label,No accepted value for plug_back_depth_mmd,251.0
1824,reports,pressure_test_type,info,value_missing_before_next_label,No accepted value for pressure_test_type,251.0
1825,drilling_fluid,,warning,partial_fluid_row,Partial drilling fluid row retained at row offset 2,251.0
1826,reports,depth_kickoff_mmd,info,value_missing_before_next_label,No accepted value for depth_kickoff_mmd,252.0
1827,reports,depth_kickoff_mtvd,info,value_missing_before_next_label,No accepted value for depth_kickoff_mtvd,252.0
1828,reports,depth_last_casing_mtvd,info,value_missing_before_next_label,No accepted value for depth_last_casing_mtvd,252.0
1829,reports,plug_back_depth_mmd,info,value_missing_before_next_label,No accepted value for plug_back_depth_mmd,252.0
1830,reports,pressure_test_type,info,value_missing_before_next_label,No accepted value for pressure_test_type,252.0
1831,drilling_fluid,,warning,partial_fluid_row,Partial drilling fluid row retained at row offset 2,252.0
1832,reports,depth_kickoff_mmd,info,value_missing_before_next_label,No accepted value for depth_kickoff_mmd,253.0
1833,reports,depth_kickoff_mtvd,info,value_missing_before_next_label,No accepted value for depth_kickoff_mtvd,253.0
1834,reports,depth_last_casing_mtvd,info,value_missing_before_next_label,No accepted value for depth_last_casing_mtvd,253.0
1835,reports,plug_back_depth_mmd,info,value_missing_before_next_label,No accepted value for plug_back_depth_mmd,253.0
1836,reports,pressure_test_type,info,value_missing_before_next_label,No accepted value for pressure_test_type,253.0
1837,drilling_fluid,,warning,partial_fluid_row,Partial drilling fluid row retained at row offset 2,253.0
1838,reports,depth_kickoff_mmd,info,value_missing_before_next_label,No accepted value for depth_kickoff_mmd,254.0
1839,reports,depth_kickoff_mtvd,info,value_missing_before_next_label,No accepted value for depth_kickoff_mtvd,254.0
1840,reports,depth_last_casing_mtvd,info,value_missing_before_next_label,No accepted value for depth_last_casing_mtvd,254.0
1841,reports,plug_back_depth_mmd,info,value_missing_before_next_label,No accepted value for plug_back_depth_mmd,254.0
1842,reports,pressure_test_type,info,value_missing_before_next_label,No accepted value for pressure_test_type,254.0
1843,drilling_fluid,,warning,partial_fluid_row,Partial drilling fluid row retained at row offset 4,254.0
1844,drilling_fluid,,warning,partial_fluid_row,Partial drilling fluid row retained at row offset 5,254.0
1845,drilling_fluid,,warning,partial_fluid_row,Partial drilling fluid row retained at row offset 6,254.0
1846,reports,depth_kickoff_mmd,info,value_missing_before_next_label,No accepted value for depth_kickoff_mmd,255.0
1847,reports,depth_kickoff_mtvd,info,value_missing_before_next_label,No accepted value for depth_kickoff_mtvd,255.0
1848,reports,depth_last_casing_mtvd,info,value_missing_before_next_label,No accepted value for depth_last_casing_mtvd,255.0
1849,reports,plug_back_depth_mmd,info,value_missing_before_next_label,No accepted value for plug_back_depth_mmd,255.0
1850,reports,pressure_test_type,info,value_missing_before_next_label,No accepted value for pressure_test_type,255.0
1851,drilling_fluid,,warning,partial_fluid_row,Partial drilling fluid row retained at row offset 2,255.0
1852,reports,depth_kickoff_mmd,info,value_missing_before_next_label,No accepted value for depth_kickoff_mmd,256.0
1853,reports,depth_kickoff_mtvd,info,value_missing_before_next_label,No accepted value for depth_kickoff_mtvd,256.0
1854,reports,depth_last_casing_mtvd,info,value_missing_before_next_label,No accepted value for depth_last_casing_mtvd,256.0
1855,reports,plug_back_depth_mmd,info,value_missing_before_next_label,No accepted value for plug_back_depth_mmd,256.0
1856,reports,pressure_test_type,info,value_missing_before_next_label,No accepted value for pressure_test_type,256.0
1857,drilling_fluid,,warning,partial_fluid_row,Partial drilling fluid row retained at row offset 3,256.0
1858,drilling_fluid,,warning,partial_fluid_row,Partial drilling fluid row retained at row offset 4,256.0
1859,reports,depth_kickoff_mmd,info,value_missing_before_next_label,No accepted value for depth_kickoff_mmd,257.0
1860,reports,depth_kickoff_mtvd,info,value_missing_before_next_label,No accepted value for depth_kickoff_mtvd,257.0
1861,reports,depth_last_casing_mtvd,info,value_missing_before_next_label,No accepted value for depth_last_casing_mtvd,257.0
1862,reports,plug_back_depth_mmd,info,value_missing_before_next_label,No accepted value for plug_back_depth_mmd,257.0
1863,reports,pressure_test_type,info,value_missing_before_next_label,No accepted value for pressure_test_type,257.0
1864,drilling_fluid,,warning,partial_fluid_row,Partial drilling fluid row retained at row offset 3,257.0
1865,drilling_fluid,,warning,partial_fluid_row,Partial drilling fluid row retained at row offset 4,257.0
1866,reports,depth_kickoff_mmd,info,value_missing_before_next_label,No accepted value for depth_kickoff_mmd,258.0
1867,reports,depth_kickoff_mtvd,info,value_missing_before_next_label,No accepted value for depth_kickoff_mtvd,258.0
1868,reports,depth_last_casing_mtvd,info,value_missing_before_next_label,No accepted value for depth_last_casing_mtvd,258.0
1869,reports,plug_back_depth_mmd,info,value_missing_before_next_label,No accepted value for plug_back_depth_mmd,258.0
1870,reports,pressure_test_type,info,value_missing_before_next_label,No accepted value for pressure_test_type,258.0
1871,drilling_fluid,,warning,partial_fluid_row,Partial drilling fluid row retained at row offset 3,258.0
1872,drilling_fluid,,warning,partial_fluid_row,Partial drilling fluid row retained at row offset 4,258.0
1873,reports,depth_kickoff_mmd,info,value_missing_before_next_label,No accepted value for depth_kickoff_mmd,259.0
1874,reports,depth_kickoff_mtvd,info,value_missing_before_next_label,No accepted value for depth_kickoff_mtvd,259.0
1875,reports,depth_last_casing_mtvd,info,value_missing_before_next_label,No accepted value for depth_last_casing_mtvd,259.0
1876,reports,plug_back_depth_mmd,info,value_missing_before_next_label,No accepted value for plug_back_depth_mmd,259.0
1877,reports,pressure_test_type,info,value_missing_before_next_label,No accepted value for pressure_test_type,259.0
1878,drilling_fluid,,warning,partial_fluid_row,Partial drilling fluid row retained at row offset 3,259.0
1879,drilling_fluid,,warning,partial_fluid_row,Partial drilling fluid row retained at row offset 4,259.0
1880,reports,depth_kickoff_mmd,info,value_missing_before_next_label,No accepted value for depth_kickoff_mmd,260.0
1881,reports,depth_kickoff_mtvd,info,value_missing_before_next_label,No accepted value for depth_kickoff_mtvd,260.0
1882,reports,depth_last_casing_mtvd,info,value_missing_before_next_label,No accepted value for depth_last_casing_mtvd,260.0
1883,reports,plug_back_depth_mmd,info,value_missing_before_next_label,No accepted value for plug_back_depth_mmd,260.0
1884,reports,pressure_test_type,info,value_missing_before_next_label,No accepted value for pressure_test_type,260.0
1885,drilling_fluid,,warning,partial_fluid_row,Partial drilling fluid row retained at row offset 3,260.0
1886,reports,depth_kickoff_mmd,info,value_missing_before_next_label,No accepted value for depth_kickoff_mmd,261.0
1887,reports,depth_kickoff_mtvd,info,value_missing_before_next_label,No accepted value for depth_kickoff_mtvd,261.0
1888,reports,depth_last_casing_mtvd,info,value_missing_before_next_label,No accepted value for depth_last_casing_mtvd,261.0
1889,reports,plug_back_depth_mmd,info,value_missing_before_next_label,No accepted value for plug_back_depth_mmd,261.0
1890,reports,pressure_test_type,info,value_missing_before_next_label,No accepted value for pressure_test_type,261.0
1891,drilling_fluid,,warning,partial_fluid_row,Partial drilling fluid row retained at row offset 4,261.0
1892,drilling_fluid,,warning,partial_fluid_row,Partial drilling fluid row retained at row offset 5,261.0
1893,drilling_fluid,,warning,partial_fluid_row,Partial drilling fluid row retained at row offset 6,261.0
1894,reports,depth_kickoff_mmd,info,value_missing_before_next_label,No accepted value for depth_kickoff_mmd,262.0
1895,reports,depth_kickoff_mtvd,info,value_missing_before_next_label,No accepted value for depth_kickoff_mtvd,262.0
1896,reports,depth_last_casing_mtvd,info,value_missing_before_next_label,No accepted value for depth_last_casing_mtvd,262.0
1897,reports,plug_back_depth_mmd,info,value_missing_before_next_label,No accepted value for plug_back_depth_mmd,262.0
1898,reports,pressure_test_type,info,value_missing_before_next_label,No accepted value for pressure_test_type,262.0
1899,drilling_fluid,,warning,partial_fluid_row,Partial drilling fluid row retained at row offset 3,262.0
1900,drilling_fluid,,warning,partial_fluid_row,Partial drilling fluid row retained at row offset 4,262.0
1901,reports,depth_kickoff_mmd,info,value_missing_before_next_label,No accepted value for depth_kickoff_mmd,263.0
1902,reports,depth_kickoff_mtvd,info,value_missing_before_next_label,No accepted value for depth_kickoff_mtvd,263.0
1903,reports,depth_last_casing_mtvd,info,value_missing_before_next_label,No accepted value for depth_last_casing_mtvd,263.0
1904,reports,plug_back_depth_mmd,info,value_missing_before_next_label,No accepted value for plug_back_depth_mmd,263.0
1905,reports,pressure_test_type,info,value_missing_before_next_label,No accepted value for pressure_test_type,263.0
1906,drilling_fluid,,warning,partial_fluid_row,Partial drilling fluid row retained at row offset 3,263.0
1907,drilling_fluid,,warning,partial_fluid_row,Partial drilling fluid row retained at row offset 4,263.0
1908,reports,depth_kickoff_mmd,info,value_missing_before_next_label,No accepted value for depth_kickoff_mmd,264.0
1909,reports,depth_kickoff_mtvd,info,value_missing_before_next_label,No accepted value for depth_kickoff_mtvd,264.0
1910,reports,depth_last_casing_mtvd,info,value_missing_before_next_label,No accepted value for depth_last_casing_mtvd,264.0
1911,reports,plug_back_depth_mmd,info,value_missing_before_next_label,No accepted value for plug_back_depth_mmd,264.0
1912,reports,pressure_test_type,info,value_missing_before_next_label,No accepted value for pressure_test_type,264.0
1913,drilling_fluid,,warning,partial_fluid_row,Partial drilling fluid row retained at row offset 4,264.0
1914,drilling_fluid,,warning,partial_fluid_row,Partial drilling fluid row retained at row offset 5,264.0
1915,drilling_fluid,,warning,partial_fluid_row,Partial drilling fluid row retained at row offset 6,264.0
1916,reports,depth_kickoff_mmd,info,value_missing_before_next_label,No accepted value for depth_kickoff_mmd,265.0
1917,reports,depth_kickoff_mtvd,info,value_missing_before_next_label,No accepted value for depth_kickoff_mtvd,265.0
1918,reports,depth_last_casing_mtvd,info,value_missing_before_next_label,No accepted value for depth_last_casing_mtvd,265.0
1919,reports,plug_back_depth_mmd,info,value_missing_before_next_label,No accepted value for plug_back_depth_mmd,265.0
1920,reports,pressure_test_type,info,value_missing_before_next_label,No accepted value for pressure_test_type,265.0
1921,drilling_fluid,,warning,partial_fluid_row,Partial drilling fluid row retained at row offset 3,265.0
1922,drilling_fluid,,warning,partial_fluid_row,Partial drilling fluid row retained at row offset 4,265.0
1923,reports,depth_kickoff_mmd,info,value_missing_before_next_label,No accepted value for depth_kickoff_mmd,266.0
1924,reports,depth_kickoff_mtvd,info,value_missing_before_next_label,No accepted value for depth_kickoff_mtvd,266.0
1925,reports,depth_last_casing_mtvd,info,value_missing_before_next_label,No accepted value for depth_last_casing_mtvd,266.0
1926,reports,plug_back_depth_mmd,info,value_missing_before_next_label,No accepted value for plug_back_depth_mmd,266.0
1927,reports,pressure_test_type,info,value_missing_before_next_label,No accepted value for pressure_test_type,266.0
1928,drilling_fluid,,warning,partial_fluid_row,Partial drilling fluid row retained at row offset 3,266.0
1929,drilling_fluid,,warning,partial_fluid_row,Partial drilling fluid row retained at row offset 4,266.0
1930,reports,depth_kickoff_mmd,info,value_missing_before_next_label,No accepted value for depth_kickoff_mmd,267.0
1931,reports,depth_kickoff_mtvd,info,value_missing_before_next_label,No accepted value for depth_kickoff_mtvd,267.0
1932,reports,depth_last_casing_mtvd,info,value_missing_before_next_label,No accepted value for depth_last_casing_mtvd,267.0
1933,reports,plug_back_depth_mmd,info,value_missing_before_next_label,No accepted value for plug_back_depth_mmd,267.0
1934,reports,pressure_test_type,info,value_missing_before_next_label,No accepted value for pressure_test_type,267.0
1935,drilling_fluid,,warning,partial_fluid_row,Partial drilling fluid row retained at row offset 4,267.0
1936,drilling_fluid,,warning,partial_fluid_row,Partial drilling fluid row retained at row offset 5,267.0
1937,drilling_fluid,,warning,partial_fluid_row,Partial drilling fluid row retained at row offset 6,267.0
1938,reports,depth_kickoff_mmd,info,value_missing_before_next_label,No accepted value for depth_kickoff_mmd,268.0
1939,reports,depth_kickoff_mtvd,info,value_missing_before_next_label,No accepted value for depth_kickoff_mtvd,268.0
1940,reports,depth_last_casing_mtvd,info,value_missing_before_next_label,No accepted value for depth_last_casing_mtvd,268.0
1941,reports,plug_back_depth_mmd,info,value_missing_before_next_label,No accepted value for plug_back_depth_mmd,268.0
1942,reports,pressure_test_type,info,value_missing_before_next_label,No accepted value for pressure_test_type,268.0
1943,drilling_fluid,,warning,partial_fluid_row,Partial drilling fluid row retained at row offset 5,268.0
1944,drilling_fluid,,warning,partial_fluid_row,Partial drilling fluid row retained at row offset 6,268.0
1945,drilling_fluid,,warning,partial_fluid_row,Partial drilling fluid row retained at row offset 7,268.0
1946,drilling_fluid,,warning,partial_fluid_row,Partial drilling fluid row retained at row offset 8,268.0
1947,reports,depth_kickoff_mmd,info,value_missing_before_next_label,No accepted value for depth_kickoff_mmd,269.0
1948,reports,depth_kickoff_mtvd,info,value_missing_before_next_label,No accepted value for depth_kickoff_mtvd,269.0
1949,reports,depth_last_casing_mtvd,info,value_missing_before_next_label,No accepted value for depth_last_casing_mtvd,269.0
1950,reports,plug_back_depth_mmd,info,value_missing_before_next_label,No accepted value for plug_back_depth_mmd,269.0
1951,reports,pressure_test_type,info,value_missing_before_next_label,No accepted value for pressure_test_type,269.0
1952,drilling_fluid,,warning,partial_fluid_row,Partial drilling fluid row retained at row offset 4,269.0
1953,drilling_fluid,,warning,partial_fluid_row,Partial drilling fluid row retained at row offset 5,269.0
1954,drilling_fluid,,warning,partial_fluid_row,Partial drilling fluid row retained at row offset 6,269.0
1955,reports,depth_kickoff_mmd,info,value_missing_before_next_label,No accepted value for depth_kickoff_mmd,270.0
1956,reports,depth_kickoff_mtvd,info,value_missing_before_next_label,No accepted value for depth_kickoff_mtvd,270.0
1957,reports,depth_last_casing_mtvd,info,value_missing_before_next_label,No accepted value for depth_last_casing_mtvd,270.0
1958,reports,plug_back_depth_mmd,info,value_missing_before_next_label,No accepted value for plug_back_depth_mmd,270.0
1959,reports,pressure_test_type,info,value_missing_before_next_label,No accepted value for pressure_test_type,270.0
1960,drilling_fluid,,warning,partial_fluid_row,Partial drilling fluid row retained at row offset 4,270.0
1961,drilling_fluid,,warning,partial_fluid_row,Partial drilling fluid row retained at row offset 5,270.0
1962,drilling_fluid,,warning,partial_fluid_row,Partial drilling fluid row retained at row offset 6,270.0
1963,reports,depth_kickoff_mmd,info,value_missing_before_next_label,No accepted value for depth_kickoff_mmd,271.0
1964,reports,depth_kickoff_mtvd,info,value_missing_before_next_label,No accepted value for depth_kickoff_mtvd,271.0
1965,reports,depth_last_casing_mtvd,info,value_missing_before_next_label,No accepted value for depth_last_casing_mtvd,271.0
1966,reports,plug_back_depth_mmd,info,value_missing_before_next_label,No accepted value for plug_back_depth_mmd,271.0
1967,reports,pressure_test_type,info,value_missing_before_next_label,No accepted value for pressure_test_type,271.0
1968,drilling_fluid,,warning,partial_fluid_row,Partial drilling fluid row retained at row offset 4,271.0
1969,drilling_fluid,,warning,partial_fluid_row,Partial drilling fluid row retained at row offset 5,271.0
1970,drilling_fluid,,warning,partial_fluid_row,Partial drilling fluid row retained at row offset 6,271.0
1971,reports,depth_kickoff_mmd,info,value_missing_before_next_label,No accepted value for depth_kickoff_mmd,272.0
1972,reports,depth_kickoff_mtvd,info,value_missing_before_next_label,No accepted value for depth_kickoff_mtvd,272.0
1973,reports,depth_last_casing_mtvd,info,value_missing_before_next_label,No accepted value for depth_last_casing_mtvd,272.0
1974,reports,plug_back_depth_mmd,info,value_missing_before_next_label,No accepted value for plug_back_depth_mmd,272.0
1975,reports,pressure_test_type,info,value_missing_before_next_label,No accepted value for pressure_test_type,272.0
1976,drilling_fluid,,warning,partial_fluid_row,Partial drilling fluid row retained at row offset 3,272.0
1977,drilling_fluid,,warning,partial_fluid_row,Partial drilling fluid row retained at row offset 4,272.0
1978,reports,depth_kickoff_mmd,info,value_missing_before_next_label,No accepted value for depth_kickoff_mmd,273.0
1979,reports,depth_kickoff_mtvd,info,value_missing_before_next_label,No accepted value for depth_kickoff_mtvd,273.0
1980,reports,depth_last_casing_mtvd,info,value_missing_before_next_label,No accepted value for depth_last_casing_mtvd,273.0
1981,reports,plug_back_depth_mmd,info,value_missing_before_next_label,No accepted value for plug_back_depth_mmd,273.0
1982,reports,pressure_test_type,info,value_missing_before_next_label,No accepted value for pressure_test_type,273.0
1983,drilling_fluid,,warning,partial_fluid_row,Partial drilling fluid row retained at row offset 2,273.0
1984,reports,depth_kickoff_mmd,info,value_missing_before_next_label,No accepted value for depth_kickoff_mmd,274.0
1985,reports,depth_kickoff_mtvd,info,value_missing_before_next_label,No accepted value for depth_kickoff_mtvd,274.0
1986,reports,depth_last_casing_mtvd,info,value_missing_before_next_label,No accepted value for depth_last_casing_mtvd,274.0
1987,reports,plug_back_depth_mmd,info,value_missing_before_next_label,No accepted value for plug_back_depth_mmd,274.0
1988,reports,pressure_test_type,info,value_missing_before_next_label,No accepted value for pressure_test_type,274.0
1989,drilling_fluid,,warning,partial_fluid_row,Partial drilling fluid row retained at row offset 3,274.0
1990,drilling_fluid,,warning,partial_fluid_row,Partial drilling fluid row retained at row offset 4,274.0
1991,reports,depth_kickoff_mmd,info,value_missing_before_next_label,No accepted value for depth_kickoff_mmd,275.0
1992,reports,depth_kickoff_mtvd,info,value_missing_before_next_label,No accepted value for depth_kickoff_mtvd,275.0
1993,reports,depth_last_casing_mtvd,info,value_missing_before_next_label,No accepted value for depth_last_casing_mtvd,275.0
1994,reports,plug_back_depth_mmd,info,value_missing_before_next_label,No accepted value for plug_back_depth_mmd,275.0
1995,reports,pressure_test_type,info,value_missing_before_next_label,No accepted value for pressure_test_type,275.0
1996,drilling_fluid,,warning,partial_fluid_row,Partial drilling fluid row retained at row offset 3,275.0
1997,drilling_fluid,,warning,partial_fluid_row,Partial drilling fluid row retained at row offset 4,275.0
1998,reports,depth_kickoff_mmd,info,value_missing_before_next_label,No accepted value for depth_kickoff_mmd,276.0
1999,reports,depth_kickoff_mtvd,info,value_missing_before_next_label,No accepted value for depth_kickoff_mtvd,276.0
2000,reports,depth_last_casing_mtvd,info,value_missing_before_next_label,No accepted value for depth_last_casing_mtvd,276.0
2001,reports,plug_back_depth_mmd,info,value_missing_before_next_label,No accepted value for plug_back_depth_mmd,276.0
2002,reports,pressure_test_type,info,value_missing_before_next_label,No accepted value for pressure_test_type,276.0
2003,drilling_fluid,,warning,partial_fluid_row,Partial drilling fluid row retained at row offset 3,276.0
2004,drilling_fluid,,warning,partial_fluid_row,Partial drilling fluid row retained at row offset 4,276.0
2005,reports,depth_kickoff_mmd,info,value_missing_before_next_label,No accepted value for depth_kickoff_mmd,277.0
2006,reports,depth_kickoff_mtvd,info,value_missing_before_next_label,No accepted value for depth_kickoff_mtvd,277.0
2007,reports,depth_last_casing_mtvd,info,value_missing_before_next_label,No accepted value for depth_last_casing_mtvd,277.0
2008,reports,plug_back_depth_mmd,info,value_missing_before_next_label,No accepted value for plug_back_depth_mmd,277.0
2009,reports,pressure_test_type,info,value_missing_before_next_label,No accepted value for pressure_test_type,277.0
2010,drilling_fluid,,warning,partial_fluid_row,Partial drilling fluid row retained at row offset 2,277.0
2011,reports,depth_kickoff_mmd,info,value_missing_before_next_label,No accepted value for depth_kickoff_mmd,278.0
2012,reports,depth_kickoff_mtvd,info,value_missing_before_next_label,No accepted value for depth_kickoff_mtvd,278.0
2013,reports,depth_last_casing_mtvd,info,value_missing_before_next_label,No accepted value for depth_last_casing_mtvd,278.0
2014,reports,plug_back_depth_mmd,info,value_missing_before_next_label,No accepted value for plug_back_depth_mmd,278.0
2015,reports,pressure_test_type,info,value_missing_before_next_label,No accepted value for pressure_test_type,278.0
2016,drilling_fluid,,warning,partial_fluid_row,Partial drilling fluid row retained at row offset 2,278.0
2017,reports,depth_kickoff_mmd,info,value_missing_before_next_label,No accepted value for depth_kickoff_mmd,279.0
2018,reports,depth_kickoff_mtvd,info,value_missing_before_next_label,No accepted value for depth_kickoff_mtvd,279.0
2019,reports,depth_last_casing_mtvd,info,value_missing_before_next_label,No accepted value for depth_last_casing_mtvd,279.0
2020,reports,plug_back_depth_mmd,info,value_missing_before_next_label,No accepted value for plug_back_depth_mmd,279.0
2021,reports,pressure_test_type,info,value_missing_before_next_label,No accepted value for pressure_test_type,279.0
2022,drilling_fluid,,warning,partial_fluid_row,Partial drilling fluid row retained at row offset 2,279.0
2023,reports,depth_kickoff_mmd,info,value_missing_before_next_label,No accepted value for depth_kickoff_mmd,280.0
2024,reports,depth_kickoff_mtvd,info,value_missing_before_next_label,No accepted value for depth_kickoff_mtvd,280.0
2025,reports,depth_last_casing_mtvd,info,value_missing_before_next_label,No accepted value for depth_last_casing_mtvd,280.0
2026,reports,plug_back_depth_mmd,info,value_missing_before_next_label,No accepted value for plug_back_depth_mmd,280.0
2027,reports,pressure_test_type,info,value_missing_before_next_label,No accepted value for pressure_test_type,280.0
2028,drilling_fluid,,warning,partial_fluid_row,Partial drilling fluid row retained at row offset 2,280.0
2029,reports,depth_kickoff_mmd,info,value_missing_before_next_label,No accepted value for depth_kickoff_mmd,281.0
2030,reports,depth_kickoff_mtvd,info,value_missing_before_next_label,No accepted value for depth_kickoff_mtvd,281.0
2031,reports,depth_last_casing_mtvd,info,value_missing_before_next_label,No accepted value for depth_last_casing_mtvd,281.0
2032,reports,plug_back_depth_mmd,info,value_missing_before_next_label,No accepted value for plug_back_depth_mmd,281.0
2033,reports,pressure_test_type,info,value_missing_before_next_label,No accepted value for pressure_test_type,281.0
2034,drilling_fluid,,warning,partial_fluid_row,Partial drilling fluid row retained at row offset 2,281.0
2035,reports,depth_kickoff_mmd,info,value_missing_before_next_label,No accepted value for depth_kickoff_mmd,282.0
2036,reports,depth_kickoff_mtvd,info,value_missing_before_next_label,No accepted value for depth_kickoff_mtvd,282.0
2037,reports,plug_back_depth_mmd,info,value_missing_before_next_label,No accepted value for plug_back_depth_mmd,282.0
2038,reports,pressure_test_type,info,value_missing_before_next_label,No accepted value for pressure_test_type,282.0
2039,drilling_fluid,,warning,partial_fluid_row,Partial drilling fluid row retained at row offset 2,282.0
2040,drilling_fluid,,warning,partial_fluid_row,Partial drilling fluid row retained at row offset 16,282.0
2041,drilling_fluid,,warning,partial_fluid_row,Partial drilling fluid row retained at row offset 19,282.0
2042,drilling_fluid,,warning,partial_fluid_row,Partial drilling fluid row retained at row offset 21,282.0
2043,drilling_fluid,,warning,partial_fluid_row,Partial drilling fluid row retained at row offset 25,282.0
2044,drilling_fluid,,warning,partial_fluid_row,Partial drilling fluid row retained at row offset 27,282.0
2045,drilling_fluid,,warning,partial_fluid_row,Partial drilling fluid row retained at row offset 29,282.0
2046,reports,depth_kickoff_mmd,info,value_missing_before_next_label,No accepted value for depth_kickoff_mmd,283.0
2047,reports,depth_kickoff_mtvd,info,value_missing_before_next_label,No accepted value for depth_kickoff_mtvd,283.0
2048,reports,plug_back_depth_mmd,info,value_missing_before_next_label,No accepted value for plug_back_depth_mmd,283.0
2049,reports,pressure_test_type,info,value_missing_before_next_label,No accepted value for pressure_test_type,283.0
2050,drilling_fluid,,warning,partial_fluid_row,Partial drilling fluid row retained at row offset 2,283.0
2051,reports,depth_kickoff_mmd,info,value_missing_before_next_label,No accepted value for depth_kickoff_mmd,284.0
2052,reports,depth_kickoff_mtvd,info,value_missing_before_next_label,No accepted value for depth_kickoff_mtvd,284.0
2053,reports,plug_back_depth_mmd,info,value_missing_before_next_label,No accepted value for plug_back_depth_mmd,284.0
2054,drilling_fluid,,warning,partial_fluid_row,Partial drilling fluid row retained at row offset 2,284.0
2055,reports,depth_current_mtvd,info,value_missing_before_next_label,No accepted value for depth_current_mtvd,285.0
2056,reports,depth_kickoff_mmd,info,value_missing_before_next_label,No accepted value for depth_kickoff_mmd,285.0
2057,reports,depth_kickoff_mtvd,info,value_missing_before_next_label,No accepted value for depth_kickoff_mtvd,285.0
2058,reports,plug_back_depth_mmd,info,value_missing_before_next_label,No accepted value for plug_back_depth_mmd,285.0
2059,drilling_fluid,,warning,partial_fluid_row,Partial drilling fluid row retained at row offset 3,285.0
2060,drilling_fluid,,warning,partial_fluid_row,Partial drilling fluid row retained at row offset 4,285.0
2061,reports,depth_kickoff_mmd,info,value_missing_before_next_label,No accepted value for depth_kickoff_mmd,286.0
2062,reports,depth_kickoff_mtvd,info,value_missing_before_next_label,No accepted value for depth_kickoff_mtvd,286.0
2063,reports,plug_back_depth_mmd,info,value_missing_before_next_label,No accepted value for plug_back_depth_mmd,286.0
2064,drilling_fluid,,warning,partial_fluid_row,Partial drilling fluid row retained at row offset 2,286.0
2065,reports,depth_kickoff_mmd,info,value_missing_before_next_label,No accepted value for depth_kickoff_mmd,287.0
2066,reports,depth_kickoff_mtvd,info,value_missing_before_next_label,No accepted value for depth_kickoff_mtvd,287.0
2067,reports,plug_back_depth_mmd,info,value_missing_before_next_label,No accepted value for plug_back_depth_mmd,287.0
2068,reports,pressure_test_type,info,value_missing_before_next_label,No accepted value for pressure_test_type,287.0
2069,drilling_fluid,,warning,partial_fluid_row,Partial drilling fluid row retained at row offset 3,287.0
2070,drilling_fluid,,warning,partial_fluid_row,Partial drilling fluid row retained at row offset 4,287.0
2071,reports,depth_kickoff_mmd,info,value_missing_before_next_label,No accepted value for depth_kickoff_mmd,288.0
2072,reports,depth_kickoff_mtvd,info,value_missing_before_next_label,No accepted value for depth_kickoff_mtvd,288.0
2073,reports,plug_back_depth_mmd,info,value_missing_before_next_label,No accepted value for plug_back_depth_mmd,288.0
2074,reports,pressure_test_type,info,value_missing_before_next_label,No accepted value for pressure_test_type,288.0
2075,drilling_fluid,,warning,partial_fluid_row,Partial drilling fluid row retained at row offset 2,288.0
2076,reports,depth_kickoff_mmd,info,value_missing_before_next_label,No accepted value for depth_kickoff_mmd,289.0
2077,reports,depth_kickoff_mtvd,info,value_missing_before_next_label,No accepted value for depth_kickoff_mtvd,289.0
2078,reports,plug_back_depth_mmd,info,value_missing_before_next_label,No accepted value for plug_back_depth_mmd,289.0
2079,reports,pressure_test_type,info,value_missing_before_next_label,No accepted value for pressure_test_type,289.0
2080,drilling_fluid,,warning,partial_fluid_row,Partial drilling fluid row retained at row offset 2,289.0
2081,reports,depth_current_mmd,warning,metadata_value_rejected,Rejected raw value '-999.99' for depth_current_mmd,290.0
2082,reports,depth_current_mtvd,info,value_missing_before_next_label,No accepted value for depth_current_mtvd,290.0
2083,reports,depth_kickoff_mmd,info,value_missing_before_next_label,No accepted value for depth_kickoff_mmd,290.0
2084,reports,depth_kickoff_mtvd,info,value_missing_before_next_label,No accepted value for depth_kickoff_mtvd,290.0
2085,reports,depth_last_casing_mmd,info,value_missing_before_next_label,No accepted value for depth_last_casing_mmd,290.0
2086,reports,depth_last_casing_mtvd,info,value_missing_before_next_label,No accepted value for depth_last_casing_mtvd,290.0
2087,reports,plug_back_depth_mmd,info,value_missing_before_next_label,No accepted value for plug_back_depth_mmd,290.0
2088,reports,pressure_test_type,info,value_missing_before_next_label,No accepted value for pressure_test_type,290.0
2089,drilling_fluid,,warning,partial_fluid_row,Partial drilling fluid row retained at row offset 2,290.0
2090,reports,depth_current_mmd,warning,metadata_value_rejected,Rejected raw value '-999.99' for depth_current_mmd,291.0
2091,reports,depth_current_mtvd,info,value_missing_before_next_label,No accepted value for depth_current_mtvd,291.0
2092,reports,depth_kickoff_mmd,info,value_missing_before_next_label,No accepted value for depth_kickoff_mmd,291.0
2093,reports,depth_kickoff_mtvd,info,value_missing_before_next_label,No accepted value for depth_kickoff_mtvd,291.0
2094,reports,depth_last_casing_mmd,info,value_missing_before_next_label,No accepted value for depth_last_casing_mmd,291.0
2095,reports,depth_last_casing_mtvd,info,value_missing_before_next_label,No accepted value for depth_last_casing_mtvd,291.0
2096,reports,depth_formation_strength_mmd,info,value_missing_before_next_label,No accepted value for depth_formation_strength_mmd,291.0
2097,reports,depth_formation_strength_mtvd,info,value_missing_before_next_label,No accepted value for depth_formation_strength_mtvd,291.0
2098,reports,pressure_test_type,info,value_missing_before_next_label,No accepted value for pressure_test_type,291.0
2099,drilling_fluid,,warning,partial_fluid_row,Partial drilling fluid row retained at row offset 2,291.0
2100,reports,depth_current_mmd,warning,metadata_value_rejected,Rejected raw value '-999.99' for depth_current_mmd,292.0
2101,reports,depth_current_mtvd,info,value_missing_before_next_label,No accepted value for depth_current_mtvd,292.0
2102,reports,depth_kickoff_mmd,info,value_missing_before_next_label,No accepted value for depth_kickoff_mmd,292.0
2103,reports,depth_kickoff_mtvd,info,value_missing_before_next_label,No accepted value for depth_kickoff_mtvd,292.0
2104,reports,depth_formation_strength_mmd,info,value_missing_before_next_label,No accepted value for depth_formation_strength_mmd,292.0
2105,reports,depth_formation_strength_mtvd,info,value_missing_before_next_label,No accepted value for depth_formation_strength_mtvd,292.0
2106,reports,plug_back_depth_mmd,info,value_missing_before_next_label,No accepted value for plug_back_depth_mmd,292.0
2107,reports,pressure_test_type,info,value_missing_before_next_label,No accepted value for pressure_test_type,292.0
2108,reports,depth_current_mmd,warning,metadata_value_rejected,Rejected raw value '-999.99' for depth_current_mmd,293.0
2109,reports,depth_current_mtvd,info,value_missing_before_next_label,No accepted value for depth_current_mtvd,293.0
2110,reports,depth_kickoff_mmd,info,value_missing_before_next_label,No accepted value for depth_kickoff_mmd,293.0
2111,reports,depth_kickoff_mtvd,info,value_missing_before_next_label,No accepted value for depth_kickoff_mtvd,293.0
2112,reports,depth_formation_strength_mmd,info,value_missing_before_next_label,No accepted value for depth_formation_strength_mmd,293.0
2113,reports,depth_formation_strength_mtvd,info,value_missing_before_next_label,No accepted value for depth_formation_strength_mtvd,293.0
2114,reports,plug_back_depth_mmd,info,value_missing_before_next_label,No accepted value for plug_back_depth_mmd,293.0
2115,reports,pressure_test_type,info,value_missing_before_next_label,No accepted value for pressure_test_type,293.0
2116,reports,depth_current_mmd,warning,metadata_value_rejected,Rejected raw value '-999.99' for depth_current_mmd,294.0
2117,reports,depth_current_mtvd,info,value_missing_before_next_label,No accepted value for depth_current_mtvd,294.0
2118,reports,depth_kickoff_mmd,info,value_missing_before_next_label,No accepted value for depth_kickoff_mmd,294.0
2119,reports,depth_kickoff_mtvd,info,value_missing_before_next_label,No accepted value for depth_kickoff_mtvd,294.0
2120,reports,depth_formation_strength_mmd,info,value_missing_before_next_label,No accepted value for depth_formation_strength_mmd,294.0
2121,reports,depth_formation_strength_mtvd,info,value_missing_before_next_label,No accepted value for depth_formation_strength_mtvd,294.0
2122,reports,plug_back_depth_mmd,info,value_missing_before_next_label,No accepted value for plug_back_depth_mmd,294.0
2123,reports,pressure_test_type,info,value_missing_before_next_label,No accepted value for pressure_test_type,294.0
2124,reports,depth_current_mmd,warning,metadata_value_rejected,Rejected raw value '-999.99' for depth_current_mmd,295.0
2125,reports,depth_current_mtvd,info,value_missing_before_next_label,No accepted value for depth_current_mtvd,295.0
2126,reports,depth_kickoff_mmd,info,value_missing_before_next_label,No accepted value for depth_kickoff_mmd,295.0
2127,reports,depth_kickoff_mtvd,info,value_missing_before_next_label,No accepted value for depth_kickoff_mtvd,295.0
2128,reports,depth_formation_strength_mmd,info,value_missing_before_next_label,No accepted value for depth_formation_strength_mmd,295.0
2129,reports,depth_formation_strength_mtvd,info,value_missing_before_next_label,No accepted value for depth_formation_strength_mtvd,295.0
2130,reports,plug_back_depth_mmd,info,value_missing_before_next_label,No accepted value for plug_back_depth_mmd,295.0
2131,reports,pressure_test_type,info,value_missing_before_next_label,No accepted value for pressure_test_type,295.0
2132,drilling_fluid,,warning,partial_fluid_row,Partial drilling fluid row retained at row offset 2,295.0
2133,reports,depth_current_mmd,warning,metadata_value_rejected,Rejected raw value '-999.99' for depth_current_mmd,296.0
2134,reports,depth_current_mtvd,info,value_missing_before_next_label,No accepted value for depth_current_mtvd,296.0
2135,reports,depth_kickoff_mmd,info,value_missing_before_next_label,No accepted value for depth_kickoff_mmd,296.0
2136,reports,depth_kickoff_mtvd,info,value_missing_before_next_label,No accepted value for depth_kickoff_mtvd,296.0
2137,reports,depth_last_casing_mmd,info,value_missing_before_next_label,No accepted value for depth_last_casing_mmd,296.0
2138,reports,depth_last_casing_mtvd,info,value_missing_before_next_label,No accepted value for depth_last_casing_mtvd,296.0
2139,reports,depth_formation_strength_mmd,info,value_missing_before_next_label,No accepted value for depth_formation_strength_mmd,296.0
2140,reports,depth_formation_strength_mtvd,info,value_missing_before_next_label,No accepted value for depth_formation_strength_mtvd,296.0
2141,reports,plug_back_depth_mmd,info,value_missing_before_next_label,No accepted value for plug_back_depth_mmd,296.0
2142,reports,pressure_test_type,info,value_missing_before_next_label,No accepted value for pressure_test_type,296.0
2143,reports,depth_current_mmd,warning,metadata_value_rejected,Rejected raw value '-999.99' for depth_current_mmd,297.0
2144,reports,depth_current_mtvd,info,value_missing_before_next_label,No accepted value for depth_current_mtvd,297.0
2145,reports,depth_kickoff_mmd,info,value_missing_before_next_label,No accepted value for depth_kickoff_mmd,297.0
2146,reports,depth_kickoff_mtvd,info,value_missing_before_next_label,No accepted value for depth_kickoff_mtvd,297.0
2147,reports,depth_formation_strength_mmd,info,value_missing_before_next_label,No accepted value for depth_formation_strength_mmd,297.0
2148,reports,depth_formation_strength_mtvd,info,value_missing_before_next_label,No accepted value for depth_formation_strength_mtvd,297.0
2149,reports,plug_back_depth_mmd,info,value_missing_before_next_label,No accepted value for plug_back_depth_mmd,297.0
2150,reports,pressure_test_type,info,value_missing_before_next_label,No accepted value for pressure_test_type,297.0
2151,reports,depth_current_mmd,warning,metadata_value_rejected,Rejected raw value '-999.99' for depth_current_mmd,298.0
2152,reports,depth_current_mtvd,info,value_missing_before_next_label,No accepted value for depth_current_mtvd,298.0
2153,reports,depth_kickoff_mmd,info,value_missing_before_next_label,No accepted value for depth_kickoff_mmd,298.0
2154,reports,depth_kickoff_mtvd,info,value_missing_before_next_label,No accepted value for depth_kickoff_mtvd,298.0
2155,reports,depth_formation_strength_mmd,info,value_missing_before_next_label,No accepted value for depth_formation_strength_mmd,298.0
2156,reports,depth_formation_strength_mtvd,info,value_missing_before_next_label,No accepted value for depth_formation_strength_mtvd,298.0
2157,reports,plug_back_depth_mmd,info,value_missing_before_next_label,No accepted value for plug_back_depth_mmd,298.0
2158,reports,pressure_test_type,info,value_missing_before_next_label,No accepted value for pressure_test_type,298.0
2159,reports,depth_current_mmd,warning,metadata_value_rejected,Rejected raw value '-999.99' for depth_current_mmd,299.0
2160,reports,depth_current_mtvd,info,value_missing_before_next_label,No accepted value for depth_current_mtvd,299.0
2161,reports,depth_kickoff_mmd,info,value_missing_before_next_label,No accepted value for depth_kickoff_mmd,299.0
2162,reports,depth_kickoff_mtvd,info,value_missing_before_next_label,No accepted value for depth_kickoff_mtvd,299.0
2163,reports,depth_formation_strength_mmd,info,value_missing_before_next_label,No accepted value for depth_formation_strength_mmd,299.0
2164,reports,depth_formation_strength_mtvd,info,value_missing_before_next_label,No accepted value for depth_formation_strength_mtvd,299.0
2165,reports,plug_back_depth_mmd,info,value_missing_before_next_label,No accepted value for plug_back_depth_mmd,299.0
2166,reports,pressure_test_type,info,value_missing_before_next_label,No accepted value for pressure_test_type,299.0
2167,reports,depth_current_mmd,warning,metadata_value_rejected,Rejected raw value '-999.99' for depth_current_mmd,300.0
2168,reports,depth_current_mtvd,info,value_missing_before_next_label,No accepted value for depth_current_mtvd,300.0
2169,reports,depth_kickoff_mmd,info,value_missing_before_next_label,No accepted value for depth_kickoff_mmd,300.0
2170,reports,depth_kickoff_mtvd,info,value_missing_before_next_label,No accepted value for depth_kickoff_mtvd,300.0
2171,reports,depth_formation_strength_mmd,info,value_missing_before_next_label,No accepted value for depth_formation_strength_mmd,300.0
2172,reports,depth_formation_strength_mtvd,info,value_missing_before_next_label,No accepted value for depth_formation_strength_mtvd,300.0
2173,reports,plug_back_depth_mmd,info,value_missing_before_next_label,No accepted value for plug_back_depth_mmd,300.0
2174,reports,pressure_test_type,info,value_missing_before_next_label,No accepted value for pressure_test_type,300.0
2175,reports,depth_kickoff_mmd,info,value_missing_before_next_label,No accepted value for depth_kickoff_mmd,301.0
2176,reports,depth_kickoff_mtvd,info,value_missing_before_next_label,No accepted value for depth_kickoff_mtvd,301.0
2177,reports,depth_formation_strength_mmd,info,value_missing_before_next_label,No accepted value for depth_formation_strength_mmd,301.0
2178,reports,depth_formation_strength_mtvd,info,value_missing_before_next_label,No accepted value for depth_formation_strength_mtvd,301.0
2179,reports,plug_back_depth_mmd,info,value_missing_before_next_label,No accepted value for plug_back_depth_mmd,301.0
2180,reports,pressure_test_type,info,value_missing_before_next_label,No accepted value for pressure_test_type,301.0
2181,reports,depth_kickoff_mmd,info,value_missing_before_next_label,No accepted value for depth_kickoff_mmd,302.0
2182,reports,depth_kickoff_mtvd,info,value_missing_before_next_label,No accepted value for depth_kickoff_mtvd,302.0
2183,reports,depth_last_casing_mmd,info,value_missing_before_next_label,No accepted value for depth_last_casing_mmd,302.0
2184,reports,depth_last_casing_mtvd,info,value_missing_before_next_label,No accepted value for depth_last_casing_mtvd,302.0
2185,reports,depth_formation_strength_mmd,info,value_missing_before_next_label,No accepted value for depth_formation_strength_mmd,302.0
2186,reports,depth_formation_strength_mtvd,info,value_missing_before_next_label,No accepted value for depth_formation_strength_mtvd,302.0
2187,reports,plug_back_depth_mmd,info,value_missing_before_next_label,No accepted value for plug_back_depth_mmd,302.0
2188,reports,pressure_test_type,info,value_missing_before_next_label,No accepted value for pressure_test_type,302.0
2189,drilling_fluid,,warning,partial_fluid_row,Partial drilling fluid row retained at row offset 4,302.0
2190,reports,depth_kickoff_mmd,info,value_missing_before_next_label,No accepted value for depth_kickoff_mmd,303.0
2191,reports,depth_kickoff_mtvd,info,value_missing_before_next_label,No accepted value for depth_kickoff_mtvd,303.0
2192,reports,plug_back_depth_mmd,info,value_missing_before_next_label,No accepted value for plug_back_depth_mmd,303.0
2193,reports,pressure_test_type,info,value_missing_before_next_label,No accepted value for pressure_test_type,303.0
2194,drilling_fluid,,warning,partial_fluid_row,Partial drilling fluid row retained at row offset 4,303.0
2195,reports,depth_kickoff_mmd,info,value_missing_before_next_label,No accepted value for depth_kickoff_mmd,304.0
2196,reports,depth_kickoff_mtvd,info,value_missing_before_next_label,No accepted value for depth_kickoff_mtvd,304.0
2197,reports,plug_back_depth_mmd,info,value_missing_before_next_label,No accepted value for plug_back_depth_mmd,304.0
2198,reports,pressure_test_type,info,value_missing_before_next_label,No accepted value for pressure_test_type,304.0
2199,drilling_fluid,,warning,partial_fluid_row,Partial drilling fluid row retained at row offset 2,304.0
2200,reports,depth_kickoff_mmd,info,value_missing_before_next_label,No accepted value for depth_kickoff_mmd,305.0
2201,reports,depth_kickoff_mtvd,info,value_missing_before_next_label,No accepted value for depth_kickoff_mtvd,305.0
2202,reports,plug_back_depth_mmd,info,value_missing_before_next_label,No accepted value for plug_back_depth_mmd,305.0
2203,reports,pressure_test_type,info,value_missing_before_next_label,No accepted value for pressure_test_type,305.0
2204,drilling_fluid,,warning,partial_fluid_row,Partial drilling fluid row retained at row offset 2,305.0
2205,reports,depth_kickoff_mmd,info,value_missing_before_next_label,No accepted value for depth_kickoff_mmd,306.0
2206,reports,depth_kickoff_mtvd,info,value_missing_before_next_label,No accepted value for depth_kickoff_mtvd,306.0
2207,reports,plug_back_depth_mmd,info,value_missing_before_next_label,No accepted value for plug_back_depth_mmd,306.0
2208,reports,pressure_test_type,info,value_missing_before_next_label,No accepted value for pressure_test_type,306.0
2209,drilling_fluid,,warning,partial_fluid_row,Partial drilling fluid row retained at row offset 2,306.0
2210,reports,depth_kickoff_mmd,info,value_missing_before_next_label,No accepted value for depth_kickoff_mmd,307.0
2211,reports,depth_kickoff_mtvd,info,value_missing_before_next_label,No accepted value for depth_kickoff_mtvd,307.0
2212,reports,plug_back_depth_mmd,info,value_missing_before_next_label,No accepted value for plug_back_depth_mmd,307.0
2213,reports,pressure_test_type,info,value_missing_before_next_label,No accepted value for pressure_test_type,307.0
2214,drilling_fluid,,warning,partial_fluid_row,Partial drilling fluid row retained at row offset 2,307.0
2215,reports,depth_current_mtvd,info,value_missing_before_next_label,No accepted value for depth_current_mtvd,308.0
2216,reports,depth_kickoff_mmd,info,value_missing_before_next_label,No accepted value for depth_kickoff_mmd,308.0
2217,reports,depth_kickoff_mtvd,info,value_missing_before_next_label,No accepted value for depth_kickoff_mtvd,308.0
2218,reports,plug_back_depth_mmd,info,value_missing_before_next_label,No accepted value for plug_back_depth_mmd,308.0
2219,reports,pressure_test_type,info,value_missing_before_next_label,No accepted value for pressure_test_type,308.0
2220,drilling_fluid,,warning,partial_fluid_row,Partial drilling fluid row retained at row offset 2,308.0
2221,reports,depth_kickoff_mmd,info,value_missing_before_next_label,No accepted value for depth_kickoff_mmd,309.0
2222,reports,depth_kickoff_mtvd,info,value_missing_before_next_label,No accepted value for depth_kickoff_mtvd,309.0
2223,reports,plug_back_depth_mmd,info,value_missing_before_next_label,No accepted value for plug_back_depth_mmd,309.0
2224,reports,pressure_test_type,info,value_missing_before_next_label,No accepted value for pressure_test_type,309.0
2225,drilling_fluid,,warning,partial_fluid_row,Partial drilling fluid row retained at row offset 2,309.0
2226,reports,depth_kickoff_mmd,info,value_missing_before_next_label,No accepted value for depth_kickoff_mmd,310.0
2227,reports,depth_kickoff_mtvd,info,value_missing_before_next_label,No accepted value for depth_kickoff_mtvd,310.0
2228,reports,plug_back_depth_mmd,info,value_missing_before_next_label,No accepted value for plug_back_depth_mmd,310.0
2229,reports,pressure_test_type,info,value_missing_before_next_label,No accepted value for pressure_test_type,310.0
2230,drilling_fluid,,warning,partial_fluid_row,Partial drilling fluid row retained at row offset 4,310.0
2231,drilling_fluid,,warning,partial_fluid_row,Partial drilling fluid row retained at row offset 5,310.0
2232,drilling_fluid,,warning,partial_fluid_row,Partial drilling fluid row retained at row offset 6,310.0
2233,reports,depth_kickoff_mmd,info,value_missing_before_next_label,No accepted value for depth_kickoff_mmd,311.0
2234,reports,depth_kickoff_mtvd,info,value_missing_before_next_label,No accepted value for depth_kickoff_mtvd,311.0
2235,reports,plug_back_depth_mmd,info,value_missing_before_next_label,No accepted value for plug_back_depth_mmd,311.0
2236,reports,pressure_test_type,info,value_missing_before_next_label,No accepted value for pressure_test_type,311.0
2237,drilling_fluid,,warning,partial_fluid_row,Partial drilling fluid row retained at row offset 2,311.0
2238,reports,depth_kickoff_mmd,info,value_missing_before_next_label,No accepted value for depth_kickoff_mmd,312.0
2239,reports,depth_kickoff_mtvd,info,value_missing_before_next_label,No accepted value for depth_kickoff_mtvd,312.0
2240,reports,plug_back_depth_mmd,info,value_missing_before_next_label,No accepted value for plug_back_depth_mmd,312.0
2241,reports,pressure_test_type,info,value_missing_before_next_label,No accepted value for pressure_test_type,312.0
2242,drilling_fluid,,warning,partial_fluid_row,Partial drilling fluid row retained at row offset 3,312.0
2243,drilling_fluid,,warning,partial_fluid_row,Partial drilling fluid row retained at row offset 4,312.0
2244,reports,depth_current_mtvd,info,value_missing_before_next_label,No accepted value for depth_current_mtvd,313.0
2245,reports,depth_kickoff_mmd,info,value_missing_before_next_label,No accepted value for depth_kickoff_mmd,313.0
2246,reports,depth_kickoff_mtvd,info,value_missing_before_next_label,No accepted value for depth_kickoff_mtvd,313.0
2247,reports,plug_back_depth_mmd,info,value_missing_before_next_label,No accepted value for plug_back_depth_mmd,313.0
2248,reports,pressure_test_type,info,value_missing_before_next_label,No accepted value for pressure_test_type,313.0
2249,drilling_fluid,,warning,partial_fluid_row,Partial drilling fluid row retained at row offset 5,313.0
2250,drilling_fluid,,warning,partial_fluid_row,Partial drilling fluid row retained at row offset 6,313.0
2251,drilling_fluid,,warning,partial_fluid_row,Partial drilling fluid row retained at row offset 7,313.0
2252,drilling_fluid,,warning,partial_fluid_row,Partial drilling fluid row retained at row offset 8,313.0
2253,reports,depth_kickoff_mmd,info,value_missing_before_next_label,No accepted value for depth_kickoff_mmd,314.0
2254,reports,depth_kickoff_mtvd,info,value_missing_before_next_label,No accepted value for depth_kickoff_mtvd,314.0
2255,reports,plug_back_depth_mmd,info,value_missing_before_next_label,No accepted value for plug_back_depth_mmd,314.0
2256,reports,pressure_test_type,info,value_missing_before_next_label,No accepted value for pressure_test_type,314.0
2257,drilling_fluid,,warning,partial_fluid_row,Partial drilling fluid row retained at row offset 2,314.0
2258,reports,depth_current_mtvd,info,value_missing_before_next_label,No accepted value for depth_current_mtvd,315.0
2259,reports,depth_kickoff_mmd,info,value_missing_before_next_label,No accepted value for depth_kickoff_mmd,315.0
2260,reports,depth_kickoff_mtvd,info,value_missing_before_next_label,No accepted value for depth_kickoff_mtvd,315.0
2261,reports,plug_back_depth_mmd,info,value_missing_before_next_label,No accepted value for plug_back_depth_mmd,315.0
2262,reports,pressure_test_type,info,value_missing_before_next_label,No accepted value for pressure_test_type,315.0
2263,drilling_fluid,,warning,partial_fluid_row,Partial drilling fluid row retained at row offset 3,315.0
2264,drilling_fluid,,warning,partial_fluid_row,Partial drilling fluid row retained at row offset 4,315.0
2265,reports,depth_kickoff_mmd,info,value_missing_before_next_label,No accepted value for depth_kickoff_mmd,316.0
2266,reports,depth_kickoff_mtvd,info,value_missing_before_next_label,No accepted value for depth_kickoff_mtvd,316.0
2267,reports,plug_back_depth_mmd,info,value_missing_before_next_label,No accepted value for plug_back_depth_mmd,316.0
2268,reports,pressure_test_type,info,value_missing_before_next_label,No accepted value for pressure_test_type,316.0
2269,drilling_fluid,,warning,partial_fluid_row,Partial drilling fluid row retained at row offset 2,316.0
2270,reports,depth_kickoff_mmd,info,value_missing_before_next_label,No accepted value for depth_kickoff_mmd,317.0
2271,reports,depth_kickoff_mtvd,info,value_missing_before_next_label,No accepted value for depth_kickoff_mtvd,317.0
2272,reports,plug_back_depth_mmd,info,value_missing_before_next_label,No accepted value for plug_back_depth_mmd,317.0
2273,reports,pressure_test_type,info,value_missing_before_next_label,No accepted value for pressure_test_type,317.0
2274,drilling_fluid,,warning,partial_fluid_row,Partial drilling fluid row retained at row offset 2,317.0
2275,reports,depth_kickoff_mmd,info,value_missing_before_next_label,No accepted value for depth_kickoff_mmd,318.0
2276,reports,depth_kickoff_mtvd,info,value_missing_before_next_label,No accepted value for depth_kickoff_mtvd,318.0
2277,reports,plug_back_depth_mmd,info,value_missing_before_next_label,No accepted value for plug_back_depth_mmd,318.0
2278,reports,pressure_test_type,info,value_missing_before_next_label,No accepted value for pressure_test_type,318.0
2279,drilling_fluid,,warning,partial_fluid_row,Partial drilling fluid row retained at row offset 3,318.0
2280,drilling_fluid,,warning,partial_fluid_row,Partial drilling fluid row retained at row offset 4,318.0
2281,reports,depth_kickoff_mmd,info,value_missing_before_next_label,No accepted value for depth_kickoff_mmd,319.0
2282,reports,depth_kickoff_mtvd,info,value_missing_before_next_label,No accepted value for depth_kickoff_mtvd,319.0
2283,reports,plug_back_depth_mmd,info,value_missing_before_next_label,No accepted value for plug_back_depth_mmd,319.0
2284,reports,pressure_test_type,info,value_missing_before_next_label,No accepted value for pressure_test_type,319.0
2285,drilling_fluid,,warning,partial_fluid_row,Partial drilling fluid row retained at row offset 2,319.0
2286,reports,depth_kickoff_mmd,info,value_missing_before_next_label,No accepted value for depth_kickoff_mmd,320.0
2287,reports,depth_kickoff_mtvd,info,value_missing_before_next_label,No accepted value for depth_kickoff_mtvd,320.0
2288,reports,plug_back_depth_mmd,info,value_missing_before_next_label,No accepted value for plug_back_depth_mmd,320.0
2289,reports,pressure_test_type,info,value_missing_before_next_label,No accepted value for pressure_test_type,320.0
2290,drilling_fluid,,warning,partial_fluid_row,Partial drilling fluid row retained at row offset 4,320.0
2291,drilling_fluid,,warning,partial_fluid_row,Partial drilling fluid row retained at row offset 5,320.0
2292,drilling_fluid,,warning,partial_fluid_row,Partial drilling fluid row retained at row offset 6,320.0
2293,reports,depth_kickoff_mmd,info,value_missing_before_next_label,No accepted value for depth_kickoff_mmd,321.0
2294,reports,depth_kickoff_mtvd,info,value_missing_before_next_label,No accepted value for depth_kickoff_mtvd,321.0
2295,reports,plug_back_depth_mmd,info,value_missing_before_next_label,No accepted value for plug_back_depth_mmd,321.0
2296,reports,pressure_test_type,info,value_missing_before_next_label,No accepted value for pressure_test_type,321.0
2297,drilling_fluid,,warning,partial_fluid_row,Partial drilling fluid row retained at row offset 2,321.0
2298,reports,depth_kickoff_mmd,info,value_missing_before_next_label,No accepted value for depth_kickoff_mmd,322.0
2299,reports,depth_kickoff_mtvd,info,value_missing_before_next_label,No accepted value for depth_kickoff_mtvd,322.0
2300,reports,depth_last_casing_mtvd,info,value_missing_before_next_label,No accepted value for depth_last_casing_mtvd,322.0
2301,reports,plug_back_depth_mmd,info,value_missing_before_next_label,No accepted value for plug_back_depth_mmd,322.0
2302,reports,pressure_test_type,info,value_missing_before_next_label,No accepted value for pressure_test_type,322.0
2303,drilling_fluid,,warning,partial_fluid_row,Partial drilling fluid row retained at row offset 3,322.0
2304,drilling_fluid,,warning,partial_fluid_row,Partial drilling fluid row retained at row offset 4,322.0
2305,reports,depth_kickoff_mmd,info,value_missing_before_next_label,No accepted value for depth_kickoff_mmd,323.0
2306,reports,depth_kickoff_mtvd,info,value_missing_before_next_label,No accepted value for depth_kickoff_mtvd,323.0
2307,reports,depth_last_casing_mtvd,info,value_missing_before_next_label,No accepted value for depth_last_casing_mtvd,323.0
2308,reports,plug_back_depth_mmd,info,value_missing_before_next_label,No accepted value for plug_back_depth_mmd,323.0
2309,reports,pressure_test_type,info,value_missing_before_next_label,No accepted value for pressure_test_type,323.0
2310,drilling_fluid,,warning,partial_fluid_row,Partial drilling fluid row retained at row offset 5,323.0
2311,drilling_fluid,,warning,partial_fluid_row,Partial drilling fluid row retained at row offset 6,323.0
2312,reports,depth_kickoff_mmd,info,value_missing_before_next_label,No accepted value for depth_kickoff_mmd,324.0
2313,reports,depth_kickoff_mtvd,info,value_missing_before_next_label,No accepted value for depth_kickoff_mtvd,324.0
2314,reports,depth_last_casing_mtvd,info,value_missing_before_next_label,No accepted value for depth_last_casing_mtvd,324.0
2315,reports,depth_formation_strength_mmd,info,value_missing_before_next_label,No accepted value for depth_formation_strength_mmd,324.0
2316,reports,depth_formation_strength_mtvd,info,value_missing_before_next_label,No accepted value for depth_formation_strength_mtvd,324.0
2317,reports,pressure_test_type,info,value_missing_before_next_label,No accepted value for pressure_test_type,324.0
2318,drilling_fluid,,warning,partial_fluid_row,Partial drilling fluid row retained at row offset 2,324.0
2319,reports,depth_kickoff_mmd,info,value_missing_before_next_label,No accepted value for depth_kickoff_mmd,325.0
2320,reports,depth_kickoff_mtvd,info,value_missing_before_next_label,No accepted value for depth_kickoff_mtvd,325.0
2321,reports,depth_last_casing_mtvd,info,value_missing_before_next_label,No accepted value for depth_last_casing_mtvd,325.0
2322,reports,depth_formation_strength_mmd,info,value_missing_before_next_label,No accepted value for depth_formation_strength_mmd,325.0
2323,reports,depth_formation_strength_mtvd,info,value_missing_before_next_label,No accepted value for depth_formation_strength_mtvd,325.0
2324,reports,pressure_test_type,info,value_missing_before_next_label,No accepted value for pressure_test_type,325.0
2325,drilling_fluid,,warning,partial_fluid_row,Partial drilling fluid row retained at row offset 2,325.0
2326,reports,depth_kickoff_mmd,info,value_missing_before_next_label,No accepted value for depth_kickoff_mmd,326.0
2327,reports,depth_kickoff_mtvd,info,value_missing_before_next_label,No accepted value for depth_kickoff_mtvd,326.0
2328,reports,depth_last_casing_mtvd,info,value_missing_before_next_label,No accepted value for depth_last_casing_mtvd,326.0
2329,reports,depth_formation_strength_mmd,info,value_missing_before_next_label,No accepted value for depth_formation_strength_mmd,326.0
2330,reports,depth_formation_strength_mtvd,info,value_missing_before_next_label,No accepted value for depth_formation_strength_mtvd,326.0
2331,reports,pressure_test_type,info,value_missing_before_next_label,No accepted value for pressure_test_type,326.0
2332,drilling_fluid,,warning,partial_fluid_row,Partial drilling fluid row retained at row offset 5,326.0
2333,drilling_fluid,,warning,partial_fluid_row,Partial drilling fluid row retained at row offset 6,326.0
2334,reports,depth_kickoff_mmd,info,value_missing_before_next_label,No accepted value for depth_kickoff_mmd,327.0
2335,reports,depth_kickoff_mtvd,info,value_missing_before_next_label,No accepted value for depth_kickoff_mtvd,327.0
2336,reports,depth_last_casing_mtvd,info,value_missing_before_next_label,No accepted value for depth_last_casing_mtvd,327.0
2337,reports,depth_formation_strength_mmd,info,value_missing_before_next_label,No accepted value for depth_formation_strength_mmd,327.0
2338,reports,depth_formation_strength_mtvd,info,value_missing_before_next_label,No accepted value for depth_formation_strength_mtvd,327.0
2339,reports,pressure_test_type,info,value_missing_before_next_label,No accepted value for pressure_test_type,327.0
2340,drilling_fluid,,warning,partial_fluid_row,Partial drilling fluid row retained at row offset 2,327.0
2341,reports,depth_kickoff_mmd,info,value_missing_before_next_label,No accepted value for depth_kickoff_mmd,328.0
2342,reports,depth_kickoff_mtvd,info,value_missing_before_next_label,No accepted value for depth_kickoff_mtvd,328.0
2343,reports,depth_last_casing_mtvd,info,value_missing_before_next_label,No accepted value for depth_last_casing_mtvd,328.0
2344,reports,depth_formation_strength_mmd,info,value_missing_before_next_label,No accepted value for depth_formation_strength_mmd,328.0
2345,reports,depth_formation_strength_mtvd,info,value_missing_before_next_label,No accepted value for depth_formation_strength_mtvd,328.0
2346,reports,pressure_test_type,info,value_missing_before_next_label,No accepted value for pressure_test_type,328.0
2347,drilling_fluid,,warning,partial_fluid_row,Partial drilling fluid row retained at row offset 2,328.0
2348,reports,depth_kickoff_mmd,info,value_missing_before_next_label,No accepted value for depth_kickoff_mmd,329.0
2349,reports,depth_kickoff_mtvd,info,value_missing_before_next_label,No accepted value for depth_kickoff_mtvd,329.0
2350,reports,depth_last_casing_mtvd,info,value_missing_before_next_label,No accepted value for depth_last_casing_mtvd,329.0
2351,reports,depth_formation_strength_mmd,info,value_missing_before_next_label,No accepted value for depth_formation_strength_mmd,329.0
2352,reports,depth_formation_strength_mtvd,info,value_missing_before_next_label,No accepted value for depth_formation_strength_mtvd,329.0
2353,reports,pressure_test_type,info,value_missing_before_next_label,No accepted value for pressure_test_type,329.0
2354,drilling_fluid,,warning,partial_fluid_row,Partial drilling fluid row retained at row offset 2,329.0
2355,reports,depth_kickoff_mmd,info,value_missing_before_next_label,No accepted value for depth_kickoff_mmd,330.0
2356,reports,depth_kickoff_mtvd,info,value_missing_before_next_label,No accepted value for depth_kickoff_mtvd,330.0
2357,reports,depth_last_casing_mtvd,info,value_missing_before_next_label,No accepted value for depth_last_casing_mtvd,330.0
2358,reports,depth_formation_strength_mmd,info,value_missing_before_next_label,No accepted value for depth_formation_strength_mmd,330.0
2359,reports,depth_formation_strength_mtvd,info,value_missing_before_next_label,No accepted value for depth_formation_strength_mtvd,330.0
2360,reports,plug_back_depth_mmd,info,value_missing_before_next_label,No accepted value for plug_back_depth_mmd,330.0
2361,reports,pressure_test_type,info,value_missing_before_next_label,No accepted value for pressure_test_type,330.0
2362,drilling_fluid,,warning,partial_fluid_row,Partial drilling fluid row retained at row offset 2,330.0
2363,reports,depth_kickoff_mmd,info,value_missing_before_next_label,No accepted value for depth_kickoff_mmd,331.0
2364,reports,depth_kickoff_mtvd,info,value_missing_before_next_label,No accepted value for depth_kickoff_mtvd,331.0
2365,reports,depth_last_casing_mmd,info,value_missing_before_next_label,No accepted value for depth_last_casing_mmd,331.0
2366,reports,depth_last_casing_mtvd,info,value_missing_before_next_label,No accepted value for depth_last_casing_mtvd,331.0
2367,reports,depth_formation_strength_mmd,info,value_missing_before_next_label,No accepted value for depth_formation_strength_mmd,331.0
2368,reports,depth_formation_strength_mtvd,info,value_missing_before_next_label,No accepted value for depth_formation_strength_mtvd,331.0
2369,reports,plug_back_depth_mmd,info,value_missing_before_next_label,No accepted value for plug_back_depth_mmd,331.0
2370,reports,pressure_test_type,info,value_missing_before_next_label,No accepted value for pressure_test_type,331.0
2371,reports,depth_current_mmd,warning,metadata_value_rejected,Rejected raw value '-999.99' for depth_current_mmd,332.0
2372,reports,depth_current_mtvd,info,value_missing_before_next_label,No accepted value for depth_current_mtvd,332.0
2373,reports,depth_kickoff_mmd,info,value_missing_before_next_label,No accepted value for depth_kickoff_mmd,332.0
2374,reports,depth_kickoff_mtvd,info,value_missing_before_next_label,No accepted value for depth_kickoff_mtvd,332.0
2375,reports,depth_last_casing_mtvd,info,value_missing_before_next_label,No accepted value for depth_last_casing_mtvd,332.0
2376,reports,depth_formation_strength_mmd,info,value_missing_before_next_label,No accepted value for depth_formation_strength_mmd,332.0
2377,reports,depth_formation_strength_mtvd,info,value_missing_before_next_label,No accepted value for depth_formation_strength_mtvd,332.0
2378,reports,plug_back_depth_mmd,info,value_missing_before_next_label,No accepted value for plug_back_depth_mmd,332.0
2379,reports,pressure_test_type,info,value_missing_before_next_label,No accepted value for pressure_test_type,332.0
2380,reports,depth_current_mmd,warning,metadata_value_rejected,Rejected raw value '-999.99' for depth_current_mmd,333.0
2381,reports,depth_current_mtvd,info,value_missing_before_next_label,No accepted value for depth_current_mtvd,333.0
2382,reports,depth_kickoff_mmd,info,value_missing_before_next_label,No accepted value for depth_kickoff_mmd,333.0
2383,reports,depth_kickoff_mtvd,info,value_missing_before_next_label,No accepted value for depth_kickoff_mtvd,333.0
2384,reports,depth_last_casing_mtvd,info,value_missing_before_next_label,No accepted value for depth_last_casing_mtvd,333.0
2385,reports,depth_formation_strength_mmd,info,value_missing_before_next_label,No accepted value for depth_formation_strength_mmd,333.0
2386,reports,depth_formation_strength_mtvd,info,value_missing_before_next_label,No accepted value for depth_formation_strength_mtvd,333.0
2387,reports,plug_back_depth_mmd,info,value_missing_before_next_label,No accepted value for plug_back_depth_mmd,333.0
2388,reports,pressure_test_type,info,value_missing_before_next_label,No accepted value for pressure_test_type,333.0
2389,reports,depth_current_mtvd,info,value_missing_before_next_label,No accepted value for depth_current_mtvd,334.0
2390,reports,depth_kickoff_mmd,info,value_missing_before_next_label,No accepted value for depth_kickoff_mmd,334.0
2391,reports,depth_kickoff_mtvd,info,value_missing_before_next_label,No accepted value for depth_kickoff_mtvd,334.0
2392,reports,depth_last_casing_mtvd,info,value_missing_before_next_label,No accepted value for depth_last_casing_mtvd,334.0
2393,reports,depth_formation_strength_mmd,info,value_missing_before_next_label,No accepted value for depth_formation_strength_mmd,334.0
2394,reports,depth_formation_strength_mtvd,info,value_missing_before_next_label,No accepted value for depth_formation_strength_mtvd,334.0
2395,reports,plug_back_depth_mmd,info,value_missing_before_next_label,No accepted value for plug_back_depth_mmd,334.0
2396,reports,pressure_test_type,info,value_missing_before_next_label,No accepted value for pressure_test_type,334.0
2397,reports,depth_current_mtvd,info,value_missing_before_next_label,No accepted value for depth_current_mtvd,335.0
2398,reports,depth_kickoff_mmd,info,value_missing_before_next_label,No accepted value for depth_kickoff_mmd,335.0
2399,reports,depth_kickoff_mtvd,info,value_missing_before_next_label,No accepted value for depth_kickoff_mtvd,335.0
2400,reports,depth_last_casing_mtvd,info,value_missing_before_next_label,No accepted value for depth_last_casing_mtvd,335.0
2401,reports,depth_formation_strength_mmd,info,value_missing_before_next_label,No accepted value for depth_formation_strength_mmd,335.0
2402,reports,depth_formation_strength_mtvd,info,value_missing_before_next_label,No accepted value for depth_formation_strength_mtvd,335.0
2403,reports,plug_back_depth_mmd,info,value_missing_before_next_label,No accepted value for plug_back_depth_mmd,335.0
2404,reports,pressure_test_type,info,value_missing_before_next_label,No accepted value for pressure_test_type,335.0
2405,reports,depth_current_mmd,warning,metadata_value_rejected,Rejected raw value '-999.99' for depth_current_mmd,336.0
2406,reports,depth_current_mtvd,info,value_missing_before_next_label,No accepted value for depth_current_mtvd,336.0
2407,reports,depth_kickoff_mmd,info,value_missing_before_next_label,No accepted value for depth_kickoff_mmd,336.0
2408,reports,depth_kickoff_mtvd,info,value_missing_before_next_label,No accepted value for depth_kickoff_mtvd,336.0
2409,reports,depth_last_casing_mtvd,info,value_missing_before_next_label,No accepted value for depth_last_casing_mtvd,336.0
2410,reports,depth_formation_strength_mmd,info,value_missing_before_next_label,No accepted value for depth_formation_strength_mmd,336.0
2411,reports,depth_formation_strength_mtvd,info,value_missing_before_next_label,No accepted value for depth_formation_strength_mtvd,336.0
2412,reports,plug_back_depth_mmd,info,value_missing_before_next_label,No accepted value for plug_back_depth_mmd,336.0
2413,reports,pressure_test_type,info,value_missing_before_next_label,No accepted value for pressure_test_type,336.0
2414,reports,depth_current_mmd,warning,metadata_value_rejected,Rejected raw value '-999.99' for depth_current_mmd,337.0
2415,reports,depth_current_mtvd,info,value_missing_before_next_label,No accepted value for depth_current_mtvd,337.0
2416,reports,depth_kickoff_mmd,info,value_missing_before_next_label,No accepted value for depth_kickoff_mmd,337.0
2417,reports,depth_kickoff_mtvd,info,value_missing_before_next_label,No accepted value for depth_kickoff_mtvd,337.0
2418,reports,depth_last_casing_mtvd,info,value_missing_before_next_label,No accepted value for depth_last_casing_mtvd,337.0
2419,reports,depth_formation_strength_mmd,info,value_missing_before_next_label,No accepted value for depth_formation_strength_mmd,337.0
2420,reports,depth_formation_strength_mtvd,info,value_missing_before_next_label,No accepted value for depth_formation_strength_mtvd,337.0
2421,reports,plug_back_depth_mmd,info,value_missing_before_next_label,No accepted value for plug_back_depth_mmd,337.0
2422,reports,pressure_test_type,info,value_missing_before_next_label,No accepted value for pressure_test_type,337.0
2423,reports,depth_current_mmd,warning,metadata_value_rejected,Rejected raw value '-999.99' for depth_current_mmd,338.0
2424,reports,depth_current_mtvd,info,value_missing_before_next_label,No accepted value for depth_current_mtvd,338.0
2425,reports,depth_kickoff_mmd,info,value_missing_before_next_label,No accepted value for depth_kickoff_mmd,338.0
2426,reports,depth_kickoff_mtvd,info,value_missing_before_next_label,No accepted value for depth_kickoff_mtvd,338.0
2427,reports,depth_last_casing_mtvd,info,value_missing_before_next_label,No accepted value for depth_last_casing_mtvd,338.0
2428,reports,depth_formation_strength_mmd,info,value_missing_before_next_label,No accepted value for depth_formation_strength_mmd,338.0
2429,reports,depth_formation_strength_mtvd,info,value_missing_before_next_label,No accepted value for depth_formation_strength_mtvd,338.0
2430,reports,plug_back_depth_mmd,info,value_missing_before_next_label,No accepted value for plug_back_depth_mmd,338.0
2431,reports,pressure_test_type,info,value_missing_before_next_label,No accepted value for pressure_test_type,338.0
2432,reports,depth_current_mmd,warning,metadata_value_rejected,Rejected raw value '-999.99' for depth_current_mmd,339.0
2433,reports,depth_current_mtvd,info,value_missing_before_next_label,No accepted value for depth_current_mtvd,339.0
2434,reports,depth_kickoff_mmd,info,value_missing_before_next_label,No accepted value for depth_kickoff_mmd,339.0
2435,reports,depth_kickoff_mtvd,info,value_missing_before_next_label,No accepted value for depth_kickoff_mtvd,339.0
2436,reports,depth_last_casing_mtvd,info,value_missing_before_next_label,No accepted value for depth_last_casing_mtvd,339.0
2437,reports,depth_formation_strength_mmd,info,value_missing_before_next_label,No accepted value for depth_formation_strength_mmd,339.0
2438,reports,depth_formation_strength_mtvd,info,value_missing_before_next_label,No accepted value for depth_formation_strength_mtvd,339.0
2439,reports,plug_back_depth_mmd,info,value_missing_before_next_label,No accepted value for plug_back_depth_mmd,339.0
2440,reports,pressure_test_type,info,value_missing_before_next_label,No accepted value for pressure_test_type,339.0
2441,reports,depth_current_mmd,warning,metadata_value_rejected,Rejected raw value '-999.99' for depth_current_mmd,340.0
2442,reports,depth_current_mtvd,info,value_missing_before_next_label,No accepted value for depth_current_mtvd,340.0
2443,reports,depth_kickoff_mmd,info,value_missing_before_next_label,No accepted value for depth_kickoff_mmd,340.0
2444,reports,depth_kickoff_mtvd,info,value_missing_before_next_label,No accepted value for depth_kickoff_mtvd,340.0
2445,reports,depth_last_casing_mtvd,info,value_missing_before_next_label,No accepted value for depth_last_casing_mtvd,340.0
2446,reports,depth_formation_strength_mmd,info,value_missing_before_next_label,No accepted value for depth_formation_strength_mmd,340.0
2447,reports,depth_formation_strength_mtvd,info,value_missing_before_next_label,No accepted value for depth_formation_strength_mtvd,340.0
2448,reports,plug_back_depth_mmd,info,value_missing_before_next_label,No accepted value for plug_back_depth_mmd,340.0
2449,reports,pressure_test_type,info,value_missing_before_next_label,No accepted value for pressure_test_type,340.0
2450,reports,depth_current_mmd,warning,metadata_value_rejected,Rejected raw value '-999.99' for depth_current_mmd,341.0
2451,reports,depth_current_mtvd,info,value_missing_before_next_label,No accepted value for depth_current_mtvd,341.0
2452,reports,depth_kickoff_mmd,info,value_missing_before_next_label,No accepted value for depth_kickoff_mmd,341.0
2453,reports,depth_kickoff_mtvd,info,value_missing_before_next_label,No accepted value for depth_kickoff_mtvd,341.0
2454,reports,depth_last_casing_mtvd,info,value_missing_before_next_label,No accepted value for depth_last_casing_mtvd,341.0
2455,reports,depth_formation_strength_mmd,info,value_missing_before_next_label,No accepted value for depth_formation_strength_mmd,341.0
2456,reports,depth_formation_strength_mtvd,info,value_missing_before_next_label,No accepted value for depth_formation_strength_mtvd,341.0
2457,reports,plug_back_depth_mmd,info,value_missing_before_next_label,No accepted value for plug_back_depth_mmd,341.0
2458,reports,pressure_test_type,info,value_missing_before_next_label,No accepted value for pressure_test_type,341.0
2459,reports,depth_current_mmd,warning,metadata_value_rejected,Rejected raw value '-999.99' for depth_current_mmd,342.0
2460,reports,depth_current_mtvd,info,value_missing_before_next_label,No accepted value for depth_current_mtvd,342.0
2461,reports,depth_kickoff_mmd,info,value_missing_before_next_label,No accepted value for depth_kickoff_mmd,342.0
2462,reports,depth_kickoff_mtvd,info,value_missing_before_next_label,No accepted value for depth_kickoff_mtvd,342.0
2463,reports,depth_last_casing_mtvd,info,value_missing_before_next_label,No accepted value for depth_last_casing_mtvd,342.0
2464,reports,depth_formation_strength_mmd,info,value_missing_before_next_label,No accepted value for depth_formation_strength_mmd,342.0
2465,reports,depth_formation_strength_mtvd,info,value_missing_before_next_label,No accepted value for depth_formation_strength_mtvd,342.0
2466,reports,plug_back_depth_mmd,info,value_missing_before_next_label,No accepted value for plug_back_depth_mmd,342.0
2467,reports,pressure_test_type,info,value_missing_before_next_label,No accepted value for pressure_test_type,342.0
2468,reports,depth_current_mmd,warning,metadata_value_rejected,Rejected raw value '-999.99' for depth_current_mmd,343.0
2469,reports,depth_current_mtvd,info,value_missing_before_next_label,No accepted value for depth_current_mtvd,343.0
2470,reports,depth_kickoff_mmd,info,value_missing_before_next_label,No accepted value for depth_kickoff_mmd,343.0
2471,reports,depth_kickoff_mtvd,info,value_missing_before_next_label,No accepted value for depth_kickoff_mtvd,343.0
2472,reports,depth_last_casing_mtvd,info,value_missing_before_next_label,No accepted value for depth_last_casing_mtvd,343.0
2473,reports,depth_formation_strength_mmd,info,value_missing_before_next_label,No accepted value for depth_formation_strength_mmd,343.0
2474,reports,depth_formation_strength_mtvd,info,value_missing_before_next_label,No accepted value for depth_formation_strength_mtvd,343.0
2475,reports,plug_back_depth_mmd,info,value_missing_before_next_label,No accepted value for plug_back_depth_mmd,343.0
2476,reports,pressure_test_type,info,value_missing_before_next_label,No accepted value for pressure_test_type,343.0
2477,reports,depth_current_mmd,warning,metadata_value_rejected,Rejected raw value '-999.99' for depth_current_mmd,344.0
2478,reports,depth_current_mtvd,info,value_missing_before_next_label,No accepted value for depth_current_mtvd,344.0
2479,reports,depth_kickoff_mmd,info,value_missing_before_next_label,No accepted value for depth_kickoff_mmd,344.0
2480,reports,depth_kickoff_mtvd,info,value_missing_before_next_label,No accepted value for depth_kickoff_mtvd,344.0
2481,reports,depth_last_casing_mtvd,info,value_missing_before_next_label,No accepted value for depth_last_casing_mtvd,344.0
2482,reports,depth_formation_strength_mmd,info,value_missing_before_next_label,No accepted value for depth_formation_strength_mmd,344.0
2483,reports,depth_formation_strength_mtvd,info,value_missing_before_next_label,No accepted value for depth_formation_strength_mtvd,344.0
2484,reports,plug_back_depth_mmd,info,value_missing_before_next_label,No accepted value for plug_back_depth_mmd,344.0
2485,reports,pressure_test_type,info,value_missing_before_next_label,No accepted value for pressure_test_type,344.0
2486,reports,depth_current_mmd,warning,metadata_value_rejected,Rejected raw value '-999.99' for depth_current_mmd,345.0
2487,reports,depth_current_mtvd,info,value_missing_before_next_label,No accepted value for depth_current_mtvd,345.0
2488,reports,depth_kickoff_mmd,info,value_missing_before_next_label,No accepted value for depth_kickoff_mmd,345.0
2489,reports,depth_kickoff_mtvd,info,value_missing_before_next_label,No accepted value for depth_kickoff_mtvd,345.0
2490,reports,depth_last_casing_mtvd,info,value_missing_before_next_label,No accepted value for depth_last_casing_mtvd,345.0
2491,reports,depth_formation_strength_mmd,info,value_missing_before_next_label,No accepted value for depth_formation_strength_mmd,345.0
2492,reports,depth_formation_strength_mtvd,info,value_missing_before_next_label,No accepted value for depth_formation_strength_mtvd,345.0
2493,reports,plug_back_depth_mmd,info,value_missing_before_next_label,No accepted value for plug_back_depth_mmd,345.0
2494,reports,pressure_test_type,info,value_missing_before_next_label,No accepted value for pressure_test_type,345.0
2495,reports,depth_current_mmd,warning,metadata_value_rejected,Rejected raw value '-999.99' for depth_current_mmd,346.0
2496,reports,depth_current_mtvd,info,value_missing_before_next_label,No accepted value for depth_current_mtvd,346.0
2497,reports,depth_kickoff_mmd,info,value_missing_before_next_label,No accepted value for depth_kickoff_mmd,346.0
2498,reports,depth_kickoff_mtvd,info,value_missing_before_next_label,No accepted value for depth_kickoff_mtvd,346.0
2499,reports,depth_last_casing_mtvd,info,value_missing_before_next_label,No accepted value for depth_last_casing_mtvd,346.0
2500,reports,depth_formation_strength_mmd,info,value_missing_before_next_label,No accepted value for depth_formation_strength_mmd,346.0
2501,reports,depth_formation_strength_mtvd,info,value_missing_before_next_label,No accepted value for depth_formation_strength_mtvd,346.0
2502,reports,plug_back_depth_mmd,info,value_missing_before_next_label,No accepted value for plug_back_depth_mmd,346.0
2503,reports,pressure_test_type,info,value_missing_before_next_label,No accepted value for pressure_test_type,346.0
2504,reports,depth_current_mmd,warning,metadata_value_rejected,Rejected raw value '-999.99' for depth_current_mmd,347.0
2505,reports,depth_current_mtvd,info,value_missing_before_next_label,No accepted value for depth_current_mtvd,347.0
2506,reports,depth_kickoff_mmd,info,value_missing_before_next_label,No accepted value for depth_kickoff_mmd,347.0
2507,reports,depth_kickoff_mtvd,info,value_missing_before_next_label,No accepted value for depth_kickoff_mtvd,347.0
2508,reports,depth_last_casing_mtvd,info,value_missing_before_next_label,No accepted value for depth_last_casing_mtvd,347.0
2509,reports,depth_formation_strength_mmd,info,value_missing_before_next_label,No accepted value for depth_formation_strength_mmd,347.0
2510,reports,depth_formation_strength_mtvd,info,value_missing_before_next_label,No accepted value for depth_formation_strength_mtvd,347.0
2511,reports,plug_back_depth_mmd,info,value_missing_before_next_label,No accepted value for plug_back_depth_mmd,347.0
2512,reports,pressure_test_type,info,value_missing_before_next_label,No accepted value for pressure_test_type,347.0
2513,reports,depth_current_mmd,warning,metadata_value_rejected,Rejected raw value '-999.99' for depth_current_mmd,348.0
2514,reports,depth_current_mtvd,info,value_missing_before_next_label,No accepted value for depth_current_mtvd,348.0
2515,reports,depth_kickoff_mmd,info,value_missing_before_next_label,No accepted value for depth_kickoff_mmd,348.0
2516,reports,depth_kickoff_mtvd,info,value_missing_before_next_label,No accepted value for depth_kickoff_mtvd,348.0
2517,reports,depth_last_casing_mtvd,info,value_missing_before_next_label,No accepted value for depth_last_casing_mtvd,348.0
2518,reports,depth_formation_strength_mmd,info,value_missing_before_next_label,No accepted value for depth_formation_strength_mmd,348.0
2519,reports,depth_formation_strength_mtvd,info,value_missing_before_next_label,No accepted value for depth_formation_strength_mtvd,348.0
2520,reports,plug_back_depth_mmd,info,value_missing_before_next_label,No accepted value for plug_back_depth_mmd,348.0
2521,reports,pressure_test_type,info,value_missing_before_next_label,No accepted value for pressure_test_type,348.0
2522,reports,depth_current_mmd,warning,metadata_value_rejected,Rejected raw value '-999.99' for depth_current_mmd,349.0
2523,reports,depth_current_mtvd,info,value_missing_before_next_label,No accepted value for depth_current_mtvd,349.0
2524,reports,depth_kickoff_mmd,info,value_missing_before_next_label,No accepted value for depth_kickoff_mmd,349.0
2525,reports,depth_kickoff_mtvd,info,value_missing_before_next_label,No accepted value for depth_kickoff_mtvd,349.0
2526,reports,depth_last_casing_mtvd,info,value_missing_before_next_label,No accepted value for depth_last_casing_mtvd,349.0
2527,reports,depth_formation_strength_mmd,info,value_missing_before_next_label,No accepted value for depth_formation_strength_mmd,349.0
2528,reports,depth_formation_strength_mtvd,info,value_missing_before_next_label,No accepted value for depth_formation_strength_mtvd,349.0
2529,reports,plug_back_depth_mmd,info,value_missing_before_next_label,No accepted value for plug_back_depth_mmd,349.0
2530,reports,pressure_test_type,info,value_missing_before_next_label,No accepted value for pressure_test_type,349.0
2531,reports,depth_current_mmd,warning,metadata_value_rejected,Rejected raw value '-999.99' for depth_current_mmd,350.0
2532,reports,depth_current_mtvd,info,value_missing_before_next_label,No accepted value for depth_current_mtvd,350.0
2533,reports,depth_kickoff_mmd,info,value_missing_before_next_label,No accepted value for depth_kickoff_mmd,350.0
2534,reports,depth_kickoff_mtvd,info,value_missing_before_next_label,No accepted value for depth_kickoff_mtvd,350.0
2535,reports,depth_last_casing_mtvd,info,value_missing_before_next_label,No accepted value for depth_last_casing_mtvd,350.0
2536,reports,depth_formation_strength_mmd,info,value_missing_before_next_label,No accepted value for depth_formation_strength_mmd,350.0
2537,reports,depth_formation_strength_mtvd,info,value_missing_before_next_label,No accepted value for depth_formation_strength_mtvd,350.0
2538,reports,plug_back_depth_mmd,info,value_missing_before_next_label,No accepted value for plug_back_depth_mmd,350.0
2539,reports,pressure_test_type,info,value_missing_before_next_label,No accepted value for pressure_test_type,350.0
2540,reports,depth_current_mmd,warning,metadata_value_rejected,Rejected raw value '-999.99' for depth_current_mmd,351.0
2541,reports,depth_current_mtvd,info,value_missing_before_next_label,No accepted value for depth_current_mtvd,351.0
2542,reports,depth_kickoff_mmd,info,value_missing_before_next_label,No accepted value for depth_kickoff_mmd,351.0
2543,reports,depth_kickoff_mtvd,info,value_missing_before_next_label,No accepted value for depth_kickoff_mtvd,351.0
2544,reports,depth_last_casing_mtvd,info,value_missing_before_next_label,No accepted value for depth_last_casing_mtvd,351.0
2545,reports,depth_formation_strength_mmd,info,value_missing_before_next_label,No accepted value for depth_formation_strength_mmd,351.0
2546,reports,depth_formation_strength_mtvd,info,value_missing_before_next_label,No accepted value for depth_formation_strength_mtvd,351.0
2547,reports,plug_back_depth_mmd,info,value_missing_before_next_label,No accepted value for plug_back_depth_mmd,351.0
2548,reports,pressure_test_type,info,value_missing_before_next_label,No accepted value for pressure_test_type,351.0
2549,reports,depth_current_mmd,warning,metadata_value_rejected,Rejected raw value '-999.99' for depth_current_mmd,352.0
2550,reports,depth_current_mtvd,info,value_missing_before_next_label,No accepted value for depth_current_mtvd,352.0
2551,reports,depth_kickoff_mmd,info,value_missing_before_next_label,No accepted value for depth_kickoff_mmd,352.0
2552,reports,depth_kickoff_mtvd,info,value_missing_before_next_label,No accepted value for depth_kickoff_mtvd,352.0
2553,reports,depth_last_casing_mtvd,info,value_missing_before_next_label,No accepted value for depth_last_casing_mtvd,352.0
2554,reports,depth_formation_strength_mmd,info,value_missing_before_next_label,No accepted value for depth_formation_strength_mmd,352.0
2555,reports,depth_formation_strength_mtvd,info,value_missing_before_next_label,No accepted value for depth_formation_strength_mtvd,352.0
2556,reports,plug_back_depth_mmd,info,value_missing_before_next_label,No accepted value for plug_back_depth_mmd,352.0
2557,reports,pressure_test_type,info,value_missing_before_next_label,No accepted value for pressure_test_type,352.0
2558,reports,depth_current_mmd,warning,metadata_value_rejected,Rejected raw value '-999.99' for depth_current_mmd,353.0
2559,reports,depth_current_mtvd,info,value_missing_before_next_label,No accepted value for depth_current_mtvd,353.0
2560,reports,depth_kickoff_mmd,info,value_missing_before_next_label,No accepted value for depth_kickoff_mmd,353.0
2561,reports,depth_kickoff_mtvd,info,value_missing_before_next_label,No accepted value for depth_kickoff_mtvd,353.0
2562,reports,depth_last_casing_mtvd,info,value_missing_before_next_label,No accepted value for depth_last_casing_mtvd,353.0
2563,reports,depth_formation_strength_mmd,info,value_missing_before_next_label,No accepted value for depth_formation_strength_mmd,353.0
2564,reports,depth_formation_strength_mtvd,info,value_missing_before_next_label,No accepted value for depth_formation_strength_mtvd,353.0
2565,reports,plug_back_depth_mmd,info,value_missing_before_next_label,No accepted value for plug_back_depth_mmd,353.0
2566,reports,pressure_test_type,info,value_missing_before_next_label,No accepted value for pressure_test_type,353.0
2567,reports,depth_current_mmd,warning,metadata_value_rejected,Rejected raw value '-999.99' for depth_current_mmd,354.0
2568,reports,depth_current_mtvd,info,value_missing_before_next_label,No accepted value for depth_current_mtvd,354.0
2569,reports,depth_kickoff_mmd,info,value_missing_before_next_label,No accepted value for depth_kickoff_mmd,354.0
2570,reports,depth_kickoff_mtvd,info,value_missing_before_next_label,No accepted value for depth_kickoff_mtvd,354.0
2571,reports,depth_last_casing_mtvd,info,value_missing_before_next_label,No accepted value for depth_last_casing_mtvd,354.0
2572,reports,depth_formation_strength_mmd,info,value_missing_before_next_label,No accepted value for depth_formation_strength_mmd,354.0
2573,reports,depth_formation_strength_mtvd,info,value_missing_before_next_label,No accepted value for depth_formation_strength_mtvd,354.0
2574,reports,plug_back_depth_mmd,info,value_missing_before_next_label,No accepted value for plug_back_depth_mmd,354.0
2575,reports,pressure_test_type,info,value_missing_before_next_label,No accepted value for pressure_test_type,354.0
2576,reports,depth_kickoff_mmd,info,value_missing_before_next_label,No accepted value for depth_kickoff_mmd,355.0
2577,reports,depth_kickoff_mtvd,info,value_missing_before_next_label,No accepted value for depth_kickoff_mtvd,355.0
2578,reports,depth_last_casing_mtvd,info,value_missing_before_next_label,No accepted value for depth_last_casing_mtvd,355.0
2579,reports,depth_formation_strength_mmd,info,value_missing_before_next_label,No accepted value for depth_formation_strength_mmd,355.0
2580,reports,depth_formation_strength_mtvd,info,value_missing_before_next_label,No accepted value for depth_formation_strength_mtvd,355.0
2581,reports,pressure_test_type,info,value_missing_before_next_label,No accepted value for pressure_test_type,355.0
2582,reports,depth_kickoff_mmd,info,value_missing_before_next_label,No accepted value for depth_kickoff_mmd,356.0
2583,reports,depth_kickoff_mtvd,info,value_missing_before_next_label,No accepted value for depth_kickoff_mtvd,356.0
2584,reports,depth_last_casing_mtvd,info,value_missing_before_next_label,No accepted value for depth_last_casing_mtvd,356.0
2585,reports,depth_formation_strength_mmd,info,value_missing_before_next_label,No accepted value for depth_formation_strength_mmd,356.0
2586,reports,depth_formation_strength_mtvd,info,value_missing_before_next_label,No accepted value for depth_formation_strength_mtvd,356.0
2587,reports,pressure_test_type,info,value_missing_before_next_label,No accepted value for pressure_test_type,356.0
2588,reports,depth_kickoff_mmd,info,value_missing_before_next_label,No accepted value for depth_kickoff_mmd,357.0
2589,reports,depth_kickoff_mtvd,info,value_missing_before_next_label,No accepted value for depth_kickoff_mtvd,357.0
2590,reports,depth_last_casing_mtvd,info,value_missing_before_next_label,No accepted value for depth_last_casing_mtvd,357.0
2591,reports,depth_formation_strength_mmd,info,value_missing_before_next_label,No accepted value for depth_formation_strength_mmd,357.0
2592,reports,depth_formation_strength_mtvd,info,value_missing_before_next_label,No accepted value for depth_formation_strength_mtvd,357.0
2593,reports,pressure_test_type,info,value_missing_before_next_label,No accepted value for pressure_test_type,357.0
2594,reports,depth_kickoff_mmd,info,value_missing_before_next_label,No accepted value for depth_kickoff_mmd,358.0
2595,reports,depth_kickoff_mtvd,info,value_missing_before_next_label,No accepted value for depth_kickoff_mtvd,358.0
2596,reports,depth_last_casing_mtvd,info,value_missing_before_next_label,No accepted value for depth_last_casing_mtvd,358.0
2597,reports,depth_formation_strength_mmd,info,value_missing_before_next_label,No accepted value for depth_formation_strength_mmd,358.0
2598,reports,depth_formation_strength_mtvd,info,value_missing_before_next_label,No accepted value for depth_formation_strength_mtvd,358.0
2599,reports,pressure_test_type,info,value_missing_before_next_label,No accepted value for pressure_test_type,358.0
2600,drilling_fluid,,warning,partial_fluid_row,Partial drilling fluid row retained at row offset 2,358.0
2601,reports,depth_kickoff_mmd,info,value_missing_before_next_label,No accepted value for depth_kickoff_mmd,359.0
2602,reports,depth_kickoff_mtvd,info,value_missing_before_next_label,No accepted value for depth_kickoff_mtvd,359.0
2603,reports,depth_last_casing_mtvd,info,value_missing_before_next_label,No accepted value for depth_last_casing_mtvd,359.0
2604,reports,depth_formation_strength_mmd,info,value_missing_before_next_label,No accepted value for depth_formation_strength_mmd,359.0
2605,reports,depth_formation_strength_mtvd,info,value_missing_before_next_label,No accepted value for depth_formation_strength_mtvd,359.0
2606,reports,pressure_test_type,info,value_missing_before_next_label,No accepted value for pressure_test_type,359.0
2607,drilling_fluid,,warning,partial_fluid_row,Partial drilling fluid row retained at row offset 2,359.0
2608,reports,depth_kickoff_mmd,info,value_missing_before_next_label,No accepted value for depth_kickoff_mmd,360.0
2609,reports,depth_kickoff_mtvd,info,value_missing_before_next_label,No accepted value for depth_kickoff_mtvd,360.0
2610,reports,depth_last_casing_mtvd,info,value_missing_before_next_label,No accepted value for depth_last_casing_mtvd,360.0
2611,reports,depth_formation_strength_mmd,info,value_missing_before_next_label,No accepted value for depth_formation_strength_mmd,360.0
2612,reports,depth_formation_strength_mtvd,info,value_missing_before_next_label,No accepted value for depth_formation_strength_mtvd,360.0
2613,reports,pressure_test_type,info,value_missing_before_next_label,No accepted value for pressure_test_type,360.0
2614,drilling_fluid,,warning,partial_fluid_row,Partial drilling fluid row retained at row offset 2,360.0
2615,reports,depth_kickoff_mmd,info,value_missing_before_next_label,No accepted value for depth_kickoff_mmd,361.0
2616,reports,depth_kickoff_mtvd,info,value_missing_before_next_label,No accepted value for depth_kickoff_mtvd,361.0
2617,reports,depth_last_casing_mmd,info,value_missing_before_next_label,No accepted value for depth_last_casing_mmd,361.0
2618,reports,depth_last_casing_mtvd,info,value_missing_before_next_label,No accepted value for depth_last_casing_mtvd,361.0
2619,reports,depth_formation_strength_mmd,info,value_missing_before_next_label,No accepted value for depth_formation_strength_mmd,361.0
2620,reports,depth_formation_strength_mtvd,info,value_missing_before_next_label,No accepted value for depth_formation_strength_mtvd,361.0
2621,reports,pressure_test_type,info,value_missing_before_next_label,No accepted value for pressure_test_type,361.0
2622,drilling_fluid,,warning,partial_fluid_row,Partial drilling fluid row retained at row offset 2,361.0
2623,reports,depth_kickoff_mmd,info,value_missing_before_next_label,No accepted value for depth_kickoff_mmd,362.0
2624,reports,depth_kickoff_mtvd,info,value_missing_before_next_label,No accepted value for depth_kickoff_mtvd,362.0
2625,reports,depth_last_casing_mtvd,info,value_missing_before_next_label,No accepted value for depth_last_casing_mtvd,362.0
2626,reports,depth_formation_strength_mmd,info,value_missing_before_next_label,No accepted value for depth_formation_strength_mmd,362.0
2627,reports,depth_formation_strength_mtvd,info,value_missing_before_next_label,No accepted value for depth_formation_strength_mtvd,362.0
2628,reports,pressure_test_type,info,value_missing_before_next_label,No accepted value for pressure_test_type,362.0
2629,drilling_fluid,,warning,partial_fluid_row,Partial drilling fluid row retained at row offset 2,362.0
2630,reports,depth_kickoff_mmd,info,value_missing_before_next_label,No accepted value for depth_kickoff_mmd,363.0
2631,reports,depth_kickoff_mtvd,info,value_missing_before_next_label,No accepted value for depth_kickoff_mtvd,363.0
2632,reports,depth_last_casing_mmd,info,value_missing_before_next_label,No accepted value for depth_last_casing_mmd,363.0
2633,reports,depth_last_casing_mtvd,info,value_missing_before_next_label,No accepted value for depth_last_casing_mtvd,363.0
2634,reports,depth_formation_strength_mmd,info,value_missing_before_next_label,No accepted value for depth_formation_strength_mmd,363.0
2635,reports,depth_formation_strength_mtvd,info,value_missing_before_next_label,No accepted value for depth_formation_strength_mtvd,363.0
2636,reports,pressure_test_type,info,value_missing_before_next_label,No accepted value for pressure_test_type,363.0
2637,drilling_fluid,,warning,partial_fluid_row,Partial drilling fluid row retained at row offset 2,363.0
2638,reports,depth_kickoff_mmd,info,value_missing_before_next_label,No accepted value for depth_kickoff_mmd,364.0
2639,reports,depth_kickoff_mtvd,info,value_missing_before_next_label,No accepted value for depth_kickoff_mtvd,364.0
2640,reports,depth_last_casing_mtvd,info,value_missing_before_next_label,No accepted value for depth_last_casing_mtvd,364.0
2641,reports,depth_formation_strength_mmd,info,value_missing_before_next_label,No accepted value for depth_formation_strength_mmd,364.0
2642,reports,depth_formation_strength_mtvd,info,value_missing_before_next_label,No accepted value for depth_formation_strength_mtvd,364.0
2643,reports,pressure_test_type,info,value_missing_before_next_label,No accepted value for pressure_test_type,364.0
2644,drilling_fluid,,warning,partial_fluid_row,Partial drilling fluid row retained at row offset 2,364.0
2645,reports,depth_kickoff_mmd,info,value_missing_before_next_label,No accepted value for depth_kickoff_mmd,365.0
2646,reports,depth_kickoff_mtvd,info,value_missing_before_next_label,No accepted value for depth_kickoff_mtvd,365.0
2647,reports,depth_last_casing_mtvd,info,value_missing_before_next_label,No accepted value for depth_last_casing_mtvd,365.0
2648,reports,depth_formation_strength_mmd,info,value_missing_before_next_label,No accepted value for depth_formation_strength_mmd,365.0
2649,reports,depth_formation_strength_mtvd,info,value_missing_before_next_label,No accepted value for depth_formation_strength_mtvd,365.0
2650,reports,pressure_test_type,info,value_missing_before_next_label,No accepted value for pressure_test_type,365.0
2651,reports,drilling_contractor,info,value_missing_before_next_label,No accepted value for drilling_contractor,366.0
2652,reports,depth_current_mmd,warning,metadata_value_rejected,Rejected raw value '-999.99' for depth_current_mmd,366.0
2653,reports,depth_current_mtvd,info,value_missing_before_next_label,No accepted value for depth_current_mtvd,366.0
2654,reports,depth_kickoff_mmd,info,value_missing_before_next_label,No accepted value for depth_kickoff_mmd,366.0
2655,reports,depth_kickoff_mtvd,info,value_missing_before_next_label,No accepted value for depth_kickoff_mtvd,366.0
2656,reports,depth_last_casing_mtvd,info,value_missing_before_next_label,No accepted value for depth_last_casing_mtvd,366.0
2657,reports,depth_formation_strength_mmd,info,value_missing_before_next_label,No accepted value for depth_formation_strength_mmd,366.0
2658,reports,depth_formation_strength_mtvd,info,value_missing_before_next_label,No accepted value for depth_formation_strength_mtvd,366.0
2659,reports,pressure_test_type,info,value_missing_before_next_label,No accepted value for pressure_test_type,366.0
2660,reports,drilling_contractor,info,value_missing_before_next_label,No accepted value for drilling_contractor,367.0
2661,reports,depth_current_mmd,warning,metadata_value_rejected,Rejected raw value '-999.99' for depth_current_mmd,367.0
2662,reports,depth_current_mtvd,info,value_missing_before_next_label,No accepted value for depth_current_mtvd,367.0
2663,reports,depth_kickoff_mmd,info,value_missing_before_next_label,No accepted value for depth_kickoff_mmd,367.0
2664,reports,depth_kickoff_mtvd,info,value_missing_before_next_label,No accepted value for depth_kickoff_mtvd,367.0
2665,reports,depth_last_casing_mtvd,info,value_missing_before_next_label,No accepted value for depth_last_casing_mtvd,367.0
2666,reports,depth_formation_strength_mmd,info,value_missing_before_next_label,No accepted value for depth_formation_strength_mmd,367.0
2667,reports,depth_formation_strength_mtvd,info,value_missing_before_next_label,No accepted value for depth_formation_strength_mtvd,367.0
2668,reports,plug_back_depth_mmd,info,value_missing_before_next_label,No accepted value for plug_back_depth_mmd,367.0
2669,reports,pressure_test_type,info,value_missing_before_next_label,No accepted value for pressure_test_type,367.0
2670,reports,drilling_contractor,info,value_missing_before_next_label,No accepted value for drilling_contractor,368.0
2671,reports,depth_current_mmd,warning,metadata_value_rejected,Rejected raw value '-999.99' for depth_current_mmd,368.0
2672,reports,depth_current_mtvd,info,value_missing_before_next_label,No accepted value for depth_current_mtvd,368.0
2673,reports,depth_kickoff_mmd,info,value_missing_before_next_label,No accepted value for depth_kickoff_mmd,368.0
2674,reports,depth_kickoff_mtvd,info,value_missing_before_next_label,No accepted value for depth_kickoff_mtvd,368.0
2675,reports,depth_last_casing_mtvd,info,value_missing_before_next_label,No accepted value for depth_last_casing_mtvd,368.0
2676,reports,depth_formation_strength_mmd,info,value_missing_before_next_label,No accepted value for depth_formation_strength_mmd,368.0
2677,reports,depth_formation_strength_mtvd,info,value_missing_before_next_label,No accepted value for depth_formation_strength_mtvd,368.0
2678,reports,plug_back_depth_mmd,info,value_missing_before_next_label,No accepted value for plug_back_depth_mmd,368.0
2679,reports,pressure_test_type,info,value_missing_before_next_label,No accepted value for pressure_test_type,368.0
2680,reports,drilling_contractor,info,value_missing_before_next_label,No accepted value for drilling_contractor,369.0
2681,reports,depth_current_mmd,warning,metadata_value_rejected,Rejected raw value '-999.99' for depth_current_mmd,369.0
2682,reports,depth_current_mtvd,info,value_missing_before_next_label,No accepted value for depth_current_mtvd,369.0
2683,reports,depth_kickoff_mmd,info,value_missing_before_next_label,No accepted value for depth_kickoff_mmd,369.0
2684,reports,depth_kickoff_mtvd,info,value_missing_before_next_label,No accepted value for depth_kickoff_mtvd,369.0
2685,reports,depth_last_casing_mtvd,info,value_missing_before_next_label,No accepted value for depth_last_casing_mtvd,369.0
2686,reports,depth_formation_strength_mmd,info,value_missing_before_next_label,No accepted value for depth_formation_strength_mmd,369.0
2687,reports,depth_formation_strength_mtvd,info,value_missing_before_next_label,No accepted value for depth_formation_strength_mtvd,369.0
2688,reports,plug_back_depth_mmd,info,value_missing_before_next_label,No accepted value for plug_back_depth_mmd,369.0
2689,reports,pressure_test_type,info,value_missing_before_next_label,No accepted value for pressure_test_type,369.0
2690,reports,drilling_contractor,info,value_missing_before_next_label,No accepted value for drilling_contractor,370.0
2691,reports,depth_current_mmd,warning,metadata_value_rejected,Rejected raw value '-999.99' for depth_current_mmd,370.0
2692,reports,depth_current_mtvd,info,value_missing_before_next_label,No accepted value for depth_current_mtvd,370.0
2693,reports,depth_kickoff_mmd,info,value_missing_before_next_label,No accepted value for depth_kickoff_mmd,370.0
2694,reports,depth_kickoff_mtvd,info,value_missing_before_next_label,No accepted value for depth_kickoff_mtvd,370.0
2695,reports,depth_last_casing_mmd,info,value_missing_before_next_label,No accepted value for depth_last_casing_mmd,370.0
2696,reports,depth_last_casing_mtvd,info,value_missing_before_next_label,No accepted value for depth_last_casing_mtvd,370.0
2697,reports,depth_formation_strength_mmd,info,value_missing_before_next_label,No accepted value for depth_formation_strength_mmd,370.0
2698,reports,depth_formation_strength_mtvd,info,value_missing_before_next_label,No accepted value for depth_formation_strength_mtvd,370.0
2699,reports,plug_back_depth_mmd,info,value_missing_before_next_label,No accepted value for plug_back_depth_mmd,370.0
2700,reports,pressure_test_type,info,value_missing_before_next_label,No accepted value for pressure_test_type,370.0
2701,reports,drilling_contractor,info,value_missing_before_next_label,No accepted value for drilling_contractor,371.0
2702,reports,depth_current_mmd,warning,metadata_value_rejected,Rejected raw value '-999.99' for depth_current_mmd,371.0
2703,reports,depth_current_mtvd,info,value_missing_before_next_label,No accepted value for depth_current_mtvd,371.0
2704,reports,depth_kickoff_mmd,info,value_missing_before_next_label,No accepted value for depth_kickoff_mmd,371.0
2705,reports,depth_kickoff_mtvd,info,value_missing_before_next_label,No accepted value for depth_kickoff_mtvd,371.0
2706,reports,depth_last_casing_mtvd,info,value_missing_before_next_label,No accepted value for depth_last_casing_mtvd,371.0
2707,reports,depth_formation_strength_mmd,info,value_missing_before_next_label,No accepted value for depth_formation_strength_mmd,371.0
2708,reports,depth_formation_strength_mtvd,info,value_missing_before_next_label,No accepted value for depth_formation_strength_mtvd,371.0
2709,reports,plug_back_depth_mmd,info,value_missing_before_next_label,No accepted value for plug_back_depth_mmd,371.0
2710,reports,pressure_test_type,info,value_missing_before_next_label,No accepted value for pressure_test_type,371.0
2711,drilling_fluid,,warning,partial_fluid_row,Partial drilling fluid row retained at row offset 3,371.0
2712,drilling_fluid,,warning,partial_fluid_row,Partial drilling fluid row retained at row offset 4,371.0
2713,reports,drilling_contractor,info,value_missing_before_next_label,No accepted value for drilling_contractor,372.0
2714,reports,depth_current_mmd,warning,metadata_value_rejected,Rejected raw value '-999.99' for depth_current_mmd,372.0
2715,reports,depth_current_mtvd,info,value_missing_before_next_label,No accepted value for depth_current_mtvd,372.0
2716,reports,depth_kickoff_mmd,info,value_missing_before_next_label,No accepted value for depth_kickoff_mmd,372.0
2717,reports,depth_kickoff_mtvd,info,value_missing_before_next_label,No accepted value for depth_kickoff_mtvd,372.0
2718,reports,depth_last_casing_mtvd,info,value_missing_before_next_label,No accepted value for depth_last_casing_mtvd,372.0
2719,reports,depth_formation_strength_mmd,info,value_missing_before_next_label,No accepted value for depth_formation_strength_mmd,372.0
2720,reports,depth_formation_strength_mtvd,info,value_missing_before_next_label,No accepted value for depth_formation_strength_mtvd,372.0
2721,reports,plug_back_depth_mmd,info,value_missing_before_next_label,No accepted value for plug_back_depth_mmd,372.0
2722,reports,pressure_test_type,info,value_missing_before_next_label,No accepted value for pressure_test_type,372.0
2723,drilling_fluid,,warning,partial_fluid_row,Partial drilling fluid row retained at row offset 4,372.0
2724,drilling_fluid,,warning,partial_fluid_row,Partial drilling fluid row retained at row offset 5,372.0
2725,drilling_fluid,,warning,partial_fluid_row,Partial drilling fluid row retained at row offset 6,372.0
2726,reports,drilling_contractor,info,value_missing_before_next_label,No accepted value for drilling_contractor,373.0
2727,reports,depth_current_mmd,warning,metadata_value_rejected,Rejected raw value '-999.99' for depth_current_mmd,373.0
2728,reports,depth_current_mtvd,info,value_missing_before_next_label,No accepted value for depth_current_mtvd,373.0
2729,reports,depth_kickoff_mmd,info,value_missing_before_next_label,No accepted value for depth_kickoff_mmd,373.0
2730,reports,depth_kickoff_mtvd,info,value_missing_before_next_label,No accepted value for depth_kickoff_mtvd,373.0
2731,reports,depth_last_casing_mmd,info,value_missing_before_next_label,No accepted value for depth_last_casing_mmd,373.0
2732,reports,depth_last_casing_mtvd,info,value_missing_before_next_label,No accepted value for depth_last_casing_mtvd,373.0
2733,reports,depth_formation_strength_mmd,info,value_missing_before_next_label,No accepted value for depth_formation_strength_mmd,373.0
2734,reports,depth_formation_strength_mtvd,info,value_missing_before_next_label,No accepted value for depth_formation_strength_mtvd,373.0
2735,reports,pressure_test_type,info,value_missing_before_next_label,No accepted value for pressure_test_type,373.0
2736,reports,drilling_contractor,info,value_missing_before_next_label,No accepted value for drilling_contractor,374.0
2737,reports,depth_current_mmd,warning,metadata_value_rejected,Rejected raw value '-999.99' for depth_current_mmd,374.0
2738,reports,depth_current_mtvd,info,value_missing_before_next_label,No accepted value for depth_current_mtvd,374.0
2739,reports,depth_kickoff_mmd,info,value_missing_before_next_label,No accepted value for depth_kickoff_mmd,374.0
2740,reports,depth_kickoff_mtvd,info,value_missing_before_next_label,No accepted value for depth_kickoff_mtvd,374.0
2741,reports,depth_last_casing_mtvd,info,value_missing_before_next_label,No accepted value for depth_last_casing_mtvd,374.0
2742,reports,depth_formation_strength_mmd,info,value_missing_before_next_label,No accepted value for depth_formation_strength_mmd,374.0
2743,reports,depth_formation_strength_mtvd,info,value_missing_before_next_label,No accepted value for depth_formation_strength_mtvd,374.0
2744,reports,pressure_test_type,info,value_missing_before_next_label,No accepted value for pressure_test_type,374.0
2745,reports,drilling_contractor,info,value_missing_before_next_label,No accepted value for drilling_contractor,375.0
2746,reports,depth_current_mmd,warning,metadata_value_rejected,Rejected raw value '-999.99' for depth_current_mmd,375.0
2747,reports,depth_current_mtvd,info,value_missing_before_next_label,No accepted value for depth_current_mtvd,375.0
2748,reports,depth_kickoff_mmd,info,value_missing_before_next_label,No accepted value for depth_kickoff_mmd,375.0
2749,reports,depth_kickoff_mtvd,info,value_missing_before_next_label,No accepted value for depth_kickoff_mtvd,375.0
2750,reports,depth_last_casing_mmd,info,value_missing_before_next_label,No accepted value for depth_last_casing_mmd,375.0
2751,reports,depth_last_casing_mtvd,info,value_missing_before_next_label,No accepted value for depth_last_casing_mtvd,375.0
2752,reports,depth_formation_strength_mmd,info,value_missing_before_next_label,No accepted value for depth_formation_strength_mmd,375.0
2753,reports,depth_formation_strength_mtvd,info,value_missing_before_next_label,No accepted value for depth_formation_strength_mtvd,375.0
2754,reports,pressure_test_type,info,value_missing_before_next_label,No accepted value for pressure_test_type,375.0
2755,reports,depth_kickoff_mmd,info,value_missing_before_next_label,No accepted value for depth_kickoff_mmd,376.0
2756,reports,depth_kickoff_mtvd,info,value_missing_before_next_label,No accepted value for depth_kickoff_mtvd,376.0
2757,reports,depth_last_casing_mmd,info,value_missing_before_next_label,No accepted value for depth_last_casing_mmd,376.0
2758,reports,depth_last_casing_mtvd,info,value_missing_before_next_label,No accepted value for depth_last_casing_mtvd,376.0
2759,reports,plug_back_depth_mmd,info,value_missing_before_next_label,No accepted value for plug_back_depth_mmd,376.0
2760,reports,pressure_test_type,info,value_missing_before_next_label,No accepted value for pressure_test_type,376.0
2761,drilling_fluid,,warning,partial_fluid_row,Partial drilling fluid row retained at row offset 2,376.0
2762,reports,depth_kickoff_mmd,info,value_missing_before_next_label,No accepted value for depth_kickoff_mmd,377.0
2763,reports,depth_kickoff_mtvd,info,value_missing_before_next_label,No accepted value for depth_kickoff_mtvd,377.0
2764,reports,plug_back_depth_mmd,info,value_missing_before_next_label,No accepted value for plug_back_depth_mmd,377.0
2765,reports,pressure_test_type,info,value_missing_before_next_label,No accepted value for pressure_test_type,377.0
2766,drilling_fluid,,warning,partial_fluid_row,Partial drilling fluid row retained at row offset 2,377.0
2767,reports,depth_kickoff_mmd,info,value_missing_before_next_label,No accepted value for depth_kickoff_mmd,378.0
2768,reports,depth_kickoff_mtvd,info,value_missing_before_next_label,No accepted value for depth_kickoff_mtvd,378.0
2769,reports,plug_back_depth_mmd,info,value_missing_before_next_label,No accepted value for plug_back_depth_mmd,378.0
2770,reports,pressure_test_type,info,value_missing_before_next_label,No accepted value for pressure_test_type,378.0
2771,drilling_fluid,,warning,partial_fluid_row,Partial drilling fluid row retained at row offset 2,378.0
2772,reports,depth_kickoff_mmd,info,value_missing_before_next_label,No accepted value for depth_kickoff_mmd,379.0
2773,reports,depth_kickoff_mtvd,info,value_missing_before_next_label,No accepted value for depth_kickoff_mtvd,379.0
2774,reports,plug_back_depth_mmd,info,value_missing_before_next_label,No accepted value for plug_back_depth_mmd,379.0
2775,reports,pressure_test_type,info,value_missing_before_next_label,No accepted value for pressure_test_type,379.0
2776,drilling_fluid,,warning,partial_fluid_row,Partial drilling fluid row retained at row offset 11,379.0
2777,drilling_fluid,,warning,partial_fluid_row,Partial drilling fluid row retained at row offset 12,379.0
2778,drilling_fluid,,warning,partial_fluid_row,Partial drilling fluid row retained at row offset 14,379.0
2779,drilling_fluid,,warning,partial_fluid_row,Partial drilling fluid row retained at row offset 15,379.0
2780,drilling_fluid,,warning,partial_fluid_row,Partial drilling fluid row retained at row offset 23,379.0
2781,drilling_fluid,,warning,partial_fluid_row,Partial drilling fluid row retained at row offset 24,379.0
2782,drilling_fluid,,warning,partial_fluid_row,Partial drilling fluid row retained at row offset 27,379.0
2783,drilling_fluid,,warning,partial_fluid_row,Partial drilling fluid row retained at row offset 28,379.0
2784,drilling_fluid,,warning,partial_fluid_row,Partial drilling fluid row retained at row offset 30,379.0
2785,drilling_fluid,,warning,partial_fluid_row,Partial drilling fluid row retained at row offset 31,379.0
2786,drilling_fluid,,warning,partial_fluid_row,Partial drilling fluid row retained at row offset 33,379.0
2787,drilling_fluid,,warning,partial_fluid_row,Partial drilling fluid row retained at row offset 34,379.0
2788,drilling_fluid,,warning,partial_fluid_row,Partial drilling fluid row retained at row offset 36,379.0
2789,drilling_fluid,,warning,partial_fluid_row,Partial drilling fluid row retained at row offset 37,379.0
2790,drilling_fluid,,warning,partial_fluid_row,Partial drilling fluid row retained at row offset 39,379.0
2791,drilling_fluid,,warning,partial_fluid_row,Partial drilling fluid row retained at row offset 40,379.0
2792,drilling_fluid,,warning,partial_fluid_row,Partial drilling fluid row retained at row offset 42,379.0
2793,drilling_fluid,,warning,partial_fluid_row,Partial drilling fluid row retained at row offset 43,379.0
2794,drilling_fluid,,warning,partial_fluid_row,Partial drilling fluid row retained at row offset 45,379.0
2795,drilling_fluid,,warning,partial_fluid_row,Partial drilling fluid row retained at row offset 46,379.0
2796,reports,depth_kickoff_mmd,info,value_missing_before_next_label,No accepted value for depth_kickoff_mmd,380.0
2797,reports,depth_kickoff_mtvd,info,value_missing_before_next_label,No accepted value for depth_kickoff_mtvd,380.0
2798,reports,plug_back_depth_mmd,info,value_missing_before_next_label,No accepted value for plug_back_depth_mmd,380.0
2799,reports,pressure_test_type,info,value_missing_before_next_label,No accepted value for pressure_test_type,380.0
2800,reports,depth_kickoff_mmd,info,value_missing_before_next_label,No accepted value for depth_kickoff_mmd,381.0
2801,reports,depth_kickoff_mtvd,info,value_missing_before_next_label,No accepted value for depth_kickoff_mtvd,381.0
2802,reports,plug_back_depth_mmd,info,value_missing_before_next_label,No accepted value for plug_back_depth_mmd,381.0
2803,reports,pressure_test_type,info,value_missing_before_next_label,No accepted value for pressure_test_type,381.0
2804,reports,depth_kickoff_mmd,info,value_missing_before_next_label,No accepted value for depth_kickoff_mmd,382.0
2805,reports,depth_kickoff_mtvd,info,value_missing_before_next_label,No accepted value for depth_kickoff_mtvd,382.0
2806,reports,plug_back_depth_mmd,info,value_missing_before_next_label,No accepted value for plug_back_depth_mmd,382.0
2807,reports,pressure_test_type,info,value_missing_before_next_label,No accepted value for pressure_test_type,382.0
2808,reports,depth_kickoff_mmd,info,value_missing_before_next_label,No accepted value for depth_kickoff_mmd,383.0
2809,reports,depth_kickoff_mtvd,info,value_missing_before_next_label,No accepted value for depth_kickoff_mtvd,383.0
2810,reports,plug_back_depth_mmd,info,value_missing_before_next_label,No accepted value for plug_back_depth_mmd,383.0
2811,reports,pressure_test_type,info,value_missing_before_next_label,No accepted value for pressure_test_type,383.0
2812,reports,depth_kickoff_mmd,info,value_missing_before_next_label,No accepted value for depth_kickoff_mmd,384.0
2813,reports,depth_kickoff_mtvd,info,value_missing_before_next_label,No accepted value for depth_kickoff_mtvd,384.0
2814,reports,plug_back_depth_mmd,info,value_missing_before_next_label,No accepted value for plug_back_depth_mmd,384.0
2815,reports,pressure_test_type,info,value_missing_before_next_label,No accepted value for pressure_test_type,384.0
2816,reports,depth_kickoff_mmd,info,value_missing_before_next_label,No accepted value for depth_kickoff_mmd,385.0
2817,reports,depth_kickoff_mtvd,info,value_missing_before_next_label,No accepted value for depth_kickoff_mtvd,385.0
2818,reports,plug_back_depth_mmd,info,value_missing_before_next_label,No accepted value for plug_back_depth_mmd,385.0
2819,reports,pressure_test_type,info,value_missing_before_next_label,No accepted value for pressure_test_type,385.0
2820,reports,depth_kickoff_mmd,info,value_missing_before_next_label,No accepted value for depth_kickoff_mmd,386.0
2821,reports,depth_kickoff_mtvd,info,value_missing_before_next_label,No accepted value for depth_kickoff_mtvd,386.0
2822,reports,plug_back_depth_mmd,info,value_missing_before_next_label,No accepted value for plug_back_depth_mmd,386.0
2823,reports,pressure_test_type,info,value_missing_before_next_label,No accepted value for pressure_test_type,386.0
2824,reports,depth_kickoff_mmd,info,value_missing_before_next_label,No accepted value for depth_kickoff_mmd,387.0
2825,reports,depth_kickoff_mtvd,info,value_missing_before_next_label,No accepted value for depth_kickoff_mtvd,387.0
2826,reports,plug_back_depth_mmd,info,value_missing_before_next_label,No accepted value for plug_back_depth_mmd,387.0
2827,reports,pressure_test_type,info,value_missing_before_next_label,No accepted value for pressure_test_type,387.0
2828,reports,depth_kickoff_mmd,info,value_missing_before_next_label,No accepted value for depth_kickoff_mmd,388.0
2829,reports,depth_kickoff_mtvd,info,value_missing_before_next_label,No accepted value for depth_kickoff_mtvd,388.0
2830,reports,plug_back_depth_mmd,info,value_missing_before_next_label,No accepted value for plug_back_depth_mmd,388.0
2831,reports,pressure_test_type,info,value_missing_before_next_label,No accepted value for pressure_test_type,388.0
2832,reports,depth_kickoff_mmd,info,value_missing_before_next_label,No accepted value for depth_kickoff_mmd,389.0
2833,reports,depth_kickoff_mtvd,info,value_missing_before_next_label,No accepted value for depth_kickoff_mtvd,389.0
2834,reports,plug_back_depth_mmd,info,value_missing_before_next_label,No accepted value for plug_back_depth_mmd,389.0
2835,reports,pressure_test_type,info,value_missing_before_next_label,No accepted value for pressure_test_type,389.0
2836,reports,depth_kickoff_mmd,info,value_missing_before_next_label,No accepted value for depth_kickoff_mmd,390.0
2837,reports,depth_kickoff_mtvd,info,value_missing_before_next_label,No accepted value for depth_kickoff_mtvd,390.0
2838,reports,pressure_test_type,info,value_missing_before_next_label,No accepted value for pressure_test_type,390.0
2839,drilling_fluid,,warning,partial_fluid_row,Partial drilling fluid row retained at row offset 8,390.0
2840,reports,depth_kickoff_mmd,info,value_missing_before_next_label,No accepted value for depth_kickoff_mmd,391.0
2841,reports,depth_kickoff_mtvd,info,value_missing_before_next_label,No accepted value for depth_kickoff_mtvd,391.0
2842,reports,pressure_test_type,info,value_missing_before_next_label,No accepted value for pressure_test_type,391.0
2843,drilling_fluid,,warning,partial_fluid_row,Partial drilling fluid row retained at row offset 9,391.0
2844,drilling_fluid,,warning,partial_fluid_row,Partial drilling fluid row retained at row offset 10,391.0
2845,reports,depth_kickoff_mmd,info,value_missing_before_next_label,No accepted value for depth_kickoff_mmd,392.0
2846,reports,depth_kickoff_mtvd,info,value_missing_before_next_label,No accepted value for depth_kickoff_mtvd,392.0
2847,reports,plug_back_depth_mmd,info,value_missing_before_next_label,No accepted value for plug_back_depth_mmd,392.0
2848,drilling_fluid,,warning,partial_fluid_row,Partial drilling fluid row retained at row offset 10,392.0
2849,drilling_fluid,,warning,partial_fluid_row,Partial drilling fluid row retained at row offset 11,392.0
2850,drilling_fluid,,warning,partial_fluid_row,Partial drilling fluid row retained at row offset 12,392.0
2851,reports,depth_kickoff_mmd,info,value_missing_before_next_label,No accepted value for depth_kickoff_mmd,393.0
2852,reports,depth_kickoff_mtvd,info,value_missing_before_next_label,No accepted value for depth_kickoff_mtvd,393.0
2853,reports,plug_back_depth_mmd,info,value_missing_before_next_label,No accepted value for plug_back_depth_mmd,393.0
2854,drilling_fluid,,warning,partial_fluid_row,Partial drilling fluid row retained at row offset 9,393.0
2855,drilling_fluid,,warning,partial_fluid_row,Partial drilling fluid row retained at row offset 10,393.0
2856,reports,depth_kickoff_mmd,info,value_missing_before_next_label,No accepted value for depth_kickoff_mmd,394.0
2857,reports,depth_kickoff_mtvd,info,value_missing_before_next_label,No accepted value for depth_kickoff_mtvd,394.0
2858,reports,plug_back_depth_mmd,info,value_missing_before_next_label,No accepted value for plug_back_depth_mmd,394.0
2859,drilling_fluid,,warning,partial_fluid_row,Partial drilling fluid row retained at row offset 11,394.0
2860,drilling_fluid,,warning,partial_fluid_row,Partial drilling fluid row retained at row offset 12,394.0
2861,drilling_fluid,,warning,partial_fluid_row,Partial drilling fluid row retained at row offset 13,394.0
2862,drilling_fluid,,warning,partial_fluid_row,Partial drilling fluid row retained at row offset 14,394.0
2863,reports,depth_kickoff_mmd,info,value_missing_before_next_label,No accepted value for depth_kickoff_mmd,395.0
2864,reports,depth_kickoff_mtvd,info,value_missing_before_next_label,No accepted value for depth_kickoff_mtvd,395.0
2865,reports,plug_back_depth_mmd,info,value_missing_before_next_label,No accepted value for plug_back_depth_mmd,395.0
2866,drilling_fluid,,warning,partial_fluid_row,Partial drilling fluid row retained at row offset 11,395.0
2867,drilling_fluid,,warning,partial_fluid_row,Partial drilling fluid row retained at row offset 12,395.0
2868,drilling_fluid,,warning,partial_fluid_row,Partial drilling fluid row retained at row offset 13,395.0
2869,drilling_fluid,,warning,partial_fluid_row,Partial drilling fluid row retained at row offset 14,395.0
2870,reports,depth_kickoff_mmd,info,value_missing_before_next_label,No accepted value for depth_kickoff_mmd,396.0
2871,reports,depth_kickoff_mtvd,info,value_missing_before_next_label,No accepted value for depth_kickoff_mtvd,396.0
2872,reports,plug_back_depth_mmd,info,value_missing_before_next_label,No accepted value for plug_back_depth_mmd,396.0
2873,drilling_fluid,,warning,partial_fluid_row,Partial drilling fluid row retained at row offset 11,396.0
2874,drilling_fluid,,warning,partial_fluid_row,Partial drilling fluid row retained at row offset 12,396.0
2875,drilling_fluid,,warning,partial_fluid_row,Partial drilling fluid row retained at row offset 13,396.0
2876,drilling_fluid,,warning,partial_fluid_row,Partial drilling fluid row retained at row offset 14,396.0
2877,reports,depth_kickoff_mmd,info,value_missing_before_next_label,No accepted value for depth_kickoff_mmd,397.0
2878,reports,depth_kickoff_mtvd,info,value_missing_before_next_label,No accepted value for depth_kickoff_mtvd,397.0
2879,reports,plug_back_depth_mmd,info,value_missing_before_next_label,No accepted value for plug_back_depth_mmd,397.0
2880,drilling_fluid,,warning,partial_fluid_row,Partial drilling fluid row retained at row offset 11,397.0
2881,drilling_fluid,,warning,partial_fluid_row,Partial drilling fluid row retained at row offset 12,397.0
2882,drilling_fluid,,warning,partial_fluid_row,Partial drilling fluid row retained at row offset 13,397.0
2883,drilling_fluid,,warning,partial_fluid_row,Partial drilling fluid row retained at row offset 14,397.0
2884,reports,depth_kickoff_mmd,info,value_missing_before_next_label,No accepted value for depth_kickoff_mmd,398.0
2885,reports,depth_kickoff_mtvd,info,value_missing_before_next_label,No accepted value for depth_kickoff_mtvd,398.0
2886,reports,plug_back_depth_mmd,info,value_missing_before_next_label,No accepted value for plug_back_depth_mmd,398.0
2887,drilling_fluid,,warning,partial_fluid_row,Partial drilling fluid row retained at row offset 10,398.0
2888,drilling_fluid,,warning,partial_fluid_row,Partial drilling fluid row retained at row offset 11,398.0
2889,drilling_fluid,,warning,partial_fluid_row,Partial drilling fluid row retained at row offset 12,398.0
2890,reports,depth_kickoff_mmd,info,value_missing_before_next_label,No accepted value for depth_kickoff_mmd,399.0
2891,reports,depth_kickoff_mtvd,info,value_missing_before_next_label,No accepted value for depth_kickoff_mtvd,399.0
2892,reports,plug_back_depth_mmd,info,value_missing_before_next_label,No accepted value for plug_back_depth_mmd,399.0
2893,drilling_fluid,,warning,partial_fluid_row,Partial drilling fluid row retained at row offset 11,399.0
2894,drilling_fluid,,warning,partial_fluid_row,Partial drilling fluid row retained at row offset 12,399.0
2895,drilling_fluid,,warning,partial_fluid_row,Partial drilling fluid row retained at row offset 13,399.0
2896,drilling_fluid,,warning,partial_fluid_row,Partial drilling fluid row retained at row offset 14,399.0
2897,reports,depth_kickoff_mmd,info,value_missing_before_next_label,No accepted value for depth_kickoff_mmd,400.0
2898,reports,depth_kickoff_mtvd,info,value_missing_before_next_label,No accepted value for depth_kickoff_mtvd,400.0
2899,reports,plug_back_depth_mmd,info,value_missing_before_next_label,No accepted value for plug_back_depth_mmd,400.0
2900,drilling_fluid,,warning,partial_fluid_row,Partial drilling fluid row retained at row offset 9,400.0
2901,drilling_fluid,,warning,partial_fluid_row,Partial drilling fluid row retained at row offset 10,400.0
2902,reports,depth_kickoff_mmd,info,value_missing_before_next_label,No accepted value for depth_kickoff_mmd,401.0
2903,reports,depth_kickoff_mtvd,info,value_missing_before_next_label,No accepted value for depth_kickoff_mtvd,401.0
2904,reports,plug_back_depth_mmd,info,value_missing_before_next_label,No accepted value for plug_back_depth_mmd,401.0
2905,drilling_fluid,,warning,partial_fluid_row,Partial drilling fluid row retained at row offset 9,401.0
2906,drilling_fluid,,warning,partial_fluid_row,Partial drilling fluid row retained at row offset 10,401.0
2907,reports,depth_kickoff_mmd,info,value_missing_before_next_label,No accepted value for depth_kickoff_mmd,402.0
2908,reports,depth_kickoff_mtvd,info,value_missing_before_next_label,No accepted value for depth_kickoff_mtvd,402.0
2909,reports,plug_back_depth_mmd,info,value_missing_before_next_label,No accepted value for plug_back_depth_mmd,402.0
2910,drilling_fluid,,warning,partial_fluid_row,Partial drilling fluid row retained at row offset 9,402.0
2911,drilling_fluid,,warning,partial_fluid_row,Partial drilling fluid row retained at row offset 10,402.0
2912,reports,depth_kickoff_mmd,info,value_missing_before_next_label,No accepted value for depth_kickoff_mmd,403.0
2913,reports,depth_kickoff_mtvd,info,value_missing_before_next_label,No accepted value for depth_kickoff_mtvd,403.0
2914,reports,plug_back_depth_mmd,info,value_missing_before_next_label,No accepted value for plug_back_depth_mmd,403.0
2915,drilling_fluid,,warning,partial_fluid_row,Partial drilling fluid row retained at row offset 9,403.0
2916,drilling_fluid,,warning,partial_fluid_row,Partial drilling fluid row retained at row offset 10,403.0
2917,reports,depth_kickoff_mmd,info,value_missing_before_next_label,No accepted value for depth_kickoff_mmd,404.0
2918,reports,depth_kickoff_mtvd,info,value_missing_before_next_label,No accepted value for depth_kickoff_mtvd,404.0
2919,reports,plug_back_depth_mmd,info,value_missing_before_next_label,No accepted value for plug_back_depth_mmd,404.0
2920,drilling_fluid,,warning,partial_fluid_row,Partial drilling fluid row retained at row offset 9,404.0
2921,drilling_fluid,,warning,partial_fluid_row,Partial drilling fluid row retained at row offset 10,404.0
2922,reports,depth_kickoff_mmd,info,value_missing_before_next_label,No accepted value for depth_kickoff_mmd,405.0
2923,reports,depth_kickoff_mtvd,info,value_missing_before_next_label,No accepted value for depth_kickoff_mtvd,405.0
2924,reports,plug_back_depth_mmd,info,value_missing_before_next_label,No accepted value for plug_back_depth_mmd,405.0
2925,drilling_fluid,,warning,partial_fluid_row,Partial drilling fluid row retained at row offset 9,405.0
2926,drilling_fluid,,warning,partial_fluid_row,Partial drilling fluid row retained at row offset 10,405.0
2927,reports,depth_kickoff_mmd,info,value_missing_before_next_label,No accepted value for depth_kickoff_mmd,406.0
2928,reports,depth_kickoff_mtvd,info,value_missing_before_next_label,No accepted value for depth_kickoff_mtvd,406.0
2929,reports,plug_back_depth_mmd,info,value_missing_before_next_label,No accepted value for plug_back_depth_mmd,406.0
2930,drilling_fluid,,warning,partial_fluid_row,Partial drilling fluid row retained at row offset 11,406.0
2931,drilling_fluid,,warning,partial_fluid_row,Partial drilling fluid row retained at row offset 12,406.0
2932,drilling_fluid,,warning,partial_fluid_row,Partial drilling fluid row retained at row offset 13,406.0
2933,drilling_fluid,,warning,partial_fluid_row,Partial drilling fluid row retained at row offset 14,406.0
2934,reports,depth_kickoff_mmd,info,value_missing_before_next_label,No accepted value for depth_kickoff_mmd,407.0
2935,reports,depth_kickoff_mtvd,info,value_missing_before_next_label,No accepted value for depth_kickoff_mtvd,407.0
2936,reports,plug_back_depth_mmd,info,value_missing_before_next_label,No accepted value for plug_back_depth_mmd,407.0
2937,drilling_fluid,,warning,partial_fluid_row,Partial drilling fluid row retained at row offset 10,407.0
2938,drilling_fluid,,warning,partial_fluid_row,Partial drilling fluid row retained at row offset 11,407.0
2939,drilling_fluid,,warning,partial_fluid_row,Partial drilling fluid row retained at row offset 12,407.0
2940,reports,depth_kickoff_mmd,info,value_missing_before_next_label,No accepted value for depth_kickoff_mmd,408.0
2941,reports,depth_kickoff_mtvd,info,value_missing_before_next_label,No accepted value for depth_kickoff_mtvd,408.0
2942,reports,plug_back_depth_mmd,info,value_missing_before_next_label,No accepted value for plug_back_depth_mmd,408.0
2943,drilling_fluid,,warning,partial_fluid_row,Partial drilling fluid row retained at row offset 11,408.0
2944,drilling_fluid,,warning,partial_fluid_row,Partial drilling fluid row retained at row offset 12,408.0
2945,drilling_fluid,,warning,partial_fluid_row,Partial drilling fluid row retained at row offset 13,408.0
2946,drilling_fluid,,warning,partial_fluid_row,Partial drilling fluid row retained at row offset 14,408.0
2947,reports,depth_kickoff_mmd,info,value_missing_before_next_label,No accepted value for depth_kickoff_mmd,409.0
2948,reports,depth_kickoff_mtvd,info,value_missing_before_next_label,No accepted value for depth_kickoff_mtvd,409.0
2949,reports,plug_back_depth_mmd,info,value_missing_before_next_label,No accepted value for plug_back_depth_mmd,409.0
2950,drilling_fluid,,warning,partial_fluid_row,Partial drilling fluid row retained at row offset 11,409.0
2951,drilling_fluid,,warning,partial_fluid_row,Partial drilling fluid row retained at row offset 12,409.0
2952,drilling_fluid,,warning,partial_fluid_row,Partial drilling fluid row retained at row offset 13,409.0
2953,drilling_fluid,,warning,partial_fluid_row,Partial drilling fluid row retained at row offset 14,409.0
2954,reports,depth_kickoff_mmd,info,value_missing_before_next_label,No accepted value for depth_kickoff_mmd,410.0
2955,reports,depth_kickoff_mtvd,info,value_missing_before_next_label,No accepted value for depth_kickoff_mtvd,410.0
2956,reports,plug_back_depth_mmd,info,value_missing_before_next_label,No accepted value for plug_back_depth_mmd,410.0
2957,drilling_fluid,,warning,partial_fluid_row,Partial drilling fluid row retained at row offset 11,410.0
2958,drilling_fluid,,warning,partial_fluid_row,Partial drilling fluid row retained at row offset 12,410.0
2959,drilling_fluid,,warning,partial_fluid_row,Partial drilling fluid row retained at row offset 13,410.0
2960,drilling_fluid,,warning,partial_fluid_row,Partial drilling fluid row retained at row offset 14,410.0
2961,reports,depth_kickoff_mmd,info,value_missing_before_next_label,No accepted value for depth_kickoff_mmd,411.0
2962,reports,depth_kickoff_mtvd,info,value_missing_before_next_label,No accepted value for depth_kickoff_mtvd,411.0
2963,reports,plug_back_depth_mmd,info,value_missing_before_next_label,No accepted value for plug_back_depth_mmd,411.0
2964,drilling_fluid,,warning,partial_fluid_row,Partial drilling fluid row retained at row offset 10,411.0
2965,drilling_fluid,,warning,partial_fluid_row,Partial drilling fluid row retained at row offset 11,411.0
2966,drilling_fluid,,warning,partial_fluid_row,Partial drilling fluid row retained at row offset 12,411.0
2967,reports,depth_kickoff_mmd,info,value_missing_before_next_label,No accepted value for depth_kickoff_mmd,412.0
2968,reports,depth_kickoff_mtvd,info,value_missing_before_next_label,No accepted value for depth_kickoff_mtvd,412.0
2969,reports,plug_back_depth_mmd,info,value_missing_before_next_label,No accepted value for plug_back_depth_mmd,412.0
2970,drilling_fluid,,warning,partial_fluid_row,Partial drilling fluid row retained at row offset 11,412.0
2971,drilling_fluid,,warning,partial_fluid_row,Partial drilling fluid row retained at row offset 12,412.0
2972,drilling_fluid,,warning,partial_fluid_row,Partial drilling fluid row retained at row offset 13,412.0
2973,drilling_fluid,,warning,partial_fluid_row,Partial drilling fluid row retained at row offset 14,412.0
2974,reports,depth_kickoff_mmd,info,value_missing_before_next_label,No accepted value for depth_kickoff_mmd,413.0
2975,reports,depth_kickoff_mtvd,info,value_missing_before_next_label,No accepted value for depth_kickoff_mtvd,413.0
2976,reports,plug_back_depth_mmd,info,value_missing_before_next_label,No accepted value for plug_back_depth_mmd,413.0
2977,drilling_fluid,,warning,partial_fluid_row,Partial drilling fluid row retained at row offset 11,413.0
2978,drilling_fluid,,warning,partial_fluid_row,Partial drilling fluid row retained at row offset 12,413.0
2979,drilling_fluid,,warning,partial_fluid_row,Partial drilling fluid row retained at row offset 13,413.0
2980,drilling_fluid,,warning,partial_fluid_row,Partial drilling fluid row retained at row offset 14,413.0
2981,reports,depth_kickoff_mmd,info,value_missing_before_next_label,No accepted value for depth_kickoff_mmd,414.0
2982,reports,depth_kickoff_mtvd,info,value_missing_before_next_label,No accepted value for depth_kickoff_mtvd,414.0
2983,reports,plug_back_depth_mmd,info,value_missing_before_next_label,No accepted value for plug_back_depth_mmd,414.0
2984,drilling_fluid,,warning,partial_fluid_row,Partial drilling fluid row retained at row offset 10,414.0
2985,drilling_fluid,,warning,partial_fluid_row,Partial drilling fluid row retained at row offset 11,414.0
2986,drilling_fluid,,warning,partial_fluid_row,Partial drilling fluid row retained at row offset 12,414.0
2987,reports,depth_kickoff_mmd,info,value_missing_before_next_label,No accepted value for depth_kickoff_mmd,415.0
2988,reports,depth_kickoff_mtvd,info,value_missing_before_next_label,No accepted value for depth_kickoff_mtvd,415.0
2989,reports,plug_back_depth_mmd,info,value_missing_before_next_label,No accepted value for plug_back_depth_mmd,415.0
2990,drilling_fluid,,warning,partial_fluid_row,Partial drilling fluid row retained at row offset 9,415.0
2991,drilling_fluid,,warning,partial_fluid_row,Partial drilling fluid row retained at row offset 10,415.0
2992,drilling_fluid,,warning,partial_fluid_row,Partial drilling fluid row retained at row offset 14,415.0
2993,drilling_fluid,,warning,partial_fluid_row,Partial drilling fluid row retained at row offset 16,415.0
2994,drilling_fluid,,warning,partial_fluid_row,Partial drilling fluid row retained at row offset 22,415.0
2995,drilling_fluid,,warning,partial_fluid_row,Partial drilling fluid row retained at row offset 24,415.0
2996,drilling_fluid,,warning,partial_fluid_row,Partial drilling fluid row retained at row offset 26,415.0
2997,drilling_fluid,,warning,partial_fluid_row,Partial drilling fluid row retained at row offset 28,415.0
2998,drilling_fluid,,warning,partial_fluid_row,Partial drilling fluid row retained at row offset 32,415.0
2999,drilling_fluid,,warning,partial_fluid_row,Partial drilling fluid row retained at row offset 34,415.0
3000,drilling_fluid,,warning,partial_fluid_row,Partial drilling fluid row retained at row offset 36,415.0
3001,drilling_fluid,,warning,partial_fluid_row,Partial drilling fluid row retained at row offset 38,415.0
3002,reports,depth_kickoff_mmd,info,value_missing_before_next_label,No accepted value for depth_kickoff_mmd,416.0
3003,reports,depth_kickoff_mtvd,info,value_missing_before_next_label,No accepted value for depth_kickoff_mtvd,416.0
3004,reports,plug_back_depth_mmd,info,value_missing_before_next_label,No accepted value for plug_back_depth_mmd,416.0
3005,drilling_fluid,,warning,partial_fluid_row,Partial drilling fluid row retained at row offset 9,416.0
3006,reports,depth_kickoff_mmd,info,value_missing_before_next_label,No accepted value for depth_kickoff_mmd,417.0
3007,reports,depth_kickoff_mtvd,info,value_missing_before_next_label,No accepted value for depth_kickoff_mtvd,417.0
3008,reports,plug_back_depth_mmd,info,value_missing_before_next_label,No accepted value for plug_back_depth_mmd,417.0
3009,drilling_fluid,,warning,partial_fluid_row,Partial drilling fluid row retained at row offset 9,417.0
3010,drilling_fluid,,warning,partial_fluid_row,Partial drilling fluid row retained at row offset 10,417.0
3011,reports,depth_kickoff_mmd,info,value_missing_before_next_label,No accepted value for depth_kickoff_mmd,418.0
3012,reports,depth_kickoff_mtvd,info,value_missing_before_next_label,No accepted value for depth_kickoff_mtvd,418.0
3013,reports,plug_back_depth_mmd,info,value_missing_before_next_label,No accepted value for plug_back_depth_mmd,418.0
3014,drilling_fluid,,warning,partial_fluid_row,Partial drilling fluid row retained at row offset 9,418.0
3015,reports,depth_kickoff_mmd,info,value_missing_before_next_label,No accepted value for depth_kickoff_mmd,419.0
3016,reports,depth_kickoff_mtvd,info,value_missing_before_next_label,No accepted value for depth_kickoff_mtvd,419.0
3017,reports,plug_back_depth_mmd,info,value_missing_before_next_label,No accepted value for plug_back_depth_mmd,419.0
3018,drilling_fluid,,warning,partial_fluid_row,Partial drilling fluid row retained at row offset 11,419.0
3019,drilling_fluid,,warning,partial_fluid_row,Partial drilling fluid row retained at row offset 12,419.0
3020,drilling_fluid,,warning,partial_fluid_row,Partial drilling fluid row retained at row offset 13,419.0
3021,drilling_fluid,,warning,partial_fluid_row,Partial drilling fluid row retained at row offset 14,419.0
3022,reports,depth_kickoff_mmd,info,value_missing_before_next_label,No accepted value for depth_kickoff_mmd,420.0
3023,reports,depth_kickoff_mtvd,info,value_missing_before_next_label,No accepted value for depth_kickoff_mtvd,420.0
3024,reports,plug_back_depth_mmd,info,value_missing_before_next_label,No accepted value for plug_back_depth_mmd,420.0
3025,drilling_fluid,,warning,partial_fluid_row,Partial drilling fluid row retained at row offset 11,420.0
3026,drilling_fluid,,warning,partial_fluid_row,Partial drilling fluid row retained at row offset 12,420.0
3027,drilling_fluid,,warning,partial_fluid_row,Partial drilling fluid row retained at row offset 13,420.0
3028,drilling_fluid,,warning,partial_fluid_row,Partial drilling fluid row retained at row offset 14,420.0
3029,reports,depth_kickoff_mmd,info,value_missing_before_next_label,No accepted value for depth_kickoff_mmd,421.0
3030,reports,depth_kickoff_mtvd,info,value_missing_before_next_label,No accepted value for depth_kickoff_mtvd,421.0
3031,reports,plug_back_depth_mmd,info,value_missing_before_next_label,No accepted value for plug_back_depth_mmd,421.0
3032,drilling_fluid,,warning,partial_fluid_row,Partial drilling fluid row retained at row offset 11,421.0
3033,drilling_fluid,,warning,partial_fluid_row,Partial drilling fluid row retained at row offset 12,421.0
3034,drilling_fluid,,warning,partial_fluid_row,Partial drilling fluid row retained at row offset 13,421.0
3035,drilling_fluid,,warning,partial_fluid_row,Partial drilling fluid row retained at row offset 14,421.0
3036,reports,depth_kickoff_mmd,info,value_missing_before_next_label,No accepted value for depth_kickoff_mmd,422.0
3037,reports,depth_kickoff_mtvd,info,value_missing_before_next_label,No accepted value for depth_kickoff_mtvd,422.0
3038,reports,plug_back_depth_mmd,info,value_missing_before_next_label,No accepted value for plug_back_depth_mmd,422.0
3039,drilling_fluid,,warning,partial_fluid_row,Partial drilling fluid row retained at row offset 11,422.0
3040,drilling_fluid,,warning,partial_fluid_row,Partial drilling fluid row retained at row offset 12,422.0
3041,drilling_fluid,,warning,partial_fluid_row,Partial drilling fluid row retained at row offset 13,422.0
3042,drilling_fluid,,warning,partial_fluid_row,Partial drilling fluid row retained at row offset 14,422.0
3043,reports,depth_kickoff_mmd,info,value_missing_before_next_label,No accepted value for depth_kickoff_mmd,423.0
3044,reports,depth_kickoff_mtvd,info,value_missing_before_next_label,No accepted value for depth_kickoff_mtvd,423.0
3045,reports,plug_back_depth_mmd,info,value_missing_before_next_label,No accepted value for plug_back_depth_mmd,423.0
3046,drilling_fluid,,warning,partial_fluid_row,Partial drilling fluid row retained at row offset 10,423.0
3047,drilling_fluid,,warning,partial_fluid_row,Partial drilling fluid row retained at row offset 11,423.0
3048,drilling_fluid,,warning,partial_fluid_row,Partial drilling fluid row retained at row offset 12,423.0
3049,reports,depth_kickoff_mmd,info,value_missing_before_next_label,No accepted value for depth_kickoff_mmd,424.0
3050,reports,depth_kickoff_mtvd,info,value_missing_before_next_label,No accepted value for depth_kickoff_mtvd,424.0
3051,reports,plug_back_depth_mmd,info,value_missing_before_next_label,No accepted value for plug_back_depth_mmd,424.0
3052,drilling_fluid,,warning,partial_fluid_row,Partial drilling fluid row retained at row offset 9,424.0
3053,drilling_fluid,,warning,partial_fluid_row,Partial drilling fluid row retained at row offset 10,424.0
3054,reports,depth_kickoff_mmd,info,value_missing_before_next_label,No accepted value for depth_kickoff_mmd,425.0
3055,reports,depth_kickoff_mtvd,info,value_missing_before_next_label,No accepted value for depth_kickoff_mtvd,425.0
3056,reports,plug_back_depth_mmd,info,value_missing_before_next_label,No accepted value for plug_back_depth_mmd,425.0
3057,drilling_fluid,,warning,partial_fluid_row,Partial drilling fluid row retained at row offset 11,425.0
3058,drilling_fluid,,warning,partial_fluid_row,Partial drilling fluid row retained at row offset 12,425.0
3059,drilling_fluid,,warning,partial_fluid_row,Partial drilling fluid row retained at row offset 13,425.0
3060,reports,depth_kickoff_mmd,info,value_missing_before_next_label,No accepted value for depth_kickoff_mmd,426.0
3061,reports,depth_kickoff_mtvd,info,value_missing_before_next_label,No accepted value for depth_kickoff_mtvd,426.0
3062,reports,plug_back_depth_mmd,info,value_missing_before_next_label,No accepted value for plug_back_depth_mmd,426.0
3063,drilling_fluid,,warning,partial_fluid_row,Partial drilling fluid row retained at row offset 11,426.0
3064,drilling_fluid,,warning,partial_fluid_row,Partial drilling fluid row retained at row offset 12,426.0
3065,drilling_fluid,,warning,partial_fluid_row,Partial drilling fluid row retained at row offset 13,426.0
3066,drilling_fluid,,warning,partial_fluid_row,Partial drilling fluid row retained at row offset 14,426.0
3067,reports,depth_kickoff_mmd,info,value_missing_before_next_label,No accepted value for depth_kickoff_mmd,427.0
3068,reports,depth_kickoff_mtvd,info,value_missing_before_next_label,No accepted value for depth_kickoff_mtvd,427.0
3069,reports,plug_back_depth_mmd,info,value_missing_before_next_label,No accepted value for plug_back_depth_mmd,427.0
3070,drilling_fluid,,warning,partial_fluid_row,Partial drilling fluid row retained at row offset 11,427.0
3071,drilling_fluid,,warning,partial_fluid_row,Partial drilling fluid row retained at row offset 12,427.0
3072,drilling_fluid,,warning,partial_fluid_row,Partial drilling fluid row retained at row offset 13,427.0
3073,drilling_fluid,,warning,partial_fluid_row,Partial drilling fluid row retained at row offset 14,427.0
3074,reports,depth_kickoff_mmd,info,value_missing_before_next_label,No accepted value for depth_kickoff_mmd,428.0
3075,reports,depth_kickoff_mtvd,info,value_missing_before_next_label,No accepted value for depth_kickoff_mtvd,428.0
3076,reports,plug_back_depth_mmd,info,value_missing_before_next_label,No accepted value for plug_back_depth_mmd,428.0
3077,drilling_fluid,,warning,partial_fluid_row,Partial drilling fluid row retained at row offset 10,428.0
3078,drilling_fluid,,warning,partial_fluid_row,Partial drilling fluid row retained at row offset 11,428.0
3079,drilling_fluid,,warning,partial_fluid_row,Partial drilling fluid row retained at row offset 12,428.0
3080,reports,depth_kickoff_mmd,info,value_missing_before_next_label,No accepted value for depth_kickoff_mmd,429.0
3081,reports,depth_kickoff_mtvd,info,value_missing_before_next_label,No accepted value for depth_kickoff_mtvd,429.0
3082,reports,plug_back_depth_mmd,info,value_missing_before_next_label,No accepted value for plug_back_depth_mmd,429.0
3083,drilling_fluid,,warning,partial_fluid_row,Partial drilling fluid row retained at row offset 9,429.0
3084,drilling_fluid,,warning,partial_fluid_row,Partial drilling fluid row retained at row offset 10,429.0
3085,reports,depth_kickoff_mmd,info,value_missing_before_next_label,No accepted value for depth_kickoff_mmd,430.0
3086,reports,depth_kickoff_mtvd,info,value_missing_before_next_label,No accepted value for depth_kickoff_mtvd,430.0
3087,reports,plug_back_depth_mmd,info,value_missing_before_next_label,No accepted value for plug_back_depth_mmd,430.0
3088,drilling_fluid,,warning,partial_fluid_row,Partial drilling fluid row retained at row offset 9,430.0
3089,drilling_fluid,,warning,partial_fluid_row,Partial drilling fluid row retained at row offset 10,430.0
3090,reports,depth_kickoff_mmd,info,value_missing_before_next_label,No accepted value for depth_kickoff_mmd,431.0
3091,reports,depth_kickoff_mtvd,info,value_missing_before_next_label,No accepted value for depth_kickoff_mtvd,431.0
3092,reports,plug_back_depth_mmd,info,value_missing_before_next_label,No accepted value for plug_back_depth_mmd,431.0
3093,drilling_fluid,,warning,partial_fluid_row,Partial drilling fluid row retained at row offset 9,431.0
3094,drilling_fluid,,warning,partial_fluid_row,Partial drilling fluid row retained at row offset 10,431.0
3095,reports,depth_kickoff_mmd,info,value_missing_before_next_label,No accepted value for depth_kickoff_mmd,432.0
3096,reports,depth_kickoff_mtvd,info,value_missing_before_next_label,No accepted value for depth_kickoff_mtvd,432.0
3097,reports,plug_back_depth_mmd,info,value_missing_before_next_label,No accepted value for plug_back_depth_mmd,432.0
3098,drilling_fluid,,warning,partial_fluid_row,Partial drilling fluid row retained at row offset 10,432.0
3099,drilling_fluid,,warning,partial_fluid_row,Partial drilling fluid row retained at row offset 11,432.0
3100,drilling_fluid,,warning,partial_fluid_row,Partial drilling fluid row retained at row offset 12,432.0
3101,reports,depth_kickoff_mmd,info,value_missing_before_next_label,No accepted value for depth_kickoff_mmd,433.0
3102,reports,depth_kickoff_mtvd,info,value_missing_before_next_label,No accepted value for depth_kickoff_mtvd,433.0
3103,reports,plug_back_depth_mmd,info,value_missing_before_next_label,No accepted value for plug_back_depth_mmd,433.0
3104,drilling_fluid,,warning,partial_fluid_row,Partial drilling fluid row retained at row offset 10,433.0
3105,drilling_fluid,,warning,partial_fluid_row,Partial drilling fluid row retained at row offset 11,433.0
3106,drilling_fluid,,warning,partial_fluid_row,Partial drilling fluid row retained at row offset 12,433.0
3107,reports,depth_kickoff_mmd,info,value_missing_before_next_label,No accepted value for depth_kickoff_mmd,434.0
3108,reports,depth_kickoff_mtvd,info,value_missing_before_next_label,No accepted value for depth_kickoff_mtvd,434.0
3109,reports,plug_back_depth_mmd,info,value_missing_before_next_label,No accepted value for plug_back_depth_mmd,434.0
3110,drilling_fluid,,warning,partial_fluid_row,Partial drilling fluid row retained at row offset 9,434.0
3111,drilling_fluid,,warning,partial_fluid_row,Partial drilling fluid row retained at row offset 10,434.0
3112,reports,depth_current_mtvd,info,value_missing_before_next_label,No accepted value for depth_current_mtvd,435.0
3113,reports,depth_kickoff_mmd,info,value_missing_before_next_label,No accepted value for depth_kickoff_mmd,435.0
3114,reports,depth_kickoff_mtvd,info,value_missing_before_next_label,No accepted value for depth_kickoff_mtvd,435.0
3115,reports,plug_back_depth_mmd,info,value_missing_before_next_label,No accepted value for plug_back_depth_mmd,435.0
3116,drilling_fluid,,warning,partial_fluid_row,Partial drilling fluid row retained at row offset 9,435.0
3117,drilling_fluid,,warning,partial_fluid_row,Partial drilling fluid row retained at row offset 10,435.0
3118,reports,depth_current_mtvd,info,value_missing_before_next_label,No accepted value for depth_current_mtvd,436.0
3119,reports,depth_kickoff_mmd,info,value_missing_before_next_label,No accepted value for depth_kickoff_mmd,436.0
3120,reports,depth_kickoff_mtvd,info,value_missing_before_next_label,No accepted value for depth_kickoff_mtvd,436.0
3121,reports,plug_back_depth_mmd,info,value_missing_before_next_label,No accepted value for plug_back_depth_mmd,436.0
3122,drilling_fluid,,warning,partial_fluid_row,Partial drilling fluid row retained at row offset 10,436.0
3123,drilling_fluid,,warning,partial_fluid_row,Partial drilling fluid row retained at row offset 11,436.0
3124,drilling_fluid,,warning,partial_fluid_row,Partial drilling fluid row retained at row offset 12,436.0
3125,reports,depth_current_mtvd,info,value_missing_before_next_label,No accepted value for depth_current_mtvd,437.0
3126,reports,depth_kickoff_mmd,info,value_missing_before_next_label,No accepted value for depth_kickoff_mmd,437.0
3127,reports,depth_kickoff_mtvd,info,value_missing_before_next_label,No accepted value for depth_kickoff_mtvd,437.0
3128,reports,plug_back_depth_mmd,info,value_missing_before_next_label,No accepted value for plug_back_depth_mmd,437.0
3129,drilling_fluid,,warning,partial_fluid_row,Partial drilling fluid row retained at row offset 10,437.0
3130,drilling_fluid,,warning,partial_fluid_row,Partial drilling fluid row retained at row offset 11,437.0
3131,drilling_fluid,,warning,partial_fluid_row,Partial drilling fluid row retained at row offset 12,437.0
3132,reports,depth_current_mtvd,info,value_missing_before_next_label,No accepted value for depth_current_mtvd,438.0
3133,reports,depth_kickoff_mmd,info,value_missing_before_next_label,No accepted value for depth_kickoff_mmd,438.0
3134,reports,depth_kickoff_mtvd,info,value_missing_before_next_label,No accepted value for depth_kickoff_mtvd,438.0
3135,reports,plug_back_depth_mmd,info,value_missing_before_next_label,No accepted value for plug_back_depth_mmd,438.0
3136,drilling_fluid,,warning,partial_fluid_row,Partial drilling fluid row retained at row offset 9,438.0
3137,drilling_fluid,,warning,partial_fluid_row,Partial drilling fluid row retained at row offset 10,438.0
3138,drilling_fluid,,warning,partial_fluid_row,Partial drilling fluid row retained at row offset 19,438.0
3139,drilling_fluid,,warning,partial_fluid_row,Partial drilling fluid row retained at row offset 20,438.0
3140,drilling_fluid,,warning,partial_fluid_row,Partial drilling fluid row retained at row offset 22,438.0
3141,drilling_fluid,,warning,partial_fluid_row,Partial drilling fluid row retained at row offset 23,438.0
3142,drilling_fluid,,warning,partial_fluid_row,Partial drilling fluid row retained at row offset 25,438.0
3143,drilling_fluid,,warning,partial_fluid_row,Partial drilling fluid row retained at row offset 26,438.0
3144,drilling_fluid,,warning,partial_fluid_row,Partial drilling fluid row retained at row offset 28,438.0
3145,drilling_fluid,,warning,partial_fluid_row,Partial drilling fluid row retained at row offset 29,438.0
3146,drilling_fluid,,warning,partial_fluid_row,Partial drilling fluid row retained at row offset 31,438.0
3147,drilling_fluid,,warning,partial_fluid_row,Partial drilling fluid row retained at row offset 32,438.0
3148,drilling_fluid,,warning,partial_fluid_row,Partial drilling fluid row retained at row offset 34,438.0
3149,drilling_fluid,,warning,partial_fluid_row,Partial drilling fluid row retained at row offset 35,438.0
3150,drilling_fluid,,warning,partial_fluid_row,Partial drilling fluid row retained at row offset 37,438.0
3151,drilling_fluid,,warning,partial_fluid_row,Partial drilling fluid row retained at row offset 38,438.0
3152,reports,depth_current_mtvd,info,value_missing_before_next_label,No accepted value for depth_current_mtvd,439.0
3153,reports,depth_kickoff_mmd,info,value_missing_before_next_label,No accepted value for depth_kickoff_mmd,439.0
3154,reports,depth_kickoff_mtvd,info,value_missing_before_next_label,No accepted value for depth_kickoff_mtvd,439.0
3155,reports,plug_back_depth_mmd,info,value_missing_before_next_label,No accepted value for plug_back_depth_mmd,439.0
3156,drilling_fluid,,warning,partial_fluid_row,Partial drilling fluid row retained at row offset 9,439.0
3157,drilling_fluid,,warning,partial_fluid_row,Partial drilling fluid row retained at row offset 10,439.0
3158,reports,depth_current_mtvd,info,value_missing_before_next_label,No accepted value for depth_current_mtvd,440.0
3159,reports,depth_kickoff_mmd,info,value_missing_before_next_label,No accepted value for depth_kickoff_mmd,440.0
3160,reports,depth_kickoff_mtvd,info,value_missing_before_next_label,No accepted value for depth_kickoff_mtvd,440.0
3161,reports,plug_back_depth_mmd,info,value_missing_before_next_label,No accepted value for plug_back_depth_mmd,440.0
3162,drilling_fluid,,warning,partial_fluid_row,Partial drilling fluid row retained at row offset 9,440.0
3163,drilling_fluid,,warning,partial_fluid_row,Partial drilling fluid row retained at row offset 10,440.0
3164,reports,depth_current_mtvd,info,value_missing_before_next_label,No accepted value for depth_current_mtvd,441.0
3165,reports,depth_kickoff_mmd,info,value_missing_before_next_label,No accepted value for depth_kickoff_mmd,441.0
3166,reports,depth_kickoff_mtvd,info,value_missing_before_next_label,No accepted value for depth_kickoff_mtvd,441.0
3167,reports,plug_back_depth_mmd,info,value_missing_before_next_label,No accepted value for plug_back_depth_mmd,441.0
3168,drilling_fluid,,warning,partial_fluid_row,Partial drilling fluid row retained at row offset 9,441.0
3169,drilling_fluid,,warning,partial_fluid_row,Partial drilling fluid row retained at row offset 10,441.0
3170,reports,depth_current_mtvd,info,value_missing_before_next_label,No accepted value for depth_current_mtvd,442.0
3171,reports,depth_kickoff_mmd,info,value_missing_before_next_label,No accepted value for depth_kickoff_mmd,442.0
3172,reports,depth_kickoff_mtvd,info,value_missing_before_next_label,No accepted value for depth_kickoff_mtvd,442.0
3173,reports,plug_back_depth_mmd,info,value_missing_before_next_label,No accepted value for plug_back_depth_mmd,442.0
3174,drilling_fluid,,warning,partial_fluid_row,Partial drilling fluid row retained at row offset 9,442.0
3175,drilling_fluid,,warning,partial_fluid_row,Partial drilling fluid row retained at row offset 10,442.0
3176,reports,depth_current_mtvd,info,value_missing_before_next_label,No accepted value for depth_current_mtvd,443.0
3177,reports,depth_kickoff_mmd,info,value_missing_before_next_label,No accepted value for depth_kickoff_mmd,443.0
3178,reports,depth_kickoff_mtvd,info,value_missing_before_next_label,No accepted value for depth_kickoff_mtvd,443.0
3179,reports,plug_back_depth_mmd,info,value_missing_before_next_label,No accepted value for plug_back_depth_mmd,443.0
3180,drilling_fluid,,warning,partial_fluid_row,Partial drilling fluid row retained at row offset 9,443.0
3181,drilling_fluid,,warning,partial_fluid_row,Partial drilling fluid row retained at row offset 10,443.0
3182,reports,depth_current_mtvd,info,value_missing_before_next_label,No accepted value for depth_current_mtvd,444.0
3183,reports,depth_kickoff_mmd,info,value_missing_before_next_label,No accepted value for depth_kickoff_mmd,444.0
3184,reports,depth_kickoff_mtvd,info,value_missing_before_next_label,No accepted value for depth_kickoff_mtvd,444.0
3185,reports,plug_back_depth_mmd,info,value_missing_before_next_label,No accepted value for plug_back_depth_mmd,444.0
3186,drilling_fluid,,warning,partial_fluid_row,Partial drilling fluid row retained at row offset 9,444.0
3187,reports,depth_current_mtvd,info,value_missing_before_next_label,No accepted value for depth_current_mtvd,445.0
3188,reports,depth_kickoff_mmd,info,value_missing_before_next_label,No accepted value for depth_kickoff_mmd,445.0
3189,reports,depth_kickoff_mtvd,info,value_missing_before_next_label,No accepted value for depth_kickoff_mtvd,445.0
3190,reports,plug_back_depth_mmd,info,value_missing_before_next_label,No accepted value for plug_back_depth_mmd,445.0
3191,reports,depth_current_mtvd,info,value_missing_before_next_label,No accepted value for depth_current_mtvd,446.0
3192,reports,depth_kickoff_mmd,info,value_missing_before_next_label,No accepted value for depth_kickoff_mmd,446.0
3193,reports,depth_kickoff_mtvd,info,value_missing_before_next_label,No accepted value for depth_kickoff_mtvd,446.0
3194,reports,plug_back_depth_mmd,info,value_missing_before_next_label,No accepted value for plug_back_depth_mmd,446.0
3195,reports,depth_kickoff_mmd,info,value_missing_before_next_label,No accepted value for depth_kickoff_mmd,447.0
3196,reports,depth_kickoff_mtvd,info,value_missing_before_next_label,No accepted value for depth_kickoff_mtvd,447.0
3197,reports,depth_last_casing_mmd,info,value_missing_before_next_label,No accepted value for depth_last_casing_mmd,447.0
3198,reports,depth_last_casing_mtvd,info,value_missing_before_next_label,No accepted value for depth_last_casing_mtvd,447.0
3199,reports,plug_back_depth_mmd,info,value_missing_before_next_label,No accepted value for plug_back_depth_mmd,447.0
3200,reports,pressure_test_type,info,value_missing_before_next_label,No accepted value for pressure_test_type,447.0
3201,drilling_fluid,,warning,partial_fluid_row,Partial drilling fluid row retained at row offset 2,447.0
3202,reports,depth_kickoff_mmd,info,value_missing_before_next_label,No accepted value for depth_kickoff_mmd,448.0
3203,reports,depth_kickoff_mtvd,info,value_missing_before_next_label,No accepted value for depth_kickoff_mtvd,448.0
3204,reports,depth_last_casing_mmd,info,value_missing_before_next_label,No accepted value for depth_last_casing_mmd,448.0
3205,reports,depth_last_casing_mtvd,info,value_missing_before_next_label,No accepted value for depth_last_casing_mtvd,448.0
3206,reports,plug_back_depth_mmd,info,value_missing_before_next_label,No accepted value for plug_back_depth_mmd,448.0
3207,reports,pressure_test_type,info,value_missing_before_next_label,No accepted value for pressure_test_type,448.0
3208,drilling_fluid,,warning,partial_fluid_row,Partial drilling fluid row retained at row offset 3,448.0
3209,drilling_fluid,,warning,partial_fluid_row,Partial drilling fluid row retained at row offset 4,448.0
3210,reports,depth_kickoff_mmd,info,value_missing_before_next_label,No accepted value for depth_kickoff_mmd,449.0
3211,reports,depth_kickoff_mtvd,info,value_missing_before_next_label,No accepted value for depth_kickoff_mtvd,449.0
3212,reports,depth_last_casing_mmd,info,value_missing_before_next_label,No accepted value for depth_last_casing_mmd,449.0
3213,reports,depth_last_casing_mtvd,info,value_missing_before_next_label,No accepted value for depth_last_casing_mtvd,449.0
3214,reports,plug_back_depth_mmd,info,value_missing_before_next_label,No accepted value for plug_back_depth_mmd,449.0
3215,reports,pressure_test_type,info,value_missing_before_next_label,No accepted value for pressure_test_type,449.0
3216,drilling_fluid,,warning,partial_fluid_row,Partial drilling fluid row retained at row offset 3,449.0
3217,drilling_fluid,,warning,partial_fluid_row,Partial drilling fluid row retained at row offset 4,449.0
3218,reports,depth_kickoff_mmd,info,value_missing_before_next_label,No accepted value for depth_kickoff_mmd,450.0
3219,reports,depth_kickoff_mtvd,info,value_missing_before_next_label,No accepted value for depth_kickoff_mtvd,450.0
3220,reports,depth_last_casing_mmd,info,value_missing_before_next_label,No accepted value for depth_last_casing_mmd,450.0
3221,reports,depth_last_casing_mtvd,info,value_missing_before_next_label,No accepted value for depth_last_casing_mtvd,450.0
3222,reports,plug_back_depth_mmd,info,value_missing_before_next_label,No accepted value for plug_back_depth_mmd,450.0
3223,reports,pressure_test_type,info,value_missing_before_next_label,No accepted value for pressure_test_type,450.0
3224,drilling_fluid,,warning,partial_fluid_row,Partial drilling fluid row retained at row offset 3,450.0
3225,drilling_fluid,,warning,partial_fluid_row,Partial drilling fluid row retained at row offset 4,450.0
3226,reports,depth_kickoff_mmd,info,value_missing_before_next_label,No accepted value for depth_kickoff_mmd,451.0
3227,reports,depth_kickoff_mtvd,info,value_missing_before_next_label,No accepted value for depth_kickoff_mtvd,451.0
3228,reports,depth_last_casing_mmd,info,value_missing_before_next_label,No accepted value for depth_last_casing_mmd,451.0
3229,reports,depth_last_casing_mtvd,info,value_missing_before_next_label,No accepted value for depth_last_casing_mtvd,451.0
3230,reports,plug_back_depth_mmd,info,value_missing_before_next_label,No accepted value for plug_back_depth_mmd,451.0
3231,reports,pressure_test_type,info,value_missing_before_next_label,No accepted value for pressure_test_type,451.0
3232,drilling_fluid,,warning,partial_fluid_row,Partial drilling fluid row retained at row offset 3,451.0
3233,drilling_fluid,,warning,partial_fluid_row,Partial drilling fluid row retained at row offset 4,451.0
3234,reports,depth_kickoff_mmd,info,value_missing_before_next_label,No accepted value for depth_kickoff_mmd,452.0
3235,reports,depth_kickoff_mtvd,info,value_missing_before_next_label,No accepted value for depth_kickoff_mtvd,452.0
3236,reports,depth_last_casing_mmd,info,value_missing_before_next_label,No accepted value for depth_last_casing_mmd,452.0
3237,reports,depth_last_casing_mtvd,info,value_missing_before_next_label,No accepted value for depth_last_casing_mtvd,452.0
3238,reports,plug_back_depth_mmd,info,value_missing_before_next_label,No accepted value for plug_back_depth_mmd,452.0
3239,reports,pressure_test_type,info,value_missing_before_next_label,No accepted value for pressure_test_type,452.0
3240,drilling_fluid,,warning,partial_fluid_row,Partial drilling fluid row retained at row offset 3,452.0
3241,drilling_fluid,,warning,partial_fluid_row,Partial drilling fluid row retained at row offset 4,452.0
3242,reports,depth_kickoff_mmd,info,value_missing_before_next_label,No accepted value for depth_kickoff_mmd,453.0
3243,reports,depth_kickoff_mtvd,info,value_missing_before_next_label,No accepted value for depth_kickoff_mtvd,453.0
3244,reports,plug_back_depth_mmd,info,value_missing_before_next_label,No accepted value for plug_back_depth_mmd,453.0
3245,reports,pressure_test_type,info,value_missing_before_next_label,No accepted value for pressure_test_type,453.0
3246,drilling_fluid,,warning,partial_fluid_row,Partial drilling fluid row retained at row offset 3,453.0
3247,drilling_fluid,,warning,partial_fluid_row,Partial drilling fluid row retained at row offset 4,453.0
3248,drilling_fluid,,warning,partial_fluid_row,Partial drilling fluid row retained at row offset 22,453.0
3249,drilling_fluid,,warning,partial_fluid_row,Partial drilling fluid row retained at row offset 23,453.0
3250,drilling_fluid,,warning,partial_fluid_row,Partial drilling fluid row retained at row offset 24,453.0
3251,drilling_fluid,,warning,partial_fluid_row,Partial drilling fluid row retained at row offset 25,453.0
3252,drilling_fluid,,warning,partial_fluid_row,Partial drilling fluid row retained at row offset 26,453.0
3253,drilling_fluid,,warning,partial_fluid_row,Partial drilling fluid row retained at row offset 27,453.0
3254,drilling_fluid,,warning,partial_fluid_row,Partial drilling fluid row retained at row offset 29,453.0
3255,drilling_fluid,,warning,partial_fluid_row,Partial drilling fluid row retained at row offset 30,453.0
3256,drilling_fluid,,warning,partial_fluid_row,Partial drilling fluid row retained at row offset 31,453.0
3257,drilling_fluid,,warning,partial_fluid_row,Partial drilling fluid row retained at row offset 32,453.0
3258,drilling_fluid,,warning,partial_fluid_row,Partial drilling fluid row retained at row offset 33,453.0
3259,drilling_fluid,,warning,partial_fluid_row,Partial drilling fluid row retained at row offset 35,453.0
3260,drilling_fluid,,warning,partial_fluid_row,Partial drilling fluid row retained at row offset 36,453.0
3261,drilling_fluid,,warning,partial_fluid_row,Partial drilling fluid row retained at row offset 37,453.0
3262,drilling_fluid,,warning,partial_fluid_row,Partial drilling fluid row retained at row offset 38,453.0
3263,drilling_fluid,,warning,partial_fluid_row,Partial drilling fluid row retained at row offset 39,453.0
3264,drilling_fluid,,warning,partial_fluid_row,Partial drilling fluid row retained at row offset 40,453.0
3265,drilling_fluid,,warning,partial_fluid_row,Partial drilling fluid row retained at row offset 42,453.0
3266,drilling_fluid,,warning,partial_fluid_row,Partial drilling fluid row retained at row offset 43,453.0
3267,drilling_fluid,,warning,partial_fluid_row,Partial drilling fluid row retained at row offset 44,453.0
3268,drilling_fluid,,warning,partial_fluid_row,Partial drilling fluid row retained at row offset 45,453.0
3269,drilling_fluid,,warning,partial_fluid_row,Partial drilling fluid row retained at row offset 46,453.0
3270,drilling_fluid,,warning,partial_fluid_row,Partial drilling fluid row retained at row offset 47,453.0
3271,drilling_fluid,,warning,partial_fluid_row,Partial drilling fluid row retained at row offset 49,453.0
3272,drilling_fluid,,warning,partial_fluid_row,Partial drilling fluid row retained at row offset 50,453.0
3273,drilling_fluid,,warning,partial_fluid_row,Partial drilling fluid row retained at row offset 51,453.0
3274,drilling_fluid,,warning,partial_fluid_row,Partial drilling fluid row retained at row offset 52,453.0
3275,drilling_fluid,,warning,partial_fluid_row,Partial drilling fluid row retained at row offset 53,453.0
3276,drilling_fluid,,warning,partial_fluid_row,Partial drilling fluid row retained at row offset 54,453.0
3277,drilling_fluid,,warning,partial_fluid_row,Partial drilling fluid row retained at row offset 56,453.0
3278,drilling_fluid,,warning,partial_fluid_row,Partial drilling fluid row retained at row offset 57,453.0
3279,drilling_fluid,,warning,partial_fluid_row,Partial drilling fluid row retained at row offset 58,453.0
3280,drilling_fluid,,warning,partial_fluid_row,Partial drilling fluid row retained at row offset 59,453.0
3281,drilling_fluid,,warning,partial_fluid_row,Partial drilling fluid row retained at row offset 60,453.0
3282,drilling_fluid,,warning,partial_fluid_row,Partial drilling fluid row retained at row offset 61,453.0
3283,drilling_fluid,,warning,partial_fluid_row,Partial drilling fluid row retained at row offset 63,453.0
3284,drilling_fluid,,warning,partial_fluid_row,Partial drilling fluid row retained at row offset 64,453.0
3285,drilling_fluid,,warning,partial_fluid_row,Partial drilling fluid row retained at row offset 65,453.0
3286,drilling_fluid,,warning,partial_fluid_row,Partial drilling fluid row retained at row offset 66,453.0
3287,drilling_fluid,,warning,partial_fluid_row,Partial drilling fluid row retained at row offset 67,453.0
3288,drilling_fluid,,warning,partial_fluid_row,Partial drilling fluid row retained at row offset 68,453.0
3289,drilling_fluid,,warning,partial_fluid_row,Partial drilling fluid row retained at row offset 70,453.0
3290,drilling_fluid,,warning,partial_fluid_row,Partial drilling fluid row retained at row offset 71,453.0
3291,drilling_fluid,,warning,partial_fluid_row,Partial drilling fluid row retained at row offset 72,453.0
3292,drilling_fluid,,warning,partial_fluid_row,Partial drilling fluid row retained at row offset 73,453.0
3293,drilling_fluid,,warning,partial_fluid_row,Partial drilling fluid row retained at row offset 74,453.0
3294,drilling_fluid,,warning,partial_fluid_row,Partial drilling fluid row retained at row offset 75,453.0
3295,reports,depth_kickoff_mmd,info,value_missing_before_next_label,No accepted value for depth_kickoff_mmd,454.0
3296,reports,depth_kickoff_mtvd,info,value_missing_before_next_label,No accepted value for depth_kickoff_mtvd,454.0
3297,reports,plug_back_depth_mmd,info,value_missing_before_next_label,No accepted value for plug_back_depth_mmd,454.0
3298,reports,pressure_test_type,info,value_missing_before_next_label,No accepted value for pressure_test_type,454.0
3299,drilling_fluid,,warning,partial_fluid_row,Partial drilling fluid row retained at row offset 3,454.0
3300,drilling_fluid,,warning,partial_fluid_row,Partial drilling fluid row retained at row offset 4,454.0
3301,reports,depth_kickoff_mmd,info,value_missing_before_next_label,No accepted value for depth_kickoff_mmd,455.0
3302,reports,depth_kickoff_mtvd,info,value_missing_before_next_label,No accepted value for depth_kickoff_mtvd,455.0
3303,reports,plug_back_depth_mmd,info,value_missing_before_next_label,No accepted value for plug_back_depth_mmd,455.0
3304,reports,pressure_test_type,info,value_missing_before_next_label,No accepted value for pressure_test_type,455.0
3305,drilling_fluid,,warning,partial_fluid_row,Partial drilling fluid row retained at row offset 3,455.0
3306,drilling_fluid,,warning,partial_fluid_row,Partial drilling fluid row retained at row offset 4,455.0
3307,reports,depth_kickoff_mmd,info,value_missing_before_next_label,No accepted value for depth_kickoff_mmd,456.0
3308,reports,depth_kickoff_mtvd,info,value_missing_before_next_label,No accepted value for depth_kickoff_mtvd,456.0
3309,reports,plug_back_depth_mmd,info,value_missing_before_next_label,No accepted value for plug_back_depth_mmd,456.0
3310,reports,pressure_test_type,info,value_missing_before_next_label,No accepted value for pressure_test_type,456.0
3311,drilling_fluid,,warning,partial_fluid_row,Partial drilling fluid row retained at row offset 3,456.0
3312,drilling_fluid,,warning,partial_fluid_row,Partial drilling fluid row retained at row offset 4,456.0
3313,drilling_fluid,,warning,partial_fluid_row,Partial drilling fluid row retained at row offset 23,456.0
3314,drilling_fluid,,warning,partial_fluid_row,Partial drilling fluid row retained at row offset 25,456.0
3315,drilling_fluid,,warning,partial_fluid_row,Partial drilling fluid row retained at row offset 26,456.0
3316,reports,depth_kickoff_mmd,info,value_missing_before_next_label,No accepted value for depth_kickoff_mmd,457.0
3317,reports,depth_kickoff_mtvd,info,value_missing_before_next_label,No accepted value for depth_kickoff_mtvd,457.0
3318,reports,plug_back_depth_mmd,info,value_missing_before_next_label,No accepted value for plug_back_depth_mmd,457.0
3319,reports,pressure_test_type,info,value_missing_before_next_label,No accepted value for pressure_test_type,457.0
3320,drilling_fluid,,warning,partial_fluid_row,Partial drilling fluid row retained at row offset 3,457.0
3321,drilling_fluid,,warning,partial_fluid_row,Partial drilling fluid row retained at row offset 4,457.0
3322,reports,depth_kickoff_mmd,info,value_missing_before_next_label,No accepted value for depth_kickoff_mmd,458.0
3323,reports,depth_kickoff_mtvd,info,value_missing_before_next_label,No accepted value for depth_kickoff_mtvd,458.0
3324,reports,plug_back_depth_mmd,info,value_missing_before_next_label,No accepted value for plug_back_depth_mmd,458.0
3325,reports,pressure_test_type,info,value_missing_before_next_label,No accepted value for pressure_test_type,458.0
3326,drilling_fluid,,warning,partial_fluid_row,Partial drilling fluid row retained at row offset 3,458.0
3327,drilling_fluid,,warning,partial_fluid_row,Partial drilling fluid row retained at row offset 4,458.0
3328,reports,depth_kickoff_mmd,info,value_missing_before_next_label,No accepted value for depth_kickoff_mmd,459.0
3329,reports,depth_kickoff_mtvd,info,value_missing_before_next_label,No accepted value for depth_kickoff_mtvd,459.0
3330,reports,plug_back_depth_mmd,info,value_missing_before_next_label,No accepted value for plug_back_depth_mmd,459.0
3331,reports,pressure_test_type,info,value_missing_before_next_label,No accepted value for pressure_test_type,459.0
3332,drilling_fluid,,warning,partial_fluid_row,Partial drilling fluid row retained at row offset 3,459.0
3333,drilling_fluid,,warning,partial_fluid_row,Partial drilling fluid row retained at row offset 4,459.0
3334,reports,depth_kickoff_mmd,info,value_missing_before_next_label,No accepted value for depth_kickoff_mmd,460.0
3335,reports,depth_kickoff_mtvd,info,value_missing_before_next_label,No accepted value for depth_kickoff_mtvd,460.0
3336,reports,plug_back_depth_mmd,info,value_missing_before_next_label,No accepted value for plug_back_depth_mmd,460.0
3337,reports,pressure_test_type,info,value_missing_before_next_label,No accepted value for pressure_test_type,460.0
3338,drilling_fluid,,warning,partial_fluid_row,Partial drilling fluid row retained at row offset 3,460.0
3339,drilling_fluid,,warning,partial_fluid_row,Partial drilling fluid row retained at row offset 4,460.0
3340,reports,depth_kickoff_mmd,info,value_missing_before_next_label,No accepted value for depth_kickoff_mmd,461.0
3341,reports,depth_kickoff_mtvd,info,value_missing_before_next_label,No accepted value for depth_kickoff_mtvd,461.0
3342,reports,pressure_test_type,info,value_missing_before_next_label,No accepted value for pressure_test_type,461.0
3343,drilling_fluid,,warning,partial_fluid_row,Partial drilling fluid row retained at row offset 4,461.0
3344,drilling_fluid,,warning,partial_fluid_row,Partial drilling fluid row retained at row offset 5,461.0
3345,reports,depth_kickoff_mmd,info,value_missing_before_next_label,No accepted value for depth_kickoff_mmd,462.0
3346,reports,depth_kickoff_mtvd,info,value_missing_before_next_label,No accepted value for depth_kickoff_mtvd,462.0
3347,reports,plug_back_depth_mmd,info,value_missing_before_next_label,No accepted value for plug_back_depth_mmd,462.0
3348,reports,pressure_test_type,info,value_missing_before_next_label,No accepted value for pressure_test_type,462.0
3349,drilling_fluid,,warning,partial_fluid_row,Partial drilling fluid row retained at row offset 4,462.0
3350,drilling_fluid,,warning,partial_fluid_row,Partial drilling fluid row retained at row offset 5,462.0
3351,reports,depth_kickoff_mmd,info,value_missing_before_next_label,No accepted value for depth_kickoff_mmd,463.0
3352,reports,depth_kickoff_mtvd,info,value_missing_before_next_label,No accepted value for depth_kickoff_mtvd,463.0
3353,reports,plug_back_depth_mmd,info,value_missing_before_next_label,No accepted value for plug_back_depth_mmd,463.0
3354,reports,pressure_test_type,info,value_missing_before_next_label,No accepted value for pressure_test_type,463.0
3355,drilling_fluid,,warning,partial_fluid_row,Partial drilling fluid row retained at row offset 4,463.0
3356,drilling_fluid,,warning,partial_fluid_row,Partial drilling fluid row retained at row offset 5,463.0
3357,reports,depth_kickoff_mmd,info,value_missing_before_next_label,No accepted value for depth_kickoff_mmd,464.0
3358,reports,depth_kickoff_mtvd,info,value_missing_before_next_label,No accepted value for depth_kickoff_mtvd,464.0
3359,reports,plug_back_depth_mmd,info,value_missing_before_next_label,No accepted value for plug_back_depth_mmd,464.0
3360,drilling_fluid,,warning,partial_fluid_row,Partial drilling fluid row retained at row offset 9,464.0
3361,drilling_fluid,,warning,partial_fluid_row,Partial drilling fluid row retained at row offset 10,464.0
3362,reports,depth_kickoff_mmd,info,value_missing_before_next_label,No accepted value for depth_kickoff_mmd,465.0
3363,reports,depth_kickoff_mtvd,info,value_missing_before_next_label,No accepted value for depth_kickoff_mtvd,465.0
3364,reports,plug_back_depth_mmd,info,value_missing_before_next_label,No accepted value for plug_back_depth_mmd,465.0
3365,drilling_fluid,,warning,partial_fluid_row,Partial drilling fluid row retained at row offset 11,465.0
3366,drilling_fluid,,warning,partial_fluid_row,Partial drilling fluid row retained at row offset 12,465.0
3367,drilling_fluid,,warning,partial_fluid_row,Partial drilling fluid row retained at row offset 13,465.0
3368,drilling_fluid,,warning,partial_fluid_row,Partial drilling fluid row retained at row offset 14,465.0
3369,reports,depth_kickoff_mmd,info,value_missing_before_next_label,No accepted value for depth_kickoff_mmd,466.0
3370,reports,depth_kickoff_mtvd,info,value_missing_before_next_label,No accepted value for depth_kickoff_mtvd,466.0
3371,reports,plug_back_depth_mmd,info,value_missing_before_next_label,No accepted value for plug_back_depth_mmd,466.0
3372,drilling_fluid,,warning,partial_fluid_row,Partial drilling fluid row retained at row offset 11,466.0
3373,drilling_fluid,,warning,partial_fluid_row,Partial drilling fluid row retained at row offset 12,466.0
3374,drilling_fluid,,warning,partial_fluid_row,Partial drilling fluid row retained at row offset 13,466.0
3375,drilling_fluid,,warning,partial_fluid_row,Partial drilling fluid row retained at row offset 14,466.0
3376,reports,depth_kickoff_mmd,info,value_missing_before_next_label,No accepted value for depth_kickoff_mmd,467.0
3377,reports,depth_kickoff_mtvd,info,value_missing_before_next_label,No accepted value for depth_kickoff_mtvd,467.0
3378,reports,plug_back_depth_mmd,info,value_missing_before_next_label,No accepted value for plug_back_depth_mmd,467.0
3379,drilling_fluid,,warning,partial_fluid_row,Partial drilling fluid row retained at row offset 8,467.0
3380,reports,depth_kickoff_mmd,info,value_missing_before_next_label,No accepted value for depth_kickoff_mmd,468.0
3381,reports,depth_kickoff_mtvd,info,value_missing_before_next_label,No accepted value for depth_kickoff_mtvd,468.0
3382,reports,plug_back_depth_mmd,info,value_missing_before_next_label,No accepted value for plug_back_depth_mmd,468.0
3383,drilling_fluid,,warning,partial_fluid_row,Partial drilling fluid row retained at row offset 10,468.0
3384,drilling_fluid,,warning,partial_fluid_row,Partial drilling fluid row retained at row offset 11,468.0
3385,drilling_fluid,,warning,partial_fluid_row,Partial drilling fluid row retained at row offset 12,468.0
3386,reports,depth_kickoff_mmd,info,value_missing_before_next_label,No accepted value for depth_kickoff_mmd,469.0
3387,reports,depth_kickoff_mtvd,info,value_missing_before_next_label,No accepted value for depth_kickoff_mtvd,469.0
3388,reports,plug_back_depth_mmd,info,value_missing_before_next_label,No accepted value for plug_back_depth_mmd,469.0
3389,drilling_fluid,,warning,partial_fluid_row,Partial drilling fluid row retained at row offset 12,469.0
3390,drilling_fluid,,warning,partial_fluid_row,Partial drilling fluid row retained at row offset 13,469.0
3391,drilling_fluid,,warning,partial_fluid_row,Partial drilling fluid row retained at row offset 14,469.0
3392,drilling_fluid,,warning,partial_fluid_row,Partial drilling fluid row retained at row offset 15,469.0
3393,drilling_fluid,,warning,partial_fluid_row,Partial drilling fluid row retained at row offset 16,469.0
3394,reports,depth_kickoff_mmd,info,value_missing_before_next_label,No accepted value for depth_kickoff_mmd,470.0
3395,reports,depth_kickoff_mtvd,info,value_missing_before_next_label,No accepted value for depth_kickoff_mtvd,470.0
3396,reports,plug_back_depth_mmd,info,value_missing_before_next_label,No accepted value for plug_back_depth_mmd,470.0
3397,drilling_fluid,,warning,partial_fluid_row,Partial drilling fluid row retained at row offset 9,470.0
3398,drilling_fluid,,warning,partial_fluid_row,Partial drilling fluid row retained at row offset 10,470.0
3399,reports,depth_kickoff_mmd,info,value_missing_before_next_label,No accepted value for depth_kickoff_mmd,471.0
3400,reports,depth_kickoff_mtvd,info,value_missing_before_next_label,No accepted value for depth_kickoff_mtvd,471.0
3401,reports,plug_back_depth_mmd,info,value_missing_before_next_label,No accepted value for plug_back_depth_mmd,471.0
3402,drilling_fluid,,warning,partial_fluid_row,Partial drilling fluid row retained at row offset 10,471.0
3403,drilling_fluid,,warning,partial_fluid_row,Partial drilling fluid row retained at row offset 11,471.0
3404,drilling_fluid,,warning,partial_fluid_row,Partial drilling fluid row retained at row offset 12,471.0
3405,reports,depth_kickoff_mmd,info,value_missing_before_next_label,No accepted value for depth_kickoff_mmd,472.0
3406,reports,depth_kickoff_mtvd,info,value_missing_before_next_label,No accepted value for depth_kickoff_mtvd,472.0
3407,reports,plug_back_depth_mmd,info,value_missing_before_next_label,No accepted value for plug_back_depth_mmd,472.0
3408,drilling_fluid,,warning,partial_fluid_row,Partial drilling fluid row retained at row offset 9,472.0
3409,drilling_fluid,,warning,partial_fluid_row,Partial drilling fluid row retained at row offset 10,472.0
3410,reports,depth_current_mtvd,info,value_missing_before_next_label,No accepted value for depth_current_mtvd,473.0
3411,reports,depth_kickoff_mmd,info,value_missing_before_next_label,No accepted value for depth_kickoff_mmd,473.0
3412,reports,depth_kickoff_mtvd,info,value_missing_before_next_label,No accepted value for depth_kickoff_mtvd,473.0
3413,drilling_fluid,,warning,partial_fluid_row,Partial drilling fluid row retained at row offset 8,473.0
3414,reports,depth_current_mtvd,info,value_missing_before_next_label,No accepted value for depth_current_mtvd,474.0
3415,reports,depth_kickoff_mmd,info,value_missing_before_next_label,No accepted value for depth_kickoff_mmd,474.0
3416,reports,depth_kickoff_mtvd,info,value_missing_before_next_label,No accepted value for depth_kickoff_mtvd,474.0
3417,reports,plug_back_depth_mmd,info,value_missing_before_next_label,No accepted value for plug_back_depth_mmd,474.0
3418,drilling_fluid,,warning,partial_fluid_row,Partial drilling fluid row retained at row offset 9,474.0
3419,drilling_fluid,,warning,partial_fluid_row,Partial drilling fluid row retained at row offset 10,474.0
3420,reports,depth_current_mtvd,info,value_missing_before_next_label,No accepted value for depth_current_mtvd,475.0
3421,reports,depth_kickoff_mmd,info,value_missing_before_next_label,No accepted value for depth_kickoff_mmd,475.0
3422,reports,depth_kickoff_mtvd,info,value_missing_before_next_label,No accepted value for depth_kickoff_mtvd,475.0
3423,reports,plug_back_depth_mmd,info,value_missing_before_next_label,No accepted value for plug_back_depth_mmd,475.0
3424,drilling_fluid,,warning,partial_fluid_row,Partial drilling fluid row retained at row offset 9,475.0
3425,drilling_fluid,,warning,partial_fluid_row,Partial drilling fluid row retained at row offset 10,475.0
3426,reports,depth_current_mtvd,info,value_missing_before_next_label,No accepted value for depth_current_mtvd,476.0
3427,reports,depth_kickoff_mmd,info,value_missing_before_next_label,No accepted value for depth_kickoff_mmd,476.0
3428,reports,depth_kickoff_mtvd,info,value_missing_before_next_label,No accepted value for depth_kickoff_mtvd,476.0
3429,reports,plug_back_depth_mmd,info,value_missing_before_next_label,No accepted value for plug_back_depth_mmd,476.0
3430,drilling_fluid,,warning,partial_fluid_row,Partial drilling fluid row retained at row offset 10,476.0
3431,drilling_fluid,,warning,partial_fluid_row,Partial drilling fluid row retained at row offset 11,476.0
3432,drilling_fluid,,warning,partial_fluid_row,Partial drilling fluid row retained at row offset 12,476.0
3433,reports,depth_current_mtvd,info,value_missing_before_next_label,No accepted value for depth_current_mtvd,477.0
3434,reports,depth_kickoff_mmd,info,value_missing_before_next_label,No accepted value for depth_kickoff_mmd,477.0
3435,reports,depth_kickoff_mtvd,info,value_missing_before_next_label,No accepted value for depth_kickoff_mtvd,477.0
3436,reports,plug_back_depth_mmd,info,value_missing_before_next_label,No accepted value for plug_back_depth_mmd,477.0
3437,drilling_fluid,,warning,partial_fluid_row,Partial drilling fluid row retained at row offset 10,477.0
3438,drilling_fluid,,warning,partial_fluid_row,Partial drilling fluid row retained at row offset 11,477.0
3439,drilling_fluid,,warning,partial_fluid_row,Partial drilling fluid row retained at row offset 12,477.0
3440,reports,depth_kickoff_mmd,info,value_missing_before_next_label,No accepted value for depth_kickoff_mmd,478.0
3441,reports,depth_kickoff_mtvd,info,value_missing_before_next_label,No accepted value for depth_kickoff_mtvd,478.0
3442,reports,plug_back_depth_mmd,info,value_missing_before_next_label,No accepted value for plug_back_depth_mmd,478.0
3443,reports,pressure_test_type,info,value_missing_before_next_label,No accepted value for pressure_test_type,478.0
3444,drilling_fluid,,warning,partial_fluid_row,Partial drilling fluid row retained at row offset 12,478.0
3445,drilling_fluid,,warning,partial_fluid_row,Partial drilling fluid row retained at row offset 13,478.0
3446,drilling_fluid,,warning,partial_fluid_row,Partial drilling fluid row retained at row offset 14,478.0
3447,drilling_fluid,,warning,partial_fluid_row,Partial drilling fluid row retained at row offset 15,478.0
3448,drilling_fluid,,warning,partial_fluid_row,Partial drilling fluid row retained at row offset 16,478.0
3449,reports,depth_current_mtvd,info,value_missing_before_next_label,No accepted value for depth_current_mtvd,479.0
3450,reports,depth_kickoff_mmd,info,value_missing_before_next_label,No accepted value for depth_kickoff_mmd,479.0
3451,reports,depth_kickoff_mtvd,info,value_missing_before_next_label,No accepted value for depth_kickoff_mtvd,479.0
3452,reports,plug_back_depth_mmd,info,value_missing_before_next_label,No accepted value for plug_back_depth_mmd,479.0
3453,drilling_fluid,,warning,partial_fluid_row,Partial drilling fluid row retained at row offset 10,479.0
3454,drilling_fluid,,warning,partial_fluid_row,Partial drilling fluid row retained at row offset 11,479.0
3455,drilling_fluid,,warning,partial_fluid_row,Partial drilling fluid row retained at row offset 12,479.0
3456,reports,depth_kickoff_mmd,info,value_missing_before_next_label,No accepted value for depth_kickoff_mmd,480.0
3457,reports,depth_kickoff_mtvd,info,value_missing_before_next_label,No accepted value for depth_kickoff_mtvd,480.0
3458,reports,plug_back_depth_mmd,info,value_missing_before_next_label,No accepted value for plug_back_depth_mmd,480.0
3459,drilling_fluid,,warning,partial_fluid_row,Partial drilling fluid row retained at row offset 11,480.0
3460,drilling_fluid,,warning,partial_fluid_row,Partial drilling fluid row retained at row offset 12,480.0
3461,drilling_fluid,,warning,partial_fluid_row,Partial drilling fluid row retained at row offset 13,480.0
3462,drilling_fluid,,warning,partial_fluid_row,Partial drilling fluid row retained at row offset 14,480.0
3463,reports,depth_kickoff_mmd,info,value_missing_before_next_label,No accepted value for depth_kickoff_mmd,481.0
3464,reports,depth_kickoff_mtvd,info,value_missing_before_next_label,No accepted value for depth_kickoff_mtvd,481.0
3465,reports,plug_back_depth_mmd,info,value_missing_before_next_label,No accepted value for plug_back_depth_mmd,481.0
3466,drilling_fluid,,warning,partial_fluid_row,Partial drilling fluid row retained at row offset 9,481.0
3467,drilling_fluid,,warning,partial_fluid_row,Partial drilling fluid row retained at row offset 10,481.0
3468,reports,depth_kickoff_mmd,info,value_missing_before_next_label,No accepted value for depth_kickoff_mmd,482.0
3469,reports,depth_kickoff_mtvd,info,value_missing_before_next_label,No accepted value for depth_kickoff_mtvd,482.0
3470,reports,plug_back_depth_mmd,info,value_missing_before_next_label,No accepted value for plug_back_depth_mmd,482.0
3471,drilling_fluid,,warning,partial_fluid_row,Partial drilling fluid row retained at row offset 9,482.0
3472,drilling_fluid,,warning,partial_fluid_row,Partial drilling fluid row retained at row offset 10,482.0
3473,reports,depth_kickoff_mmd,info,value_missing_before_next_label,No accepted value for depth_kickoff_mmd,483.0
3474,reports,depth_kickoff_mtvd,info,value_missing_before_next_label,No accepted value for depth_kickoff_mtvd,483.0
3475,reports,plug_back_depth_mmd,info,value_missing_before_next_label,No accepted value for plug_back_depth_mmd,483.0
3476,drilling_fluid,,warning,partial_fluid_row,Partial drilling fluid row retained at row offset 9,483.0
3477,drilling_fluid,,warning,partial_fluid_row,Partial drilling fluid row retained at row offset 10,483.0
3478,reports,depth_kickoff_mmd,info,value_missing_before_next_label,No accepted value for depth_kickoff_mmd,484.0
3479,reports,depth_kickoff_mtvd,info,value_missing_before_next_label,No accepted value for depth_kickoff_mtvd,484.0
3480,reports,plug_back_depth_mmd,info,value_missing_before_next_label,No accepted value for plug_back_depth_mmd,484.0
3481,drilling_fluid,,warning,partial_fluid_row,Partial drilling fluid row retained at row offset 9,484.0
3482,drilling_fluid,,warning,partial_fluid_row,Partial drilling fluid row retained at row offset 10,484.0
3483,reports,depth_kickoff_mmd,info,value_missing_before_next_label,No accepted value for depth_kickoff_mmd,485.0
3484,reports,depth_kickoff_mtvd,info,value_missing_before_next_label,No accepted value for depth_kickoff_mtvd,485.0
3485,reports,plug_back_depth_mmd,info,value_missing_before_next_label,No accepted value for plug_back_depth_mmd,485.0
3486,drilling_fluid,,warning,partial_fluid_row,Partial drilling fluid row retained at row offset 9,485.0
3487,drilling_fluid,,warning,partial_fluid_row,Partial drilling fluid row retained at row offset 10,485.0
3488,reports,depth_kickoff_mmd,info,value_missing_before_next_label,No accepted value for depth_kickoff_mmd,486.0
3489,reports,depth_kickoff_mtvd,info,value_missing_before_next_label,No accepted value for depth_kickoff_mtvd,486.0
3490,reports,plug_back_depth_mmd,info,value_missing_before_next_label,No accepted value for plug_back_depth_mmd,486.0
3491,drilling_fluid,,warning,partial_fluid_row,Partial drilling fluid row retained at row offset 9,486.0
3492,drilling_fluid,,warning,partial_fluid_row,Partial drilling fluid row retained at row offset 10,486.0
3493,drilling_fluid,,warning,partial_fluid_row,Partial drilling fluid row retained at row offset 25,486.0
3494,drilling_fluid,,warning,partial_fluid_row,Partial drilling fluid row retained at row offset 26,486.0
3495,drilling_fluid,,warning,partial_fluid_row,Partial drilling fluid row retained at row offset 27,486.0
3496,drilling_fluid,,warning,partial_fluid_row,Partial drilling fluid row retained at row offset 28,486.0
3497,reports,depth_kickoff_mmd,info,value_missing_before_next_label,No accepted value for depth_kickoff_mmd,487.0
3498,reports,depth_kickoff_mtvd,info,value_missing_before_next_label,No accepted value for depth_kickoff_mtvd,487.0
3499,reports,plug_back_depth_mmd,info,value_missing_before_next_label,No accepted value for plug_back_depth_mmd,487.0
3500,drilling_fluid,,warning,partial_fluid_row,Partial drilling fluid row retained at row offset 10,487.0
3501,drilling_fluid,,warning,partial_fluid_row,Partial drilling fluid row retained at row offset 11,487.0
3502,drilling_fluid,,warning,partial_fluid_row,Partial drilling fluid row retained at row offset 12,487.0
3503,drilling_fluid,,warning,partial_fluid_row,Partial drilling fluid row retained at row offset 21,487.0
3504,drilling_fluid,,warning,partial_fluid_row,Partial drilling fluid row retained at row offset 22,487.0
3505,drilling_fluid,,warning,partial_fluid_row,Partial drilling fluid row retained at row offset 24,487.0
3506,drilling_fluid,,warning,partial_fluid_row,Partial drilling fluid row retained at row offset 25,487.0
3507,drilling_fluid,,warning,partial_fluid_row,Partial drilling fluid row retained at row offset 27,487.0
3508,drilling_fluid,,warning,partial_fluid_row,Partial drilling fluid row retained at row offset 28,487.0
3509,reports,depth_kickoff_mmd,info,value_missing_before_next_label,No accepted value for depth_kickoff_mmd,488.0
3510,reports,depth_kickoff_mtvd,info,value_missing_before_next_label,No accepted value for depth_kickoff_mtvd,488.0
3511,reports,plug_back_depth_mmd,info,value_missing_before_next_label,No accepted value for plug_back_depth_mmd,488.0
3512,drilling_fluid,,warning,partial_fluid_row,Partial drilling fluid row retained at row offset 10,488.0
3513,drilling_fluid,,warning,partial_fluid_row,Partial drilling fluid row retained at row offset 11,488.0
3514,drilling_fluid,,warning,partial_fluid_row,Partial drilling fluid row retained at row offset 12,488.0
3515,reports,depth_kickoff_mmd,info,value_missing_before_next_label,No accepted value for depth_kickoff_mmd,489.0
3516,reports,depth_kickoff_mtvd,info,value_missing_before_next_label,No accepted value for depth_kickoff_mtvd,489.0
3517,reports,plug_back_depth_mmd,info,value_missing_before_next_label,No accepted value for plug_back_depth_mmd,489.0
3518,drilling_fluid,,warning,partial_fluid_row,Partial drilling fluid row retained at row offset 11,489.0
3519,drilling_fluid,,warning,partial_fluid_row,Partial drilling fluid row retained at row offset 12,489.0
3520,drilling_fluid,,warning,partial_fluid_row,Partial drilling fluid row retained at row offset 13,489.0
3521,drilling_fluid,,warning,partial_fluid_row,Partial drilling fluid row retained at row offset 14,489.0
3522,reports,depth_kickoff_mmd,info,value_missing_before_next_label,No accepted value for depth_kickoff_mmd,490.0
3523,reports,depth_kickoff_mtvd,info,value_missing_before_next_label,No accepted value for depth_kickoff_mtvd,490.0
3524,reports,plug_back_depth_mmd,info,value_missing_before_next_label,No accepted value for plug_back_depth_mmd,490.0
3525,drilling_fluid,,warning,partial_fluid_row,Partial drilling fluid row retained at row offset 11,490.0
3526,drilling_fluid,,warning,partial_fluid_row,Partial drilling fluid row retained at row offset 12,490.0
3527,drilling_fluid,,warning,partial_fluid_row,Partial drilling fluid row retained at row offset 13,490.0
3528,drilling_fluid,,warning,partial_fluid_row,Partial drilling fluid row retained at row offset 14,490.0
3529,reports,depth_kickoff_mmd,info,value_missing_before_next_label,No accepted value for depth_kickoff_mmd,491.0
3530,reports,depth_kickoff_mtvd,info,value_missing_before_next_label,No accepted value for depth_kickoff_mtvd,491.0
3531,reports,plug_back_depth_mmd,info,value_missing_before_next_label,No accepted value for plug_back_depth_mmd,491.0
3532,drilling_fluid,,warning,partial_fluid_row,Partial drilling fluid row retained at row offset 10,491.0
3533,drilling_fluid,,warning,partial_fluid_row,Partial drilling fluid row retained at row offset 11,491.0
3534,drilling_fluid,,warning,partial_fluid_row,Partial drilling fluid row retained at row offset 12,491.0
3535,reports,depth_kickoff_mmd,info,value_missing_before_next_label,No accepted value for depth_kickoff_mmd,492.0
3536,reports,depth_kickoff_mtvd,info,value_missing_before_next_label,No accepted value for depth_kickoff_mtvd,492.0
3537,reports,plug_back_depth_mmd,info,value_missing_before_next_label,No accepted value for plug_back_depth_mmd,492.0
3538,drilling_fluid,,warning,partial_fluid_row,Partial drilling fluid row retained at row offset 11,492.0
3539,drilling_fluid,,warning,partial_fluid_row,Partial drilling fluid row retained at row offset 12,492.0
3540,drilling_fluid,,warning,partial_fluid_row,Partial drilling fluid row retained at row offset 13,492.0
3541,drilling_fluid,,warning,partial_fluid_row,Partial drilling fluid row retained at row offset 14,492.0
3542,reports,depth_kickoff_mmd,info,value_missing_before_next_label,No accepted value for depth_kickoff_mmd,493.0
3543,reports,depth_kickoff_mtvd,info,value_missing_before_next_label,No accepted value for depth_kickoff_mtvd,493.0
3544,reports,plug_back_depth_mmd,info,value_missing_before_next_label,No accepted value for plug_back_depth_mmd,493.0
3545,drilling_fluid,,warning,partial_fluid_row,Partial drilling fluid row retained at row offset 9,493.0
3546,drilling_fluid,,warning,partial_fluid_row,Partial drilling fluid row retained at row offset 10,493.0
3547,reports,depth_kickoff_mmd,info,value_missing_before_next_label,No accepted value for depth_kickoff_mmd,494.0
3548,reports,depth_kickoff_mtvd,info,value_missing_before_next_label,No accepted value for depth_kickoff_mtvd,494.0
3549,reports,plug_back_depth_mmd,info,value_missing_before_next_label,No accepted value for plug_back_depth_mmd,494.0
3550,reports,depth_kickoff_mmd,info,value_missing_before_next_label,No accepted value for depth_kickoff_mmd,495.0
3551,reports,depth_kickoff_mtvd,info,value_missing_before_next_label,No accepted value for depth_kickoff_mtvd,495.0
3552,reports,plug_back_depth_mmd,info,value_missing_before_next_label,No accepted value for plug_back_depth_mmd,495.0
3553,drilling_fluid,,warning,partial_fluid_row,Partial drilling fluid row retained at row offset 8,495.0
3554,drilling_fluid,,warning,partial_fluid_row,Partial drilling fluid row retained at row offset 33,495.0
3555,drilling_fluid,,warning,partial_fluid_row,Partial drilling fluid row retained at row offset 34,495.0
3556,drilling_fluid,,warning,partial_fluid_row,Partial drilling fluid row retained at row offset 35,495.0
3557,drilling_fluid,,warning,partial_fluid_row,Partial drilling fluid row retained at row offset 36,495.0
3558,drilling_fluid,,warning,partial_fluid_row,Partial drilling fluid row retained at row offset 37,495.0
3559,drilling_fluid,,warning,partial_fluid_row,Partial drilling fluid row retained at row offset 38,495.0
3560,drilling_fluid,,warning,partial_fluid_row,Partial drilling fluid row retained at row offset 39,495.0
3561,drilling_fluid,,warning,partial_fluid_row,Partial drilling fluid row retained at row offset 40,495.0
3562,drilling_fluid,,warning,partial_fluid_row,Partial drilling fluid row retained at row offset 41,495.0
3563,drilling_fluid,,warning,partial_fluid_row,Partial drilling fluid row retained at row offset 42,495.0
3564,drilling_fluid,,warning,partial_fluid_row,Partial drilling fluid row retained at row offset 43,495.0
3565,drilling_fluid,,warning,partial_fluid_row,Partial drilling fluid row retained at row offset 44,495.0
3566,drilling_fluid,,warning,partial_fluid_row,Partial drilling fluid row retained at row offset 45,495.0
3567,drilling_fluid,,warning,partial_fluid_row,Partial drilling fluid row retained at row offset 46,495.0
3568,drilling_fluid,,warning,partial_fluid_row,Partial drilling fluid row retained at row offset 47,495.0
3569,drilling_fluid,,warning,partial_fluid_row,Partial drilling fluid row retained at row offset 48,495.0
3570,drilling_fluid,,warning,partial_fluid_row,Partial drilling fluid row retained at row offset 51,495.0
3571,drilling_fluid,,warning,partial_fluid_row,Partial drilling fluid row retained at row offset 52,495.0
3572,drilling_fluid,,warning,partial_fluid_row,Partial drilling fluid row retained at row offset 53,495.0
3573,drilling_fluid,,warning,partial_fluid_row,Partial drilling fluid row retained at row offset 54,495.0
3574,drilling_fluid,,warning,partial_fluid_row,Partial drilling fluid row retained at row offset 55,495.0
3575,drilling_fluid,,warning,partial_fluid_row,Partial drilling fluid row retained at row offset 56,495.0
3576,drilling_fluid,,warning,partial_fluid_row,Partial drilling fluid row retained at row offset 57,495.0
3577,drilling_fluid,,warning,partial_fluid_row,Partial drilling fluid row retained at row offset 58,495.0
3578,drilling_fluid,,warning,partial_fluid_row,Partial drilling fluid row retained at row offset 59,495.0
3579,drilling_fluid,,warning,partial_fluid_row,Partial drilling fluid row retained at row offset 60,495.0
3580,drilling_fluid,,warning,partial_fluid_row,Partial drilling fluid row retained at row offset 61,495.0
3581,drilling_fluid,,warning,partial_fluid_row,Partial drilling fluid row retained at row offset 62,495.0
3582,drilling_fluid,,warning,partial_fluid_row,Partial drilling fluid row retained at row offset 63,495.0
3583,drilling_fluid,,warning,partial_fluid_row,Partial drilling fluid row retained at row offset 64,495.0
3584,drilling_fluid,,warning,partial_fluid_row,Partial drilling fluid row retained at row offset 65,495.0
3585,drilling_fluid,,warning,partial_fluid_row,Partial drilling fluid row retained at row offset 66,495.0
3586,drilling_fluid,,warning,partial_fluid_row,Partial drilling fluid row retained at row offset 68,495.0
3587,drilling_fluid,,warning,partial_fluid_row,Partial drilling fluid row retained at row offset 69,495.0
3588,drilling_fluid,,warning,partial_fluid_row,Partial drilling fluid row retained at row offset 70,495.0
3589,drilling_fluid,,warning,partial_fluid_row,Partial drilling fluid row retained at row offset 71,495.0
3590,drilling_fluid,,warning,partial_fluid_row,Partial drilling fluid row retained at row offset 72,495.0
3591,drilling_fluid,,warning,partial_fluid_row,Partial drilling fluid row retained at row offset 73,495.0
3592,drilling_fluid,,warning,partial_fluid_row,Partial drilling fluid row retained at row offset 74,495.0
3593,drilling_fluid,,warning,partial_fluid_row,Partial drilling fluid row retained at row offset 75,495.0
3594,drilling_fluid,,warning,partial_fluid_row,Partial drilling fluid row retained at row offset 76,495.0
3595,drilling_fluid,,warning,partial_fluid_row,Partial drilling fluid row retained at row offset 77,495.0
3596,drilling_fluid,,warning,partial_fluid_row,Partial drilling fluid row retained at row offset 78,495.0
3597,drilling_fluid,,warning,partial_fluid_row,Partial drilling fluid row retained at row offset 79,495.0
3598,drilling_fluid,,warning,partial_fluid_row,Partial drilling fluid row retained at row offset 80,495.0
3599,drilling_fluid,,warning,partial_fluid_row,Partial drilling fluid row retained at row offset 81,495.0
3600,drilling_fluid,,warning,partial_fluid_row,Partial drilling fluid row retained at row offset 82,495.0
3601,drilling_fluid,,warning,partial_fluid_row,Partial drilling fluid row retained at row offset 83,495.0
3602,drilling_fluid,,warning,partial_fluid_row,Partial drilling fluid row retained at row offset 85,495.0
3603,drilling_fluid,,warning,partial_fluid_row,Partial drilling fluid row retained at row offset 86,495.0
3604,drilling_fluid,,warning,partial_fluid_row,Partial drilling fluid row retained at row offset 87,495.0
3605,drilling_fluid,,warning,partial_fluid_row,Partial drilling fluid row retained at row offset 88,495.0
3606,drilling_fluid,,warning,partial_fluid_row,Partial drilling fluid row retained at row offset 89,495.0
3607,drilling_fluid,,warning,partial_fluid_row,Partial drilling fluid row retained at row offset 90,495.0
3608,drilling_fluid,,warning,partial_fluid_row,Partial drilling fluid row retained at row offset 91,495.0
3609,drilling_fluid,,warning,partial_fluid_row,Partial drilling fluid row retained at row offset 92,495.0
3610,drilling_fluid,,warning,partial_fluid_row,Partial drilling fluid row retained at row offset 93,495.0
3611,drilling_fluid,,warning,partial_fluid_row,Partial drilling fluid row retained at row offset 94,495.0
3612,drilling_fluid,,warning,partial_fluid_row,Partial drilling fluid row retained at row offset 95,495.0
3613,drilling_fluid,,warning,partial_fluid_row,Partial drilling fluid row retained at row offset 96,495.0
3614,drilling_fluid,,warning,partial_fluid_row,Partial drilling fluid row retained at row offset 97,495.0
3615,drilling_fluid,,warning,partial_fluid_row,Partial drilling fluid row retained at row offset 98,495.0
3616,drilling_fluid,,warning,partial_fluid_row,Partial drilling fluid row retained at row offset 99,495.0
3617,drilling_fluid,,warning,partial_fluid_row,Partial drilling fluid row retained at row offset 100,495.0
3618,drilling_fluid,,warning,partial_fluid_row,Partial drilling fluid row retained at row offset 101,495.0
3619,drilling_fluid,,warning,partial_fluid_row,Partial drilling fluid row retained at row offset 102,495.0
3620,drilling_fluid,,warning,partial_fluid_row,Partial drilling fluid row retained at row offset 103,495.0
3621,drilling_fluid,,warning,partial_fluid_row,Partial drilling fluid row retained at row offset 104,495.0
3622,drilling_fluid,,warning,partial_fluid_row,Partial drilling fluid row retained at row offset 105,495.0
3623,drilling_fluid,,warning,partial_fluid_row,Partial drilling fluid row retained at row offset 140,495.0
3624,drilling_fluid,,warning,partial_fluid_row,Partial drilling fluid row retained at row offset 141,495.0
3625,drilling_fluid,,warning,partial_fluid_row,Partial drilling fluid row retained at row offset 142,495.0
3626,drilling_fluid,,warning,partial_fluid_row,Partial drilling fluid row retained at row offset 143,495.0
3627,drilling_fluid,,warning,partial_fluid_row,Partial drilling fluid row retained at row offset 144,495.0
3628,drilling_fluid,,warning,partial_fluid_row,Partial drilling fluid row retained at row offset 145,495.0
3629,drilling_fluid,,warning,partial_fluid_row,Partial drilling fluid row retained at row offset 146,495.0
3630,drilling_fluid,,warning,partial_fluid_row,Partial drilling fluid row retained at row offset 147,495.0
3631,drilling_fluid,,warning,partial_fluid_row,Partial drilling fluid row retained at row offset 148,495.0
3632,drilling_fluid,,warning,partial_fluid_row,Partial drilling fluid row retained at row offset 149,495.0
3633,drilling_fluid,,warning,partial_fluid_row,Partial drilling fluid row retained at row offset 150,495.0
3634,drilling_fluid,,warning,partial_fluid_row,Partial drilling fluid row retained at row offset 151,495.0
3635,drilling_fluid,,warning,partial_fluid_row,Partial drilling fluid row retained at row offset 152,495.0
3636,drilling_fluid,,warning,partial_fluid_row,Partial drilling fluid row retained at row offset 153,495.0
3637,drilling_fluid,,warning,partial_fluid_row,Partial drilling fluid row retained at row offset 154,495.0
3638,drilling_fluid,,warning,partial_fluid_row,Partial drilling fluid row retained at row offset 155,495.0
3639,drilling_fluid,,warning,partial_fluid_row,Partial drilling fluid row retained at row offset 157,495.0
3640,drilling_fluid,,warning,partial_fluid_row,Partial drilling fluid row retained at row offset 158,495.0
3641,drilling_fluid,,warning,partial_fluid_row,Partial drilling fluid row retained at row offset 159,495.0
3642,drilling_fluid,,warning,partial_fluid_row,Partial drilling fluid row retained at row offset 160,495.0
3643,drilling_fluid,,warning,partial_fluid_row,Partial drilling fluid row retained at row offset 161,495.0
3644,drilling_fluid,,warning,partial_fluid_row,Partial drilling fluid row retained at row offset 162,495.0
3645,drilling_fluid,,warning,partial_fluid_row,Partial drilling fluid row retained at row offset 163,495.0
3646,drilling_fluid,,warning,partial_fluid_row,Partial drilling fluid row retained at row offset 164,495.0
3647,drilling_fluid,,warning,partial_fluid_row,Partial drilling fluid row retained at row offset 165,495.0
3648,drilling_fluid,,warning,partial_fluid_row,Partial drilling fluid row retained at row offset 166,495.0
3649,drilling_fluid,,warning,partial_fluid_row,Partial drilling fluid row retained at row offset 167,495.0
3650,drilling_fluid,,warning,partial_fluid_row,Partial drilling fluid row retained at row offset 168,495.0
3651,drilling_fluid,,warning,partial_fluid_row,Partial drilling fluid row retained at row offset 169,495.0
3652,drilling_fluid,,warning,partial_fluid_row,Partial drilling fluid row retained at row offset 170,495.0
3653,drilling_fluid,,warning,partial_fluid_row,Partial drilling fluid row retained at row offset 171,495.0
3654,drilling_fluid,,warning,partial_fluid_row,Partial drilling fluid row retained at row offset 172,495.0
3655,drilling_fluid,,warning,partial_fluid_row,Partial drilling fluid row retained at row offset 174,495.0
3656,drilling_fluid,,warning,partial_fluid_row,Partial drilling fluid row retained at row offset 175,495.0
3657,drilling_fluid,,warning,partial_fluid_row,Partial drilling fluid row retained at row offset 176,495.0
3658,drilling_fluid,,warning,partial_fluid_row,Partial drilling fluid row retained at row offset 177,495.0
3659,drilling_fluid,,warning,partial_fluid_row,Partial drilling fluid row retained at row offset 178,495.0
3660,drilling_fluid,,warning,partial_fluid_row,Partial drilling fluid row retained at row offset 179,495.0
3661,drilling_fluid,,warning,partial_fluid_row,Partial drilling fluid row retained at row offset 180,495.0
3662,drilling_fluid,,warning,partial_fluid_row,Partial drilling fluid row retained at row offset 181,495.0
3663,drilling_fluid,,warning,partial_fluid_row,Partial drilling fluid row retained at row offset 182,495.0
3664,drilling_fluid,,warning,partial_fluid_row,Partial drilling fluid row retained at row offset 183,495.0
3665,drilling_fluid,,warning,partial_fluid_row,Partial drilling fluid row retained at row offset 184,495.0
3666,drilling_fluid,,warning,partial_fluid_row,Partial drilling fluid row retained at row offset 185,495.0
3667,drilling_fluid,,warning,partial_fluid_row,Partial drilling fluid row retained at row offset 186,495.0
3668,drilling_fluid,,warning,partial_fluid_row,Partial drilling fluid row retained at row offset 187,495.0
3669,drilling_fluid,,warning,partial_fluid_row,Partial drilling fluid row retained at row offset 188,495.0
3670,drilling_fluid,,warning,partial_fluid_row,Partial drilling fluid row retained at row offset 189,495.0
3671,reports,depth_kickoff_mmd,info,value_missing_before_next_label,No accepted value for depth_kickoff_mmd,496.0
3672,reports,depth_kickoff_mtvd,info,value_missing_before_next_label,No accepted value for depth_kickoff_mtvd,496.0
3673,reports,plug_back_depth_mmd,info,value_missing_before_next_label,No accepted value for plug_back_depth_mmd,496.0
3674,drilling_fluid,,warning,partial_fluid_row,Partial drilling fluid row retained at row offset 8,496.0
3675,reports,depth_kickoff_mmd,info,value_missing_before_next_label,No accepted value for depth_kickoff_mmd,497.0
3676,reports,depth_kickoff_mtvd,info,value_missing_before_next_label,No accepted value for depth_kickoff_mtvd,497.0
3677,reports,plug_back_depth_mmd,info,value_missing_before_next_label,No accepted value for plug_back_depth_mmd,497.0
3678,drilling_fluid,,warning,partial_fluid_row,Partial drilling fluid row retained at row offset 8,497.0
3679,reports,depth_kickoff_mmd,info,value_missing_before_next_label,No accepted value for depth_kickoff_mmd,498.0
3680,reports,depth_kickoff_mtvd,info,value_missing_before_next_label,No accepted value for depth_kickoff_mtvd,498.0
3681,reports,plug_back_depth_mmd,info,value_missing_before_next_label,No accepted value for plug_back_depth_mmd,498.0
3682,drilling_fluid,,warning,partial_fluid_row,Partial drilling fluid row retained at row offset 8,498.0
3683,reports,depth_kickoff_mmd,info,value_missing_before_next_label,No accepted value for depth_kickoff_mmd,499.0
3684,reports,depth_kickoff_mtvd,info,value_missing_before_next_label,No accepted value for depth_kickoff_mtvd,499.0
3685,reports,plug_back_depth_mmd,info,value_missing_before_next_label,No accepted value for plug_back_depth_mmd,499.0
3686,drilling_fluid,,warning,partial_fluid_row,Partial drilling fluid row retained at row offset 8,499.0
3687,reports,depth_kickoff_mmd,info,value_missing_before_next_label,No accepted value for depth_kickoff_mmd,500.0
3688,reports,depth_kickoff_mtvd,info,value_missing_before_next_label,No accepted value for depth_kickoff_mtvd,500.0
3689,reports,plug_back_depth_mmd,info,value_missing_before_next_label,No accepted value for plug_back_depth_mmd,500.0
3690,drilling_fluid,,warning,partial_fluid_row,Partial drilling fluid row retained at row offset 9,500.0
3691,reports,depth_kickoff_mmd,info,value_missing_before_next_label,No accepted value for depth_kickoff_mmd,501.0
3692,reports,depth_kickoff_mtvd,info,value_missing_before_next_label,No accepted value for depth_kickoff_mtvd,501.0
3693,reports,plug_back_depth_mmd,info,value_missing_before_next_label,No accepted value for plug_back_depth_mmd,501.0
3694,drilling_fluid,,warning,partial_fluid_row,Partial drilling fluid row retained at row offset 9,501.0
3695,reports,depth_kickoff_mmd,info,value_missing_before_next_label,No accepted value for depth_kickoff_mmd,502.0
3696,reports,depth_kickoff_mtvd,info,value_missing_before_next_label,No accepted value for depth_kickoff_mtvd,502.0
3697,reports,plug_back_depth_mmd,info,value_missing_before_next_label,No accepted value for plug_back_depth_mmd,502.0
3698,drilling_fluid,,warning,partial_fluid_row,Partial drilling fluid row retained at row offset 9,502.0
3699,reports,depth_current_mtvd,info,value_missing_before_next_label,No accepted value for depth_current_mtvd,503.0
3700,reports,depth_kickoff_mmd,info,value_missing_before_next_label,No accepted value for depth_kickoff_mmd,503.0
3701,reports,depth_kickoff_mtvd,info,value_missing_before_next_label,No accepted value for depth_kickoff_mtvd,503.0
3702,reports,plug_back_depth_mmd,info,value_missing_before_next_label,No accepted value for plug_back_depth_mmd,503.0
3703,drilling_fluid,,warning,partial_fluid_row,Partial drilling fluid row retained at row offset 9,503.0
3704,reports,depth_current_mtvd,info,value_missing_before_next_label,No accepted value for depth_current_mtvd,504.0
3705,reports,depth_kickoff_mmd,info,value_missing_before_next_label,No accepted value for depth_kickoff_mmd,504.0
3706,reports,depth_kickoff_mtvd,info,value_missing_before_next_label,No accepted value for depth_kickoff_mtvd,504.0
3707,reports,plug_back_depth_mmd,info,value_missing_before_next_label,No accepted value for plug_back_depth_mmd,504.0
3708,drilling_fluid,,warning,partial_fluid_row,Partial drilling fluid row retained at row offset 9,504.0
3709,reports,depth_current_mtvd,info,value_missing_before_next_label,No accepted value for depth_current_mtvd,505.0
3710,reports,depth_kickoff_mmd,info,value_missing_before_next_label,No accepted value for depth_kickoff_mmd,505.0
3711,reports,depth_kickoff_mtvd,info,value_missing_before_next_label,No accepted value for depth_kickoff_mtvd,505.0
3712,reports,plug_back_depth_mmd,info,value_missing_before_next_label,No accepted value for plug_back_depth_mmd,505.0
3713,drilling_fluid,,warning,partial_fluid_row,Partial drilling fluid row retained at row offset 9,505.0
3714,reports,depth_current_mtvd,info,value_missing_before_next_label,No accepted value for depth_current_mtvd,506.0
3715,reports,depth_kickoff_mmd,info,value_missing_before_next_label,No accepted value for depth_kickoff_mmd,506.0
3716,reports,depth_kickoff_mtvd,info,value_missing_before_next_label,No accepted value for depth_kickoff_mtvd,506.0
3717,reports,plug_back_depth_mmd,info,value_missing_before_next_label,No accepted value for plug_back_depth_mmd,506.0
3718,drilling_fluid,,warning,partial_fluid_row,Partial drilling fluid row retained at row offset 9,506.0
3719,reports,depth_current_mtvd,info,value_missing_before_next_label,No accepted value for depth_current_mtvd,507.0
3720,reports,depth_kickoff_mmd,info,value_missing_before_next_label,No accepted value for depth_kickoff_mmd,507.0
3721,reports,depth_kickoff_mtvd,info,value_missing_before_next_label,No accepted value for depth_kickoff_mtvd,507.0
3722,reports,plug_back_depth_mmd,info,value_missing_before_next_label,No accepted value for plug_back_depth_mmd,507.0
3723,drilling_fluid,,warning,partial_fluid_row,Partial drilling fluid row retained at row offset 9,507.0
3724,reports,depth_current_mtvd,info,value_missing_before_next_label,No accepted value for depth_current_mtvd,508.0
3725,reports,depth_kickoff_mmd,info,value_missing_before_next_label,No accepted value for depth_kickoff_mmd,508.0
3726,reports,depth_kickoff_mtvd,info,value_missing_before_next_label,No accepted value for depth_kickoff_mtvd,508.0
3727,reports,plug_back_depth_mmd,info,value_missing_before_next_label,No accepted value for plug_back_depth_mmd,508.0
3728,drilling_fluid,,warning,partial_fluid_row,Partial drilling fluid row retained at row offset 9,508.0
3729,reports,depth_current_mtvd,info,value_missing_before_next_label,No accepted value for depth_current_mtvd,509.0
3730,reports,depth_kickoff_mmd,info,value_missing_before_next_label,No accepted value for depth_kickoff_mmd,509.0
3731,reports,depth_kickoff_mtvd,info,value_missing_before_next_label,No accepted value for depth_kickoff_mtvd,509.0
3732,reports,plug_back_depth_mmd,info,value_missing_before_next_label,No accepted value for plug_back_depth_mmd,509.0
3733,reports,depth_current_mtvd,info,value_missing_before_next_label,No accepted value for depth_current_mtvd,510.0
3734,reports,depth_kickoff_mmd,info,value_missing_before_next_label,No accepted value for depth_kickoff_mmd,510.0
3735,reports,depth_kickoff_mtvd,info,value_missing_before_next_label,No accepted value for depth_kickoff_mtvd,510.0
3736,reports,plug_back_depth_mmd,info,value_missing_before_next_label,No accepted value for plug_back_depth_mmd,510.0
3737,drilling_fluid,,warning,partial_fluid_row,Partial drilling fluid row retained at row offset 10,510.0
3738,drilling_fluid,,warning,partial_fluid_row,Partial drilling fluid row retained at row offset 11,510.0
3739,reports,depth_current_mtvd,info,value_missing_before_next_label,No accepted value for depth_current_mtvd,511.0
3740,reports,depth_kickoff_mmd,info,value_missing_before_next_label,No accepted value for depth_kickoff_mmd,511.0
3741,reports,depth_kickoff_mtvd,info,value_missing_before_next_label,No accepted value for depth_kickoff_mtvd,511.0
3742,reports,plug_back_depth_mmd,info,value_missing_before_next_label,No accepted value for plug_back_depth_mmd,511.0
3743,reports,depth_current_mtvd,info,value_missing_before_next_label,No accepted value for depth_current_mtvd,512.0
3744,reports,depth_kickoff_mmd,info,value_missing_before_next_label,No accepted value for depth_kickoff_mmd,512.0
3745,reports,depth_kickoff_mtvd,info,value_missing_before_next_label,No accepted value for depth_kickoff_mtvd,512.0
3746,reports,plug_back_depth_mmd,info,value_missing_before_next_label,No accepted value for plug_back_depth_mmd,512.0
3747,drilling_fluid,,warning,partial_fluid_row,Partial drilling fluid row retained at row offset 8,512.0
3748,reports,depth_current_mtvd,info,value_missing_before_next_label,No accepted value for depth_current_mtvd,513.0
3749,reports,depth_kickoff_mmd,info,value_missing_before_next_label,No accepted value for depth_kickoff_mmd,513.0
3750,reports,depth_kickoff_mtvd,info,value_missing_before_next_label,No accepted value for depth_kickoff_mtvd,513.0
3751,reports,plug_back_depth_mmd,info,value_missing_before_next_label,No accepted value for plug_back_depth_mmd,513.0
3752,drilling_fluid,,warning,partial_fluid_row,Partial drilling fluid row retained at row offset 9,513.0
3753,reports,depth_current_mtvd,info,value_missing_before_next_label,No accepted value for depth_current_mtvd,514.0
3754,reports,depth_kickoff_mmd,info,value_missing_before_next_label,No accepted value for depth_kickoff_mmd,514.0
3755,reports,depth_kickoff_mtvd,info,value_missing_before_next_label,No accepted value for depth_kickoff_mtvd,514.0
3756,reports,plug_back_depth_mmd,info,value_missing_before_next_label,No accepted value for plug_back_depth_mmd,514.0
3757,drilling_fluid,,warning,partial_fluid_row,Partial drilling fluid row retained at row offset 9,514.0
3758,reports,depth_current_mtvd,info,value_missing_before_next_label,No accepted value for depth_current_mtvd,515.0
3759,reports,depth_kickoff_mmd,info,value_missing_before_next_label,No accepted value for depth_kickoff_mmd,515.0
3760,reports,depth_kickoff_mtvd,info,value_missing_before_next_label,No accepted value for depth_kickoff_mtvd,515.0
3761,reports,plug_back_depth_mmd,info,value_missing_before_next_label,No accepted value for plug_back_depth_mmd,515.0
3762,drilling_fluid,,warning,partial_fluid_row,Partial drilling fluid row retained at row offset 9,515.0
3763,reports,depth_current_mtvd,info,value_missing_before_next_label,No accepted value for depth_current_mtvd,516.0
3764,reports,depth_kickoff_mmd,info,value_missing_before_next_label,No accepted value for depth_kickoff_mmd,516.0
3765,reports,depth_kickoff_mtvd,info,value_missing_before_next_label,No accepted value for depth_kickoff_mtvd,516.0
3766,reports,plug_back_depth_mmd,info,value_missing_before_next_label,No accepted value for plug_back_depth_mmd,516.0
3767,drilling_fluid,,warning,partial_fluid_row,Partial drilling fluid row retained at row offset 8,516.0
3768,reports,depth_current_mtvd,info,value_missing_before_next_label,No accepted value for depth_current_mtvd,517.0
3769,reports,depth_kickoff_mmd,info,value_missing_before_next_label,No accepted value for depth_kickoff_mmd,517.0
3770,reports,depth_kickoff_mtvd,info,value_missing_before_next_label,No accepted value for depth_kickoff_mtvd,517.0
3771,reports,plug_back_depth_mmd,info,value_missing_before_next_label,No accepted value for plug_back_depth_mmd,517.0
3772,reports,depth_current_mtvd,info,value_missing_before_next_label,No accepted value for depth_current_mtvd,518.0
3773,reports,depth_kickoff_mmd,info,value_missing_before_next_label,No accepted value for depth_kickoff_mmd,518.0
3774,reports,depth_kickoff_mtvd,info,value_missing_before_next_label,No accepted value for depth_kickoff_mtvd,518.0
3775,reports,plug_back_depth_mmd,info,value_missing_before_next_label,No accepted value for plug_back_depth_mmd,518.0
3776,reports,depth_current_mtvd,info,value_missing_before_next_label,No accepted value for depth_current_mtvd,519.0
3777,reports,depth_kickoff_mmd,info,value_missing_before_next_label,No accepted value for depth_kickoff_mmd,519.0
3778,reports,depth_kickoff_mtvd,info,value_missing_before_next_label,No accepted value for depth_kickoff_mtvd,519.0
3779,reports,plug_back_depth_mmd,info,value_missing_before_next_label,No accepted value for plug_back_depth_mmd,519.0
3780,reports,depth_current_mtvd,info,value_missing_before_next_label,No accepted value for depth_current_mtvd,520.0
3781,reports,depth_kickoff_mmd,info,value_missing_before_next_label,No accepted value for depth_kickoff_mmd,520.0
3782,reports,depth_kickoff_mtvd,info,value_missing_before_next_label,No accepted value for depth_kickoff_mtvd,520.0
3783,reports,plug_back_depth_mmd,info,value_missing_before_next_label,No accepted value for plug_back_depth_mmd,520.0
3784,reports,depth_current_mtvd,info,value_missing_before_next_label,No accepted value for depth_current_mtvd,521.0
3785,reports,depth_kickoff_mmd,info,value_missing_before_next_label,No accepted value for depth_kickoff_mmd,521.0
3786,reports,depth_kickoff_mtvd,info,value_missing_before_next_label,No accepted value for depth_kickoff_mtvd,521.0
3787,reports,plug_back_depth_mmd,info,value_missing_before_next_label,No accepted value for plug_back_depth_mmd,521.0
3788,reports,depth_current_mtvd,info,value_missing_before_next_label,No accepted value for depth_current_mtvd,522.0
3789,reports,depth_kickoff_mmd,info,value_missing_before_next_label,No accepted value for depth_kickoff_mmd,522.0
3790,reports,depth_kickoff_mtvd,info,value_missing_before_next_label,No accepted value for depth_kickoff_mtvd,522.0
3791,reports,plug_back_depth_mmd,info,value_missing_before_next_label,No accepted value for plug_back_depth_mmd,522.0
3792,reports,depth_current_mtvd,info,value_missing_before_next_label,No accepted value for depth_current_mtvd,523.0
3793,reports,depth_kickoff_mmd,info,value_missing_before_next_label,No accepted value for depth_kickoff_mmd,523.0
3794,reports,depth_kickoff_mtvd,info,value_missing_before_next_label,No accepted value for depth_kickoff_mtvd,523.0
3795,reports,plug_back_depth_mmd,info,value_missing_before_next_label,No accepted value for plug_back_depth_mmd,523.0
3796,reports,depth_current_mtvd,info,value_missing_before_next_label,No accepted value for depth_current_mtvd,524.0
3797,reports,depth_kickoff_mmd,info,value_missing_before_next_label,No accepted value for depth_kickoff_mmd,524.0
3798,reports,depth_kickoff_mtvd,info,value_missing_before_next_label,No accepted value for depth_kickoff_mtvd,524.0
3799,reports,plug_back_depth_mmd,info,value_missing_before_next_label,No accepted value for plug_back_depth_mmd,524.0
3800,reports,depth_current_mtvd,info,value_missing_before_next_label,No accepted value for depth_current_mtvd,525.0
3801,reports,depth_kickoff_mmd,info,value_missing_before_next_label,No accepted value for depth_kickoff_mmd,525.0
3802,reports,depth_kickoff_mtvd,info,value_missing_before_next_label,No accepted value for depth_kickoff_mtvd,525.0
3803,reports,plug_back_depth_mmd,info,value_missing_before_next_label,No accepted value for plug_back_depth_mmd,525.0
3804,reports,depth_current_mtvd,info,value_missing_before_next_label,No accepted value for depth_current_mtvd,526.0
3805,reports,depth_kickoff_mmd,info,value_missing_before_next_label,No accepted value for depth_kickoff_mmd,526.0
3806,reports,depth_kickoff_mtvd,info,value_missing_before_next_label,No accepted value for depth_kickoff_mtvd,526.0
3807,reports,plug_back_depth_mmd,info,value_missing_before_next_label,No accepted value for plug_back_depth_mmd,526.0
3808,reports,depth_current_mtvd,info,value_missing_before_next_label,No accepted value for depth_current_mtvd,527.0
3809,reports,depth_kickoff_mmd,info,value_missing_before_next_label,No accepted value for depth_kickoff_mmd,527.0
3810,reports,depth_kickoff_mtvd,info,value_missing_before_next_label,No accepted value for depth_kickoff_mtvd,527.0
3811,reports,plug_back_depth_mmd,info,value_missing_before_next_label,No accepted value for plug_back_depth_mmd,527.0
3812,reports,depth_current_mtvd,info,value_missing_before_next_label,No accepted value for depth_current_mtvd,528.0
3813,reports,depth_kickoff_mmd,info,value_missing_before_next_label,No accepted value for depth_kickoff_mmd,528.0
3814,reports,depth_kickoff_mtvd,info,value_missing_before_next_label,No accepted value for depth_kickoff_mtvd,528.0
3815,reports,plug_back_depth_mmd,info,value_missing_before_next_label,No accepted value for plug_back_depth_mmd,528.0
3816,reports,depth_current_mtvd,info,value_missing_before_next_label,No accepted value for depth_current_mtvd,529.0
3817,reports,depth_kickoff_mmd,info,value_missing_before_next_label,No accepted value for depth_kickoff_mmd,529.0
3818,reports,depth_kickoff_mtvd,info,value_missing_before_next_label,No accepted value for depth_kickoff_mtvd,529.0
3819,reports,plug_back_depth_mmd,info,value_missing_before_next_label,No accepted value for plug_back_depth_mmd,529.0
3820,reports,depth_current_mtvd,info,value_missing_before_next_label,No accepted value for depth_current_mtvd,530.0
3821,reports,depth_kickoff_mmd,info,value_missing_before_next_label,No accepted value for depth_kickoff_mmd,530.0
3822,reports,depth_kickoff_mtvd,info,value_missing_before_next_label,No accepted value for depth_kickoff_mtvd,530.0
3823,reports,plug_back_depth_mmd,info,value_missing_before_next_label,No accepted value for plug_back_depth_mmd,530.0
3824,reports,depth_current_mtvd,info,value_missing_before_next_label,No accepted value for depth_current_mtvd,531.0
3825,reports,depth_kickoff_mmd,info,value_missing_before_next_label,No accepted value for depth_kickoff_mmd,531.0
3826,reports,depth_kickoff_mtvd,info,value_missing_before_next_label,No accepted value for depth_kickoff_mtvd,531.0
3827,reports,plug_back_depth_mmd,info,value_missing_before_next_label,No accepted value for plug_back_depth_mmd,531.0
3828,reports,depth_current_mtvd,info,value_missing_before_next_label,No accepted value for depth_current_mtvd,532.0
3829,reports,depth_kickoff_mmd,info,value_missing_before_next_label,No accepted value for depth_kickoff_mmd,532.0
3830,reports,depth_kickoff_mtvd,info,value_missing_before_next_label,No accepted value for depth_kickoff_mtvd,532.0
3831,reports,plug_back_depth_mmd,info,value_missing_before_next_label,No accepted value for plug_back_depth_mmd,532.0
3832,reports,depth_current_mtvd,info,value_missing_before_next_label,No accepted value for depth_current_mtvd,533.0
3833,reports,depth_kickoff_mmd,info,value_missing_before_next_label,No accepted value for depth_kickoff_mmd,533.0
3834,reports,depth_kickoff_mtvd,info,value_missing_before_next_label,No accepted value for depth_kickoff_mtvd,533.0
3835,reports,plug_back_depth_mmd,info,value_missing_before_next_label,No accepted value for plug_back_depth_mmd,533.0
3836,reports,depth_current_mtvd,info,value_missing_before_next_label,No accepted value for depth_current_mtvd,534.0
3837,reports,depth_kickoff_mmd,info,value_missing_before_next_label,No accepted value for depth_kickoff_mmd,534.0
3838,reports,depth_kickoff_mtvd,info,value_missing_before_next_label,No accepted value for depth_kickoff_mtvd,534.0
3839,reports,plug_back_depth_mmd,info,value_missing_before_next_label,No accepted value for plug_back_depth_mmd,534.0
3840,reports,depth_current_mmd,warning,metadata_value_rejected,Rejected raw value '-999.99' for depth_current_mmd,535.0
3841,reports,depth_current_mtvd,info,value_missing_before_next_label,No accepted value for depth_current_mtvd,535.0
3842,reports,depth_kickoff_mmd,info,value_missing_before_next_label,No accepted value for depth_kickoff_mmd,535.0
3843,reports,depth_kickoff_mtvd,info,value_missing_before_next_label,No accepted value for depth_kickoff_mtvd,535.0
3844,reports,plug_back_depth_mmd,info,value_missing_before_next_label,No accepted value for plug_back_depth_mmd,535.0
3845,reports,depth_current_mmd,warning,metadata_value_rejected,Rejected raw value '-999.99' for depth_current_mmd,536.0
3846,reports,depth_current_mtvd,info,value_missing_before_next_label,No accepted value for depth_current_mtvd,536.0
3847,reports,depth_kickoff_mmd,info,value_missing_before_next_label,No accepted value for depth_kickoff_mmd,536.0
3848,reports,depth_kickoff_mtvd,info,value_missing_before_next_label,No accepted value for depth_kickoff_mtvd,536.0
3849,reports,plug_back_depth_mmd,info,value_missing_before_next_label,No accepted value for plug_back_depth_mmd,536.0
3850,reports,depth_current_mmd,warning,metadata_value_rejected,Rejected raw value '-999.99' for depth_current_mmd,537.0
3851,reports,depth_current_mtvd,info,value_missing_before_next_label,No accepted value for depth_current_mtvd,537.0
3852,reports,depth_kickoff_mmd,info,value_missing_before_next_label,No accepted value for depth_kickoff_mmd,537.0
3853,reports,depth_kickoff_mtvd,info,value_missing_before_next_label,No accepted value for depth_kickoff_mtvd,537.0
3854,reports,plug_back_depth_mmd,info,value_missing_before_next_label,No accepted value for plug_back_depth_mmd,537.0
3855,reports,depth_current_mmd,warning,metadata_value_rejected,Rejected raw value '-999.99' for depth_current_mmd,538.0
3856,reports,depth_current_mtvd,info,value_missing_before_next_label,No accepted value for depth_current_mtvd,538.0
3857,reports,depth_kickoff_mmd,info,value_missing_before_next_label,No accepted value for depth_kickoff_mmd,538.0
3858,reports,depth_kickoff_mtvd,info,value_missing_before_next_label,No accepted value for depth_kickoff_mtvd,538.0
3859,reports,plug_back_depth_mmd,info,value_missing_before_next_label,No accepted value for plug_back_depth_mmd,538.0
3860,reports,depth_current_mmd,warning,metadata_value_rejected,Rejected raw value '-999.99' for depth_current_mmd,539.0
3861,reports,depth_current_mtvd,info,value_missing_before_next_label,No accepted value for depth_current_mtvd,539.0
3862,reports,depth_kickoff_mmd,info,value_missing_before_next_label,No accepted value for depth_kickoff_mmd,539.0
3863,reports,depth_kickoff_mtvd,info,value_missing_before_next_label,No accepted value for depth_kickoff_mtvd,539.0
3864,reports,plug_back_depth_mmd,info,value_missing_before_next_label,No accepted value for plug_back_depth_mmd,539.0
3865,reports,depth_current_mmd,warning,metadata_value_rejected,Rejected raw value '-999.99' for depth_current_mmd,540.0
3866,reports,depth_current_mtvd,info,value_missing_before_next_label,No accepted value for depth_current_mtvd,540.0
3867,reports,depth_kickoff_mmd,info,value_missing_before_next_label,No accepted value for depth_kickoff_mmd,540.0
3868,reports,depth_kickoff_mtvd,info,value_missing_before_next_label,No accepted value for depth_kickoff_mtvd,540.0
3869,reports,plug_back_depth_mmd,info,value_missing_before_next_label,No accepted value for plug_back_depth_mmd,540.0
3870,reports,depth_current_mmd,warning,metadata_value_rejected,Rejected raw value '-999.99' for depth_current_mmd,541.0
3871,reports,depth_current_mtvd,info,value_missing_before_next_label,No accepted value for depth_current_mtvd,541.0
3872,reports,depth_kickoff_mmd,info,value_missing_before_next_label,No accepted value for depth_kickoff_mmd,541.0
3873,reports,depth_kickoff_mtvd,info,value_missing_before_next_label,No accepted value for depth_kickoff_mtvd,541.0
3874,reports,plug_back_depth_mmd,info,value_missing_before_next_label,No accepted value for plug_back_depth_mmd,541.0
3875,reports,depth_current_mmd,warning,metadata_value_rejected,Rejected raw value '-999.99' for depth_current_mmd,542.0
3876,reports,depth_current_mtvd,info,value_missing_before_next_label,No accepted value for depth_current_mtvd,542.0
3877,reports,depth_kickoff_mmd,info,value_missing_before_next_label,No accepted value for depth_kickoff_mmd,542.0
3878,reports,depth_kickoff_mtvd,info,value_missing_before_next_label,No accepted value for depth_kickoff_mtvd,542.0
3879,reports,plug_back_depth_mmd,info,value_missing_before_next_label,No accepted value for plug_back_depth_mmd,542.0
3880,reports,depth_current_mmd,warning,metadata_value_rejected,Rejected raw value '-999.99' for depth_current_mmd,543.0
3881,reports,depth_current_mtvd,info,value_missing_before_next_label,No accepted value for depth_current_mtvd,543.0
3882,reports,depth_kickoff_mmd,info,value_missing_before_next_label,No accepted value for depth_kickoff_mmd,543.0
3883,reports,depth_kickoff_mtvd,info,value_missing_before_next_label,No accepted value for depth_kickoff_mtvd,543.0
3884,reports,plug_back_depth_mmd,info,value_missing_before_next_label,No accepted value for plug_back_depth_mmd,543.0
3885,reports,depth_current_mmd,warning,metadata_value_rejected,Rejected raw value '-999.99' for depth_current_mmd,544.0
3886,reports,depth_current_mtvd,info,value_missing_before_next_label,No accepted value for depth_current_mtvd,544.0
3887,reports,depth_kickoff_mmd,info,value_missing_before_next_label,No accepted value for depth_kickoff_mmd,544.0
3888,reports,depth_kickoff_mtvd,info,value_missing_before_next_label,No accepted value for depth_kickoff_mtvd,544.0
3889,reports,plug_back_depth_mmd,info,value_missing_before_next_label,No accepted value for plug_back_depth_mmd,544.0
3890,reports,depth_current_mmd,warning,metadata_value_rejected,Rejected raw value '-999.99' for depth_current_mmd,545.0
3891,reports,depth_current_mtvd,info,value_missing_before_next_label,No accepted value for depth_current_mtvd,545.0
3892,reports,depth_kickoff_mmd,info,value_missing_before_next_label,No accepted value for depth_kickoff_mmd,545.0
3893,reports,depth_kickoff_mtvd,info,value_missing_before_next_label,No accepted value for depth_kickoff_mtvd,545.0
3894,reports,plug_back_depth_mmd,info,value_missing_before_next_label,No accepted value for plug_back_depth_mmd,545.0
3895,reports,depth_current_mmd,warning,metadata_value_rejected,Rejected raw value '-999.99' for depth_current_mmd,546.0
3896,reports,depth_current_mtvd,info,value_missing_before_next_label,No accepted value for depth_current_mtvd,546.0
3897,reports,depth_kickoff_mmd,info,value_missing_before_next_label,No accepted value for depth_kickoff_mmd,546.0
3898,reports,depth_kickoff_mtvd,info,value_missing_before_next_label,No accepted value for depth_kickoff_mtvd,546.0
3899,reports,plug_back_depth_mmd,info,value_missing_before_next_label,No accepted value for plug_back_depth_mmd,546.0
3900,reports,depth_current_mmd,warning,metadata_value_rejected,Rejected raw value '-999.99' for depth_current_mmd,547.0
3901,reports,depth_current_mtvd,info,value_missing_before_next_label,No accepted value for depth_current_mtvd,547.0
3902,reports,depth_kickoff_mmd,info,value_missing_before_next_label,No accepted value for depth_kickoff_mmd,547.0
3903,reports,depth_kickoff_mtvd,info,value_missing_before_next_label,No accepted value for depth_kickoff_mtvd,547.0
3904,reports,plug_back_depth_mmd,info,value_missing_before_next_label,No accepted value for plug_back_depth_mmd,547.0
3905,reports,depth_current_mmd,warning,metadata_value_rejected,Rejected raw value '-999.99' for depth_current_mmd,548.0
3906,reports,depth_current_mtvd,info,value_missing_before_next_label,No accepted value for depth_current_mtvd,548.0
3907,reports,depth_kickoff_mmd,info,value_missing_before_next_label,No accepted value for depth_kickoff_mmd,548.0
3908,reports,depth_kickoff_mtvd,info,value_missing_before_next_label,No accepted value for depth_kickoff_mtvd,548.0
3909,reports,plug_back_depth_mmd,info,value_missing_before_next_label,No accepted value for plug_back_depth_mmd,548.0
3910,reports,depth_current_mmd,warning,metadata_value_rejected,Rejected raw value '-999.99' for depth_current_mmd,549.0
3911,reports,depth_current_mtvd,info,value_missing_before_next_label,No accepted value for depth_current_mtvd,549.0
3912,reports,depth_kickoff_mmd,info,value_missing_before_next_label,No accepted value for depth_kickoff_mmd,549.0
3913,reports,depth_kickoff_mtvd,info,value_missing_before_next_label,No accepted value for depth_kickoff_mtvd,549.0
3914,reports,plug_back_depth_mmd,info,value_missing_before_next_label,No accepted value for plug_back_depth_mmd,549.0
3915,reports,depth_current_mmd,warning,metadata_value_rejected,Rejected raw value '-999.99' for depth_current_mmd,550.0
3916,reports,depth_current_mtvd,info,value_missing_before_next_label,No accepted value for depth_current_mtvd,550.0
3917,reports,depth_kickoff_mmd,info,value_missing_before_next_label,No accepted value for depth_kickoff_mmd,550.0
3918,reports,depth_kickoff_mtvd,info,value_missing_before_next_label,No accepted value for depth_kickoff_mtvd,550.0
3919,reports,plug_back_depth_mmd,info,value_missing_before_next_label,No accepted value for plug_back_depth_mmd,550.0
3920,reports,depth_current_mmd,warning,metadata_value_rejected,Rejected raw value '-999.99' for depth_current_mmd,551.0
3921,reports,depth_current_mtvd,info,value_missing_before_next_label,No accepted value for depth_current_mtvd,551.0
3922,reports,depth_kickoff_mmd,info,value_missing_before_next_label,No accepted value for depth_kickoff_mmd,551.0
3923,reports,depth_kickoff_mtvd,info,value_missing_before_next_label,No accepted value for depth_kickoff_mtvd,551.0
3924,reports,plug_back_depth_mmd,info,value_missing_before_next_label,No accepted value for plug_back_depth_mmd,551.0
3925,reports,depth_current_mmd,warning,metadata_value_rejected,Rejected raw value '-999.99' for depth_current_mmd,552.0
3926,reports,depth_current_mtvd,info,value_missing_before_next_label,No accepted value for depth_current_mtvd,552.0
3927,reports,depth_kickoff_mmd,info,value_missing_before_next_label,No accepted value for depth_kickoff_mmd,552.0
3928,reports,depth_kickoff_mtvd,info,value_missing_before_next_label,No accepted value for depth_kickoff_mtvd,552.0
3929,reports,plug_back_depth_mmd,info,value_missing_before_next_label,No accepted value for plug_back_depth_mmd,552.0
3930,reports,depth_current_mmd,warning,metadata_value_rejected,Rejected raw value '-999.99' for depth_current_mmd,553.0
3931,reports,depth_current_mtvd,info,value_missing_before_next_label,No accepted value for depth_current_mtvd,553.0
3932,reports,depth_kickoff_mmd,info,value_missing_before_next_label,No accepted value for depth_kickoff_mmd,553.0
3933,reports,depth_kickoff_mtvd,info,value_missing_before_next_label,No accepted value for depth_kickoff_mtvd,553.0
3934,reports,plug_back_depth_mmd,info,value_missing_before_next_label,No accepted value for plug_back_depth_mmd,553.0
3935,reports,depth_current_mmd,warning,metadata_value_rejected,Rejected raw value '-999.99' for depth_current_mmd,554.0
3936,reports,depth_current_mtvd,info,value_missing_before_next_label,No accepted value for depth_current_mtvd,554.0
3937,reports,depth_kickoff_mmd,info,value_missing_before_next_label,No accepted value for depth_kickoff_mmd,554.0
3938,reports,depth_kickoff_mtvd,info,value_missing_before_next_label,No accepted value for depth_kickoff_mtvd,554.0
3939,reports,plug_back_depth_mmd,info,value_missing_before_next_label,No accepted value for plug_back_depth_mmd,554.0
3940,reports,depth_current_mmd,warning,metadata_value_rejected,Rejected raw value '-999.99' for depth_current_mmd,555.0
3941,reports,depth_current_mtvd,info,value_missing_before_next_label,No accepted value for depth_current_mtvd,555.0
3942,reports,depth_kickoff_mmd,info,value_missing_before_next_label,No accepted value for depth_kickoff_mmd,555.0
3943,reports,depth_kickoff_mtvd,info,value_missing_before_next_label,No accepted value for depth_kickoff_mtvd,555.0
3944,reports,plug_back_depth_mmd,info,value_missing_before_next_label,No accepted value for plug_back_depth_mmd,555.0
3945,reports,depth_current_mmd,warning,metadata_value_rejected,Rejected raw value '-999.99' for depth_current_mmd,556.0
3946,reports,depth_current_mtvd,info,value_missing_before_next_label,No accepted value for depth_current_mtvd,556.0
3947,reports,depth_kickoff_mmd,info,value_missing_before_next_label,No accepted value for depth_kickoff_mmd,556.0
3948,reports,depth_kickoff_mtvd,info,value_missing_before_next_label,No accepted value for depth_kickoff_mtvd,556.0
3949,reports,plug_back_depth_mmd,info,value_missing_before_next_label,No accepted value for plug_back_depth_mmd,556.0
3950,reports,depth_current_mmd,warning,metadata_value_rejected,Rejected raw value '-999.99' for depth_current_mmd,557.0
3951,reports,depth_current_mtvd,info,value_missing_before_next_label,No accepted value for depth_current_mtvd,557.0
3952,reports,depth_kickoff_mmd,info,value_missing_before_next_label,No accepted value for depth_kickoff_mmd,557.0
3953,reports,depth_kickoff_mtvd,info,value_missing_before_next_label,No accepted value for depth_kickoff_mtvd,557.0
3954,reports,plug_back_depth_mmd,info,value_missing_before_next_label,No accepted value for plug_back_depth_mmd,557.0
3955,reports,depth_current_mmd,warning,metadata_value_rejected,Rejected raw value '-999.99' for depth_current_mmd,558.0
3956,reports,depth_current_mtvd,info,value_missing_before_next_label,No accepted value for depth_current_mtvd,558.0
3957,reports,depth_kickoff_mmd,info,value_missing_before_next_label,No accepted value for depth_kickoff_mmd,558.0
3958,reports,depth_kickoff_mtvd,info,value_missing_before_next_label,No accepted value for depth_kickoff_mtvd,558.0
3959,reports,plug_back_depth_mmd,info,value_missing_before_next_label,No accepted value for plug_back_depth_mmd,558.0
3960,reports,depth_current_mmd,warning,metadata_value_rejected,Rejected raw value '-999.99' for depth_current_mmd,559.0
3961,reports,depth_current_mtvd,info,value_missing_before_next_label,No accepted value for depth_current_mtvd,559.0
3962,reports,depth_kickoff_mmd,info,value_missing_before_next_label,No accepted value for depth_kickoff_mmd,559.0
3963,reports,depth_kickoff_mtvd,info,value_missing_before_next_label,No accepted value for depth_kickoff_mtvd,559.0
3964,reports,plug_back_depth_mmd,info,value_missing_before_next_label,No accepted value for plug_back_depth_mmd,559.0
3965,reports,depth_current_mmd,warning,metadata_value_rejected,Rejected raw value '-999.99' for depth_current_mmd,560.0
3966,reports,depth_current_mtvd,info,value_missing_before_next_label,No accepted value for depth_current_mtvd,560.0
3967,reports,depth_kickoff_mmd,info,value_missing_before_next_label,No accepted value for depth_kickoff_mmd,560.0
3968,reports,depth_kickoff_mtvd,info,value_missing_before_next_label,No accepted value for depth_kickoff_mtvd,560.0
3969,reports,depth_current_mmd,warning,metadata_value_rejected,Rejected raw value '-999.99' for depth_current_mmd,561.0
3970,reports,depth_current_mtvd,info,value_missing_before_next_label,No accepted value for depth_current_mtvd,561.0
3971,reports,depth_kickoff_mmd,info,value_missing_before_next_label,No accepted value for depth_kickoff_mmd,561.0
3972,reports,depth_kickoff_mtvd,info,value_missing_before_next_label,No accepted value for depth_kickoff_mtvd,561.0
3973,reports,plug_back_depth_mmd,info,value_missing_before_next_label,No accepted value for plug_back_depth_mmd,561.0
3974,reports,depth_current_mmd,warning,metadata_value_rejected,Rejected raw value '-999.99' for depth_current_mmd,562.0
3975,reports,depth_current_mtvd,info,value_missing_before_next_label,No accepted value for depth_current_mtvd,562.0
3976,reports,depth_kickoff_mmd,info,value_missing_before_next_label,No accepted value for depth_kickoff_mmd,562.0
3977,reports,depth_kickoff_mtvd,info,value_missing_before_next_label,No accepted value for depth_kickoff_mtvd,562.0
3978,reports,depth_current_mmd,warning,metadata_value_rejected,Rejected raw value '-999.99' for depth_current_mmd,563.0
3979,reports,depth_current_mtvd,info,value_missing_before_next_label,No accepted value for depth_current_mtvd,563.0
3980,reports,depth_kickoff_mmd,info,value_missing_before_next_label,No accepted value for depth_kickoff_mmd,563.0
3981,reports,depth_kickoff_mtvd,info,value_missing_before_next_label,No accepted value for depth_kickoff_mtvd,563.0
3982,reports,depth_current_mmd,warning,metadata_value_rejected,Rejected raw value '-999.99' for depth_current_mmd,564.0
3983,reports,depth_current_mtvd,info,value_missing_before_next_label,No accepted value for depth_current_mtvd,564.0
3984,reports,depth_kickoff_mmd,info,value_missing_before_next_label,No accepted value for depth_kickoff_mmd,564.0
3985,reports,depth_kickoff_mtvd,info,value_missing_before_next_label,No accepted value for depth_kickoff_mtvd,564.0
3986,reports,depth_current_mmd,warning,metadata_value_rejected,Rejected raw value '-999.99' for depth_current_mmd,565.0
3987,reports,depth_current_mtvd,info,value_missing_before_next_label,No accepted value for depth_current_mtvd,565.0
3988,reports,depth_kickoff_mmd,info,value_missing_before_next_label,No accepted value for depth_kickoff_mmd,565.0
3989,reports,depth_kickoff_mtvd,info,value_missing_before_next_label,No accepted value for depth_kickoff_mtvd,565.0
3990,reports,depth_current_mmd,warning,metadata_value_rejected,Rejected raw value '-999.99' for depth_current_mmd,566.0
3991,reports,depth_current_mtvd,info,value_missing_before_next_label,No accepted value for depth_current_mtvd,566.0
3992,reports,depth_kickoff_mmd,info,value_missing_before_next_label,No accepted value for depth_kickoff_mmd,566.0
3993,reports,depth_kickoff_mtvd,info,value_missing_before_next_label,No accepted value for depth_kickoff_mtvd,566.0
3994,reports,depth_formation_strength_mmd,info,value_missing_before_next_label,No accepted value for depth_formation_strength_mmd,566.0
3995,reports,depth_formation_strength_mtvd,info,value_missing_before_next_label,No accepted value for depth_formation_strength_mtvd,566.0
3996,reports,plug_back_depth_mmd,info,value_missing_before_next_label,No accepted value for plug_back_depth_mmd,566.0
3997,reports,depth_current_mmd,warning,metadata_value_rejected,Rejected raw value '-999.99' for depth_current_mmd,567.0
3998,reports,depth_current_mtvd,info,value_missing_before_next_label,No accepted value for depth_current_mtvd,567.0
3999,reports,depth_kickoff_mmd,info,value_missing_before_next_label,No accepted value for depth_kickoff_mmd,567.0
4000,reports,depth_kickoff_mtvd,info,value_missing_before_next_label,No accepted value for depth_kickoff_mtvd,567.0
4001,reports,depth_formation_strength_mmd,info,value_missing_before_next_label,No accepted value for depth_formation_strength_mmd,567.0
4002,reports,depth_formation_strength_mtvd,info,value_missing_before_next_label,No accepted value for depth_formation_strength_mtvd,567.0
4003,reports,plug_back_depth_mmd,info,value_missing_before_next_label,No accepted value for plug_back_depth_mmd,567.0
4004,reports,depth_kickoff_mmd,info,value_missing_before_next_label,No accepted value for depth_kickoff_mmd,568.0
4005,reports,depth_kickoff_mtvd,info,value_missing_before_next_label,No accepted value for depth_kickoff_mtvd,568.0
4006,reports,plug_back_depth_mmd,info,value_missing_before_next_label,No accepted value for plug_back_depth_mmd,568.0
4007,reports,pressure_test_type,info,value_missing_before_next_label,No accepted value for pressure_test_type,568.0
4008,reports,depth_kickoff_mmd,info,value_missing_before_next_label,No accepted value for depth_kickoff_mmd,569.0
4009,reports,depth_kickoff_mtvd,info,value_missing_before_next_label,No accepted value for depth_kickoff_mtvd,569.0
4010,reports,plug_back_depth_mmd,info,value_missing_before_next_label,No accepted value for plug_back_depth_mmd,569.0
4011,reports,pressure_test_type,info,value_missing_before_next_label,No accepted value for pressure_test_type,569.0
4012,reports,depth_kickoff_mmd,info,value_missing_before_next_label,No accepted value for depth_kickoff_mmd,570.0
4013,reports,depth_kickoff_mtvd,info,value_missing_before_next_label,No accepted value for depth_kickoff_mtvd,570.0
4014,reports,plug_back_depth_mmd,info,value_missing_before_next_label,No accepted value for plug_back_depth_mmd,570.0
4015,reports,pressure_test_type,info,value_missing_before_next_label,No accepted value for pressure_test_type,570.0
4016,reports,depth_kickoff_mmd,info,value_missing_before_next_label,No accepted value for depth_kickoff_mmd,571.0
4017,reports,depth_kickoff_mtvd,info,value_missing_before_next_label,No accepted value for depth_kickoff_mtvd,571.0
4018,reports,plug_back_depth_mmd,info,value_missing_before_next_label,No accepted value for plug_back_depth_mmd,571.0
4019,reports,pressure_test_type,info,value_missing_before_next_label,No accepted value for pressure_test_type,571.0
4020,reports,depth_kickoff_mmd,info,value_missing_before_next_label,No accepted value for depth_kickoff_mmd,572.0
4021,reports,depth_kickoff_mtvd,info,value_missing_before_next_label,No accepted value for depth_kickoff_mtvd,572.0
4022,reports,plug_back_depth_mmd,info,value_missing_before_next_label,No accepted value for plug_back_depth_mmd,572.0
4023,reports,pressure_test_type,info,value_missing_before_next_label,No accepted value for pressure_test_type,572.0
4024,reports,depth_kickoff_mmd,info,value_missing_before_next_label,No accepted value for depth_kickoff_mmd,573.0
4025,reports,depth_kickoff_mtvd,info,value_missing_before_next_label,No accepted value for depth_kickoff_mtvd,573.0
4026,reports,plug_back_depth_mmd,info,value_missing_before_next_label,No accepted value for plug_back_depth_mmd,573.0
4027,reports,pressure_test_type,info,value_missing_before_next_label,No accepted value for pressure_test_type,573.0
4028,reports,depth_kickoff_mmd,info,value_missing_before_next_label,No accepted value for depth_kickoff_mmd,574.0
4029,reports,depth_kickoff_mtvd,info,value_missing_before_next_label,No accepted value for depth_kickoff_mtvd,574.0
4030,reports,plug_back_depth_mmd,info,value_missing_before_next_label,No accepted value for plug_back_depth_mmd,574.0
4031,reports,pressure_test_type,info,value_missing_before_next_label,No accepted value for pressure_test_type,574.0
4032,reports,depth_kickoff_mmd,info,value_missing_before_next_label,No accepted value for depth_kickoff_mmd,575.0
4033,reports,depth_kickoff_mtvd,info,value_missing_before_next_label,No accepted value for depth_kickoff_mtvd,575.0
4034,reports,plug_back_depth_mmd,info,value_missing_before_next_label,No accepted value for plug_back_depth_mmd,575.0
4035,reports,pressure_test_type,info,value_missing_before_next_label,No accepted value for pressure_test_type,575.0
4036,reports,depth_kickoff_mmd,info,value_missing_before_next_label,No accepted value for depth_kickoff_mmd,576.0
4037,reports,depth_kickoff_mtvd,info,value_missing_before_next_label,No accepted value for depth_kickoff_mtvd,576.0
4038,reports,plug_back_depth_mmd,info,value_missing_before_next_label,No accepted value for plug_back_depth_mmd,576.0
4039,reports,pressure_test_type,info,value_missing_before_next_label,No accepted value for pressure_test_type,576.0
4040,reports,depth_kickoff_mmd,info,value_missing_before_next_label,No accepted value for depth_kickoff_mmd,577.0
4041,reports,depth_kickoff_mtvd,info,value_missing_before_next_label,No accepted value for depth_kickoff_mtvd,577.0
4042,reports,plug_back_depth_mmd,info,value_missing_before_next_label,No accepted value for plug_back_depth_mmd,577.0
4043,reports,pressure_test_type,info,value_missing_before_next_label,No accepted value for pressure_test_type,577.0
4044,reports,depth_kickoff_mmd,info,value_missing_before_next_label,No accepted value for depth_kickoff_mmd,578.0
4045,reports,depth_kickoff_mtvd,info,value_missing_before_next_label,No accepted value for depth_kickoff_mtvd,578.0
4046,reports,plug_back_depth_mmd,info,value_missing_before_next_label,No accepted value for plug_back_depth_mmd,578.0
4047,reports,pressure_test_type,info,value_missing_before_next_label,No accepted value for pressure_test_type,578.0
4048,reports,depth_kickoff_mmd,info,value_missing_before_next_label,No accepted value for depth_kickoff_mmd,579.0
4049,reports,depth_kickoff_mtvd,info,value_missing_before_next_label,No accepted value for depth_kickoff_mtvd,579.0
4050,reports,plug_back_depth_mmd,info,value_missing_before_next_label,No accepted value for plug_back_depth_mmd,579.0
4051,reports,pressure_test_type,info,value_missing_before_next_label,No accepted value for pressure_test_type,579.0
4052,reports,depth_kickoff_mmd,info,value_missing_before_next_label,No accepted value for depth_kickoff_mmd,580.0
4053,reports,depth_kickoff_mtvd,info,value_missing_before_next_label,No accepted value for depth_kickoff_mtvd,580.0
4054,reports,plug_back_depth_mmd,info,value_missing_before_next_label,No accepted value for plug_back_depth_mmd,580.0
4055,reports,pressure_test_type,info,value_missing_before_next_label,No accepted value for pressure_test_type,580.0
4056,reports,depth_kickoff_mmd,info,value_missing_before_next_label,No accepted value for depth_kickoff_mmd,581.0
4057,reports,depth_kickoff_mtvd,info,value_missing_before_next_label,No accepted value for depth_kickoff_mtvd,581.0
4058,reports,plug_back_depth_mmd,info,value_missing_before_next_label,No accepted value for plug_back_depth_mmd,581.0
4059,reports,pressure_test_type,info,value_missing_before_next_label,No accepted value for pressure_test_type,581.0
4060,drilling_fluid,,warning,partial_fluid_row,Partial drilling fluid row retained at row offset 19,581.0
4061,drilling_fluid,,warning,partial_fluid_row,Partial drilling fluid row retained at row offset 20,581.0
4062,drilling_fluid,,warning,partial_fluid_row,Partial drilling fluid row retained at row offset 21,581.0
4063,drilling_fluid,,warning,partial_fluid_row,Partial drilling fluid row retained at row offset 22,581.0
4064,drilling_fluid,,warning,partial_fluid_row,Partial drilling fluid row retained at row offset 24,581.0
4065,drilling_fluid,,warning,partial_fluid_row,Partial drilling fluid row retained at row offset 25,581.0
4066,drilling_fluid,,warning,partial_fluid_row,Partial drilling fluid row retained at row offset 26,581.0
4067,drilling_fluid,,warning,partial_fluid_row,Partial drilling fluid row retained at row offset 27,581.0
4068,drilling_fluid,,warning,partial_fluid_row,Partial drilling fluid row retained at row offset 29,581.0
4069,drilling_fluid,,warning,partial_fluid_row,Partial drilling fluid row retained at row offset 30,581.0
4070,drilling_fluid,,warning,partial_fluid_row,Partial drilling fluid row retained at row offset 31,581.0
4071,drilling_fluid,,warning,partial_fluid_row,Partial drilling fluid row retained at row offset 32,581.0
4072,drilling_fluid,,warning,partial_fluid_row,Partial drilling fluid row retained at row offset 34,581.0
4073,drilling_fluid,,warning,partial_fluid_row,Partial drilling fluid row retained at row offset 35,581.0
4074,drilling_fluid,,warning,partial_fluid_row,Partial drilling fluid row retained at row offset 36,581.0
4075,drilling_fluid,,warning,partial_fluid_row,Partial drilling fluid row retained at row offset 37,581.0
4076,drilling_fluid,,warning,partial_fluid_row,Partial drilling fluid row retained at row offset 44,581.0
4077,drilling_fluid,,warning,partial_fluid_row,Partial drilling fluid row retained at row offset 45,581.0
4078,drilling_fluid,,warning,partial_fluid_row,Partial drilling fluid row retained at row offset 46,581.0
4079,drilling_fluid,,warning,partial_fluid_row,Partial drilling fluid row retained at row offset 47,581.0
4080,drilling_fluid,,warning,partial_fluid_row,Partial drilling fluid row retained at row offset 49,581.0
4081,drilling_fluid,,warning,partial_fluid_row,Partial drilling fluid row retained at row offset 50,581.0
4082,drilling_fluid,,warning,partial_fluid_row,Partial drilling fluid row retained at row offset 51,581.0
4083,drilling_fluid,,warning,partial_fluid_row,Partial drilling fluid row retained at row offset 52,581.0
4084,drilling_fluid,,warning,partial_fluid_row,Partial drilling fluid row retained at row offset 54,581.0
4085,drilling_fluid,,warning,partial_fluid_row,Partial drilling fluid row retained at row offset 55,581.0
4086,drilling_fluid,,warning,partial_fluid_row,Partial drilling fluid row retained at row offset 56,581.0
4087,drilling_fluid,,warning,partial_fluid_row,Partial drilling fluid row retained at row offset 57,581.0
4088,reports,depth_kickoff_mmd,info,value_missing_before_next_label,No accepted value for depth_kickoff_mmd,582.0
4089,reports,depth_kickoff_mtvd,info,value_missing_before_next_label,No accepted value for depth_kickoff_mtvd,582.0
4090,reports,plug_back_depth_mmd,info,value_missing_before_next_label,No accepted value for plug_back_depth_mmd,582.0
4091,reports,pressure_test_type,info,value_missing_before_next_label,No accepted value for pressure_test_type,582.0
4092,reports,depth_kickoff_mmd,info,value_missing_before_next_label,No accepted value for depth_kickoff_mmd,583.0
4093,reports,depth_kickoff_mtvd,info,value_missing_before_next_label,No accepted value for depth_kickoff_mtvd,583.0
4094,reports,plug_back_depth_mmd,info,value_missing_before_next_label,No accepted value for plug_back_depth_mmd,583.0
4095,reports,pressure_test_type,info,value_missing_before_next_label,No accepted value for pressure_test_type,583.0
4096,reports,depth_kickoff_mmd,info,value_missing_before_next_label,No accepted value for depth_kickoff_mmd,584.0
4097,reports,depth_kickoff_mtvd,info,value_missing_before_next_label,No accepted value for depth_kickoff_mtvd,584.0
4098,reports,plug_back_depth_mmd,info,value_missing_before_next_label,No accepted value for plug_back_depth_mmd,584.0
4099,reports,pressure_test_type,info,value_missing_before_next_label,No accepted value for pressure_test_type,584.0
4100,reports,depth_kickoff_mmd,info,value_missing_before_next_label,No accepted value for depth_kickoff_mmd,585.0
4101,reports,depth_kickoff_mtvd,info,value_missing_before_next_label,No accepted value for depth_kickoff_mtvd,585.0
4102,reports,plug_back_depth_mmd,info,value_missing_before_next_label,No accepted value for plug_back_depth_mmd,585.0
4103,reports,pressure_test_type,info,value_missing_before_next_label,No accepted value for pressure_test_type,585.0
4104,drilling_fluid,,warning,partial_fluid_row,Partial drilling fluid row retained at row offset 8,585.0
4105,reports,depth_kickoff_mmd,info,value_missing_before_next_label,No accepted value for depth_kickoff_mmd,586.0
4106,reports,depth_kickoff_mtvd,info,value_missing_before_next_label,No accepted value for depth_kickoff_mtvd,586.0
4107,reports,plug_back_depth_mmd,info,value_missing_before_next_label,No accepted value for plug_back_depth_mmd,586.0
4108,reports,pressure_test_type,info,value_missing_before_next_label,No accepted value for pressure_test_type,586.0
4109,drilling_fluid,,warning,partial_fluid_row,Partial drilling fluid row retained at row offset 10,586.0
4110,drilling_fluid,,warning,partial_fluid_row,Partial drilling fluid row retained at row offset 11,586.0
4111,reports,depth_kickoff_mmd,info,value_missing_before_next_label,No accepted value for depth_kickoff_mmd,587.0
4112,reports,depth_kickoff_mtvd,info,value_missing_before_next_label,No accepted value for depth_kickoff_mtvd,587.0
4113,reports,plug_back_depth_mmd,info,value_missing_before_next_label,No accepted value for plug_back_depth_mmd,587.0
4114,reports,pressure_test_type,info,value_missing_before_next_label,No accepted value for pressure_test_type,587.0
4115,reports,depth_kickoff_mmd,info,value_missing_before_next_label,No accepted value for depth_kickoff_mmd,588.0
4116,reports,depth_kickoff_mtvd,info,value_missing_before_next_label,No accepted value for depth_kickoff_mtvd,588.0
4117,reports,plug_back_depth_mmd,info,value_missing_before_next_label,No accepted value for plug_back_depth_mmd,588.0
4118,reports,pressure_test_type,info,value_missing_before_next_label,No accepted value for pressure_test_type,588.0
4119,drilling_fluid,,warning,partial_fluid_row,Partial drilling fluid row retained at row offset 9,588.0
4120,reports,depth_current_mtvd,info,value_missing_before_next_label,No accepted value for depth_current_mtvd,589.0
4121,reports,depth_kickoff_mmd,info,value_missing_before_next_label,No accepted value for depth_kickoff_mmd,589.0
4122,reports,depth_kickoff_mtvd,info,value_missing_before_next_label,No accepted value for depth_kickoff_mtvd,589.0
4123,reports,plug_back_depth_mmd,info,value_missing_before_next_label,No accepted value for plug_back_depth_mmd,589.0
4124,reports,pressure_test_type,info,value_missing_before_next_label,No accepted value for pressure_test_type,589.0
4125,drilling_fluid,,warning,partial_fluid_row,Partial drilling fluid row retained at row offset 12,589.0
4126,drilling_fluid,,warning,partial_fluid_row,Partial drilling fluid row retained at row offset 13,589.0
4127,drilling_fluid,,warning,partial_fluid_row,Partial drilling fluid row retained at row offset 14,589.0
4128,drilling_fluid,,warning,partial_fluid_row,Partial drilling fluid row retained at row offset 15,589.0
4129,drilling_fluid,,warning,partial_fluid_row,Partial drilling fluid row retained at row offset 16,589.0
4130,reports,depth_current_mtvd,info,value_missing_before_next_label,No accepted value for depth_current_mtvd,590.0
4131,reports,depth_kickoff_mmd,info,value_missing_before_next_label,No accepted value for depth_kickoff_mmd,590.0
4132,reports,depth_kickoff_mtvd,info,value_missing_before_next_label,No accepted value for depth_kickoff_mtvd,590.0
4133,reports,plug_back_depth_mmd,info,value_missing_before_next_label,No accepted value for plug_back_depth_mmd,590.0
4134,drilling_fluid,,warning,partial_fluid_row,Partial drilling fluid row retained at row offset 10,590.0
4135,drilling_fluid,,warning,partial_fluid_row,Partial drilling fluid row retained at row offset 11,590.0
4136,drilling_fluid,,warning,partial_fluid_row,Partial drilling fluid row retained at row offset 12,590.0
4137,reports,depth_kickoff_mmd,info,value_missing_before_next_label,No accepted value for depth_kickoff_mmd,591.0
4138,reports,depth_kickoff_mtvd,info,value_missing_before_next_label,No accepted value for depth_kickoff_mtvd,591.0
4139,reports,plug_back_depth_mmd,info,value_missing_before_next_label,No accepted value for plug_back_depth_mmd,591.0
4140,drilling_fluid,,warning,partial_fluid_row,Partial drilling fluid row retained at row offset 12,591.0
4141,drilling_fluid,,warning,partial_fluid_row,Partial drilling fluid row retained at row offset 13,591.0
4142,drilling_fluid,,warning,partial_fluid_row,Partial drilling fluid row retained at row offset 14,591.0
4143,drilling_fluid,,warning,partial_fluid_row,Partial drilling fluid row retained at row offset 15,591.0
4144,drilling_fluid,,warning,partial_fluid_row,Partial drilling fluid row retained at row offset 16,591.0
4145,reports,depth_kickoff_mmd,info,value_missing_before_next_label,No accepted value for depth_kickoff_mmd,592.0
4146,reports,depth_kickoff_mtvd,info,value_missing_before_next_label,No accepted value for depth_kickoff_mtvd,592.0
4147,reports,plug_back_depth_mmd,info,value_missing_before_next_label,No accepted value for plug_back_depth_mmd,592.0
4148,drilling_fluid,,warning,partial_fluid_row,Partial drilling fluid row retained at row offset 9,592.0
4149,drilling_fluid,,warning,partial_fluid_row,Partial drilling fluid row retained at row offset 10,592.0
4150,reports,depth_kickoff_mmd,info,value_missing_before_next_label,No accepted value for depth_kickoff_mmd,593.0
4151,reports,depth_kickoff_mtvd,info,value_missing_before_next_label,No accepted value for depth_kickoff_mtvd,593.0
4152,reports,plug_back_depth_mmd,info,value_missing_before_next_label,No accepted value for plug_back_depth_mmd,593.0
4153,drilling_fluid,,warning,partial_fluid_row,Partial drilling fluid row retained at row offset 11,593.0
4154,drilling_fluid,,warning,partial_fluid_row,Partial drilling fluid row retained at row offset 12,593.0
4155,drilling_fluid,,warning,partial_fluid_row,Partial drilling fluid row retained at row offset 13,593.0
4156,drilling_fluid,,warning,partial_fluid_row,Partial drilling fluid row retained at row offset 14,593.0
4157,reports,depth_kickoff_mmd,info,value_missing_before_next_label,No accepted value for depth_kickoff_mmd,594.0
4158,reports,depth_kickoff_mtvd,info,value_missing_before_next_label,No accepted value for depth_kickoff_mtvd,594.0
4159,reports,plug_back_depth_mmd,info,value_missing_before_next_label,No accepted value for plug_back_depth_mmd,594.0
4160,drilling_fluid,,warning,partial_fluid_row,Partial drilling fluid row retained at row offset 10,594.0
4161,drilling_fluid,,warning,partial_fluid_row,Partial drilling fluid row retained at row offset 11,594.0
4162,drilling_fluid,,warning,partial_fluid_row,Partial drilling fluid row retained at row offset 12,594.0
4163,reports,depth_kickoff_mmd,info,value_missing_before_next_label,No accepted value for depth_kickoff_mmd,595.0
4164,reports,depth_kickoff_mtvd,info,value_missing_before_next_label,No accepted value for depth_kickoff_mtvd,595.0
4165,reports,plug_back_depth_mmd,info,value_missing_before_next_label,No accepted value for plug_back_depth_mmd,595.0
4166,drilling_fluid,,warning,partial_fluid_row,Partial drilling fluid row retained at row offset 11,595.0
4167,drilling_fluid,,warning,partial_fluid_row,Partial drilling fluid row retained at row offset 12,595.0
4168,drilling_fluid,,warning,partial_fluid_row,Partial drilling fluid row retained at row offset 13,595.0
4169,drilling_fluid,,warning,partial_fluid_row,Partial drilling fluid row retained at row offset 14,595.0
4170,reports,depth_kickoff_mmd,info,value_missing_before_next_label,No accepted value for depth_kickoff_mmd,596.0
4171,reports,depth_kickoff_mtvd,info,value_missing_before_next_label,No accepted value for depth_kickoff_mtvd,596.0
4172,reports,plug_back_depth_mmd,info,value_missing_before_next_label,No accepted value for plug_back_depth_mmd,596.0
4173,drilling_fluid,,warning,partial_fluid_row,Partial drilling fluid row retained at row offset 10,596.0
4174,drilling_fluid,,warning,partial_fluid_row,Partial drilling fluid row retained at row offset 11,596.0
4175,drilling_fluid,,warning,partial_fluid_row,Partial drilling fluid row retained at row offset 12,596.0
4176,reports,depth_kickoff_mmd,info,value_missing_before_next_label,No accepted value for depth_kickoff_mmd,597.0
4177,reports,depth_kickoff_mtvd,info,value_missing_before_next_label,No accepted value for depth_kickoff_mtvd,597.0
4178,reports,plug_back_depth_mmd,info,value_missing_before_next_label,No accepted value for plug_back_depth_mmd,597.0
4179,drilling_fluid,,warning,partial_fluid_row,Partial drilling fluid row retained at row offset 10,597.0
4180,drilling_fluid,,warning,partial_fluid_row,Partial drilling fluid row retained at row offset 11,597.0
4181,drilling_fluid,,warning,partial_fluid_row,Partial drilling fluid row retained at row offset 12,597.0
4182,reports,depth_kickoff_mmd,info,value_missing_before_next_label,No accepted value for depth_kickoff_mmd,598.0
4183,reports,depth_kickoff_mtvd,info,value_missing_before_next_label,No accepted value for depth_kickoff_mtvd,598.0
4184,reports,plug_back_depth_mmd,info,value_missing_before_next_label,No accepted value for plug_back_depth_mmd,598.0
4185,drilling_fluid,,warning,partial_fluid_row,Partial drilling fluid row retained at row offset 9,598.0
4186,drilling_fluid,,warning,partial_fluid_row,Partial drilling fluid row retained at row offset 10,598.0
4187,reports,depth_kickoff_mmd,info,value_missing_before_next_label,No accepted value for depth_kickoff_mmd,599.0
4188,reports,depth_kickoff_mtvd,info,value_missing_before_next_label,No accepted value for depth_kickoff_mtvd,599.0
4189,reports,plug_back_depth_mmd,info,value_missing_before_next_label,No accepted value for plug_back_depth_mmd,599.0
4190,drilling_fluid,,warning,partial_fluid_row,Partial drilling fluid row retained at row offset 9,599.0
4191,drilling_fluid,,warning,partial_fluid_row,Partial drilling fluid row retained at row offset 10,599.0
4192,reports,depth_kickoff_mmd,info,value_missing_before_next_label,No accepted value for depth_kickoff_mmd,600.0
4193,reports,depth_kickoff_mtvd,info,value_missing_before_next_label,No accepted value for depth_kickoff_mtvd,600.0
4194,reports,plug_back_depth_mmd,info,value_missing_before_next_label,No accepted value for plug_back_depth_mmd,600.0
4195,drilling_fluid,,warning,partial_fluid_row,Partial drilling fluid row retained at row offset 9,600.0
4196,drilling_fluid,,warning,partial_fluid_row,Partial drilling fluid row retained at row offset 10,600.0
4197,reports,depth_kickoff_mmd,info,value_missing_before_next_label,No accepted value for depth_kickoff_mmd,601.0
4198,reports,depth_kickoff_mtvd,info,value_missing_before_next_label,No accepted value for depth_kickoff_mtvd,601.0
4199,reports,plug_back_depth_mmd,info,value_missing_before_next_label,No accepted value for plug_back_depth_mmd,601.0
4200,drilling_fluid,,warning,partial_fluid_row,Partial drilling fluid row retained at row offset 9,601.0
4201,drilling_fluid,,warning,partial_fluid_row,Partial drilling fluid row retained at row offset 10,601.0
4202,reports,depth_kickoff_mmd,info,value_missing_before_next_label,No accepted value for depth_kickoff_mmd,602.0
4203,reports,depth_kickoff_mtvd,info,value_missing_before_next_label,No accepted value for depth_kickoff_mtvd,602.0
4204,reports,plug_back_depth_mmd,info,value_missing_before_next_label,No accepted value for plug_back_depth_mmd,602.0
4205,drilling_fluid,,warning,partial_fluid_row,Partial drilling fluid row retained at row offset 9,602.0
4206,drilling_fluid,,warning,partial_fluid_row,Partial drilling fluid row retained at row offset 10,602.0
4207,drilling_fluid,,warning,partial_fluid_row,Partial drilling fluid row retained at row offset 28,602.0
4208,drilling_fluid,,warning,partial_fluid_row,Partial drilling fluid row retained at row offset 29,602.0
4209,drilling_fluid,,warning,partial_fluid_row,Partial drilling fluid row retained at row offset 30,602.0
4210,drilling_fluid,,warning,partial_fluid_row,Partial drilling fluid row retained at row offset 31,602.0
4211,drilling_fluid,,warning,partial_fluid_row,Partial drilling fluid row retained at row offset 32,602.0
4212,drilling_fluid,,warning,partial_fluid_row,Partial drilling fluid row retained at row offset 33,602.0
4213,drilling_fluid,,warning,partial_fluid_row,Partial drilling fluid row retained at row offset 34,602.0
4214,drilling_fluid,,warning,partial_fluid_row,Partial drilling fluid row retained at row offset 35,602.0
4215,drilling_fluid,,warning,partial_fluid_row,Partial drilling fluid row retained at row offset 36,602.0
4216,drilling_fluid,,warning,partial_fluid_row,Partial drilling fluid row retained at row offset 37,602.0
4217,drilling_fluid,,warning,partial_fluid_row,Partial drilling fluid row retained at row offset 39,602.0
4218,drilling_fluid,,warning,partial_fluid_row,Partial drilling fluid row retained at row offset 40,602.0
4219,drilling_fluid,,warning,partial_fluid_row,Partial drilling fluid row retained at row offset 41,602.0
4220,drilling_fluid,,warning,partial_fluid_row,Partial drilling fluid row retained at row offset 42,602.0
4221,drilling_fluid,,warning,partial_fluid_row,Partial drilling fluid row retained at row offset 43,602.0
4222,drilling_fluid,,warning,partial_fluid_row,Partial drilling fluid row retained at row offset 44,602.0
4223,drilling_fluid,,warning,partial_fluid_row,Partial drilling fluid row retained at row offset 45,602.0
4224,drilling_fluid,,warning,partial_fluid_row,Partial drilling fluid row retained at row offset 46,602.0
4225,drilling_fluid,,warning,partial_fluid_row,Partial drilling fluid row retained at row offset 47,602.0
4226,drilling_fluid,,warning,partial_fluid_row,Partial drilling fluid row retained at row offset 48,602.0
4227,drilling_fluid,,warning,partial_fluid_row,Partial drilling fluid row retained at row offset 50,602.0
4228,drilling_fluid,,warning,partial_fluid_row,Partial drilling fluid row retained at row offset 51,602.0
4229,drilling_fluid,,warning,partial_fluid_row,Partial drilling fluid row retained at row offset 52,602.0
4230,drilling_fluid,,warning,partial_fluid_row,Partial drilling fluid row retained at row offset 53,602.0
4231,drilling_fluid,,warning,partial_fluid_row,Partial drilling fluid row retained at row offset 54,602.0
4232,drilling_fluid,,warning,partial_fluid_row,Partial drilling fluid row retained at row offset 55,602.0
4233,drilling_fluid,,warning,partial_fluid_row,Partial drilling fluid row retained at row offset 56,602.0
4234,drilling_fluid,,warning,partial_fluid_row,Partial drilling fluid row retained at row offset 57,602.0
4235,drilling_fluid,,warning,partial_fluid_row,Partial drilling fluid row retained at row offset 58,602.0
4236,drilling_fluid,,warning,partial_fluid_row,Partial drilling fluid row retained at row offset 59,602.0
4237,drilling_fluid,,warning,partial_fluid_row,Partial drilling fluid row retained at row offset 61,602.0
4238,drilling_fluid,,warning,partial_fluid_row,Partial drilling fluid row retained at row offset 62,602.0
4239,drilling_fluid,,warning,partial_fluid_row,Partial drilling fluid row retained at row offset 63,602.0
4240,drilling_fluid,,warning,partial_fluid_row,Partial drilling fluid row retained at row offset 64,602.0
4241,drilling_fluid,,warning,partial_fluid_row,Partial drilling fluid row retained at row offset 65,602.0
4242,drilling_fluid,,warning,partial_fluid_row,Partial drilling fluid row retained at row offset 66,602.0
4243,drilling_fluid,,warning,partial_fluid_row,Partial drilling fluid row retained at row offset 67,602.0
4244,drilling_fluid,,warning,partial_fluid_row,Partial drilling fluid row retained at row offset 68,602.0
4245,drilling_fluid,,warning,partial_fluid_row,Partial drilling fluid row retained at row offset 69,602.0
4246,drilling_fluid,,warning,partial_fluid_row,Partial drilling fluid row retained at row offset 70,602.0
4247,drilling_fluid,,warning,partial_fluid_row,Partial drilling fluid row retained at row offset 83,602.0
4248,drilling_fluid,,warning,partial_fluid_row,Partial drilling fluid row retained at row offset 84,602.0
4249,drilling_fluid,,warning,partial_fluid_row,Partial drilling fluid row retained at row offset 85,602.0
4250,drilling_fluid,,warning,partial_fluid_row,Partial drilling fluid row retained at row offset 86,602.0
4251,drilling_fluid,,warning,partial_fluid_row,Partial drilling fluid row retained at row offset 87,602.0
4252,drilling_fluid,,warning,partial_fluid_row,Partial drilling fluid row retained at row offset 88,602.0
4253,drilling_fluid,,warning,partial_fluid_row,Partial drilling fluid row retained at row offset 89,602.0
4254,drilling_fluid,,warning,partial_fluid_row,Partial drilling fluid row retained at row offset 90,602.0
4255,drilling_fluid,,warning,partial_fluid_row,Partial drilling fluid row retained at row offset 91,602.0
4256,drilling_fluid,,warning,partial_fluid_row,Partial drilling fluid row retained at row offset 92,602.0
4257,drilling_fluid,,warning,partial_fluid_row,Partial drilling fluid row retained at row offset 94,602.0
4258,drilling_fluid,,warning,partial_fluid_row,Partial drilling fluid row retained at row offset 95,602.0
4259,drilling_fluid,,warning,partial_fluid_row,Partial drilling fluid row retained at row offset 96,602.0
4260,drilling_fluid,,warning,partial_fluid_row,Partial drilling fluid row retained at row offset 97,602.0
4261,drilling_fluid,,warning,partial_fluid_row,Partial drilling fluid row retained at row offset 98,602.0
4262,drilling_fluid,,warning,partial_fluid_row,Partial drilling fluid row retained at row offset 99,602.0
4263,drilling_fluid,,warning,partial_fluid_row,Partial drilling fluid row retained at row offset 100,602.0
4264,drilling_fluid,,warning,partial_fluid_row,Partial drilling fluid row retained at row offset 101,602.0
4265,drilling_fluid,,warning,partial_fluid_row,Partial drilling fluid row retained at row offset 102,602.0
4266,drilling_fluid,,warning,partial_fluid_row,Partial drilling fluid row retained at row offset 103,602.0
4267,drilling_fluid,,warning,partial_fluid_row,Partial drilling fluid row retained at row offset 105,602.0
4268,drilling_fluid,,warning,partial_fluid_row,Partial drilling fluid row retained at row offset 106,602.0
4269,drilling_fluid,,warning,partial_fluid_row,Partial drilling fluid row retained at row offset 107,602.0
4270,drilling_fluid,,warning,partial_fluid_row,Partial drilling fluid row retained at row offset 108,602.0
4271,drilling_fluid,,warning,partial_fluid_row,Partial drilling fluid row retained at row offset 109,602.0
4272,drilling_fluid,,warning,partial_fluid_row,Partial drilling fluid row retained at row offset 110,602.0
4273,drilling_fluid,,warning,partial_fluid_row,Partial drilling fluid row retained at row offset 111,602.0
4274,drilling_fluid,,warning,partial_fluid_row,Partial drilling fluid row retained at row offset 112,602.0
4275,drilling_fluid,,warning,partial_fluid_row,Partial drilling fluid row retained at row offset 113,602.0
4276,drilling_fluid,,warning,partial_fluid_row,Partial drilling fluid row retained at row offset 114,602.0
4277,reports,depth_kickoff_mmd,info,value_missing_before_next_label,No accepted value for depth_kickoff_mmd,603.0
4278,reports,depth_kickoff_mtvd,info,value_missing_before_next_label,No accepted value for depth_kickoff_mtvd,603.0
4279,reports,plug_back_depth_mmd,info,value_missing_before_next_label,No accepted value for plug_back_depth_mmd,603.0
4280,drilling_fluid,,warning,partial_fluid_row,Partial drilling fluid row retained at row offset 8,603.0
4281,reports,depth_kickoff_mmd,info,value_missing_before_next_label,No accepted value for depth_kickoff_mmd,604.0
4282,reports,depth_kickoff_mtvd,info,value_missing_before_next_label,No accepted value for depth_kickoff_mtvd,604.0
4283,reports,plug_back_depth_mmd,info,value_missing_before_next_label,No accepted value for plug_back_depth_mmd,604.0
4284,drilling_fluid,,warning,partial_fluid_row,Partial drilling fluid row retained at row offset 11,604.0
4285,drilling_fluid,,warning,partial_fluid_row,Partial drilling fluid row retained at row offset 12,604.0
4286,drilling_fluid,,warning,partial_fluid_row,Partial drilling fluid row retained at row offset 13,604.0
4287,drilling_fluid,,warning,partial_fluid_row,Partial drilling fluid row retained at row offset 14,604.0
4288,reports,depth_kickoff_mmd,info,value_missing_before_next_label,No accepted value for depth_kickoff_mmd,605.0
4289,reports,depth_kickoff_mtvd,info,value_missing_before_next_label,No accepted value for depth_kickoff_mtvd,605.0
4290,reports,plug_back_depth_mmd,info,value_missing_before_next_label,No accepted value for plug_back_depth_mmd,605.0
4291,drilling_fluid,,warning,partial_fluid_row,Partial drilling fluid row retained at row offset 11,605.0
4292,drilling_fluid,,warning,partial_fluid_row,Partial drilling fluid row retained at row offset 12,605.0
4293,drilling_fluid,,warning,partial_fluid_row,Partial drilling fluid row retained at row offset 13,605.0
4294,drilling_fluid,,warning,partial_fluid_row,Partial drilling fluid row retained at row offset 14,605.0
4295,reports,depth_kickoff_mmd,info,value_missing_before_next_label,No accepted value for depth_kickoff_mmd,606.0
4296,reports,depth_kickoff_mtvd,info,value_missing_before_next_label,No accepted value for depth_kickoff_mtvd,606.0
4297,reports,plug_back_depth_mmd,info,value_missing_before_next_label,No accepted value for plug_back_depth_mmd,606.0
4298,drilling_fluid,,warning,partial_fluid_row,Partial drilling fluid row retained at row offset 11,606.0
4299,drilling_fluid,,warning,partial_fluid_row,Partial drilling fluid row retained at row offset 12,606.0
4300,drilling_fluid,,warning,partial_fluid_row,Partial drilling fluid row retained at row offset 13,606.0
4301,drilling_fluid,,warning,partial_fluid_row,Partial drilling fluid row retained at row offset 14,606.0
4302,reports,depth_kickoff_mmd,info,value_missing_before_next_label,No accepted value for depth_kickoff_mmd,607.0
4303,reports,depth_kickoff_mtvd,info,value_missing_before_next_label,No accepted value for depth_kickoff_mtvd,607.0
4304,reports,plug_back_depth_mmd,info,value_missing_before_next_label,No accepted value for plug_back_depth_mmd,607.0
4305,drilling_fluid,,warning,partial_fluid_row,Partial drilling fluid row retained at row offset 11,607.0
4306,drilling_fluid,,warning,partial_fluid_row,Partial drilling fluid row retained at row offset 12,607.0
4307,drilling_fluid,,warning,partial_fluid_row,Partial drilling fluid row retained at row offset 13,607.0
4308,drilling_fluid,,warning,partial_fluid_row,Partial drilling fluid row retained at row offset 14,607.0
4309,reports,depth_kickoff_mmd,info,value_missing_before_next_label,No accepted value for depth_kickoff_mmd,608.0
4310,reports,depth_kickoff_mtvd,info,value_missing_before_next_label,No accepted value for depth_kickoff_mtvd,608.0
4311,reports,plug_back_depth_mmd,info,value_missing_before_next_label,No accepted value for plug_back_depth_mmd,608.0
4312,drilling_fluid,,warning,partial_fluid_row,Partial drilling fluid row retained at row offset 11,608.0
4313,drilling_fluid,,warning,partial_fluid_row,Partial drilling fluid row retained at row offset 12,608.0
4314,drilling_fluid,,warning,partial_fluid_row,Partial drilling fluid row retained at row offset 13,608.0
4315,drilling_fluid,,warning,partial_fluid_row,Partial drilling fluid row retained at row offset 14,608.0
4316,reports,depth_kickoff_mmd,info,value_missing_before_next_label,No accepted value for depth_kickoff_mmd,609.0
4317,reports,depth_kickoff_mtvd,info,value_missing_before_next_label,No accepted value for depth_kickoff_mtvd,609.0
4318,reports,plug_back_depth_mmd,info,value_missing_before_next_label,No accepted value for plug_back_depth_mmd,609.0
4319,drilling_fluid,,warning,partial_fluid_row,Partial drilling fluid row retained at row offset 11,609.0
4320,drilling_fluid,,warning,partial_fluid_row,Partial drilling fluid row retained at row offset 12,609.0
4321,drilling_fluid,,warning,partial_fluid_row,Partial drilling fluid row retained at row offset 13,609.0
4322,drilling_fluid,,warning,partial_fluid_row,Partial drilling fluid row retained at row offset 14,609.0
4323,reports,depth_kickoff_mmd,info,value_missing_before_next_label,No accepted value for depth_kickoff_mmd,610.0
4324,reports,depth_kickoff_mtvd,info,value_missing_before_next_label,No accepted value for depth_kickoff_mtvd,610.0
4325,reports,plug_back_depth_mmd,info,value_missing_before_next_label,No accepted value for plug_back_depth_mmd,610.0
4326,drilling_fluid,,warning,partial_fluid_row,Partial drilling fluid row retained at row offset 10,610.0
4327,drilling_fluid,,warning,partial_fluid_row,Partial drilling fluid row retained at row offset 11,610.0
4328,drilling_fluid,,warning,partial_fluid_row,Partial drilling fluid row retained at row offset 12,610.0
4329,reports,depth_kickoff_mmd,info,value_missing_before_next_label,No accepted value for depth_kickoff_mmd,611.0
4330,reports,depth_kickoff_mtvd,info,value_missing_before_next_label,No accepted value for depth_kickoff_mtvd,611.0
4331,reports,plug_back_depth_mmd,info,value_missing_before_next_label,No accepted value for plug_back_depth_mmd,611.0
4332,drilling_fluid,,warning,partial_fluid_row,Partial drilling fluid row retained at row offset 9,611.0
4333,drilling_fluid,,warning,partial_fluid_row,Partial drilling fluid row retained at row offset 10,611.0
4334,reports,depth_kickoff_mmd,info,value_missing_before_next_label,No accepted value for depth_kickoff_mmd,612.0
4335,reports,depth_kickoff_mtvd,info,value_missing_before_next_label,No accepted value for depth_kickoff_mtvd,612.0
4336,reports,plug_back_depth_mmd,info,value_missing_before_next_label,No accepted value for plug_back_depth_mmd,612.0
4337,drilling_fluid,,warning,partial_fluid_row,Partial drilling fluid row retained at row offset 9,612.0
4338,drilling_fluid,,warning,partial_fluid_row,Partial drilling fluid row retained at row offset 10,612.0
4339,reports,depth_kickoff_mmd,info,value_missing_before_next_label,No accepted value for depth_kickoff_mmd,613.0
4340,reports,depth_kickoff_mtvd,info,value_missing_before_next_label,No accepted value for depth_kickoff_mtvd,613.0
4341,reports,plug_back_depth_mmd,info,value_missing_before_next_label,No accepted value for plug_back_depth_mmd,613.0
4342,drilling_fluid,,warning,partial_fluid_row,Partial drilling fluid row retained at row offset 9,613.0
4343,drilling_fluid,,warning,partial_fluid_row,Partial drilling fluid row retained at row offset 10,613.0
4344,reports,depth_kickoff_mmd,info,value_missing_before_next_label,No accepted value for depth_kickoff_mmd,614.0
4345,reports,depth_kickoff_mtvd,info,value_missing_before_next_label,No accepted value for depth_kickoff_mtvd,614.0
4346,reports,plug_back_depth_mmd,info,value_missing_before_next_label,No accepted value for plug_back_depth_mmd,614.0
4347,drilling_fluid,,warning,partial_fluid_row,Partial drilling fluid row retained at row offset 9,614.0
4348,drilling_fluid,,warning,partial_fluid_row,Partial drilling fluid row retained at row offset 10,614.0
4349,reports,depth_kickoff_mmd,info,value_missing_before_next_label,No accepted value for depth_kickoff_mmd,615.0
4350,reports,depth_kickoff_mtvd,info,value_missing_before_next_label,No accepted value for depth_kickoff_mtvd,615.0
4351,reports,plug_back_depth_mmd,info,value_missing_before_next_label,No accepted value for plug_back_depth_mmd,615.0
4352,drilling_fluid,,warning,partial_fluid_row,Partial drilling fluid row retained at row offset 9,615.0
4353,drilling_fluid,,warning,partial_fluid_row,Partial drilling fluid row retained at row offset 10,615.0
4354,reports,depth_current_mtvd,info,value_missing_before_next_label,No accepted value for depth_current_mtvd,616.0
4355,reports,depth_kickoff_mmd,info,value_missing_before_next_label,No accepted value for depth_kickoff_mmd,616.0
4356,reports,depth_kickoff_mtvd,info,value_missing_before_next_label,No accepted value for depth_kickoff_mtvd,616.0
4357,drilling_fluid,,warning,partial_fluid_row,Partial drilling fluid row retained at row offset 9,616.0
4358,drilling_fluid,,warning,partial_fluid_row,Partial drilling fluid row retained at row offset 10,616.0
4359,reports,depth_current_mtvd,info,value_missing_before_next_label,No accepted value for depth_current_mtvd,617.0
4360,reports,depth_kickoff_mmd,info,value_missing_before_next_label,No accepted value for depth_kickoff_mmd,617.0
4361,reports,depth_kickoff_mtvd,info,value_missing_before_next_label,No accepted value for depth_kickoff_mtvd,617.0
4362,reports,plug_back_depth_mmd,info,value_missing_before_next_label,No accepted value for plug_back_depth_mmd,617.0
4363,drilling_fluid,,warning,partial_fluid_row,Partial drilling fluid row retained at row offset 9,617.0
4364,drilling_fluid,,warning,partial_fluid_row,Partial drilling fluid row retained at row offset 10,617.0
4365,reports,depth_kickoff_mmd,info,value_missing_before_next_label,No accepted value for depth_kickoff_mmd,618.0
4366,reports,depth_kickoff_mtvd,info,value_missing_before_next_label,No accepted value for depth_kickoff_mtvd,618.0
4367,drilling_fluid,,warning,partial_fluid_row,Partial drilling fluid row retained at row offset 9,618.0
4368,drilling_fluid,,warning,partial_fluid_row,Partial drilling fluid row retained at row offset 10,618.0
4369,reports,depth_kickoff_mmd,info,value_missing_before_next_label,No accepted value for depth_kickoff_mmd,619.0
4370,reports,depth_kickoff_mtvd,info,value_missing_before_next_label,No accepted value for depth_kickoff_mtvd,619.0
4371,reports,plug_back_depth_mmd,info,value_missing_before_next_label,No accepted value for plug_back_depth_mmd,619.0
4372,drilling_fluid,,warning,partial_fluid_row,Partial drilling fluid row retained at row offset 9,619.0
4373,drilling_fluid,,warning,partial_fluid_row,Partial drilling fluid row retained at row offset 10,619.0
4374,reports,depth_kickoff_mmd,info,value_missing_before_next_label,No accepted value for depth_kickoff_mmd,620.0
4375,reports,depth_kickoff_mtvd,info,value_missing_before_next_label,No accepted value for depth_kickoff_mtvd,620.0
4376,reports,plug_back_depth_mmd,info,value_missing_before_next_label,No accepted value for plug_back_depth_mmd,620.0
4377,drilling_fluid,,warning,partial_fluid_row,Partial drilling fluid row retained at row offset 9,620.0
4378,drilling_fluid,,warning,partial_fluid_row,Partial drilling fluid row retained at row offset 10,620.0
4379,reports,depth_kickoff_mmd,info,value_missing_before_next_label,No accepted value for depth_kickoff_mmd,621.0
4380,reports,depth_kickoff_mtvd,info,value_missing_before_next_label,No accepted value for depth_kickoff_mtvd,621.0
4381,reports,depth_last_casing_mmd,info,value_missing_before_next_label,No accepted value for depth_last_casing_mmd,621.0
4382,reports,depth_last_casing_mtvd,info,value_missing_before_next_label,No accepted value for depth_last_casing_mtvd,621.0
4383,reports,plug_back_depth_mmd,info,value_missing_before_next_label,No accepted value for plug_back_depth_mmd,621.0
4384,reports,pressure_test_type,info,value_missing_before_next_label,No accepted value for pressure_test_type,621.0
4385,reports,depth_kickoff_mmd,info,value_missing_before_next_label,No accepted value for depth_kickoff_mmd,622.0
4386,reports,depth_kickoff_mtvd,info,value_missing_before_next_label,No accepted value for depth_kickoff_mtvd,622.0
4387,reports,depth_last_casing_mmd,info,value_missing_before_next_label,No accepted value for depth_last_casing_mmd,622.0
4388,reports,depth_last_casing_mtvd,info,value_missing_before_next_label,No accepted value for depth_last_casing_mtvd,622.0
4389,reports,plug_back_depth_mmd,info,value_missing_before_next_label,No accepted value for plug_back_depth_mmd,622.0
4390,reports,pressure_test_type,info,value_missing_before_next_label,No accepted value for pressure_test_type,622.0
4391,reports,depth_kickoff_mmd,info,value_missing_before_next_label,No accepted value for depth_kickoff_mmd,623.0
4392,reports,depth_kickoff_mtvd,info,value_missing_before_next_label,No accepted value for depth_kickoff_mtvd,623.0
4393,reports,plug_back_depth_mmd,info,value_missing_before_next_label,No accepted value for plug_back_depth_mmd,623.0
4394,reports,pressure_test_type,info,value_missing_before_next_label,No accepted value for pressure_test_type,623.0
4395,drilling_fluid,,warning,partial_fluid_row,Partial drilling fluid row retained at row offset 0,623.0
4396,reports,depth_kickoff_mmd,info,value_missing_before_next_label,No accepted value for depth_kickoff_mmd,624.0
4397,reports,depth_kickoff_mtvd,info,value_missing_before_next_label,No accepted value for depth_kickoff_mtvd,624.0
4398,reports,pressure_test_type,info,value_missing_before_next_label,No accepted value for pressure_test_type,624.0
4399,reports,depth_kickoff_mmd,info,value_missing_before_next_label,No accepted value for depth_kickoff_mmd,625.0
4400,reports,depth_kickoff_mtvd,info,value_missing_before_next_label,No accepted value for depth_kickoff_mtvd,625.0
4401,reports,plug_back_depth_mmd,info,value_missing_before_next_label,No accepted value for plug_back_depth_mmd,625.0
4402,reports,pressure_test_type,info,value_missing_before_next_label,No accepted value for pressure_test_type,625.0
4403,drilling_fluid,,warning,partial_fluid_row,Partial drilling fluid row retained at row offset 4,625.0
4404,reports,depth_kickoff_mmd,info,value_missing_before_next_label,No accepted value for depth_kickoff_mmd,626.0
4405,reports,depth_kickoff_mtvd,info,value_missing_before_next_label,No accepted value for depth_kickoff_mtvd,626.0
4406,reports,plug_back_depth_mmd,info,value_missing_before_next_label,No accepted value for plug_back_depth_mmd,626.0
4407,reports,pressure_test_type,info,value_missing_before_next_label,No accepted value for pressure_test_type,626.0
4408,drilling_fluid,,warning,partial_fluid_row,Partial drilling fluid row retained at row offset 2,626.0
4409,reports,depth_kickoff_mmd,info,value_missing_before_next_label,No accepted value for depth_kickoff_mmd,627.0
4410,reports,depth_kickoff_mtvd,info,value_missing_before_next_label,No accepted value for depth_kickoff_mtvd,627.0
4411,reports,plug_back_depth_mmd,info,value_missing_before_next_label,No accepted value for plug_back_depth_mmd,627.0
4412,reports,pressure_test_type,info,value_missing_before_next_label,No accepted value for pressure_test_type,627.0
4413,drilling_fluid,,warning,partial_fluid_row,Partial drilling fluid row retained at row offset 2,627.0
4414,reports,depth_kickoff_mmd,info,value_missing_before_next_label,No accepted value for depth_kickoff_mmd,628.0
4415,reports,depth_kickoff_mtvd,info,value_missing_before_next_label,No accepted value for depth_kickoff_mtvd,628.0
4416,reports,plug_back_depth_mmd,info,value_missing_before_next_label,No accepted value for plug_back_depth_mmd,628.0
4417,reports,pressure_test_type,info,value_missing_before_next_label,No accepted value for pressure_test_type,628.0
4418,drilling_fluid,,warning,partial_fluid_row,Partial drilling fluid row retained at row offset 2,628.0
4419,reports,depth_kickoff_mmd,info,value_missing_before_next_label,No accepted value for depth_kickoff_mmd,629.0
4420,reports,depth_kickoff_mtvd,info,value_missing_before_next_label,No accepted value for depth_kickoff_mtvd,629.0
4421,reports,plug_back_depth_mmd,info,value_missing_before_next_label,No accepted value for plug_back_depth_mmd,629.0
4422,reports,pressure_test_type,info,value_missing_before_next_label,No accepted value for pressure_test_type,629.0
4423,drilling_fluid,,warning,partial_fluid_row,Partial drilling fluid row retained at row offset 4,629.0
4424,drilling_fluid,,warning,partial_fluid_row,Partial drilling fluid row retained at row offset 5,629.0
4425,drilling_fluid,,warning,partial_fluid_row,Partial drilling fluid row retained at row offset 6,629.0
4426,reports,depth_kickoff_mmd,info,value_missing_before_next_label,No accepted value for depth_kickoff_mmd,630.0
4427,reports,depth_kickoff_mtvd,info,value_missing_before_next_label,No accepted value for depth_kickoff_mtvd,630.0
4428,reports,plug_back_depth_mmd,info,value_missing_before_next_label,No accepted value for plug_back_depth_mmd,630.0
4429,reports,pressure_test_type,info,value_missing_before_next_label,No accepted value for pressure_test_type,630.0
4430,drilling_fluid,,warning,partial_fluid_row,Partial drilling fluid row retained at row offset 2,630.0
4431,reports,depth_kickoff_mmd,info,value_missing_before_next_label,No accepted value for depth_kickoff_mmd,631.0
4432,reports,depth_kickoff_mtvd,info,value_missing_before_next_label,No accepted value for depth_kickoff_mtvd,631.0
4433,reports,plug_back_depth_mmd,info,value_missing_before_next_label,No accepted value for plug_back_depth_mmd,631.0
4434,reports,pressure_test_type,info,value_missing_before_next_label,No accepted value for pressure_test_type,631.0
4435,drilling_fluid,,warning,partial_fluid_row,Partial drilling fluid row retained at row offset 2,631.0
4436,reports,depth_kickoff_mmd,info,value_missing_before_next_label,No accepted value for depth_kickoff_mmd,632.0
4437,reports,depth_kickoff_mtvd,info,value_missing_before_next_label,No accepted value for depth_kickoff_mtvd,632.0
4438,reports,plug_back_depth_mmd,info,value_missing_before_next_label,No accepted value for plug_back_depth_mmd,632.0
4439,reports,pressure_test_type,info,value_missing_before_next_label,No accepted value for pressure_test_type,632.0
4440,drilling_fluid,,warning,partial_fluid_row,Partial drilling fluid row retained at row offset 2,632.0
4441,reports,depth_kickoff_mmd,info,value_missing_before_next_label,No accepted value for depth_kickoff_mmd,633.0
4442,reports,depth_kickoff_mtvd,info,value_missing_before_next_label,No accepted value for depth_kickoff_mtvd,633.0
4443,reports,plug_back_depth_mmd,info,value_missing_before_next_label,No accepted value for plug_back_depth_mmd,633.0
4444,drilling_fluid,,warning,partial_fluid_row,Partial drilling fluid row retained at row offset 5,633.0
4445,drilling_fluid,,warning,partial_fluid_row,Partial drilling fluid row retained at row offset 6,633.0
4446,drilling_fluid,,warning,partial_fluid_row,Partial drilling fluid row retained at row offset 7,633.0
4447,drilling_fluid,,warning,partial_fluid_row,Partial drilling fluid row retained at row offset 8,633.0
4448,reports,depth_kickoff_mmd,info,value_missing_before_next_label,No accepted value for depth_kickoff_mmd,634.0
4449,reports,depth_kickoff_mtvd,info,value_missing_before_next_label,No accepted value for depth_kickoff_mtvd,634.0
4450,reports,plug_back_depth_mmd,info,value_missing_before_next_label,No accepted value for plug_back_depth_mmd,634.0
4451,drilling_fluid,,warning,partial_fluid_row,Partial drilling fluid row retained at row offset 5,634.0
4452,drilling_fluid,,warning,partial_fluid_row,Partial drilling fluid row retained at row offset 6,634.0
4453,drilling_fluid,,warning,partial_fluid_row,Partial drilling fluid row retained at row offset 7,634.0
4454,drilling_fluid,,warning,partial_fluid_row,Partial drilling fluid row retained at row offset 8,634.0
4455,reports,depth_kickoff_mmd,info,value_missing_before_next_label,No accepted value for depth_kickoff_mmd,635.0
4456,reports,depth_kickoff_mtvd,info,value_missing_before_next_label,No accepted value for depth_kickoff_mtvd,635.0
4457,reports,plug_back_depth_mmd,info,value_missing_before_next_label,No accepted value for plug_back_depth_mmd,635.0
4458,drilling_fluid,,warning,partial_fluid_row,Partial drilling fluid row retained at row offset 4,635.0
4459,drilling_fluid,,warning,partial_fluid_row,Partial drilling fluid row retained at row offset 5,635.0
4460,drilling_fluid,,warning,partial_fluid_row,Partial drilling fluid row retained at row offset 6,635.0
4461,reports,depth_kickoff_mmd,info,value_missing_before_next_label,No accepted value for depth_kickoff_mmd,636.0
4462,reports,depth_kickoff_mtvd,info,value_missing_before_next_label,No accepted value for depth_kickoff_mtvd,636.0
4463,reports,plug_back_depth_mmd,info,value_missing_before_next_label,No accepted value for plug_back_depth_mmd,636.0
4464,drilling_fluid,,warning,partial_fluid_row,Partial drilling fluid row retained at row offset 5,636.0
4465,drilling_fluid,,warning,partial_fluid_row,Partial drilling fluid row retained at row offset 6,636.0
4466,drilling_fluid,,warning,partial_fluid_row,Partial drilling fluid row retained at row offset 7,636.0
4467,reports,depth_kickoff_mmd,info,value_missing_before_next_label,No accepted value for depth_kickoff_mmd,637.0
4468,reports,depth_kickoff_mtvd,info,value_missing_before_next_label,No accepted value for depth_kickoff_mtvd,637.0
4469,reports,plug_back_depth_mmd,info,value_missing_before_next_label,No accepted value for plug_back_depth_mmd,637.0
4470,drilling_fluid,,warning,partial_fluid_row,Partial drilling fluid row retained at row offset 6,637.0
4471,drilling_fluid,,warning,partial_fluid_row,Partial drilling fluid row retained at row offset 7,637.0
4472,drilling_fluid,,warning,partial_fluid_row,Partial drilling fluid row retained at row offset 8,637.0
4473,reports,depth_kickoff_mmd,info,value_missing_before_next_label,No accepted value for depth_kickoff_mmd,638.0
4474,reports,depth_kickoff_mtvd,info,value_missing_before_next_label,No accepted value for depth_kickoff_mtvd,638.0
4475,reports,plug_back_depth_mmd,info,value_missing_before_next_label,No accepted value for plug_back_depth_mmd,638.0
4476,drilling_fluid,,warning,partial_fluid_row,Partial drilling fluid row retained at row offset 5,638.0
4477,drilling_fluid,,warning,partial_fluid_row,Partial drilling fluid row retained at row offset 6,638.0
4478,drilling_fluid,,warning,partial_fluid_row,Partial drilling fluid row retained at row offset 7,638.0
4479,drilling_fluid,,warning,partial_fluid_row,Partial drilling fluid row retained at row offset 8,638.0
4480,reports,depth_kickoff_mmd,info,value_missing_before_next_label,No accepted value for depth_kickoff_mmd,639.0
4481,reports,depth_kickoff_mtvd,info,value_missing_before_next_label,No accepted value for depth_kickoff_mtvd,639.0
4482,reports,plug_back_depth_mmd,info,value_missing_before_next_label,No accepted value for plug_back_depth_mmd,639.0
4483,drilling_fluid,,warning,partial_fluid_row,Partial drilling fluid row retained at row offset 4,639.0
4484,drilling_fluid,,warning,partial_fluid_row,Partial drilling fluid row retained at row offset 5,639.0
4485,drilling_fluid,,warning,partial_fluid_row,Partial drilling fluid row retained at row offset 6,639.0
4486,reports,depth_kickoff_mmd,info,value_missing_before_next_label,No accepted value for depth_kickoff_mmd,640.0
4487,reports,depth_kickoff_mtvd,info,value_missing_before_next_label,No accepted value for depth_kickoff_mtvd,640.0
4488,reports,plug_back_depth_mmd,info,value_missing_before_next_label,No accepted value for plug_back_depth_mmd,640.0
4489,drilling_fluid,,warning,partial_fluid_row,Partial drilling fluid row retained at row offset 2,640.0
4490,reports,depth_kickoff_mmd,info,value_missing_before_next_label,No accepted value for depth_kickoff_mmd,641.0
4491,reports,depth_kickoff_mtvd,info,value_missing_before_next_label,No accepted value for depth_kickoff_mtvd,641.0
4492,reports,plug_back_depth_mmd,info,value_missing_before_next_label,No accepted value for plug_back_depth_mmd,641.0
4493,drilling_fluid,,warning,partial_fluid_row,Partial drilling fluid row retained at row offset 2,641.0
4494,reports,depth_kickoff_mmd,info,value_missing_before_next_label,No accepted value for depth_kickoff_mmd,642.0
4495,reports,depth_kickoff_mtvd,info,value_missing_before_next_label,No accepted value for depth_kickoff_mtvd,642.0
4496,reports,plug_back_depth_mmd,info,value_missing_before_next_label,No accepted value for plug_back_depth_mmd,642.0
4497,drilling_fluid,,warning,partial_fluid_row,Partial drilling fluid row retained at row offset 4,642.0
4498,drilling_fluid,,warning,partial_fluid_row,Partial drilling fluid row retained at row offset 5,642.0
4499,drilling_fluid,,warning,partial_fluid_row,Partial drilling fluid row retained at row offset 6,642.0
4500,reports,depth_kickoff_mmd,info,value_missing_before_next_label,No accepted value for depth_kickoff_mmd,643.0
4501,reports,depth_kickoff_mtvd,info,value_missing_before_next_label,No accepted value for depth_kickoff_mtvd,643.0
4502,reports,plug_back_depth_mmd,info,value_missing_before_next_label,No accepted value for plug_back_depth_mmd,643.0
4503,drilling_fluid,,warning,partial_fluid_row,Partial drilling fluid row retained at row offset 2,643.0
4504,reports,depth_kickoff_mmd,info,value_missing_before_next_label,No accepted value for depth_kickoff_mmd,644.0
4505,reports,depth_kickoff_mtvd,info,value_missing_before_next_label,No accepted value for depth_kickoff_mtvd,644.0
4506,reports,plug_back_depth_mmd,info,value_missing_before_next_label,No accepted value for plug_back_depth_mmd,644.0
4507,drilling_fluid,,warning,partial_fluid_row,Partial drilling fluid row retained at row offset 3,644.0
4508,drilling_fluid,,warning,partial_fluid_row,Partial drilling fluid row retained at row offset 4,644.0
4509,reports,depth_kickoff_mmd,info,value_missing_before_next_label,No accepted value for depth_kickoff_mmd,645.0
4510,reports,depth_kickoff_mtvd,info,value_missing_before_next_label,No accepted value for depth_kickoff_mtvd,645.0
4511,reports,plug_back_depth_mmd,info,value_missing_before_next_label,No accepted value for plug_back_depth_mmd,645.0
4512,drilling_fluid,,warning,partial_fluid_row,Partial drilling fluid row retained at row offset 2,645.0
4513,reports,depth_kickoff_mmd,info,value_missing_before_next_label,No accepted value for depth_kickoff_mmd,646.0
4514,reports,depth_kickoff_mtvd,info,value_missing_before_next_label,No accepted value for depth_kickoff_mtvd,646.0
4515,reports,plug_back_depth_mmd,info,value_missing_before_next_label,No accepted value for plug_back_depth_mmd,646.0
4516,drilling_fluid,,warning,partial_fluid_row,Partial drilling fluid row retained at row offset 4,646.0
4517,drilling_fluid,,warning,partial_fluid_row,Partial drilling fluid row retained at row offset 5,646.0
4518,drilling_fluid,,warning,partial_fluid_row,Partial drilling fluid row retained at row offset 6,646.0
4519,reports,depth_kickoff_mmd,info,value_missing_before_next_label,No accepted value for depth_kickoff_mmd,647.0
4520,reports,depth_kickoff_mtvd,info,value_missing_before_next_label,No accepted value for depth_kickoff_mtvd,647.0
4521,reports,plug_back_depth_mmd,info,value_missing_before_next_label,No accepted value for plug_back_depth_mmd,647.0
4522,drilling_fluid,,warning,partial_fluid_row,Partial drilling fluid row retained at row offset 2,647.0
4523,reports,depth_kickoff_mmd,info,value_missing_before_next_label,No accepted value for depth_kickoff_mmd,648.0
4524,reports,depth_kickoff_mtvd,info,value_missing_before_next_label,No accepted value for depth_kickoff_mtvd,648.0
4525,reports,plug_back_depth_mmd,info,value_missing_before_next_label,No accepted value for plug_back_depth_mmd,648.0
4526,drilling_fluid,,warning,partial_fluid_row,Partial drilling fluid row retained at row offset 5,648.0
4527,drilling_fluid,,warning,partial_fluid_row,Partial drilling fluid row retained at row offset 6,648.0
4528,drilling_fluid,,warning,partial_fluid_row,Partial drilling fluid row retained at row offset 7,648.0
4529,drilling_fluid,,warning,partial_fluid_row,Partial drilling fluid row retained at row offset 8,648.0
4530,reports,depth_kickoff_mmd,info,value_missing_before_next_label,No accepted value for depth_kickoff_mmd,649.0
4531,reports,depth_kickoff_mtvd,info,value_missing_before_next_label,No accepted value for depth_kickoff_mtvd,649.0
4532,reports,plug_back_depth_mmd,info,value_missing_before_next_label,No accepted value for plug_back_depth_mmd,649.0
4533,drilling_fluid,,warning,partial_fluid_row,Partial drilling fluid row retained at row offset 2,649.0
4534,reports,depth_kickoff_mmd,info,value_missing_before_next_label,No accepted value for depth_kickoff_mmd,650.0
4535,reports,depth_kickoff_mtvd,info,value_missing_before_next_label,No accepted value for depth_kickoff_mtvd,650.0
4536,reports,plug_back_depth_mmd,info,value_missing_before_next_label,No accepted value for plug_back_depth_mmd,650.0
4537,drilling_fluid,,warning,partial_fluid_row,Partial drilling fluid row retained at row offset 4,650.0
4538,drilling_fluid,,warning,partial_fluid_row,Partial drilling fluid row retained at row offset 5,650.0
4539,drilling_fluid,,warning,partial_fluid_row,Partial drilling fluid row retained at row offset 6,650.0
4540,reports,depth_kickoff_mmd,info,value_missing_before_next_label,No accepted value for depth_kickoff_mmd,651.0
4541,reports,depth_kickoff_mtvd,info,value_missing_before_next_label,No accepted value for depth_kickoff_mtvd,651.0
4542,reports,plug_back_depth_mmd,info,value_missing_before_next_label,No accepted value for plug_back_depth_mmd,651.0
4543,drilling_fluid,,warning,partial_fluid_row,Partial drilling fluid row retained at row offset 4,651.0
4544,reports,depth_kickoff_mmd,info,value_missing_before_next_label,No accepted value for depth_kickoff_mmd,652.0
4545,reports,depth_kickoff_mtvd,info,value_missing_before_next_label,No accepted value for depth_kickoff_mtvd,652.0
4546,reports,plug_back_depth_mmd,info,value_missing_before_next_label,No accepted value for plug_back_depth_mmd,652.0
4547,drilling_fluid,,warning,partial_fluid_row,Partial drilling fluid row retained at row offset 12,652.0
4548,drilling_fluid,,warning,partial_fluid_row,Partial drilling fluid row retained at row offset 14,652.0
4549,drilling_fluid,,warning,partial_fluid_row,Partial drilling fluid row retained at row offset 20,652.0
4550,drilling_fluid,,warning,partial_fluid_row,Partial drilling fluid row retained at row offset 22,652.0
4551,drilling_fluid,,warning,partial_fluid_row,Partial drilling fluid row retained at row offset 24,652.0
4552,drilling_fluid,,warning,partial_fluid_row,Partial drilling fluid row retained at row offset 26,652.0
4553,drilling_fluid,,warning,partial_fluid_row,Partial drilling fluid row retained at row offset 30,652.0
4554,drilling_fluid,,warning,partial_fluid_row,Partial drilling fluid row retained at row offset 32,652.0
4555,drilling_fluid,,warning,partial_fluid_row,Partial drilling fluid row retained at row offset 34,652.0
4556,drilling_fluid,,warning,partial_fluid_row,Partial drilling fluid row retained at row offset 36,652.0
4557,reports,depth_kickoff_mmd,info,value_missing_before_next_label,No accepted value for depth_kickoff_mmd,653.0
4558,reports,depth_kickoff_mtvd,info,value_missing_before_next_label,No accepted value for depth_kickoff_mtvd,653.0
4559,reports,plug_back_depth_mmd,info,value_missing_before_next_label,No accepted value for plug_back_depth_mmd,653.0
4560,reports,depth_kickoff_mmd,info,value_missing_before_next_label,No accepted value for depth_kickoff_mmd,654.0
4561,reports,depth_kickoff_mtvd,info,value_missing_before_next_label,No accepted value for depth_kickoff_mtvd,654.0
4562,reports,plug_back_depth_mmd,info,value_missing_before_next_label,No accepted value for plug_back_depth_mmd,654.0
4563,reports,depth_kickoff_mmd,info,value_missing_before_next_label,No accepted value for depth_kickoff_mmd,655.0
4564,reports,depth_kickoff_mtvd,info,value_missing_before_next_label,No accepted value for depth_kickoff_mtvd,655.0
4565,reports,plug_back_depth_mmd,info,value_missing_before_next_label,No accepted value for plug_back_depth_mmd,655.0
4566,reports,depth_kickoff_mmd,info,value_missing_before_next_label,No accepted value for depth_kickoff_mmd,656.0
4567,reports,depth_kickoff_mtvd,info,value_missing_before_next_label,No accepted value for depth_kickoff_mtvd,656.0
4568,reports,plug_back_depth_mmd,info,value_missing_before_next_label,No accepted value for plug_back_depth_mmd,656.0
4569,reports,depth_kickoff_mmd,info,value_missing_before_next_label,No accepted value for depth_kickoff_mmd,657.0
4570,reports,depth_kickoff_mtvd,info,value_missing_before_next_label,No accepted value for depth_kickoff_mtvd,657.0
4571,reports,plug_back_depth_mmd,info,value_missing_before_next_label,No accepted value for plug_back_depth_mmd,657.0
4572,reports,depth_kickoff_mmd,info,value_missing_before_next_label,No accepted value for depth_kickoff_mmd,658.0
4573,reports,depth_kickoff_mtvd,info,value_missing_before_next_label,No accepted value for depth_kickoff_mtvd,658.0
4574,reports,plug_back_depth_mmd,info,value_missing_before_next_label,No accepted value for plug_back_depth_mmd,658.0
4575,reports,depth_kickoff_mmd,info,value_missing_before_next_label,No accepted value for depth_kickoff_mmd,659.0
4576,reports,depth_kickoff_mtvd,info,value_missing_before_next_label,No accepted value for depth_kickoff_mtvd,659.0
4577,reports,plug_back_depth_mmd,info,value_missing_before_next_label,No accepted value for plug_back_depth_mmd,659.0
4578,reports,depth_kickoff_mmd,info,value_missing_before_next_label,No accepted value for depth_kickoff_mmd,660.0
4579,reports,depth_kickoff_mtvd,info,value_missing_before_next_label,No accepted value for depth_kickoff_mtvd,660.0
4580,reports,plug_back_depth_mmd,info,value_missing_before_next_label,No accepted value for plug_back_depth_mmd,660.0
4581,reports,depth_kickoff_mmd,info,value_missing_before_next_label,No accepted value for depth_kickoff_mmd,661.0
4582,reports,depth_kickoff_mtvd,info,value_missing_before_next_label,No accepted value for depth_kickoff_mtvd,661.0
4583,reports,plug_back_depth_mmd,info,value_missing_before_next_label,No accepted value for plug_back_depth_mmd,661.0
4584,reports,depth_kickoff_mmd,info,value_missing_before_next_label,No accepted value for depth_kickoff_mmd,662.0
4585,reports,depth_kickoff_mtvd,info,value_missing_before_next_label,No accepted value for depth_kickoff_mtvd,662.0
4586,reports,plug_back_depth_mmd,info,value_missing_before_next_label,No accepted value for plug_back_depth_mmd,662.0
4587,reports,depth_kickoff_mmd,info,value_missing_before_next_label,No accepted value for depth_kickoff_mmd,663.0
4588,reports,depth_kickoff_mtvd,info,value_missing_before_next_label,No accepted value for depth_kickoff_mtvd,663.0
4589,reports,plug_back_depth_mmd,info,value_missing_before_next_label,No accepted value for plug_back_depth_mmd,663.0
4590,reports,depth_kickoff_mmd,info,value_missing_before_next_label,No accepted value for depth_kickoff_mmd,664.0
4591,reports,depth_kickoff_mtvd,info,value_missing_before_next_label,No accepted value for depth_kickoff_mtvd,664.0
4592,reports,plug_back_depth_mmd,info,value_missing_before_next_label,No accepted value for plug_back_depth_mmd,664.0
4593,reports,depth_kickoff_mmd,info,value_missing_before_next_label,No accepted value for depth_kickoff_mmd,665.0
4594,reports,depth_kickoff_mtvd,info,value_missing_before_next_label,No accepted value for depth_kickoff_mtvd,665.0
4595,reports,plug_back_depth_mmd,info,value_missing_before_next_label,No accepted value for plug_back_depth_mmd,665.0
4596,reports,depth_kickoff_mmd,info,value_missing_before_next_label,No accepted value for depth_kickoff_mmd,666.0
4597,reports,depth_kickoff_mtvd,info,value_missing_before_next_label,No accepted value for depth_kickoff_mtvd,666.0
4598,reports,plug_back_depth_mmd,info,value_missing_before_next_label,No accepted value for plug_back_depth_mmd,666.0
4599,reports,depth_kickoff_mmd,info,value_missing_before_next_label,No accepted value for depth_kickoff_mmd,667.0
4600,reports,depth_kickoff_mtvd,info,value_missing_before_next_label,No accepted value for depth_kickoff_mtvd,667.0
4601,reports,plug_back_depth_mmd,info,value_missing_before_next_label,No accepted value for plug_back_depth_mmd,667.0
4602,reports,depth_kickoff_mmd,info,value_missing_before_next_label,No accepted value for depth_kickoff_mmd,668.0
4603,reports,depth_kickoff_mtvd,info,value_missing_before_next_label,No accepted value for depth_kickoff_mtvd,668.0
4604,reports,plug_back_depth_mmd,info,value_missing_before_next_label,No accepted value for plug_back_depth_mmd,668.0
4605,reports,depth_kickoff_mmd,info,value_missing_before_next_label,No accepted value for depth_kickoff_mmd,669.0
4606,reports,depth_kickoff_mtvd,info,value_missing_before_next_label,No accepted value for depth_kickoff_mtvd,669.0
4607,reports,plug_back_depth_mmd,info,value_missing_before_next_label,No accepted value for plug_back_depth_mmd,669.0
4608,reports,depth_kickoff_mmd,info,value_missing_before_next_label,No accepted value for depth_kickoff_mmd,670.0
4609,reports,depth_kickoff_mtvd,info,value_missing_before_next_label,No accepted value for depth_kickoff_mtvd,670.0
4610,reports,plug_back_depth_mmd,info,value_missing_before_next_label,No accepted value for plug_back_depth_mmd,670.0
4611,reports,depth_kickoff_mmd,info,value_missing_before_next_label,No accepted value for depth_kickoff_mmd,671.0
4612,reports,depth_kickoff_mtvd,info,value_missing_before_next_label,No accepted value for depth_kickoff_mtvd,671.0
4613,reports,plug_back_depth_mmd,info,value_missing_before_next_label,No accepted value for plug_back_depth_mmd,671.0
4614,reports,depth_kickoff_mmd,info,value_missing_before_next_label,No accepted value for depth_kickoff_mmd,672.0
4615,reports,depth_kickoff_mtvd,info,value_missing_before_next_label,No accepted value for depth_kickoff_mtvd,672.0
4616,reports,plug_back_depth_mmd,info,value_missing_before_next_label,No accepted value for plug_back_depth_mmd,672.0
4617,reports,depth_kickoff_mmd,info,value_missing_before_next_label,No accepted value for depth_kickoff_mmd,673.0
4618,reports,depth_kickoff_mtvd,info,value_missing_before_next_label,No accepted value for depth_kickoff_mtvd,673.0
4619,reports,plug_back_depth_mmd,info,value_missing_before_next_label,No accepted value for plug_back_depth_mmd,673.0
4620,drilling_fluid,,warning,partial_fluid_row,Partial drilling fluid row retained at row offset 11,673.0
4621,drilling_fluid,,warning,partial_fluid_row,Partial drilling fluid row retained at row offset 13,673.0
4622,drilling_fluid,,warning,partial_fluid_row,Partial drilling fluid row retained at row offset 19,673.0
4623,drilling_fluid,,warning,partial_fluid_row,Partial drilling fluid row retained at row offset 21,673.0
4624,drilling_fluid,,warning,partial_fluid_row,Partial drilling fluid row retained at row offset 23,673.0
4625,drilling_fluid,,warning,partial_fluid_row,Partial drilling fluid row retained at row offset 25,673.0
4626,drilling_fluid,,warning,partial_fluid_row,Partial drilling fluid row retained at row offset 29,673.0
4627,drilling_fluid,,warning,partial_fluid_row,Partial drilling fluid row retained at row offset 31,673.0
4628,drilling_fluid,,warning,partial_fluid_row,Partial drilling fluid row retained at row offset 33,673.0
4629,drilling_fluid,,warning,partial_fluid_row,Partial drilling fluid row retained at row offset 35,673.0
4630,reports,depth_kickoff_mmd,info,value_missing_before_next_label,No accepted value for depth_kickoff_mmd,674.0
4631,reports,depth_kickoff_mtvd,info,value_missing_before_next_label,No accepted value for depth_kickoff_mtvd,674.0
4632,reports,plug_back_depth_mmd,info,value_missing_before_next_label,No accepted value for plug_back_depth_mmd,674.0
4633,reports,depth_kickoff_mmd,info,value_missing_before_next_label,No accepted value for depth_kickoff_mmd,675.0
4634,reports,depth_kickoff_mtvd,info,value_missing_before_next_label,No accepted value for depth_kickoff_mtvd,675.0
4635,reports,plug_back_depth_mmd,info,value_missing_before_next_label,No accepted value for plug_back_depth_mmd,675.0
4636,reports,depth_kickoff_mmd,info,value_missing_before_next_label,No accepted value for depth_kickoff_mmd,676.0
4637,reports,depth_kickoff_mtvd,info,value_missing_before_next_label,No accepted value for depth_kickoff_mtvd,676.0
4638,reports,plug_back_depth_mmd,info,value_missing_before_next_label,No accepted value for plug_back_depth_mmd,676.0
4639,reports,depth_kickoff_mmd,info,value_missing_before_next_label,No accepted value for depth_kickoff_mmd,677.0
4640,reports,depth_kickoff_mtvd,info,value_missing_before_next_label,No accepted value for depth_kickoff_mtvd,677.0
4641,reports,plug_back_depth_mmd,info,value_missing_before_next_label,No accepted value for plug_back_depth_mmd,677.0
4642,reports,depth_kickoff_mmd,info,value_missing_before_next_label,No accepted value for depth_kickoff_mmd,678.0
4643,reports,depth_kickoff_mtvd,info,value_missing_before_next_label,No accepted value for depth_kickoff_mtvd,678.0
4644,reports,plug_back_depth_mmd,info,value_missing_before_next_label,No accepted value for plug_back_depth_mmd,678.0
4645,reports,depth_kickoff_mmd,info,value_missing_before_next_label,No accepted value for depth_kickoff_mmd,679.0
4646,reports,depth_kickoff_mtvd,info,value_missing_before_next_label,No accepted value for depth_kickoff_mtvd,679.0
4647,reports,plug_back_depth_mmd,info,value_missing_before_next_label,No accepted value for plug_back_depth_mmd,679.0
4648,reports,depth_kickoff_mmd,info,value_missing_before_next_label,No accepted value for depth_kickoff_mmd,680.0
4649,reports,depth_kickoff_mtvd,info,value_missing_before_next_label,No accepted value for depth_kickoff_mtvd,680.0
4650,reports,plug_back_depth_mmd,info,value_missing_before_next_label,No accepted value for plug_back_depth_mmd,680.0
4651,drilling_fluid,,warning,partial_fluid_row,Partial drilling fluid row retained at row offset 10,680.0
4652,drilling_fluid,,warning,partial_fluid_row,Partial drilling fluid row retained at row offset 11,680.0
4653,reports,depth_kickoff_mmd,info,value_missing_before_next_label,No accepted value for depth_kickoff_mmd,681.0
4654,reports,depth_kickoff_mtvd,info,value_missing_before_next_label,No accepted value for depth_kickoff_mtvd,681.0
4655,reports,plug_back_depth_mmd,info,value_missing_before_next_label,No accepted value for plug_back_depth_mmd,681.0
4656,drilling_fluid,,warning,partial_fluid_row,Partial drilling fluid row retained at row offset 10,681.0
4657,drilling_fluid,,warning,partial_fluid_row,Partial drilling fluid row retained at row offset 11,681.0
4658,drilling_fluid,,warning,partial_fluid_row,Partial drilling fluid row retained at row offset 12,681.0
4659,reports,depth_kickoff_mmd,info,value_missing_before_next_label,No accepted value for depth_kickoff_mmd,682.0
4660,reports,depth_kickoff_mtvd,info,value_missing_before_next_label,No accepted value for depth_kickoff_mtvd,682.0
4661,reports,plug_back_depth_mmd,info,value_missing_before_next_label,No accepted value for plug_back_depth_mmd,682.0
4662,drilling_fluid,,warning,partial_fluid_row,Partial drilling fluid row retained at row offset 10,682.0
4663,drilling_fluid,,warning,partial_fluid_row,Partial drilling fluid row retained at row offset 11,682.0
4664,drilling_fluid,,warning,partial_fluid_row,Partial drilling fluid row retained at row offset 12,682.0
4665,reports,depth_kickoff_mmd,info,value_missing_before_next_label,No accepted value for depth_kickoff_mmd,683.0
4666,reports,depth_kickoff_mtvd,info,value_missing_before_next_label,No accepted value for depth_kickoff_mtvd,683.0
4667,reports,plug_back_depth_mmd,info,value_missing_before_next_label,No accepted value for plug_back_depth_mmd,683.0
4668,drilling_fluid,,warning,partial_fluid_row,Partial drilling fluid row retained at row offset 11,683.0
4669,drilling_fluid,,warning,partial_fluid_row,Partial drilling fluid row retained at row offset 12,683.0
4670,drilling_fluid,,warning,partial_fluid_row,Partial drilling fluid row retained at row offset 13,683.0
4671,drilling_fluid,,warning,partial_fluid_row,Partial drilling fluid row retained at row offset 14,683.0
4672,reports,depth_kickoff_mmd,info,value_missing_before_next_label,No accepted value for depth_kickoff_mmd,684.0
4673,reports,depth_kickoff_mtvd,info,value_missing_before_next_label,No accepted value for depth_kickoff_mtvd,684.0
4674,reports,plug_back_depth_mmd,info,value_missing_before_next_label,No accepted value for plug_back_depth_mmd,684.0
4675,drilling_fluid,,warning,partial_fluid_row,Partial drilling fluid row retained at row offset 11,684.0
4676,drilling_fluid,,warning,partial_fluid_row,Partial drilling fluid row retained at row offset 12,684.0
4677,drilling_fluid,,warning,partial_fluid_row,Partial drilling fluid row retained at row offset 13,684.0
4678,drilling_fluid,,warning,partial_fluid_row,Partial drilling fluid row retained at row offset 14,684.0
4679,reports,depth_kickoff_mmd,info,value_missing_before_next_label,No accepted value for depth_kickoff_mmd,685.0
4680,reports,depth_kickoff_mtvd,info,value_missing_before_next_label,No accepted value for depth_kickoff_mtvd,685.0
4681,reports,plug_back_depth_mmd,info,value_missing_before_next_label,No accepted value for plug_back_depth_mmd,685.0
4682,drilling_fluid,,warning,partial_fluid_row,Partial drilling fluid row retained at row offset 11,685.0
4683,drilling_fluid,,warning,partial_fluid_row,Partial drilling fluid row retained at row offset 12,685.0
4684,drilling_fluid,,warning,partial_fluid_row,Partial drilling fluid row retained at row offset 13,685.0
4685,drilling_fluid,,warning,partial_fluid_row,Partial drilling fluid row retained at row offset 14,685.0
4686,reports,depth_kickoff_mmd,info,value_missing_before_next_label,No accepted value for depth_kickoff_mmd,686.0
4687,reports,depth_kickoff_mtvd,info,value_missing_before_next_label,No accepted value for depth_kickoff_mtvd,686.0
4688,reports,plug_back_depth_mmd,info,value_missing_before_next_label,No accepted value for plug_back_depth_mmd,686.0
4689,drilling_fluid,,warning,partial_fluid_row,Partial drilling fluid row retained at row offset 9,686.0
4690,drilling_fluid,,warning,partial_fluid_row,Partial drilling fluid row retained at row offset 10,686.0
4691,reports,depth_kickoff_mmd,info,value_missing_before_next_label,No accepted value for depth_kickoff_mmd,687.0
4692,reports,depth_kickoff_mtvd,info,value_missing_before_next_label,No accepted value for depth_kickoff_mtvd,687.0
4693,reports,plug_back_depth_mmd,info,value_missing_before_next_label,No accepted value for plug_back_depth_mmd,687.0
4694,drilling_fluid,,warning,partial_fluid_row,Partial drilling fluid row retained at row offset 8,687.0
4695,reports,depth_kickoff_mmd,info,value_missing_before_next_label,No accepted value for depth_kickoff_mmd,688.0
4696,reports,depth_kickoff_mtvd,info,value_missing_before_next_label,No accepted value for depth_kickoff_mtvd,688.0
4697,reports,plug_back_depth_mmd,info,value_missing_before_next_label,No accepted value for plug_back_depth_mmd,688.0
4698,drilling_fluid,,warning,partial_fluid_row,Partial drilling fluid row retained at row offset 8,688.0
4699,drilling_fluid,,warning,partial_fluid_row,Partial drilling fluid row retained at row offset 12,688.0
4700,drilling_fluid,,warning,partial_fluid_row,Partial drilling fluid row retained at row offset 14,688.0
4701,drilling_fluid,,warning,partial_fluid_row,Partial drilling fluid row retained at row offset 20,688.0
4702,drilling_fluid,,warning,partial_fluid_row,Partial drilling fluid row retained at row offset 22,688.0
4703,drilling_fluid,,warning,partial_fluid_row,Partial drilling fluid row retained at row offset 24,688.0
4704,drilling_fluid,,warning,partial_fluid_row,Partial drilling fluid row retained at row offset 26,688.0
4705,drilling_fluid,,warning,partial_fluid_row,Partial drilling fluid row retained at row offset 30,688.0
4706,drilling_fluid,,warning,partial_fluid_row,Partial drilling fluid row retained at row offset 32,688.0
4707,drilling_fluid,,warning,partial_fluid_row,Partial drilling fluid row retained at row offset 34,688.0
4708,reports,depth_kickoff_mmd,info,value_missing_before_next_label,No accepted value for depth_kickoff_mmd,689.0
4709,reports,depth_kickoff_mtvd,info,value_missing_before_next_label,No accepted value for depth_kickoff_mtvd,689.0
4710,reports,plug_back_depth_mmd,info,value_missing_before_next_label,No accepted value for plug_back_depth_mmd,689.0
4711,drilling_fluid,,warning,partial_fluid_row,Partial drilling fluid row retained at row offset 8,689.0
4712,reports,depth_kickoff_mmd,info,value_missing_before_next_label,No accepted value for depth_kickoff_mmd,690.0
4713,reports,depth_kickoff_mtvd,info,value_missing_before_next_label,No accepted value for depth_kickoff_mtvd,690.0
4714,reports,plug_back_depth_mmd,info,value_missing_before_next_label,No accepted value for plug_back_depth_mmd,690.0
4715,drilling_fluid,,warning,partial_fluid_row,Partial drilling fluid row retained at row offset 8,690.0
4716,reports,depth_kickoff_mmd,info,value_missing_before_next_label,No accepted value for depth_kickoff_mmd,691.0
4717,reports,depth_kickoff_mtvd,info,value_missing_before_next_label,No accepted value for depth_kickoff_mtvd,691.0
4718,reports,plug_back_depth_mmd,info,value_missing_before_next_label,No accepted value for plug_back_depth_mmd,691.0
4719,drilling_fluid,,warning,partial_fluid_row,Partial drilling fluid row retained at row offset 9,691.0
4720,drilling_fluid,,warning,partial_fluid_row,Partial drilling fluid row retained at row offset 10,691.0
4721,reports,depth_kickoff_mmd,info,value_missing_before_next_label,No accepted value for depth_kickoff_mmd,692.0
4722,reports,depth_kickoff_mtvd,info,value_missing_before_next_label,No accepted value for depth_kickoff_mtvd,692.0
4723,reports,plug_back_depth_mmd,info,value_missing_before_next_label,No accepted value for plug_back_depth_mmd,692.0
4724,drilling_fluid,,warning,partial_fluid_row,Partial drilling fluid row retained at row offset 11,692.0
4725,drilling_fluid,,warning,partial_fluid_row,Partial drilling fluid row retained at row offset 12,692.0
4726,drilling_fluid,,warning,partial_fluid_row,Partial drilling fluid row retained at row offset 13,692.0
4727,drilling_fluid,,warning,partial_fluid_row,Partial drilling fluid row retained at row offset 14,692.0
4728,reports,depth_kickoff_mmd,info,value_missing_before_next_label,No accepted value for depth_kickoff_mmd,693.0
4729,reports,depth_kickoff_mtvd,info,value_missing_before_next_label,No accepted value for depth_kickoff_mtvd,693.0
4730,reports,plug_back_depth_mmd,info,value_missing_before_next_label,No accepted value for plug_back_depth_mmd,693.0
4731,drilling_fluid,,warning,partial_fluid_row,Partial drilling fluid row retained at row offset 10,693.0
4732,drilling_fluid,,warning,partial_fluid_row,Partial drilling fluid row retained at row offset 11,693.0
4733,drilling_fluid,,warning,partial_fluid_row,Partial drilling fluid row retained at row offset 12,693.0
4734,reports,depth_kickoff_mmd,info,value_missing_before_next_label,No accepted value for depth_kickoff_mmd,694.0
4735,reports,depth_kickoff_mtvd,info,value_missing_before_next_label,No accepted value for depth_kickoff_mtvd,694.0
4736,reports,plug_back_depth_mmd,info,value_missing_before_next_label,No accepted value for plug_back_depth_mmd,694.0
4737,drilling_fluid,,warning,partial_fluid_row,Partial drilling fluid row retained at row offset 9,694.0
4738,drilling_fluid,,warning,partial_fluid_row,Partial drilling fluid row retained at row offset 10,694.0
4739,reports,depth_kickoff_mmd,info,value_missing_before_next_label,No accepted value for depth_kickoff_mmd,695.0
4740,reports,depth_kickoff_mtvd,info,value_missing_before_next_label,No accepted value for depth_kickoff_mtvd,695.0
4741,reports,plug_back_depth_mmd,info,value_missing_before_next_label,No accepted value for plug_back_depth_mmd,695.0
4742,drilling_fluid,,warning,partial_fluid_row,Partial drilling fluid row retained at row offset 8,695.0
4743,reports,depth_kickoff_mmd,info,value_missing_before_next_label,No accepted value for depth_kickoff_mmd,696.0
4744,reports,depth_kickoff_mtvd,info,value_missing_before_next_label,No accepted value for depth_kickoff_mtvd,696.0
4745,reports,plug_back_depth_mmd,info,value_missing_before_next_label,No accepted value for plug_back_depth_mmd,696.0
4746,drilling_fluid,,warning,partial_fluid_row,Partial drilling fluid row retained at row offset 8,696.0
4747,reports,depth_kickoff_mmd,info,value_missing_before_next_label,No accepted value for depth_kickoff_mmd,697.0
4748,reports,depth_kickoff_mtvd,info,value_missing_before_next_label,No accepted value for depth_kickoff_mtvd,697.0
4749,reports,plug_back_depth_mmd,info,value_missing_before_next_label,No accepted value for plug_back_depth_mmd,697.0
4750,drilling_fluid,,warning,partial_fluid_row,Partial drilling fluid row retained at row offset 8,697.0
4751,drilling_fluid,,warning,partial_fluid_row,Partial drilling fluid row retained at row offset 12,697.0
4752,drilling_fluid,,warning,partial_fluid_row,Partial drilling fluid row retained at row offset 14,697.0
4753,drilling_fluid,,warning,partial_fluid_row,Partial drilling fluid row retained at row offset 20,697.0
4754,drilling_fluid,,warning,partial_fluid_row,Partial drilling fluid row retained at row offset 22,697.0
4755,drilling_fluid,,warning,partial_fluid_row,Partial drilling fluid row retained at row offset 24,697.0
4756,drilling_fluid,,warning,partial_fluid_row,Partial drilling fluid row retained at row offset 26,697.0
4757,drilling_fluid,,warning,partial_fluid_row,Partial drilling fluid row retained at row offset 30,697.0
4758,drilling_fluid,,warning,partial_fluid_row,Partial drilling fluid row retained at row offset 32,697.0
4759,drilling_fluid,,warning,partial_fluid_row,Partial drilling fluid row retained at row offset 34,697.0
4760,reports,depth_kickoff_mmd,info,value_missing_before_next_label,No accepted value for depth_kickoff_mmd,698.0
4761,reports,depth_kickoff_mtvd,info,value_missing_before_next_label,No accepted value for depth_kickoff_mtvd,698.0
4762,reports,plug_back_depth_mmd,info,value_missing_before_next_label,No accepted value for plug_back_depth_mmd,698.0
4763,drilling_fluid,,warning,partial_fluid_row,Partial drilling fluid row retained at row offset 8,698.0
4764,reports,depth_kickoff_mmd,info,value_missing_before_next_label,No accepted value for depth_kickoff_mmd,699.0
4765,reports,depth_kickoff_mtvd,info,value_missing_before_next_label,No accepted value for depth_kickoff_mtvd,699.0
4766,reports,plug_back_depth_mmd,info,value_missing_before_next_label,No accepted value for plug_back_depth_mmd,699.0
4767,drilling_fluid,,warning,partial_fluid_row,Partial drilling fluid row retained at row offset 8,699.0
4768,reports,depth_kickoff_mmd,info,value_missing_before_next_label,No accepted value for depth_kickoff_mmd,700.0
4769,reports,depth_kickoff_mtvd,info,value_missing_before_next_label,No accepted value for depth_kickoff_mtvd,700.0
4770,reports,depth_kickoff_mmd,info,value_missing_before_next_label,No accepted value for depth_kickoff_mmd,701.0
4771,reports,depth_kickoff_mtvd,info,value_missing_before_next_label,No accepted value for depth_kickoff_mtvd,701.0
4772,reports,depth_kickoff_mmd,info,value_missing_before_next_label,No accepted value for depth_kickoff_mmd,702.0
4773,reports,depth_kickoff_mtvd,info,value_missing_before_next_label,No accepted value for depth_kickoff_mtvd,702.0
4774,reports,depth_kickoff_mmd,info,value_missing_before_next_label,No accepted value for depth_kickoff_mmd,703.0
4775,reports,depth_kickoff_mtvd,info,value_missing_before_next_label,No accepted value for depth_kickoff_mtvd,703.0
4776,reports,depth_kickoff_mmd,info,value_missing_before_next_label,No accepted value for depth_kickoff_mmd,704.0
4777,reports,depth_kickoff_mtvd,info,value_missing_before_next_label,No accepted value for depth_kickoff_mtvd,704.0
4778,reports,depth_kickoff_mmd,info,value_missing_before_next_label,No accepted value for depth_kickoff_mmd,705.0
4779,reports,depth_kickoff_mtvd,info,value_missing_before_next_label,No accepted value for depth_kickoff_mtvd,705.0
4780,reports,depth_kickoff_mmd,info,value_missing_before_next_label,No accepted value for depth_kickoff_mmd,706.0
4781,reports,depth_kickoff_mtvd,info,value_missing_before_next_label,No accepted value for depth_kickoff_mtvd,706.0
4782,reports,depth_kickoff_mmd,info,value_missing_before_next_label,No accepted value for depth_kickoff_mmd,707.0
4783,reports,depth_kickoff_mtvd,info,value_missing_before_next_label,No accepted value for depth_kickoff_mtvd,707.0
4784,reports,depth_kickoff_mmd,info,value_missing_before_next_label,No accepted value for depth_kickoff_mmd,708.0
4785,reports,depth_kickoff_mtvd,info,value_missing_before_next_label,No accepted value for depth_kickoff_mtvd,708.0
4786,reports,depth_kickoff_mmd,info,value_missing_before_next_label,No accepted value for depth_kickoff_mmd,709.0
4787,reports,depth_kickoff_mtvd,info,value_missing_before_next_label,No accepted value for depth_kickoff_mtvd,709.0
4788,reports,depth_kickoff_mmd,info,value_missing_before_next_label,No accepted value for depth_kickoff_mmd,710.0
4789,reports,depth_kickoff_mtvd,info,value_missing_before_next_label,No accepted value for depth_kickoff_mtvd,710.0
4790,reports,depth_kickoff_mmd,info,value_missing_before_next_label,No accepted value for depth_kickoff_mmd,711.0
4791,reports,depth_kickoff_mtvd,info,value_missing_before_next_label,No accepted value for depth_kickoff_mtvd,711.0
4792,reports,depth_kickoff_mmd,info,value_missing_before_next_label,No accepted value for depth_kickoff_mmd,712.0
4793,reports,depth_kickoff_mtvd,info,value_missing_before_next_label,No accepted value for depth_kickoff_mtvd,712.0
4794,reports,depth_current_mtvd,info,value_missing_before_next_label,No accepted value for depth_current_mtvd,713.0
4795,reports,depth_kickoff_mmd,info,value_missing_before_next_label,No accepted value for depth_kickoff_mmd,713.0
4796,reports,depth_kickoff_mtvd,info,value_missing_before_next_label,No accepted value for depth_kickoff_mtvd,713.0
4797,reports,plug_back_depth_mmd,info,value_missing_before_next_label,No accepted value for plug_back_depth_mmd,713.0
4798,reports,depth_current_mtvd,info,value_missing_before_next_label,No accepted value for depth_current_mtvd,714.0
4799,reports,depth_kickoff_mmd,info,value_missing_before_next_label,No accepted value for depth_kickoff_mmd,714.0
4800,reports,depth_kickoff_mtvd,info,value_missing_before_next_label,No accepted value for depth_kickoff_mtvd,714.0
4801,reports,plug_back_depth_mmd,info,value_missing_before_next_label,No accepted value for plug_back_depth_mmd,714.0
4802,reports,depth_kickoff_mmd,info,value_missing_before_next_label,No accepted value for depth_kickoff_mmd,715.0
4803,reports,depth_kickoff_mtvd,info,value_missing_before_next_label,No accepted value for depth_kickoff_mtvd,715.0
4804,reports,plug_back_depth_mmd,info,value_missing_before_next_label,No accepted value for plug_back_depth_mmd,715.0
4805,reports,depth_kickoff_mmd,info,value_missing_before_next_label,No accepted value for depth_kickoff_mmd,716.0
4806,reports,depth_kickoff_mtvd,info,value_missing_before_next_label,No accepted value for depth_kickoff_mtvd,716.0
4807,reports,plug_back_depth_mmd,info,value_missing_before_next_label,No accepted value for plug_back_depth_mmd,716.0
4808,reports,depth_kickoff_mmd,info,value_missing_before_next_label,No accepted value for depth_kickoff_mmd,717.0
4809,reports,depth_kickoff_mtvd,info,value_missing_before_next_label,No accepted value for depth_kickoff_mtvd,717.0
4810,reports,plug_back_depth_mmd,info,value_missing_before_next_label,No accepted value for plug_back_depth_mmd,717.0
4811,reports,depth_kickoff_mmd,info,value_missing_before_next_label,No accepted value for depth_kickoff_mmd,718.0
4812,reports,depth_kickoff_mtvd,info,value_missing_before_next_label,No accepted value for depth_kickoff_mtvd,718.0
4813,reports,plug_back_depth_mmd,info,value_missing_before_next_label,No accepted value for plug_back_depth_mmd,718.0
4814,reports,depth_kickoff_mmd,info,value_missing_before_next_label,No accepted value for depth_kickoff_mmd,719.0
4815,reports,depth_kickoff_mtvd,info,value_missing_before_next_label,No accepted value for depth_kickoff_mtvd,719.0
4816,reports,plug_back_depth_mmd,info,value_missing_before_next_label,No accepted value for plug_back_depth_mmd,719.0
4817,reports,depth_kickoff_mmd,info,value_missing_before_next_label,No accepted value for depth_kickoff_mmd,720.0
4818,reports,depth_kickoff_mtvd,info,value_missing_before_next_label,No accepted value for depth_kickoff_mtvd,720.0
4819,reports,depth_kickoff_mmd,info,value_missing_before_next_label,No accepted value for depth_kickoff_mmd,721.0
4820,reports,depth_kickoff_mtvd,info,value_missing_before_next_label,No accepted value for depth_kickoff_mtvd,721.0
4821,reports,depth_kickoff_mmd,info,value_missing_before_next_label,No accepted value for depth_kickoff_mmd,722.0
4822,reports,depth_kickoff_mtvd,info,value_missing_before_next_label,No accepted value for depth_kickoff_mtvd,722.0
4823,reports,depth_kickoff_mmd,info,value_missing_before_next_label,No accepted value for depth_kickoff_mmd,723.0
4824,reports,depth_kickoff_mtvd,info,value_missing_before_next_label,No accepted value for depth_kickoff_mtvd,723.0
4825,reports,depth_kickoff_mmd,info,value_missing_before_next_label,No accepted value for depth_kickoff_mmd,724.0
4826,reports,depth_kickoff_mtvd,info,value_missing_before_next_label,No accepted value for depth_kickoff_mtvd,724.0
4827,reports,depth_kickoff_mmd,info,value_missing_before_next_label,No accepted value for depth_kickoff_mmd,725.0
4828,reports,depth_kickoff_mtvd,info,value_missing_before_next_label,No accepted value for depth_kickoff_mtvd,725.0
4829,reports,depth_kickoff_mmd,info,value_missing_before_next_label,No accepted value for depth_kickoff_mmd,726.0
4830,reports,depth_kickoff_mtvd,info,value_missing_before_next_label,No accepted value for depth_kickoff_mtvd,726.0
4831,reports,depth_kickoff_mmd,info,value_missing_before_next_label,No accepted value for depth_kickoff_mmd,727.0
4832,reports,depth_kickoff_mtvd,info,value_missing_before_next_label,No accepted value for depth_kickoff_mtvd,727.0
4833,reports,depth_kickoff_mmd,info,value_missing_before_next_label,No accepted value for depth_kickoff_mmd,728.0
4834,reports,depth_kickoff_mtvd,info,value_missing_before_next_label,No accepted value for depth_kickoff_mtvd,728.0
4835,reports,depth_kickoff_mmd,info,value_missing_before_next_label,No accepted value for depth_kickoff_mmd,729.0
4836,reports,depth_kickoff_mtvd,info,value_missing_before_next_label,No accepted value for depth_kickoff_mtvd,729.0
4837,reports,depth_kickoff_mmd,info,value_missing_before_next_label,No accepted value for depth_kickoff_mmd,730.0
4838,reports,depth_kickoff_mtvd,info,value_missing_before_next_label,No accepted value for depth_kickoff_mtvd,730.0
4839,reports,depth_kickoff_mmd,info,value_missing_before_next_label,No accepted value for depth_kickoff_mmd,731.0
4840,reports,depth_kickoff_mtvd,info,value_missing_before_next_label,No accepted value for depth_kickoff_mtvd,731.0
4841,reports,depth_kickoff_mmd,info,value_missing_before_next_label,No accepted value for depth_kickoff_mmd,732.0
4842,reports,depth_kickoff_mtvd,info,value_missing_before_next_label,No accepted value for depth_kickoff_mtvd,732.0
4843,reports,depth_kickoff_mmd,info,value_missing_before_next_label,No accepted value for depth_kickoff_mmd,733.0
4844,reports,depth_kickoff_mtvd,info,value_missing_before_next_label,No accepted value for depth_kickoff_mtvd,733.0
4845,reports,depth_current_mtvd,info,value_missing_before_next_label,No accepted value for depth_current_mtvd,734.0
4846,reports,depth_kickoff_mmd,info,value_missing_before_next_label,No accepted value for depth_kickoff_mmd,734.0
4847,reports,depth_kickoff_mtvd,info,value_missing_before_next_label,No accepted value for depth_kickoff_mtvd,734.0
4848,reports,plug_back_depth_mmd,info,value_missing_before_next_label,No accepted value for plug_back_depth_mmd,734.0
4849,reports,depth_kickoff_mmd,info,value_missing_before_next_label,No accepted value for depth_kickoff_mmd,735.0
4850,reports,depth_kickoff_mtvd,info,value_missing_before_next_label,No accepted value for depth_kickoff_mtvd,735.0
4851,reports,plug_back_depth_mmd,info,value_missing_before_next_label,No accepted value for plug_back_depth_mmd,735.0
4852,reports,depth_kickoff_mmd,info,value_missing_before_next_label,No accepted value for depth_kickoff_mmd,736.0
4853,reports,depth_kickoff_mtvd,info,value_missing_before_next_label,No accepted value for depth_kickoff_mtvd,736.0
4854,reports,plug_back_depth_mmd,info,value_missing_before_next_label,No accepted value for plug_back_depth_mmd,736.0
4855,reports,depth_kickoff_mmd,info,value_missing_before_next_label,No accepted value for depth_kickoff_mmd,737.0
4856,reports,depth_kickoff_mtvd,info,value_missing_before_next_label,No accepted value for depth_kickoff_mtvd,737.0
4857,reports,plug_back_depth_mmd,info,value_missing_before_next_label,No accepted value for plug_back_depth_mmd,737.0
4858,reports,depth_kickoff_mmd,info,value_missing_before_next_label,No accepted value for depth_kickoff_mmd,738.0
4859,reports,depth_kickoff_mtvd,info,value_missing_before_next_label,No accepted value for depth_kickoff_mtvd,738.0
4860,reports,plug_back_depth_mmd,info,value_missing_before_next_label,No accepted value for plug_back_depth_mmd,738.0
4861,reports,depth_kickoff_mmd,info,value_missing_before_next_label,No accepted value for depth_kickoff_mmd,739.0
4862,reports,depth_kickoff_mtvd,info,value_missing_before_next_label,No accepted value for depth_kickoff_mtvd,739.0
4863,reports,plug_back_depth_mmd,info,value_missing_before_next_label,No accepted value for plug_back_depth_mmd,739.0
4864,reports,depth_kickoff_mmd,info,value_missing_before_next_label,No accepted value for depth_kickoff_mmd,740.0
4865,reports,depth_kickoff_mtvd,info,value_missing_before_next_label,No accepted value for depth_kickoff_mtvd,740.0
4866,reports,plug_back_depth_mmd,info,value_missing_before_next_label,No accepted value for plug_back_depth_mmd,740.0
4867,reports,depth_kickoff_mmd,info,value_missing_before_next_label,No accepted value for depth_kickoff_mmd,741.0
4868,reports,depth_kickoff_mtvd,info,value_missing_before_next_label,No accepted value for depth_kickoff_mtvd,741.0
4869,reports,plug_back_depth_mmd,info,value_missing_before_next_label,No accepted value for plug_back_depth_mmd,741.0
4870,reports,depth_kickoff_mmd,info,value_missing_before_next_label,No accepted value for depth_kickoff_mmd,742.0
4871,reports,depth_kickoff_mtvd,info,value_missing_before_next_label,No accepted value for depth_kickoff_mtvd,742.0
4872,reports,plug_back_depth_mmd,info,value_missing_before_next_label,No accepted value for plug_back_depth_mmd,742.0
4873,reports,depth_kickoff_mmd,info,value_missing_before_next_label,No accepted value for depth_kickoff_mmd,743.0
4874,reports,depth_kickoff_mtvd,info,value_missing_before_next_label,No accepted value for depth_kickoff_mtvd,743.0
4875,reports,plug_back_depth_mmd,info,value_missing_before_next_label,No accepted value for plug_back_depth_mmd,743.0
4876,reports,depth_kickoff_mmd,info,value_missing_before_next_label,No accepted value for depth_kickoff_mmd,744.0
4877,reports,depth_kickoff_mtvd,info,value_missing_before_next_label,No accepted value for depth_kickoff_mtvd,744.0
4878,reports,plug_back_depth_mmd,info,value_missing_before_next_label,No accepted value for plug_back_depth_mmd,744.0
4879,reports,depth_kickoff_mmd,info,value_missing_before_next_label,No accepted value for depth_kickoff_mmd,745.0
4880,reports,depth_kickoff_mtvd,info,value_missing_before_next_label,No accepted value for depth_kickoff_mtvd,745.0
4881,reports,plug_back_depth_mmd,info,value_missing_before_next_label,No accepted value for plug_back_depth_mmd,745.0
4882,reports,depth_kickoff_mmd,info,value_missing_before_next_label,No accepted value for depth_kickoff_mmd,746.0
4883,reports,depth_kickoff_mtvd,info,value_missing_before_next_label,No accepted value for depth_kickoff_mtvd,746.0
4884,reports,plug_back_depth_mmd,info,value_missing_before_next_label,No accepted value for plug_back_depth_mmd,746.0
4885,reports,depth_kickoff_mmd,info,value_missing_before_next_label,No accepted value for depth_kickoff_mmd,747.0
4886,reports,depth_kickoff_mtvd,info,value_missing_before_next_label,No accepted value for depth_kickoff_mtvd,747.0
4887,reports,plug_back_depth_mmd,info,value_missing_before_next_label,No accepted value for plug_back_depth_mmd,747.0
4888,reports,depth_kickoff_mmd,info,value_missing_before_next_label,No accepted value for depth_kickoff_mmd,748.0
4889,reports,depth_kickoff_mtvd,info,value_missing_before_next_label,No accepted value for depth_kickoff_mtvd,748.0
4890,reports,plug_back_depth_mmd,info,value_missing_before_next_label,No accepted value for plug_back_depth_mmd,748.0
4891,reports,depth_kickoff_mmd,info,value_missing_before_next_label,No accepted value for depth_kickoff_mmd,749.0
4892,reports,depth_kickoff_mtvd,info,value_missing_before_next_label,No accepted value for depth_kickoff_mtvd,749.0
4893,reports,plug_back_depth_mmd,info,value_missing_before_next_label,No accepted value for plug_back_depth_mmd,749.0
4894,reports,depth_kickoff_mmd,info,value_missing_before_next_label,No accepted value for depth_kickoff_mmd,750.0
4895,reports,depth_kickoff_mtvd,info,value_missing_before_next_label,No accepted value for depth_kickoff_mtvd,750.0
4896,reports,plug_back_depth_mmd,info,value_missing_before_next_label,No accepted value for plug_back_depth_mmd,750.0
4897,reports,depth_kickoff_mmd,info,value_missing_before_next_label,No accepted value for depth_kickoff_mmd,751.0
4898,reports,depth_kickoff_mtvd,info,value_missing_before_next_label,No accepted value for depth_kickoff_mtvd,751.0
4899,reports,plug_back_depth_mmd,info,value_missing_before_next_label,No accepted value for plug_back_depth_mmd,751.0
4900,reports,depth_kickoff_mmd,info,value_missing_before_next_label,No accepted value for depth_kickoff_mmd,752.0
4901,reports,depth_kickoff_mtvd,info,value_missing_before_next_label,No accepted value for depth_kickoff_mtvd,752.0
4902,reports,plug_back_depth_mmd,info,value_missing_before_next_label,No accepted value for plug_back_depth_mmd,752.0
4903,reports,depth_kickoff_mmd,info,value_missing_before_next_label,No accepted value for depth_kickoff_mmd,753.0
4904,reports,depth_kickoff_mtvd,info,value_missing_before_next_label,No accepted value for depth_kickoff_mtvd,753.0
4905,reports,plug_back_depth_mmd,info,value_missing_before_next_label,No accepted value for plug_back_depth_mmd,753.0
4906,drilling_fluid,,warning,partial_fluid_row,Partial drilling fluid row retained at row offset 9,753.0
4907,drilling_fluid,,warning,partial_fluid_row,Partial drilling fluid row retained at row offset 10,753.0
4908,drilling_fluid,,warning,partial_fluid_row,Partial drilling fluid row retained at row offset 29,753.0
4909,drilling_fluid,,warning,partial_fluid_row,Partial drilling fluid row retained at row offset 30,753.0
4910,drilling_fluid,,warning,partial_fluid_row,Partial drilling fluid row retained at row offset 31,753.0
4911,reports,depth_kickoff_mmd,info,value_missing_before_next_label,No accepted value for depth_kickoff_mmd,754.0
4912,reports,depth_kickoff_mtvd,info,value_missing_before_next_label,No accepted value for depth_kickoff_mtvd,754.0
4913,reports,plug_back_depth_mmd,info,value_missing_before_next_label,No accepted value for plug_back_depth_mmd,754.0
4914,reports,depth_kickoff_mmd,info,value_missing_before_next_label,No accepted value for depth_kickoff_mmd,755.0
4915,reports,depth_kickoff_mtvd,info,value_missing_before_next_label,No accepted value for depth_kickoff_mtvd,755.0
4916,reports,plug_back_depth_mmd,info,value_missing_before_next_label,No accepted value for plug_back_depth_mmd,755.0
4917,reports,depth_kickoff_mmd,info,value_missing_before_next_label,No accepted value for depth_kickoff_mmd,756.0
4918,reports,depth_kickoff_mtvd,info,value_missing_before_next_label,No accepted value for depth_kickoff_mtvd,756.0
4919,reports,plug_back_depth_mmd,info,value_missing_before_next_label,No accepted value for plug_back_depth_mmd,756.0
4920,reports,depth_kickoff_mmd,info,value_missing_before_next_label,No accepted value for depth_kickoff_mmd,757.0
4921,reports,depth_kickoff_mtvd,info,value_missing_before_next_label,No accepted value for depth_kickoff_mtvd,757.0
4922,reports,plug_back_depth_mmd,info,value_missing_before_next_label,No accepted value for plug_back_depth_mmd,757.0
4923,reports,depth_kickoff_mmd,info,value_missing_before_next_label,No accepted value for depth_kickoff_mmd,758.0
4924,reports,depth_kickoff_mtvd,info,value_missing_before_next_label,No accepted value for depth_kickoff_mtvd,758.0
4925,reports,plug_back_depth_mmd,info,value_missing_before_next_label,No accepted value for plug_back_depth_mmd,758.0
4926,reports,depth_current_mmd,warning,metadata_value_rejected,Rejected raw value '-999.99' for depth_current_mmd,759.0
4927,reports,depth_current_mtvd,info,value_missing_before_next_label,No accepted value for depth_current_mtvd,759.0
4928,reports,depth_kickoff_mmd,info,value_missing_before_next_label,No accepted value for depth_kickoff_mmd,759.0
4929,reports,depth_kickoff_mtvd,info,value_missing_before_next_label,No accepted value for depth_kickoff_mtvd,759.0
4930,reports,plug_back_depth_mmd,info,value_missing_before_next_label,No accepted value for plug_back_depth_mmd,759.0
4931,reports,depth_current_mmd,warning,metadata_value_rejected,Rejected raw value '-999.99' for depth_current_mmd,760.0
4932,reports,depth_current_mtvd,info,value_missing_before_next_label,No accepted value for depth_current_mtvd,760.0
4933,reports,depth_kickoff_mmd,info,value_missing_before_next_label,No accepted value for depth_kickoff_mmd,760.0
4934,reports,depth_kickoff_mtvd,info,value_missing_before_next_label,No accepted value for depth_kickoff_mtvd,760.0
4935,reports,plug_back_depth_mmd,info,value_missing_before_next_label,No accepted value for plug_back_depth_mmd,760.0
4936,reports,depth_current_mmd,warning,metadata_value_rejected,Rejected raw value '-999.99' for depth_current_mmd,761.0
4937,reports,depth_current_mtvd,info,value_missing_before_next_label,No accepted value for depth_current_mtvd,761.0
4938,reports,depth_kickoff_mmd,info,value_missing_before_next_label,No accepted value for depth_kickoff_mmd,761.0
4939,reports,depth_kickoff_mtvd,info,value_missing_before_next_label,No accepted value for depth_kickoff_mtvd,761.0
4940,reports,plug_back_depth_mmd,info,value_missing_before_next_label,No accepted value for plug_back_depth_mmd,761.0
4941,reports,depth_current_mmd,warning,metadata_value_rejected,Rejected raw value '-999.99' for depth_current_mmd,762.0
4942,reports,depth_current_mtvd,info,value_missing_before_next_label,No accepted value for depth_current_mtvd,762.0
4943,reports,depth_kickoff_mmd,info,value_missing_before_next_label,No accepted value for depth_kickoff_mmd,762.0
4944,reports,depth_kickoff_mtvd,info,value_missing_before_next_label,No accepted value for depth_kickoff_mtvd,762.0
4945,reports,plug_back_depth_mmd,info,value_missing_before_next_label,No accepted value for plug_back_depth_mmd,762.0
4946,reports,depth_current_mmd,warning,metadata_value_rejected,Rejected raw value '-999.99' for depth_current_mmd,763.0
4947,reports,depth_current_mtvd,info,value_missing_before_next_label,No accepted value for depth_current_mtvd,763.0
4948,reports,depth_kickoff_mmd,info,value_missing_before_next_label,No accepted value for depth_kickoff_mmd,763.0
4949,reports,depth_kickoff_mtvd,info,value_missing_before_next_label,No accepted value for depth_kickoff_mtvd,763.0
4950,reports,plug_back_depth_mmd,info,value_missing_before_next_label,No accepted value for plug_back_depth_mmd,763.0
4951,reports,depth_current_mmd,warning,metadata_value_rejected,Rejected raw value '-999.99' for depth_current_mmd,764.0
4952,reports,depth_current_mtvd,info,value_missing_before_next_label,No accepted value for depth_current_mtvd,764.0
4953,reports,depth_kickoff_mmd,info,value_missing_before_next_label,No accepted value for depth_kickoff_mmd,764.0
4954,reports,depth_kickoff_mtvd,info,value_missing_before_next_label,No accepted value for depth_kickoff_mtvd,764.0
4955,reports,plug_back_depth_mmd,info,value_missing_before_next_label,No accepted value for plug_back_depth_mmd,764.0
4956,reports,depth_current_mmd,warning,metadata_value_rejected,Rejected raw value '-999.99' for depth_current_mmd,765.0
4957,reports,depth_current_mtvd,info,value_missing_before_next_label,No accepted value for depth_current_mtvd,765.0
4958,reports,depth_kickoff_mmd,info,value_missing_before_next_label,No accepted value for depth_kickoff_mmd,765.0
4959,reports,depth_kickoff_mtvd,info,value_missing_before_next_label,No accepted value for depth_kickoff_mtvd,765.0
4960,reports,plug_back_depth_mmd,info,value_missing_before_next_label,No accepted value for plug_back_depth_mmd,765.0
4961,reports,depth_current_mmd,warning,metadata_value_rejected,Rejected raw value '-999.99' for depth_current_mmd,766.0
4962,reports,depth_current_mtvd,info,value_missing_before_next_label,No accepted value for depth_current_mtvd,766.0
4963,reports,depth_kickoff_mmd,info,value_missing_before_next_label,No accepted value for depth_kickoff_mmd,766.0
4964,reports,depth_kickoff_mtvd,info,value_missing_before_next_label,No accepted value for depth_kickoff_mtvd,766.0
4965,reports,plug_back_depth_mmd,info,value_missing_before_next_label,No accepted value for plug_back_depth_mmd,766.0
4966,reports,depth_current_mmd,warning,metadata_value_rejected,Rejected raw value '-999.99' for depth_current_mmd,767.0
4967,reports,depth_current_mtvd,info,value_missing_before_next_label,No accepted value for depth_current_mtvd,767.0
4968,reports,depth_kickoff_mmd,info,value_missing_before_next_label,No accepted value for depth_kickoff_mmd,767.0
4969,reports,depth_kickoff_mtvd,info,value_missing_before_next_label,No accepted value for depth_kickoff_mtvd,767.0
4970,reports,plug_back_depth_mmd,info,value_missing_before_next_label,No accepted value for plug_back_depth_mmd,767.0
4971,reports,depth_current_mmd,warning,metadata_value_rejected,Rejected raw value '-999.99' for depth_current_mmd,768.0
4972,reports,depth_current_mtvd,info,value_missing_before_next_label,No accepted value for depth_current_mtvd,768.0
4973,reports,depth_kickoff_mmd,info,value_missing_before_next_label,No accepted value for depth_kickoff_mmd,768.0
4974,reports,depth_kickoff_mtvd,info,value_missing_before_next_label,No accepted value for depth_kickoff_mtvd,768.0
4975,reports,plug_back_depth_mmd,info,value_missing_before_next_label,No accepted value for plug_back_depth_mmd,768.0
4976,reports,depth_current_mmd,warning,metadata_value_rejected,Rejected raw value '-999.99' for depth_current_mmd,769.0
4977,reports,depth_current_mtvd,info,value_missing_before_next_label,No accepted value for depth_current_mtvd,769.0
4978,reports,depth_kickoff_mmd,info,value_missing_before_next_label,No accepted value for depth_kickoff_mmd,769.0
4979,reports,depth_kickoff_mtvd,info,value_missing_before_next_label,No accepted value for depth_kickoff_mtvd,769.0
4980,reports,plug_back_depth_mmd,info,value_missing_before_next_label,No accepted value for plug_back_depth_mmd,769.0
4981,reports,depth_current_mmd,warning,metadata_value_rejected,Rejected raw value '-999.99' for depth_current_mmd,770.0
4982,reports,depth_current_mtvd,info,value_missing_before_next_label,No accepted value for depth_current_mtvd,770.0
4983,reports,depth_kickoff_mmd,info,value_missing_before_next_label,No accepted value for depth_kickoff_mmd,770.0
4984,reports,depth_kickoff_mtvd,info,value_missing_before_next_label,No accepted value for depth_kickoff_mtvd,770.0
4985,reports,plug_back_depth_mmd,info,value_missing_before_next_label,No accepted value for plug_back_depth_mmd,770.0
4986,reports,depth_current_mmd,warning,metadata_value_rejected,Rejected raw value '-999.99' for depth_current_mmd,771.0
4987,reports,depth_current_mtvd,info,value_missing_before_next_label,No accepted value for depth_current_mtvd,771.0
4988,reports,depth_kickoff_mmd,info,value_missing_before_next_label,No accepted value for depth_kickoff_mmd,771.0
4989,reports,depth_kickoff_mtvd,info,value_missing_before_next_label,No accepted value for depth_kickoff_mtvd,771.0
4990,reports,plug_back_depth_mmd,info,value_missing_before_next_label,No accepted value for plug_back_depth_mmd,771.0
4991,reports,depth_current_mmd,warning,metadata_value_rejected,Rejected raw value '-999.99' for depth_current_mmd,772.0
4992,reports,depth_current_mtvd,info,value_missing_before_next_label,No accepted value for depth_current_mtvd,772.0
4993,reports,depth_kickoff_mmd,info,value_missing_before_next_label,No accepted value for depth_kickoff_mmd,772.0
4994,reports,depth_kickoff_mtvd,info,value_missing_before_next_label,No accepted value for depth_kickoff_mtvd,772.0
4995,reports,plug_back_depth_mmd,info,value_missing_before_next_label,No accepted value for plug_back_depth_mmd,772.0
4996,reports,depth_current_mmd,warning,metadata_value_rejected,Rejected raw value '-999.99' for depth_current_mmd,773.0
4997,reports,depth_current_mtvd,info,value_missing_before_next_label,No accepted value for depth_current_mtvd,773.0
4998,reports,depth_kickoff_mmd,info,value_missing_before_next_label,No accepted value for depth_kickoff_mmd,773.0
4999,reports,depth_kickoff_mtvd,info,value_missing_before_next_label,No accepted value for depth_kickoff_mtvd,773.0
5000,reports,plug_back_depth_mmd,info,value_missing_before_next_label,No accepted value for plug_back_depth_mmd,773.0
5001,reports,depth_current_mmd,warning,metadata_value_rejected,Rejected raw value '-999.99' for depth_current_mmd,774.0
5002,reports,depth_current_mtvd,info,value_missing_before_next_label,No accepted value for depth_current_mtvd,774.0
5003,reports,depth_kickoff_mmd,info,value_missing_before_next_label,No accepted value for depth_kickoff_mmd,774.0
5004,reports,depth_kickoff_mtvd,info,value_missing_before_next_label,No accepted value for depth_kickoff_mtvd,774.0
5005,reports,depth_current_mmd,warning,metadata_value_rejected,Rejected raw value '-999.99' for depth_current_mmd,775.0
5006,reports,depth_current_mtvd,info,value_missing_before_next_label,No accepted value for depth_current_mtvd,775.0
5007,reports,depth_kickoff_mmd,info,value_missing_before_next_label,No accepted value for depth_kickoff_mmd,775.0
5008,reports,depth_kickoff_mtvd,info,value_missing_before_next_label,No accepted value for depth_kickoff_mtvd,775.0
5009,reports,plug_back_depth_mmd,info,value_missing_before_next_label,No accepted value for plug_back_depth_mmd,775.0
5010,reports,depth_current_mmd,warning,metadata_value_rejected,Rejected raw value '-999.99' for depth_current_mmd,776.0
5011,reports,depth_current_mtvd,info,value_missing_before_next_label,No accepted value for depth_current_mtvd,776.0
5012,reports,depth_kickoff_mmd,info,value_missing_before_next_label,No accepted value for depth_kickoff_mmd,776.0
5013,reports,depth_kickoff_mtvd,info,value_missing_before_next_label,No accepted value for depth_kickoff_mtvd,776.0
5014,reports,depth_current_mmd,warning,metadata_value_rejected,Rejected raw value '-999.99' for depth_current_mmd,777.0
5015,reports,depth_current_mtvd,info,value_missing_before_next_label,No accepted value for depth_current_mtvd,777.0
5016,reports,depth_kickoff_mmd,info,value_missing_before_next_label,No accepted value for depth_kickoff_mmd,777.0
5017,reports,depth_kickoff_mtvd,info,value_missing_before_next_label,No accepted value for depth_kickoff_mtvd,777.0
5018,reports,depth_current_mmd,warning,metadata_value_rejected,Rejected raw value '-999.99' for depth_current_mmd,778.0
5019,reports,depth_current_mtvd,info,value_missing_before_next_label,No accepted value for depth_current_mtvd,778.0
5020,reports,depth_kickoff_mmd,info,value_missing_before_next_label,No accepted value for depth_kickoff_mmd,778.0
5021,reports,depth_kickoff_mtvd,info,value_missing_before_next_label,No accepted value for depth_kickoff_mtvd,778.0
5022,reports,depth_current_mmd,warning,metadata_value_rejected,Rejected raw value '-999.99' for depth_current_mmd,779.0
5023,reports,depth_current_mtvd,info,value_missing_before_next_label,No accepted value for depth_current_mtvd,779.0
5024,reports,depth_kickoff_mmd,info,value_missing_before_next_label,No accepted value for depth_kickoff_mmd,779.0
5025,reports,depth_kickoff_mtvd,info,value_missing_before_next_label,No accepted value for depth_kickoff_mtvd,779.0
5026,reports,depth_current_mmd,warning,metadata_value_rejected,Rejected raw value '-999.99' for depth_current_mmd,780.0
5027,reports,depth_current_mtvd,info,value_missing_before_next_label,No accepted value for depth_current_mtvd,780.0
5028,reports,depth_kickoff_mmd,info,value_missing_before_next_label,No accepted value for depth_kickoff_mmd,780.0
5029,reports,depth_kickoff_mtvd,info,value_missing_before_next_label,No accepted value for depth_kickoff_mtvd,780.0
5030,reports,depth_current_mmd,warning,metadata_value_rejected,Rejected raw value '-999.99' for depth_current_mmd,781.0
5031,reports,depth_current_mtvd,info,value_missing_before_next_label,No accepted value for depth_current_mtvd,781.0
5032,reports,depth_kickoff_mmd,info,value_missing_before_next_label,No accepted value for depth_kickoff_mmd,781.0
5033,reports,depth_kickoff_mtvd,info,value_missing_before_next_label,No accepted value for depth_kickoff_mtvd,781.0
5034,reports,depth_current_mmd,warning,metadata_value_rejected,Rejected raw value '-999.99' for depth_current_mmd,782.0
5035,reports,depth_current_mtvd,info,value_missing_before_next_label,No accepted value for depth_current_mtvd,782.0
5036,reports,depth_kickoff_mmd,info,value_missing_before_next_label,No accepted value for depth_kickoff_mmd,782.0
5037,reports,depth_kickoff_mtvd,info,value_missing_before_next_label,No accepted value for depth_kickoff_mtvd,782.0
5038,reports,depth_current_mmd,warning,metadata_value_rejected,Rejected raw value '-999.99' for depth_current_mmd,783.0
5039,reports,depth_current_mtvd,info,value_missing_before_next_label,No accepted value for depth_current_mtvd,783.0
5040,reports,depth_kickoff_mmd,info,value_missing_before_next_label,No accepted value for depth_kickoff_mmd,783.0
5041,reports,depth_kickoff_mtvd,info,value_missing_before_next_label,No accepted value for depth_kickoff_mtvd,783.0
5042,reports,depth_current_mmd,warning,metadata_value_rejected,Rejected raw value '-999.99' for depth_current_mmd,784.0
5043,reports,depth_current_mtvd,info,value_missing_before_next_label,No accepted value for depth_current_mtvd,784.0
5044,reports,depth_kickoff_mmd,info,value_missing_before_next_label,No accepted value for depth_kickoff_mmd,784.0
5045,reports,depth_kickoff_mtvd,info,value_missing_before_next_label,No accepted value for depth_kickoff_mtvd,784.0
5046,reports,depth_formation_strength_mmd,info,value_missing_before_next_label,No accepted value for depth_formation_strength_mmd,784.0
5047,reports,depth_formation_strength_mtvd,info,value_missing_before_next_label,No accepted value for depth_formation_strength_mtvd,784.0
5048,reports,plug_back_depth_mmd,info,value_missing_before_next_label,No accepted value for plug_back_depth_mmd,784.0
5049,reports,depth_current_mmd,warning,metadata_value_rejected,Rejected raw value '-999.99' for depth_current_mmd,785.0
5050,reports,depth_current_mtvd,info,value_missing_before_next_label,No accepted value for depth_current_mtvd,785.0
5051,reports,depth_kickoff_mmd,info,value_missing_before_next_label,No accepted value for depth_kickoff_mmd,785.0
5052,reports,depth_kickoff_mtvd,info,value_missing_before_next_label,No accepted value for depth_kickoff_mtvd,785.0
5053,reports,depth_formation_strength_mmd,info,value_missing_before_next_label,No accepted value for depth_formation_strength_mmd,785.0
5054,reports,depth_formation_strength_mtvd,info,value_missing_before_next_label,No accepted value for depth_formation_strength_mtvd,785.0
5055,reports,plug_back_depth_mmd,info,value_missing_before_next_label,No accepted value for plug_back_depth_mmd,785.0
5056,reports,depth_current_mtvd,info,value_missing_before_next_label,No accepted value for depth_current_mtvd,786.0
5057,reports,depth_kickoff_mmd,info,value_missing_before_next_label,No accepted value for depth_kickoff_mmd,786.0
5058,reports,depth_kickoff_mtvd,info,value_missing_before_next_label,No accepted value for depth_kickoff_mtvd,786.0
5059,reports,depth_last_casing_mmd,info,value_missing_before_next_label,No accepted value for depth_last_casing_mmd,786.0
5060,reports,depth_last_casing_mtvd,info,value_missing_before_next_label,No accepted value for depth_last_casing_mtvd,786.0
5061,reports,plug_back_depth_mmd,info,value_missing_before_next_label,No accepted value for plug_back_depth_mmd,786.0
5062,reports,pressure_test_type,info,value_missing_before_next_label,No accepted value for pressure_test_type,786.0
5063,drilling_fluid,,warning,partial_fluid_row,Partial drilling fluid row retained at row offset 4,786.0
5064,drilling_fluid,,warning,partial_fluid_row,Partial drilling fluid row retained at row offset 9,786.0
5065,reports,depth_kickoff_mmd,info,value_missing_before_next_label,No accepted value for depth_kickoff_mmd,787.0
5066,reports,depth_kickoff_mtvd,info,value_missing_before_next_label,No accepted value for depth_kickoff_mtvd,787.0
5067,reports,depth_last_casing_mmd,info,value_missing_before_next_label,No accepted value for depth_last_casing_mmd,787.0
5068,reports,depth_last_casing_mtvd,info,value_missing_before_next_label,No accepted value for depth_last_casing_mtvd,787.0
5069,reports,plug_back_depth_mmd,info,value_missing_before_next_label,No accepted value for plug_back_depth_mmd,787.0
5070,reports,pressure_test_type,info,value_missing_before_next_label,No accepted value for pressure_test_type,787.0
5071,drilling_fluid,,warning,partial_fluid_row,Partial drilling fluid row retained at row offset 4,787.0
5072,reports,depth_kickoff_mmd,info,value_missing_before_next_label,No accepted value for depth_kickoff_mmd,788.0
5073,reports,depth_kickoff_mtvd,info,value_missing_before_next_label,No accepted value for depth_kickoff_mtvd,788.0
5074,reports,plug_back_depth_mmd,info,value_missing_before_next_label,No accepted value for plug_back_depth_mmd,788.0
5075,reports,pressure_test_type,info,value_missing_before_next_label,No accepted value for pressure_test_type,788.0
5076,drilling_fluid,,warning,partial_fluid_row,Partial drilling fluid row retained at row offset 3,788.0
5077,drilling_fluid,,warning,partial_fluid_row,Partial drilling fluid row retained at row offset 9,788.0
5078,reports,depth_kickoff_mmd,info,value_missing_before_next_label,No accepted value for depth_kickoff_mmd,789.0
5079,reports,depth_kickoff_mtvd,info,value_missing_before_next_label,No accepted value for depth_kickoff_mtvd,789.0
5080,reports,plug_back_depth_mmd,info,value_missing_before_next_label,No accepted value for plug_back_depth_mmd,789.0
5081,reports,pressure_test_type,info,value_missing_before_next_label,No accepted value for pressure_test_type,789.0
5082,drilling_fluid,,warning,partial_fluid_row,Partial drilling fluid row retained at row offset 3,789.0
5083,drilling_fluid,,warning,partial_fluid_row,Partial drilling fluid row retained at row offset 9,789.0
5084,reports,depth_kickoff_mmd,info,value_missing_before_next_label,No accepted value for depth_kickoff_mmd,790.0
5085,reports,depth_kickoff_mtvd,info,value_missing_before_next_label,No accepted value for depth_kickoff_mtvd,790.0
5086,reports,plug_back_depth_mmd,info,value_missing_before_next_label,No accepted value for plug_back_depth_mmd,790.0
5087,reports,pressure_test_type,info,value_missing_before_next_label,No accepted value for pressure_test_type,790.0
5088,drilling_fluid,,warning,partial_fluid_row,Partial drilling fluid row retained at row offset 3,790.0
5089,drilling_fluid,,warning,partial_fluid_row,Partial drilling fluid row retained at row offset 9,790.0
5090,reports,depth_kickoff_mmd,info,value_missing_before_next_label,No accepted value for depth_kickoff_mmd,791.0
5091,reports,depth_kickoff_mtvd,info,value_missing_before_next_label,No accepted value for depth_kickoff_mtvd,791.0
5092,reports,plug_back_depth_mmd,info,value_missing_before_next_label,No accepted value for plug_back_depth_mmd,791.0
5093,reports,pressure_test_type,info,value_missing_before_next_label,No accepted value for pressure_test_type,791.0
5094,drilling_fluid,,warning,partial_fluid_row,Partial drilling fluid row retained at row offset 3,791.0
5095,drilling_fluid,,warning,partial_fluid_row,Partial drilling fluid row retained at row offset 9,791.0
5096,reports,depth_kickoff_mmd,info,value_missing_before_next_label,No accepted value for depth_kickoff_mmd,792.0
5097,reports,depth_kickoff_mtvd,info,value_missing_before_next_label,No accepted value for depth_kickoff_mtvd,792.0
5098,reports,plug_back_depth_mmd,info,value_missing_before_next_label,No accepted value for plug_back_depth_mmd,792.0
5099,reports,pressure_test_type,info,value_missing_before_next_label,No accepted value for pressure_test_type,792.0
5100,drilling_fluid,,warning,partial_fluid_row,Partial drilling fluid row retained at row offset 3,792.0
5101,drilling_fluid,,warning,partial_fluid_row,Partial drilling fluid row retained at row offset 9,792.0
5102,reports,depth_kickoff_mmd,info,value_missing_before_next_label,No accepted value for depth_kickoff_mmd,793.0
5103,reports,depth_kickoff_mtvd,info,value_missing_before_next_label,No accepted value for depth_kickoff_mtvd,793.0
5104,reports,plug_back_depth_mmd,info,value_missing_before_next_label,No accepted value for plug_back_depth_mmd,793.0
5105,reports,pressure_test_type,info,value_missing_before_next_label,No accepted value for pressure_test_type,793.0
5106,drilling_fluid,,warning,partial_fluid_row,Partial drilling fluid row retained at row offset 3,793.0
5107,drilling_fluid,,warning,partial_fluid_row,Partial drilling fluid row retained at row offset 9,793.0
5108,reports,depth_kickoff_mmd,info,value_missing_before_next_label,No accepted value for depth_kickoff_mmd,794.0
5109,reports,depth_kickoff_mtvd,info,value_missing_before_next_label,No accepted value for depth_kickoff_mtvd,794.0
5110,reports,plug_back_depth_mmd,info,value_missing_before_next_label,No accepted value for plug_back_depth_mmd,794.0
5111,reports,pressure_test_type,info,value_missing_before_next_label,No accepted value for pressure_test_type,794.0
5112,drilling_fluid,,warning,partial_fluid_row,Partial drilling fluid row retained at row offset 3,794.0
5113,drilling_fluid,,warning,partial_fluid_row,Partial drilling fluid row retained at row offset 9,794.0
5114,reports,depth_kickoff_mmd,info,value_missing_before_next_label,No accepted value for depth_kickoff_mmd,795.0
5115,reports,depth_kickoff_mtvd,info,value_missing_before_next_label,No accepted value for depth_kickoff_mtvd,795.0
5116,reports,plug_back_depth_mmd,info,value_missing_before_next_label,No accepted value for plug_back_depth_mmd,795.0
5117,reports,pressure_test_type,info,value_missing_before_next_label,No accepted value for pressure_test_type,795.0
5118,drilling_fluid,,warning,partial_fluid_row,Partial drilling fluid row retained at row offset 3,795.0
5119,drilling_fluid,,warning,partial_fluid_row,Partial drilling fluid row retained at row offset 9,795.0
5120,reports,depth_kickoff_mmd,info,value_missing_before_next_label,No accepted value for depth_kickoff_mmd,796.0
5121,reports,depth_kickoff_mtvd,info,value_missing_before_next_label,No accepted value for depth_kickoff_mtvd,796.0
5122,reports,plug_back_depth_mmd,info,value_missing_before_next_label,No accepted value for plug_back_depth_mmd,796.0
5123,reports,pressure_test_type,info,value_missing_before_next_label,No accepted value for pressure_test_type,796.0
5124,reports,depth_kickoff_mmd,info,value_missing_before_next_label,No accepted value for depth_kickoff_mmd,797.0
5125,reports,depth_kickoff_mtvd,info,value_missing_before_next_label,No accepted value for depth_kickoff_mtvd,797.0
5126,reports,plug_back_depth_mmd,info,value_missing_before_next_label,No accepted value for plug_back_depth_mmd,797.0
5127,reports,pressure_test_type,info,value_missing_before_next_label,No accepted value for pressure_test_type,797.0
5128,drilling_fluid,,warning,partial_fluid_row,Partial drilling fluid row retained at row offset 2,797.0
5129,reports,depth_kickoff_mmd,info,value_missing_before_next_label,No accepted value for depth_kickoff_mmd,798.0
5130,reports,depth_kickoff_mtvd,info,value_missing_before_next_label,No accepted value for depth_kickoff_mtvd,798.0
5131,reports,pressure_test_type,info,value_missing_before_next_label,No accepted value for pressure_test_type,798.0
5132,reports,depth_kickoff_mmd,info,value_missing_before_next_label,No accepted value for depth_kickoff_mmd,799.0
5133,reports,depth_kickoff_mtvd,info,value_missing_before_next_label,No accepted value for depth_kickoff_mtvd,799.0
5134,reports,plug_back_depth_mmd,info,value_missing_before_next_label,No accepted value for plug_back_depth_mmd,799.0
5135,reports,pressure_test_type,info,value_missing_before_next_label,No accepted value for pressure_test_type,799.0
5136,drilling_fluid,,warning,partial_fluid_row,Partial drilling fluid row retained at row offset 2,799.0
5137,reports,depth_kickoff_mmd,info,value_missing_before_next_label,No accepted value for depth_kickoff_mmd,800.0
5138,reports,depth_kickoff_mtvd,info,value_missing_before_next_label,No accepted value for depth_kickoff_mtvd,800.0
5139,reports,plug_back_depth_mmd,info,value_missing_before_next_label,No accepted value for plug_back_depth_mmd,800.0
5140,reports,pressure_test_type,info,value_missing_before_next_label,No accepted value for pressure_test_type,800.0
5141,drilling_fluid,,warning,partial_fluid_row,Partial drilling fluid row retained at row offset 2,800.0
5142,reports,depth_kickoff_mmd,info,value_missing_before_next_label,No accepted value for depth_kickoff_mmd,801.0
5143,reports,depth_kickoff_mtvd,info,value_missing_before_next_label,No accepted value for depth_kickoff_mtvd,801.0
5144,reports,plug_back_depth_mmd,info,value_missing_before_next_label,No accepted value for plug_back_depth_mmd,801.0
5145,reports,pressure_test_type,info,value_missing_before_next_label,No accepted value for pressure_test_type,801.0
5146,reports,depth_kickoff_mmd,info,value_missing_before_next_label,No accepted value for depth_kickoff_mmd,802.0
5147,reports,depth_kickoff_mtvd,info,value_missing_before_next_label,No accepted value for depth_kickoff_mtvd,802.0
5148,reports,plug_back_depth_mmd,info,value_missing_before_next_label,No accepted value for plug_back_depth_mmd,802.0
5149,reports,pressure_test_type,info,value_missing_before_next_label,No accepted value for pressure_test_type,802.0
5150,drilling_fluid,,warning,partial_fluid_row,Partial drilling fluid row retained at row offset 2,802.0
5151,reports,depth_kickoff_mmd,info,value_missing_before_next_label,No accepted value for depth_kickoff_mmd,803.0
5152,reports,depth_kickoff_mtvd,info,value_missing_before_next_label,No accepted value for depth_kickoff_mtvd,803.0
5153,reports,plug_back_depth_mmd,info,value_missing_before_next_label,No accepted value for plug_back_depth_mmd,803.0
5154,reports,pressure_test_type,info,value_missing_before_next_label,No accepted value for pressure_test_type,803.0
5155,drilling_fluid,,warning,partial_fluid_row,Partial drilling fluid row retained at row offset 2,803.0
5156,reports,depth_kickoff_mmd,info,value_missing_before_next_label,No accepted value for depth_kickoff_mmd,804.0
5157,reports,depth_kickoff_mtvd,info,value_missing_before_next_label,No accepted value for depth_kickoff_mtvd,804.0
5158,reports,plug_back_depth_mmd,info,value_missing_before_next_label,No accepted value for plug_back_depth_mmd,804.0
5159,reports,pressure_test_type,info,value_missing_before_next_label,No accepted value for pressure_test_type,804.0
5160,drilling_fluid,,warning,partial_fluid_row,Partial drilling fluid row retained at row offset 2,804.0
5161,reports,depth_kickoff_mmd,info,value_missing_before_next_label,No accepted value for depth_kickoff_mmd,805.0
5162,reports,depth_kickoff_mtvd,info,value_missing_before_next_label,No accepted value for depth_kickoff_mtvd,805.0
5163,reports,plug_back_depth_mmd,info,value_missing_before_next_label,No accepted value for plug_back_depth_mmd,805.0
5164,reports,pressure_test_type,info,value_missing_before_next_label,No accepted value for pressure_test_type,805.0
5165,drilling_fluid,,warning,partial_fluid_row,Partial drilling fluid row retained at row offset 2,805.0
5166,reports,depth_kickoff_mmd,info,value_missing_before_next_label,No accepted value for depth_kickoff_mmd,806.0
5167,reports,depth_kickoff_mtvd,info,value_missing_before_next_label,No accepted value for depth_kickoff_mtvd,806.0
5168,reports,plug_back_depth_mmd,info,value_missing_before_next_label,No accepted value for plug_back_depth_mmd,806.0
5169,reports,pressure_test_type,info,value_missing_before_next_label,No accepted value for pressure_test_type,806.0
5170,reports,depth_kickoff_mmd,info,value_missing_before_next_label,No accepted value for depth_kickoff_mmd,807.0
5171,reports,depth_kickoff_mtvd,info,value_missing_before_next_label,No accepted value for depth_kickoff_mtvd,807.0
5172,reports,plug_back_depth_mmd,info,value_missing_before_next_label,No accepted value for plug_back_depth_mmd,807.0
5173,reports,pressure_test_type,info,value_missing_before_next_label,No accepted value for pressure_test_type,807.0
5174,reports,depth_kickoff_mmd,info,value_missing_before_next_label,No accepted value for depth_kickoff_mmd,808.0
5175,reports,depth_kickoff_mtvd,info,value_missing_before_next_label,No accepted value for depth_kickoff_mtvd,808.0
5176,reports,plug_back_depth_mmd,info,value_missing_before_next_label,No accepted value for plug_back_depth_mmd,808.0
5177,reports,pressure_test_type,info,value_missing_before_next_label,No accepted value for pressure_test_type,808.0
5178,reports,depth_kickoff_mmd,info,value_missing_before_next_label,No accepted value for depth_kickoff_mmd,809.0
5179,reports,depth_kickoff_mtvd,info,value_missing_before_next_label,No accepted value for depth_kickoff_mtvd,809.0
5180,reports,plug_back_depth_mmd,info,value_missing_before_next_label,No accepted value for plug_back_depth_mmd,809.0
5181,reports,pressure_test_type,info,value_missing_before_next_label,No accepted value for pressure_test_type,809.0
5182,reports,depth_kickoff_mmd,info,value_missing_before_next_label,No accepted value for depth_kickoff_mmd,810.0
5183,reports,depth_kickoff_mtvd,info,value_missing_before_next_label,No accepted value for depth_kickoff_mtvd,810.0
5184,reports,plug_back_depth_mmd,info,value_missing_before_next_label,No accepted value for plug_back_depth_mmd,810.0
5185,reports,pressure_test_type,info,value_missing_before_next_label,No accepted value for pressure_test_type,810.0
5186,reports,depth_kickoff_mmd,info,value_missing_before_next_label,No accepted value for depth_kickoff_mmd,811.0
5187,reports,depth_kickoff_mtvd,info,value_missing_before_next_label,No accepted value for depth_kickoff_mtvd,811.0
5188,reports,plug_back_depth_mmd,info,value_missing_before_next_label,No accepted value for plug_back_depth_mmd,811.0
5189,reports,pressure_test_type,info,value_missing_before_next_label,No accepted value for pressure_test_type,811.0
5190,reports,depth_kickoff_mmd,info,value_missing_before_next_label,No accepted value for depth_kickoff_mmd,812.0
5191,reports,depth_kickoff_mtvd,info,value_missing_before_next_label,No accepted value for depth_kickoff_mtvd,812.0
5192,reports,plug_back_depth_mmd,info,value_missing_before_next_label,No accepted value for plug_back_depth_mmd,812.0
5193,reports,depth_kickoff_mmd,info,value_missing_before_next_label,No accepted value for depth_kickoff_mmd,813.0
5194,reports,depth_kickoff_mtvd,info,value_missing_before_next_label,No accepted value for depth_kickoff_mtvd,813.0
5195,reports,plug_back_depth_mmd,info,value_missing_before_next_label,No accepted value for plug_back_depth_mmd,813.0
5196,reports,depth_kickoff_mmd,info,value_missing_before_next_label,No accepted value for depth_kickoff_mmd,814.0
5197,reports,depth_kickoff_mtvd,info,value_missing_before_next_label,No accepted value for depth_kickoff_mtvd,814.0
5198,reports,plug_back_depth_mmd,info,value_missing_before_next_label,No accepted value for plug_back_depth_mmd,814.0
5199,reports,depth_kickoff_mmd,info,value_missing_before_next_label,No accepted value for depth_kickoff_mmd,815.0
5200,reports,depth_kickoff_mtvd,info,value_missing_before_next_label,No accepted value for depth_kickoff_mtvd,815.0
5201,reports,plug_back_depth_mmd,info,value_missing_before_next_label,No accepted value for plug_back_depth_mmd,815.0
5202,reports,depth_kickoff_mmd,info,value_missing_before_next_label,No accepted value for depth_kickoff_mmd,816.0
5203,reports,depth_kickoff_mtvd,info,value_missing_before_next_label,No accepted value for depth_kickoff_mtvd,816.0
5204,reports,plug_back_depth_mmd,info,value_missing_before_next_label,No accepted value for plug_back_depth_mmd,816.0
5205,reports,depth_kickoff_mmd,info,value_missing_before_next_label,No accepted value for depth_kickoff_mmd,817.0
5206,reports,depth_kickoff_mtvd,info,value_missing_before_next_label,No accepted value for depth_kickoff_mtvd,817.0
5207,reports,plug_back_depth_mmd,info,value_missing_before_next_label,No accepted value for plug_back_depth_mmd,817.0
5208,reports,depth_kickoff_mmd,info,value_missing_before_next_label,No accepted value for depth_kickoff_mmd,818.0
5209,reports,depth_kickoff_mtvd,info,value_missing_before_next_label,No accepted value for depth_kickoff_mtvd,818.0
5210,reports,plug_back_depth_mmd,info,value_missing_before_next_label,No accepted value for plug_back_depth_mmd,818.0
5211,reports,depth_kickoff_mmd,info,value_missing_before_next_label,No accepted value for depth_kickoff_mmd,819.0
5212,reports,depth_kickoff_mtvd,info,value_missing_before_next_label,No accepted value for depth_kickoff_mtvd,819.0
5213,reports,depth_kickoff_mmd,info,value_missing_before_next_label,No accepted value for depth_kickoff_mmd,820.0
5214,reports,depth_kickoff_mtvd,info,value_missing_before_next_label,No accepted value for depth_kickoff_mtvd,820.0
5215,reports,depth_kickoff_mmd,info,value_missing_before_next_label,No accepted value for depth_kickoff_mmd,821.0
5216,reports,depth_kickoff_mtvd,info,value_missing_before_next_label,No accepted value for depth_kickoff_mtvd,821.0
5217,drilling_fluid,,warning,partial_fluid_row,Partial drilling fluid row retained at row offset 9,821.0
5218,reports,depth_kickoff_mmd,info,value_missing_before_next_label,No accepted value for depth_kickoff_mmd,822.0
5219,reports,depth_kickoff_mtvd,info,value_missing_before_next_label,No accepted value for depth_kickoff_mtvd,822.0
5220,reports,plug_back_depth_mmd,info,value_missing_before_next_label,No accepted value for plug_back_depth_mmd,822.0
5221,reports,depth_kickoff_mmd,info,value_missing_before_next_label,No accepted value for depth_kickoff_mmd,823.0
5222,reports,depth_kickoff_mtvd,info,value_missing_before_next_label,No accepted value for depth_kickoff_mtvd,823.0
5223,reports,plug_back_depth_mmd,info,value_missing_before_next_label,No accepted value for plug_back_depth_mmd,823.0
5224,drilling_fluid,,warning,partial_fluid_row,Partial drilling fluid row retained at row offset 11,823.0
5225,drilling_fluid,,warning,partial_fluid_row,Partial drilling fluid row retained at row offset 12,823.0
5226,drilling_fluid,,warning,partial_fluid_row,Partial drilling fluid row retained at row offset 13,823.0
5227,drilling_fluid,,warning,partial_fluid_row,Partial drilling fluid row retained at row offset 14,823.0
5228,reports,depth_kickoff_mmd,info,value_missing_before_next_label,No accepted value for depth_kickoff_mmd,824.0
5229,reports,depth_kickoff_mtvd,info,value_missing_before_next_label,No accepted value for depth_kickoff_mtvd,824.0
5230,reports,plug_back_depth_mmd,info,value_missing_before_next_label,No accepted value for plug_back_depth_mmd,824.0
5231,drilling_fluid,,warning,partial_fluid_row,Partial drilling fluid row retained at row offset 11,824.0
5232,drilling_fluid,,warning,partial_fluid_row,Partial drilling fluid row retained at row offset 12,824.0
5233,drilling_fluid,,warning,partial_fluid_row,Partial drilling fluid row retained at row offset 13,824.0
5234,drilling_fluid,,warning,partial_fluid_row,Partial drilling fluid row retained at row offset 14,824.0
5235,reports,depth_kickoff_mmd,info,value_missing_before_next_label,No accepted value for depth_kickoff_mmd,825.0
5236,reports,depth_kickoff_mtvd,info,value_missing_before_next_label,No accepted value for depth_kickoff_mtvd,825.0
5237,reports,plug_back_depth_mmd,info,value_missing_before_next_label,No accepted value for plug_back_depth_mmd,825.0
5238,drilling_fluid,,warning,partial_fluid_row,Partial drilling fluid row retained at row offset 9,825.0
5239,drilling_fluid,,warning,partial_fluid_row,Partial drilling fluid row retained at row offset 10,825.0
5240,reports,depth_kickoff_mmd,info,value_missing_before_next_label,No accepted value for depth_kickoff_mmd,826.0
5241,reports,depth_kickoff_mtvd,info,value_missing_before_next_label,No accepted value for depth_kickoff_mtvd,826.0
5242,reports,plug_back_depth_mmd,info,value_missing_before_next_label,No accepted value for plug_back_depth_mmd,826.0
5243,drilling_fluid,,warning,partial_fluid_row,Partial drilling fluid row retained at row offset 9,826.0
5244,drilling_fluid,,warning,partial_fluid_row,Partial drilling fluid row retained at row offset 10,826.0
5245,reports,depth_kickoff_mmd,info,value_missing_before_next_label,No accepted value for depth_kickoff_mmd,827.0
5246,reports,depth_kickoff_mtvd,info,value_missing_before_next_label,No accepted value for depth_kickoff_mtvd,827.0
5247,reports,plug_back_depth_mmd,info,value_missing_before_next_label,No accepted value for plug_back_depth_mmd,827.0
5248,drilling_fluid,,warning,partial_fluid_row,Partial drilling fluid row retained at row offset 9,827.0
5249,drilling_fluid,,warning,partial_fluid_row,Partial drilling fluid row retained at row offset 10,827.0
5250,reports,depth_kickoff_mmd,info,value_missing_before_next_label,No accepted value for depth_kickoff_mmd,828.0
5251,reports,depth_kickoff_mtvd,info,value_missing_before_next_label,No accepted value for depth_kickoff_mtvd,828.0
5252,reports,plug_back_depth_mmd,info,value_missing_before_next_label,No accepted value for plug_back_depth_mmd,828.0
5253,drilling_fluid,,warning,partial_fluid_row,Partial drilling fluid row retained at row offset 9,828.0
5254,drilling_fluid,,warning,partial_fluid_row,Partial drilling fluid row retained at row offset 10,828.0
5255,reports,depth_kickoff_mmd,info,value_missing_before_next_label,No accepted value for depth_kickoff_mmd,829.0
5256,reports,depth_kickoff_mtvd,info,value_missing_before_next_label,No accepted value for depth_kickoff_mtvd,829.0
5257,reports,plug_back_depth_mmd,info,value_missing_before_next_label,No accepted value for plug_back_depth_mmd,829.0
5258,drilling_fluid,,warning,partial_fluid_row,Partial drilling fluid row retained at row offset 9,829.0
5259,reports,depth_kickoff_mmd,info,value_missing_before_next_label,No accepted value for depth_kickoff_mmd,830.0
5260,reports,depth_kickoff_mtvd,info,value_missing_before_next_label,No accepted value for depth_kickoff_mtvd,830.0
5261,reports,plug_back_depth_mmd,info,value_missing_before_next_label,No accepted value for plug_back_depth_mmd,830.0
5262,drilling_fluid,,warning,partial_fluid_row,Partial drilling fluid row retained at row offset 8,830.0
5263,reports,depth_kickoff_mmd,info,value_missing_before_next_label,No accepted value for depth_kickoff_mmd,831.0
5264,reports,depth_kickoff_mtvd,info,value_missing_before_next_label,No accepted value for depth_kickoff_mtvd,831.0
5265,reports,plug_back_depth_mmd,info,value_missing_before_next_label,No accepted value for plug_back_depth_mmd,831.0
5266,drilling_fluid,,warning,partial_fluid_row,Partial drilling fluid row retained at row offset 8,831.0
5267,reports,depth_kickoff_mmd,info,value_missing_before_next_label,No accepted value for depth_kickoff_mmd,832.0
5268,reports,depth_kickoff_mtvd,info,value_missing_before_next_label,No accepted value for depth_kickoff_mtvd,832.0
5269,reports,plug_back_depth_mmd,info,value_missing_before_next_label,No accepted value for plug_back_depth_mmd,832.0
5270,drilling_fluid,,warning,partial_fluid_row,Partial drilling fluid row retained at row offset 8,832.0
5271,reports,depth_kickoff_mmd,info,value_missing_before_next_label,No accepted value for depth_kickoff_mmd,833.0
5272,reports,depth_kickoff_mtvd,info,value_missing_before_next_label,No accepted value for depth_kickoff_mtvd,833.0
5273,reports,plug_back_depth_mmd,info,value_missing_before_next_label,No accepted value for plug_back_depth_mmd,833.0
5274,drilling_fluid,,warning,partial_fluid_row,Partial drilling fluid row retained at row offset 8,833.0
5275,reports,depth_kickoff_mmd,info,value_missing_before_next_label,No accepted value for depth_kickoff_mmd,834.0
5276,reports,depth_kickoff_mtvd,info,value_missing_before_next_label,No accepted value for depth_kickoff_mtvd,834.0
5277,reports,plug_back_depth_mmd,info,value_missing_before_next_label,No accepted value for plug_back_depth_mmd,834.0
5278,drilling_fluid,,warning,partial_fluid_row,Partial drilling fluid row retained at row offset 8,834.0
5279,reports,depth_kickoff_mmd,info,value_missing_before_next_label,No accepted value for depth_kickoff_mmd,835.0
5280,reports,depth_kickoff_mtvd,info,value_missing_before_next_label,No accepted value for depth_kickoff_mtvd,835.0
5281,reports,plug_back_depth_mmd,info,value_missing_before_next_label,No accepted value for plug_back_depth_mmd,835.0
5282,reports,depth_kickoff_mmd,info,value_missing_before_next_label,No accepted value for depth_kickoff_mmd,836.0
5283,reports,depth_kickoff_mtvd,info,value_missing_before_next_label,No accepted value for depth_kickoff_mtvd,836.0
5284,reports,plug_back_depth_mmd,info,value_missing_before_next_label,No accepted value for plug_back_depth_mmd,836.0
5285,drilling_fluid,,warning,partial_fluid_row,Partial drilling fluid row retained at row offset 8,836.0
5286,reports,depth_kickoff_mmd,info,value_missing_before_next_label,No accepted value for depth_kickoff_mmd,837.0
5287,reports,depth_kickoff_mtvd,info,value_missing_before_next_label,No accepted value for depth_kickoff_mtvd,837.0
5288,reports,plug_back_depth_mmd,info,value_missing_before_next_label,No accepted value for plug_back_depth_mmd,837.0
5289,reports,depth_kickoff_mmd,info,value_missing_before_next_label,No accepted value for depth_kickoff_mmd,838.0
5290,reports,depth_kickoff_mtvd,info,value_missing_before_next_label,No accepted value for depth_kickoff_mtvd,838.0
5291,reports,plug_back_depth_mmd,info,value_missing_before_next_label,No accepted value for plug_back_depth_mmd,838.0
5292,drilling_fluid,,warning,partial_fluid_row,Partial drilling fluid row retained at row offset 8,838.0
5293,reports,depth_kickoff_mmd,info,value_missing_before_next_label,No accepted value for depth_kickoff_mmd,839.0
5294,reports,depth_kickoff_mtvd,info,value_missing_before_next_label,No accepted value for depth_kickoff_mtvd,839.0
5295,reports,plug_back_depth_mmd,info,value_missing_before_next_label,No accepted value for plug_back_depth_mmd,839.0
5296,drilling_fluid,,warning,partial_fluid_row,Partial drilling fluid row retained at row offset 8,839.0
5297,reports,depth_kickoff_mmd,info,value_missing_before_next_label,No accepted value for depth_kickoff_mmd,840.0
5298,reports,depth_kickoff_mtvd,info,value_missing_before_next_label,No accepted value for depth_kickoff_mtvd,840.0
5299,reports,plug_back_depth_mmd,info,value_missing_before_next_label,No accepted value for plug_back_depth_mmd,840.0
5300,drilling_fluid,,warning,partial_fluid_row,Partial drilling fluid row retained at row offset 8,840.0
5301,reports,depth_kickoff_mmd,info,value_missing_before_next_label,No accepted value for depth_kickoff_mmd,841.0
5302,reports,depth_kickoff_mtvd,info,value_missing_before_next_label,No accepted value for depth_kickoff_mtvd,841.0
5303,reports,plug_back_depth_mmd,info,value_missing_before_next_label,No accepted value for plug_back_depth_mmd,841.0
5304,drilling_fluid,,warning,partial_fluid_row,Partial drilling fluid row retained at row offset 9,841.0
5305,drilling_fluid,,warning,partial_fluid_row,Partial drilling fluid row retained at row offset 10,841.0
5306,reports,depth_kickoff_mmd,info,value_missing_before_next_label,No accepted value for depth_kickoff_mmd,842.0
5307,reports,depth_kickoff_mtvd,info,value_missing_before_next_label,No accepted value for depth_kickoff_mtvd,842.0
5308,reports,plug_back_depth_mmd,info,value_missing_before_next_label,No accepted value for plug_back_depth_mmd,842.0
5309,drilling_fluid,,warning,partial_fluid_row,Partial drilling fluid row retained at row offset 9,842.0
5310,drilling_fluid,,warning,partial_fluid_row,Partial drilling fluid row retained at row offset 10,842.0
5311,reports,depth_kickoff_mmd,info,value_missing_before_next_label,No accepted value for depth_kickoff_mmd,843.0
5312,reports,depth_kickoff_mtvd,info,value_missing_before_next_label,No accepted value for depth_kickoff_mtvd,843.0
5313,reports,plug_back_depth_mmd,info,value_missing_before_next_label,No accepted value for plug_back_depth_mmd,843.0
5314,drilling_fluid,,warning,partial_fluid_row,Partial drilling fluid row retained at row offset 10,843.0
5315,drilling_fluid,,warning,partial_fluid_row,Partial drilling fluid row retained at row offset 11,843.0
5316,drilling_fluid,,warning,partial_fluid_row,Partial drilling fluid row retained at row offset 12,843.0
5317,reports,depth_kickoff_mmd,info,value_missing_before_next_label,No accepted value for depth_kickoff_mmd,844.0
5318,reports,depth_kickoff_mtvd,info,value_missing_before_next_label,No accepted value for depth_kickoff_mtvd,844.0
5319,reports,plug_back_depth_mmd,info,value_missing_before_next_label,No accepted value for plug_back_depth_mmd,844.0
5320,drilling_fluid,,warning,partial_fluid_row,Partial drilling fluid row retained at row offset 11,844.0
5321,drilling_fluid,,warning,partial_fluid_row,Partial drilling fluid row retained at row offset 12,844.0
5322,drilling_fluid,,warning,partial_fluid_row,Partial drilling fluid row retained at row offset 13,844.0
5323,drilling_fluid,,warning,partial_fluid_row,Partial drilling fluid row retained at row offset 14,844.0
5324,reports,depth_kickoff_mmd,info,value_missing_before_next_label,No accepted value for depth_kickoff_mmd,845.0
5325,reports,depth_kickoff_mtvd,info,value_missing_before_next_label,No accepted value for depth_kickoff_mtvd,845.0
5326,reports,plug_back_depth_mmd,info,value_missing_before_next_label,No accepted value for plug_back_depth_mmd,845.0
5327,drilling_fluid,,warning,partial_fluid_row,Partial drilling fluid row retained at row offset 11,845.0
5328,drilling_fluid,,warning,partial_fluid_row,Partial drilling fluid row retained at row offset 12,845.0
5329,drilling_fluid,,warning,partial_fluid_row,Partial drilling fluid row retained at row offset 13,845.0
5330,drilling_fluid,,warning,partial_fluid_row,Partial drilling fluid row retained at row offset 14,845.0
5331,reports,depth_kickoff_mmd,info,value_missing_before_next_label,No accepted value for depth_kickoff_mmd,846.0
5332,reports,depth_kickoff_mtvd,info,value_missing_before_next_label,No accepted value for depth_kickoff_mtvd,846.0
5333,reports,plug_back_depth_mmd,info,value_missing_before_next_label,No accepted value for plug_back_depth_mmd,846.0
5334,drilling_fluid,,warning,partial_fluid_row,Partial drilling fluid row retained at row offset 11,846.0
5335,drilling_fluid,,warning,partial_fluid_row,Partial drilling fluid row retained at row offset 12,846.0
5336,drilling_fluid,,warning,partial_fluid_row,Partial drilling fluid row retained at row offset 13,846.0
5337,drilling_fluid,,warning,partial_fluid_row,Partial drilling fluid row retained at row offset 14,846.0
5338,reports,depth_kickoff_mmd,info,value_missing_before_next_label,No accepted value for depth_kickoff_mmd,847.0
5339,reports,depth_kickoff_mtvd,info,value_missing_before_next_label,No accepted value for depth_kickoff_mtvd,847.0
5340,reports,plug_back_depth_mmd,info,value_missing_before_next_label,No accepted value for plug_back_depth_mmd,847.0
5341,drilling_fluid,,warning,partial_fluid_row,Partial drilling fluid row retained at row offset 9,847.0
5342,drilling_fluid,,warning,partial_fluid_row,Partial drilling fluid row retained at row offset 10,847.0
5343,reports,depth_kickoff_mmd,info,value_missing_before_next_label,No accepted value for depth_kickoff_mmd,848.0
5344,reports,depth_kickoff_mtvd,info,value_missing_before_next_label,No accepted value for depth_kickoff_mtvd,848.0
5345,reports,plug_back_depth_mmd,info,value_missing_before_next_label,No accepted value for plug_back_depth_mmd,848.0
5346,drilling_fluid,,warning,partial_fluid_row,Partial drilling fluid row retained at row offset 10,848.0
5347,drilling_fluid,,warning,partial_fluid_row,Partial drilling fluid row retained at row offset 11,848.0
5348,drilling_fluid,,warning,partial_fluid_row,Partial drilling fluid row retained at row offset 12,848.0
5349,reports,depth_kickoff_mmd,info,value_missing_before_next_label,No accepted value for depth_kickoff_mmd,849.0
5350,reports,depth_kickoff_mtvd,info,value_missing_before_next_label,No accepted value for depth_kickoff_mtvd,849.0
5351,reports,plug_back_depth_mmd,info,value_missing_before_next_label,No accepted value for plug_back_depth_mmd,849.0
5352,drilling_fluid,,warning,partial_fluid_row,Partial drilling fluid row retained at row offset 9,849.0
5353,drilling_fluid,,warning,partial_fluid_row,Partial drilling fluid row retained at row offset 10,849.0
5354,drilling_fluid,,warning,partial_fluid_row,Partial drilling fluid row retained at row offset 19,849.0
5355,drilling_fluid,,warning,partial_fluid_row,Partial drilling fluid row retained at row offset 21,849.0
5356,drilling_fluid,,warning,partial_fluid_row,Partial drilling fluid row retained at row offset 23,849.0
5357,drilling_fluid,,warning,partial_fluid_row,Partial drilling fluid row retained at row offset 25,849.0
5358,drilling_fluid,,warning,partial_fluid_row,Partial drilling fluid row retained at row offset 29,849.0
5359,drilling_fluid,,warning,partial_fluid_row,Partial drilling fluid row retained at row offset 31,849.0
5360,drilling_fluid,,warning,partial_fluid_row,Partial drilling fluid row retained at row offset 33,849.0
5361,reports,depth_kickoff_mmd,info,value_missing_before_next_label,No accepted value for depth_kickoff_mmd,850.0
5362,reports,depth_kickoff_mtvd,info,value_missing_before_next_label,No accepted value for depth_kickoff_mtvd,850.0
5363,reports,plug_back_depth_mmd,info,value_missing_before_next_label,No accepted value for plug_back_depth_mmd,850.0
5364,drilling_fluid,,warning,partial_fluid_row,Partial drilling fluid row retained at row offset 9,850.0
5365,drilling_fluid,,warning,partial_fluid_row,Partial drilling fluid row retained at row offset 10,850.0
5366,reports,depth_kickoff_mmd,info,value_missing_before_next_label,No accepted value for depth_kickoff_mmd,851.0
5367,reports,depth_kickoff_mtvd,info,value_missing_before_next_label,No accepted value for depth_kickoff_mtvd,851.0
5368,drilling_fluid,,warning,partial_fluid_row,Partial drilling fluid row retained at row offset 9,851.0
5369,drilling_fluid,,warning,partial_fluid_row,Partial drilling fluid row retained at row offset 10,851.0
5370,reports,depth_kickoff_mmd,info,value_missing_before_next_label,No accepted value for depth_kickoff_mmd,852.0
5371,reports,depth_kickoff_mtvd,info,value_missing_before_next_label,No accepted value for depth_kickoff_mtvd,852.0
5372,drilling_fluid,,warning,partial_fluid_row,Partial drilling fluid row retained at row offset 9,852.0
5373,reports,depth_kickoff_mmd,info,value_missing_before_next_label,No accepted value for depth_kickoff_mmd,853.0
5374,reports,depth_kickoff_mtvd,info,value_missing_before_next_label,No accepted value for depth_kickoff_mtvd,853.0
5375,reports,depth_kickoff_mmd,info,value_missing_before_next_label,No accepted value for depth_kickoff_mmd,854.0
5376,reports,depth_kickoff_mtvd,info,value_missing_before_next_label,No accepted value for depth_kickoff_mtvd,854.0
5377,reports,depth_kickoff_mmd,info,value_missing_before_next_label,No accepted value for depth_kickoff_mmd,855.0
5378,reports,depth_kickoff_mtvd,info,value_missing_before_next_label,No accepted value for depth_kickoff_mtvd,855.0
5379,reports,depth_kickoff_mmd,info,value_missing_before_next_label,No accepted value for depth_kickoff_mmd,856.0
5380,reports,depth_kickoff_mtvd,info,value_missing_before_next_label,No accepted value for depth_kickoff_mtvd,856.0
5381,reports,depth_kickoff_mmd,info,value_missing_before_next_label,No accepted value for depth_kickoff_mmd,857.0
5382,reports,depth_kickoff_mtvd,info,value_missing_before_next_label,No accepted value for depth_kickoff_mtvd,857.0
5383,reports,depth_kickoff_mmd,info,value_missing_before_next_label,No accepted value for depth_kickoff_mmd,858.0
5384,reports,depth_kickoff_mtvd,info,value_missing_before_next_label,No accepted value for depth_kickoff_mtvd,858.0
5385,drilling_fluid,,warning,partial_fluid_row,Partial drilling fluid row retained at row offset 16,858.0
5386,drilling_fluid,,warning,partial_fluid_row,Partial drilling fluid row retained at row offset 18,858.0
5387,drilling_fluid,,warning,partial_fluid_row,Partial drilling fluid row retained at row offset 20,858.0
5388,drilling_fluid,,warning,partial_fluid_row,Partial drilling fluid row retained at row offset 22,858.0
5389,drilling_fluid,,warning,partial_fluid_row,Partial drilling fluid row retained at row offset 26,858.0
5390,drilling_fluid,,warning,partial_fluid_row,Partial drilling fluid row retained at row offset 28,858.0
5391,drilling_fluid,,warning,partial_fluid_row,Partial drilling fluid row retained at row offset 30,858.0
5392,reports,depth_kickoff_mmd,info,value_missing_before_next_label,No accepted value for depth_kickoff_mmd,859.0
5393,reports,depth_kickoff_mtvd,info,value_missing_before_next_label,No accepted value for depth_kickoff_mtvd,859.0
5394,reports,depth_kickoff_mmd,info,value_missing_before_next_label,No accepted value for depth_kickoff_mmd,860.0
5395,reports,depth_kickoff_mtvd,info,value_missing_before_next_label,No accepted value for depth_kickoff_mtvd,860.0
5396,reports,depth_kickoff_mmd,info,value_missing_before_next_label,No accepted value for depth_kickoff_mmd,861.0
5397,reports,depth_kickoff_mtvd,info,value_missing_before_next_label,No accepted value for depth_kickoff_mtvd,861.0
5398,reports,depth_kickoff_mmd,info,value_missing_before_next_label,No accepted value for depth_kickoff_mmd,862.0
5399,reports,depth_kickoff_mtvd,info,value_missing_before_next_label,No accepted value for depth_kickoff_mtvd,862.0
5400,reports,depth_kickoff_mmd,info,value_missing_before_next_label,No accepted value for depth_kickoff_mmd,863.0
5401,reports,depth_kickoff_mtvd,info,value_missing_before_next_label,No accepted value for depth_kickoff_mtvd,863.0
5402,reports,depth_kickoff_mmd,info,value_missing_before_next_label,No accepted value for depth_kickoff_mmd,864.0
5403,reports,depth_kickoff_mtvd,info,value_missing_before_next_label,No accepted value for depth_kickoff_mtvd,864.0
5404,reports,depth_kickoff_mmd,info,value_missing_before_next_label,No accepted value for depth_kickoff_mmd,865.0
5405,reports,depth_kickoff_mtvd,info,value_missing_before_next_label,No accepted value for depth_kickoff_mtvd,865.0
5406,reports,plug_back_depth_mmd,info,value_missing_before_next_label,No accepted value for plug_back_depth_mmd,865.0
5407,reports,depth_kickoff_mmd,info,value_missing_before_next_label,No accepted value for depth_kickoff_mmd,866.0
5408,reports,depth_kickoff_mtvd,info,value_missing_before_next_label,No accepted value for depth_kickoff_mtvd,866.0
5409,reports,plug_back_depth_mmd,info,value_missing_before_next_label,No accepted value for plug_back_depth_mmd,866.0
5410,reports,depth_kickoff_mmd,info,value_missing_before_next_label,No accepted value for depth_kickoff_mmd,867.0
5411,reports,depth_kickoff_mtvd,info,value_missing_before_next_label,No accepted value for depth_kickoff_mtvd,867.0
5412,reports,plug_back_depth_mmd,info,value_missing_before_next_label,No accepted value for plug_back_depth_mmd,867.0
5413,drilling_fluid,,warning,partial_fluid_row,Partial drilling fluid row retained at row offset 9,867.0
5414,reports,depth_kickoff_mmd,info,value_missing_before_next_label,No accepted value for depth_kickoff_mmd,868.0
5415,reports,depth_kickoff_mtvd,info,value_missing_before_next_label,No accepted value for depth_kickoff_mtvd,868.0
5416,reports,plug_back_depth_mmd,info,value_missing_before_next_label,No accepted value for plug_back_depth_mmd,868.0
5417,drilling_fluid,,warning,partial_fluid_row,Partial drilling fluid row retained at row offset 8,868.0
5418,reports,depth_kickoff_mmd,info,value_missing_before_next_label,No accepted value for depth_kickoff_mmd,869.0
5419,reports,depth_kickoff_mtvd,info,value_missing_before_next_label,No accepted value for depth_kickoff_mtvd,869.0
5420,reports,plug_back_depth_mmd,info,value_missing_before_next_label,No accepted value for plug_back_depth_mmd,869.0
5421,drilling_fluid,,warning,partial_fluid_row,Partial drilling fluid row retained at row offset 8,869.0
5422,reports,depth_kickoff_mmd,info,value_missing_before_next_label,No accepted value for depth_kickoff_mmd,870.0
5423,reports,depth_kickoff_mtvd,info,value_missing_before_next_label,No accepted value for depth_kickoff_mtvd,870.0
5424,reports,plug_back_depth_mmd,info,value_missing_before_next_label,No accepted value for plug_back_depth_mmd,870.0
5425,drilling_fluid,,warning,partial_fluid_row,Partial drilling fluid row retained at row offset 8,870.0
5426,reports,depth_kickoff_mmd,info,value_missing_before_next_label,No accepted value for depth_kickoff_mmd,871.0
5427,reports,depth_kickoff_mtvd,info,value_missing_before_next_label,No accepted value for depth_kickoff_mtvd,871.0
5428,reports,plug_back_depth_mmd,info,value_missing_before_next_label,No accepted value for plug_back_depth_mmd,871.0
5429,drilling_fluid,,warning,partial_fluid_row,Partial drilling fluid row retained at row offset 8,871.0
5430,reports,depth_kickoff_mmd,info,value_missing_before_next_label,No accepted value for depth_kickoff_mmd,872.0
5431,reports,depth_kickoff_mtvd,info,value_missing_before_next_label,No accepted value for depth_kickoff_mtvd,872.0
5432,reports,plug_back_depth_mmd,info,value_missing_before_next_label,No accepted value for plug_back_depth_mmd,872.0
5433,drilling_fluid,,warning,partial_fluid_row,Partial drilling fluid row retained at row offset 8,872.0
5434,reports,depth_kickoff_mmd,info,value_missing_before_next_label,No accepted value for depth_kickoff_mmd,873.0
5435,reports,depth_kickoff_mtvd,info,value_missing_before_next_label,No accepted value for depth_kickoff_mtvd,873.0
5436,reports,depth_kickoff_mmd,info,value_missing_before_next_label,No accepted value for depth_kickoff_mmd,874.0
5437,reports,depth_kickoff_mtvd,info,value_missing_before_next_label,No accepted value for depth_kickoff_mtvd,874.0
5438,reports,depth_kickoff_mmd,info,value_missing_before_next_label,No accepted value for depth_kickoff_mmd,875.0
5439,reports,depth_kickoff_mtvd,info,value_missing_before_next_label,No accepted value for depth_kickoff_mtvd,875.0
5440,reports,depth_kickoff_mmd,info,value_missing_before_next_label,No accepted value for depth_kickoff_mmd,876.0
5441,reports,depth_kickoff_mtvd,info,value_missing_before_next_label,No accepted value for depth_kickoff_mtvd,876.0
5442,reports,depth_kickoff_mmd,info,value_missing_before_next_label,No accepted value for depth_kickoff_mmd,877.0
5443,reports,depth_kickoff_mtvd,info,value_missing_before_next_label,No accepted value for depth_kickoff_mtvd,877.0
5444,reports,depth_kickoff_mmd,info,value_missing_before_next_label,No accepted value for depth_kickoff_mmd,878.0
5445,reports,depth_kickoff_mtvd,info,value_missing_before_next_label,No accepted value for depth_kickoff_mtvd,878.0
5446,reports,depth_kickoff_mmd,info,value_missing_before_next_label,No accepted value for depth_kickoff_mmd,879.0
5447,reports,depth_kickoff_mtvd,info,value_missing_before_next_label,No accepted value for depth_kickoff_mtvd,879.0
5448,reports,plug_back_depth_mmd,info,value_missing_before_next_label,No accepted value for plug_back_depth_mmd,879.0
5449,reports,depth_kickoff_mmd,info,value_missing_before_next_label,No accepted value for depth_kickoff_mmd,880.0
5450,reports,depth_kickoff_mtvd,info,value_missing_before_next_label,No accepted value for depth_kickoff_mtvd,880.0
5451,reports,plug_back_depth_mmd,info,value_missing_before_next_label,No accepted value for plug_back_depth_mmd,880.0
5452,reports,depth_current_mmd,warning,metadata_value_rejected,Rejected raw value '-999.99' for depth_current_mmd,881.0
5453,reports,depth_current_mtvd,info,value_missing_before_next_label,No accepted value for depth_current_mtvd,881.0
5454,reports,depth_kickoff_mmd,info,value_missing_before_next_label,No accepted value for depth_kickoff_mmd,881.0
5455,reports,depth_kickoff_mtvd,info,value_missing_before_next_label,No accepted value for depth_kickoff_mtvd,881.0
5456,reports,plug_back_depth_mmd,info,value_missing_before_next_label,No accepted value for plug_back_depth_mmd,881.0
5457,reports,depth_current_mmd,warning,metadata_value_rejected,Rejected raw value '-999.99' for depth_current_mmd,882.0
5458,reports,depth_current_mtvd,info,value_missing_before_next_label,No accepted value for depth_current_mtvd,882.0
5459,reports,depth_kickoff_mmd,info,value_missing_before_next_label,No accepted value for depth_kickoff_mmd,882.0
5460,reports,depth_kickoff_mtvd,info,value_missing_before_next_label,No accepted value for depth_kickoff_mtvd,882.0
5461,reports,plug_back_depth_mmd,info,value_missing_before_next_label,No accepted value for plug_back_depth_mmd,882.0
5462,reports,depth_current_mmd,warning,metadata_value_rejected,Rejected raw value '-999.99' for depth_current_mmd,883.0
5463,reports,depth_current_mtvd,info,value_missing_before_next_label,No accepted value for depth_current_mtvd,883.0
5464,reports,depth_kickoff_mmd,info,value_missing_before_next_label,No accepted value for depth_kickoff_mmd,883.0
5465,reports,depth_kickoff_mtvd,info,value_missing_before_next_label,No accepted value for depth_kickoff_mtvd,883.0
5466,reports,plug_back_depth_mmd,info,value_missing_before_next_label,No accepted value for plug_back_depth_mmd,883.0
5467,reports,depth_current_mmd,warning,metadata_value_rejected,Rejected raw value '-999.99' for depth_current_mmd,884.0
5468,reports,depth_current_mtvd,info,value_missing_before_next_label,No accepted value for depth_current_mtvd,884.0
5469,reports,depth_kickoff_mmd,info,value_missing_before_next_label,No accepted value for depth_kickoff_mmd,884.0
5470,reports,depth_kickoff_mtvd,info,value_missing_before_next_label,No accepted value for depth_kickoff_mtvd,884.0
5471,reports,plug_back_depth_mmd,info,value_missing_before_next_label,No accepted value for plug_back_depth_mmd,884.0
5472,reports,depth_current_mmd,warning,metadata_value_rejected,Rejected raw value '-999.99' for depth_current_mmd,885.0
5473,reports,depth_current_mtvd,info,value_missing_before_next_label,No accepted value for depth_current_mtvd,885.0
5474,reports,depth_kickoff_mmd,info,value_missing_before_next_label,No accepted value for depth_kickoff_mmd,885.0
5475,reports,depth_kickoff_mtvd,info,value_missing_before_next_label,No accepted value for depth_kickoff_mtvd,885.0
5476,reports,plug_back_depth_mmd,info,value_missing_before_next_label,No accepted value for plug_back_depth_mmd,885.0
5477,reports,depth_current_mmd,warning,metadata_value_rejected,Rejected raw value '-999.99' for depth_current_mmd,886.0
5478,reports,depth_current_mtvd,info,value_missing_before_next_label,No accepted value for depth_current_mtvd,886.0
5479,reports,depth_kickoff_mmd,info,value_missing_before_next_label,No accepted value for depth_kickoff_mmd,886.0
5480,reports,depth_kickoff_mtvd,info,value_missing_before_next_label,No accepted value for depth_kickoff_mtvd,886.0
5481,reports,plug_back_depth_mmd,info,value_missing_before_next_label,No accepted value for plug_back_depth_mmd,886.0
5482,reports,depth_current_mmd,warning,metadata_value_rejected,Rejected raw value '-999.99' for depth_current_mmd,887.0
5483,reports,depth_current_mtvd,info,value_missing_before_next_label,No accepted value for depth_current_mtvd,887.0
5484,reports,depth_kickoff_mmd,info,value_missing_before_next_label,No accepted value for depth_kickoff_mmd,887.0
5485,reports,depth_kickoff_mtvd,info,value_missing_before_next_label,No accepted value for depth_kickoff_mtvd,887.0
5486,reports,plug_back_depth_mmd,info,value_missing_before_next_label,No accepted value for plug_back_depth_mmd,887.0
5487,reports,depth_current_mmd,warning,metadata_value_rejected,Rejected raw value '-999.99' for depth_current_mmd,888.0
5488,reports,depth_current_mtvd,info,value_missing_before_next_label,No accepted value for depth_current_mtvd,888.0
5489,reports,depth_kickoff_mmd,info,value_missing_before_next_label,No accepted value for depth_kickoff_mmd,888.0
5490,reports,depth_kickoff_mtvd,info,value_missing_before_next_label,No accepted value for depth_kickoff_mtvd,888.0
5491,reports,plug_back_depth_mmd,info,value_missing_before_next_label,No accepted value for plug_back_depth_mmd,888.0
5492,reports,depth_current_mmd,warning,metadata_value_rejected,Rejected raw value '-999.99' for depth_current_mmd,889.0
5493,reports,depth_current_mtvd,info,value_missing_before_next_label,No accepted value for depth_current_mtvd,889.0
5494,reports,depth_kickoff_mmd,info,value_missing_before_next_label,No accepted value for depth_kickoff_mmd,889.0
5495,reports,depth_kickoff_mtvd,info,value_missing_before_next_label,No accepted value for depth_kickoff_mtvd,889.0
5496,reports,plug_back_depth_mmd,info,value_missing_before_next_label,No accepted value for plug_back_depth_mmd,889.0
5497,reports,depth_current_mmd,warning,metadata_value_rejected,Rejected raw value '-999.99' for depth_current_mmd,890.0
5498,reports,depth_current_mtvd,info,value_missing_before_next_label,No accepted value for depth_current_mtvd,890.0
5499,reports,depth_kickoff_mmd,info,value_missing_before_next_label,No accepted value for depth_kickoff_mmd,890.0
5500,reports,depth_kickoff_mtvd,info,value_missing_before_next_label,No accepted value for depth_kickoff_mtvd,890.0
5501,reports,plug_back_depth_mmd,info,value_missing_before_next_label,No accepted value for plug_back_depth_mmd,890.0
5502,reports,depth_current_mmd,warning,metadata_value_rejected,Rejected raw value '-999.99' for depth_current_mmd,891.0
5503,reports,depth_current_mtvd,info,value_missing_before_next_label,No accepted value for depth_current_mtvd,891.0
5504,reports,depth_kickoff_mmd,info,value_missing_before_next_label,No accepted value for depth_kickoff_mmd,891.0
5505,reports,depth_kickoff_mtvd,info,value_missing_before_next_label,No accepted value for depth_kickoff_mtvd,891.0
5506,reports,plug_back_depth_mmd,info,value_missing_before_next_label,No accepted value for plug_back_depth_mmd,891.0
5507,reports,depth_current_mmd,warning,metadata_value_rejected,Rejected raw value '-999.99' for depth_current_mmd,892.0
5508,reports,depth_current_mtvd,info,value_missing_before_next_label,No accepted value for depth_current_mtvd,892.0
5509,reports,depth_kickoff_mmd,info,value_missing_before_next_label,No accepted value for depth_kickoff_mmd,892.0
5510,reports,depth_kickoff_mtvd,info,value_missing_before_next_label,No accepted value for depth_kickoff_mtvd,892.0
5511,reports,plug_back_depth_mmd,info,value_missing_before_next_label,No accepted value for plug_back_depth_mmd,892.0
5512,reports,depth_current_mmd,warning,metadata_value_rejected,Rejected raw value '-999.99' for depth_current_mmd,893.0
5513,reports,depth_current_mtvd,info,value_missing_before_next_label,No accepted value for depth_current_mtvd,893.0
5514,reports,depth_kickoff_mmd,info,value_missing_before_next_label,No accepted value for depth_kickoff_mmd,893.0
5515,reports,depth_kickoff_mtvd,info,value_missing_before_next_label,No accepted value for depth_kickoff_mtvd,893.0
5516,reports,plug_back_depth_mmd,info,value_missing_before_next_label,No accepted value for plug_back_depth_mmd,893.0
5517,reports,depth_current_mmd,warning,metadata_value_rejected,Rejected raw value '-999.99' for depth_current_mmd,894.0
5518,reports,depth_current_mtvd,info,value_missing_before_next_label,No accepted value for depth_current_mtvd,894.0
5519,reports,depth_kickoff_mmd,info,value_missing_before_next_label,No accepted value for depth_kickoff_mmd,894.0
5520,reports,depth_kickoff_mtvd,info,value_missing_before_next_label,No accepted value for depth_kickoff_mtvd,894.0
5521,reports,plug_back_depth_mmd,info,value_missing_before_next_label,No accepted value for plug_back_depth_mmd,894.0
5522,reports,depth_current_mmd,warning,metadata_value_rejected,Rejected raw value '-999.99' for depth_current_mmd,895.0
5523,reports,depth_current_mtvd,info,value_missing_before_next_label,No accepted value for depth_current_mtvd,895.0
5524,reports,depth_kickoff_mmd,info,value_missing_before_next_label,No accepted value for depth_kickoff_mmd,895.0
5525,reports,depth_kickoff_mtvd,info,value_missing_before_next_label,No accepted value for depth_kickoff_mtvd,895.0
5526,reports,plug_back_depth_mmd,info,value_missing_before_next_label,No accepted value for plug_back_depth_mmd,895.0
5527,reports,depth_current_mmd,warning,metadata_value_rejected,Rejected raw value '-999.99' for depth_current_mmd,896.0
5528,reports,depth_current_mtvd,info,value_missing_before_next_label,No accepted value for depth_current_mtvd,896.0
5529,reports,depth_kickoff_mmd,info,value_missing_before_next_label,No accepted value for depth_kickoff_mmd,896.0
5530,reports,depth_kickoff_mtvd,info,value_missing_before_next_label,No accepted value for depth_kickoff_mtvd,896.0
5531,reports,plug_back_depth_mmd,info,value_missing_before_next_label,No accepted value for plug_back_depth_mmd,896.0
5532,reports,depth_current_mmd,warning,metadata_value_rejected,Rejected raw value '-999.99' for depth_current_mmd,897.0
5533,reports,depth_current_mtvd,info,value_missing_before_next_label,No accepted value for depth_current_mtvd,897.0
5534,reports,depth_kickoff_mmd,info,value_missing_before_next_label,No accepted value for depth_kickoff_mmd,897.0
5535,reports,depth_kickoff_mtvd,info,value_missing_before_next_label,No accepted value for depth_kickoff_mtvd,897.0
5536,reports,plug_back_depth_mmd,info,value_missing_before_next_label,No accepted value for plug_back_depth_mmd,897.0
5537,reports,depth_current_mmd,warning,metadata_value_rejected,Rejected raw value '-999.99' for depth_current_mmd,898.0
5538,reports,depth_current_mtvd,info,value_missing_before_next_label,No accepted value for depth_current_mtvd,898.0
5539,reports,depth_kickoff_mmd,info,value_missing_before_next_label,No accepted value for depth_kickoff_mmd,898.0
5540,reports,depth_kickoff_mtvd,info,value_missing_before_next_label,No accepted value for depth_kickoff_mtvd,898.0
5541,reports,depth_current_mmd,warning,metadata_value_rejected,Rejected raw value '-999.99' for depth_current_mmd,899.0
5542,reports,depth_current_mtvd,info,value_missing_before_next_label,No accepted value for depth_current_mtvd,899.0
5543,reports,depth_kickoff_mmd,info,value_missing_before_next_label,No accepted value for depth_kickoff_mmd,899.0
5544,reports,depth_kickoff_mtvd,info,value_missing_before_next_label,No accepted value for depth_kickoff_mtvd,899.0
5545,reports,depth_current_mmd,warning,metadata_value_rejected,Rejected raw value '-999.99' for depth_current_mmd,900.0
5546,reports,depth_current_mtvd,info,value_missing_before_next_label,No accepted value for depth_current_mtvd,900.0
5547,reports,depth_kickoff_mmd,info,value_missing_before_next_label,No accepted value for depth_kickoff_mmd,900.0
5548,reports,depth_kickoff_mtvd,info,value_missing_before_next_label,No accepted value for depth_kickoff_mtvd,900.0
5549,reports,depth_current_mmd,warning,metadata_value_rejected,Rejected raw value '-999.99' for depth_current_mmd,901.0
5550,reports,depth_current_mtvd,info,value_missing_before_next_label,No accepted value for depth_current_mtvd,901.0
5551,reports,depth_kickoff_mmd,info,value_missing_before_next_label,No accepted value for depth_kickoff_mmd,901.0
5552,reports,depth_kickoff_mtvd,info,value_missing_before_next_label,No accepted value for depth_kickoff_mtvd,901.0
5553,reports,depth_current_mmd,warning,metadata_value_rejected,Rejected raw value '-999.99' for depth_current_mmd,902.0
5554,reports,depth_current_mtvd,info,value_missing_before_next_label,No accepted value for depth_current_mtvd,902.0
5555,reports,depth_kickoff_mmd,info,value_missing_before_next_label,No accepted value for depth_kickoff_mmd,902.0
5556,reports,depth_kickoff_mtvd,info,value_missing_before_next_label,No accepted value for depth_kickoff_mtvd,902.0
5557,reports,depth_current_mmd,warning,metadata_value_rejected,Rejected raw value '-999.99' for depth_current_mmd,903.0
5558,reports,depth_current_mtvd,info,value_missing_before_next_label,No accepted value for depth_current_mtvd,903.0
5559,reports,depth_kickoff_mmd,info,value_missing_before_next_label,No accepted value for depth_kickoff_mmd,903.0
5560,reports,depth_kickoff_mtvd,info,value_missing_before_next_label,No accepted value for depth_kickoff_mtvd,903.0
5561,reports,depth_current_mmd,warning,metadata_value_rejected,Rejected raw value '-999.99' for depth_current_mmd,904.0
5562,reports,depth_current_mtvd,info,value_missing_before_next_label,No accepted value for depth_current_mtvd,904.0
5563,reports,depth_kickoff_mmd,info,value_missing_before_next_label,No accepted value for depth_kickoff_mmd,904.0
5564,reports,depth_kickoff_mtvd,info,value_missing_before_next_label,No accepted value for depth_kickoff_mtvd,904.0
5565,reports,depth_current_mmd,warning,metadata_value_rejected,Rejected raw value '-999.99' for depth_current_mmd,905.0
5566,reports,depth_current_mtvd,info,value_missing_before_next_label,No accepted value for depth_current_mtvd,905.0
5567,reports,depth_kickoff_mmd,info,value_missing_before_next_label,No accepted value for depth_kickoff_mmd,905.0
5568,reports,depth_kickoff_mtvd,info,value_missing_before_next_label,No accepted value for depth_kickoff_mtvd,905.0
5569,reports,depth_current_mmd,warning,metadata_value_rejected,Rejected raw value '-999.99' for depth_current_mmd,906.0
5570,reports,depth_current_mtvd,info,value_missing_before_next_label,No accepted value for depth_current_mtvd,906.0
5571,reports,depth_kickoff_mmd,info,value_missing_before_next_label,No accepted value for depth_kickoff_mmd,906.0
5572,reports,depth_kickoff_mtvd,info,value_missing_before_next_label,No accepted value for depth_kickoff_mtvd,906.0
5573,reports,depth_current_mmd,warning,metadata_value_rejected,Rejected raw value '-999.99' for depth_current_mmd,907.0
5574,reports,depth_current_mtvd,info,value_missing_before_next_label,No accepted value for depth_current_mtvd,907.0
5575,reports,depth_kickoff_mmd,info,value_missing_before_next_label,No accepted value for depth_kickoff_mmd,907.0
5576,reports,depth_kickoff_mtvd,info,value_missing_before_next_label,No accepted value for depth_kickoff_mtvd,907.0
5577,reports,depth_current_mmd,warning,metadata_value_rejected,Rejected raw value '-999.99' for depth_current_mmd,908.0
5578,reports,depth_current_mtvd,info,value_missing_before_next_label,No accepted value for depth_current_mtvd,908.0
5579,reports,depth_kickoff_mmd,info,value_missing_before_next_label,No accepted value for depth_kickoff_mmd,908.0
5580,reports,depth_kickoff_mtvd,info,value_missing_before_next_label,No accepted value for depth_kickoff_mtvd,908.0
5581,reports,depth_current_mmd,warning,metadata_value_rejected,Rejected raw value '-999.99' for depth_current_mmd,909.0
5582,reports,depth_current_mtvd,info,value_missing_before_next_label,No accepted value for depth_current_mtvd,909.0
5583,reports,depth_kickoff_mmd,info,value_missing_before_next_label,No accepted value for depth_kickoff_mmd,909.0
5584,reports,depth_kickoff_mtvd,info,value_missing_before_next_label,No accepted value for depth_kickoff_mtvd,909.0
5585,reports,depth_current_mmd,warning,metadata_value_rejected,Rejected raw value '-999.99' for depth_current_mmd,910.0
5586,reports,depth_current_mtvd,info,value_missing_before_next_label,No accepted value for depth_current_mtvd,910.0
5587,reports,depth_kickoff_mmd,info,value_missing_before_next_label,No accepted value for depth_kickoff_mmd,910.0
5588,reports,depth_kickoff_mtvd,info,value_missing_before_next_label,No accepted value for depth_kickoff_mtvd,910.0
5589,reports,depth_current_mmd,warning,metadata_value_rejected,Rejected raw value '-999.99' for depth_current_mmd,911.0
5590,reports,depth_current_mtvd,info,value_missing_before_next_label,No accepted value for depth_current_mtvd,911.0
5591,reports,depth_kickoff_mmd,info,value_missing_before_next_label,No accepted value for depth_kickoff_mmd,911.0
5592,reports,depth_kickoff_mtvd,info,value_missing_before_next_label,No accepted value for depth_kickoff_mtvd,911.0
5593,reports,depth_current_mmd,warning,metadata_value_rejected,Rejected raw value '-999.99' for depth_current_mmd,912.0
5594,reports,depth_current_mtvd,info,value_missing_before_next_label,No accepted value for depth_current_mtvd,912.0
5595,reports,depth_kickoff_mmd,info,value_missing_before_next_label,No accepted value for depth_kickoff_mmd,912.0
5596,reports,depth_kickoff_mtvd,info,value_missing_before_next_label,No accepted value for depth_kickoff_mtvd,912.0
5597,reports,depth_current_mmd,warning,metadata_value_rejected,Rejected raw value '-999.99' for depth_current_mmd,913.0
5598,reports,depth_current_mtvd,info,value_missing_before_next_label,No accepted value for depth_current_mtvd,913.0
5599,reports,depth_kickoff_mmd,info,value_missing_before_next_label,No accepted value for depth_kickoff_mmd,913.0
5600,reports,depth_kickoff_mtvd,info,value_missing_before_next_label,No accepted value for depth_kickoff_mtvd,913.0
5601,reports,depth_current_mmd,warning,metadata_value_rejected,Rejected raw value '-999.99' for depth_current_mmd,914.0
5602,reports,depth_current_mtvd,info,value_missing_before_next_label,No accepted value for depth_current_mtvd,914.0
5603,reports,depth_kickoff_mmd,info,value_missing_before_next_label,No accepted value for depth_kickoff_mmd,914.0
5604,reports,depth_kickoff_mtvd,info,value_missing_before_next_label,No accepted value for depth_kickoff_mtvd,914.0
5605,reports,depth_current_mmd,warning,metadata_value_rejected,Rejected raw value '-999.99' for depth_current_mmd,915.0
5606,reports,depth_current_mtvd,info,value_missing_before_next_label,No accepted value for depth_current_mtvd,915.0
5607,reports,depth_kickoff_mmd,info,value_missing_before_next_label,No accepted value for depth_kickoff_mmd,915.0
5608,reports,depth_kickoff_mtvd,info,value_missing_before_next_label,No accepted value for depth_kickoff_mtvd,915.0
5609,reports,depth_current_mmd,warning,metadata_value_rejected,Rejected raw value '-999.99' for depth_current_mmd,916.0
5610,reports,depth_current_mtvd,info,value_missing_before_next_label,No accepted value for depth_current_mtvd,916.0
5611,reports,depth_kickoff_mmd,info,value_missing_before_next_label,No accepted value for depth_kickoff_mmd,916.0
5612,reports,depth_kickoff_mtvd,info,value_missing_before_next_label,No accepted value for depth_kickoff_mtvd,916.0
5613,reports,depth_current_mmd,warning,metadata_value_rejected,Rejected raw value '-999.99' for depth_current_mmd,917.0
5614,reports,depth_current_mtvd,info,value_missing_before_next_label,No accepted value for depth_current_mtvd,917.0
5615,reports,depth_kickoff_mmd,info,value_missing_before_next_label,No accepted value for depth_kickoff_mmd,917.0
5616,reports,depth_kickoff_mtvd,info,value_missing_before_next_label,No accepted value for depth_kickoff_mtvd,917.0
5617,reports,depth_current_mmd,warning,metadata_value_rejected,Rejected raw value '-999.99' for depth_current_mmd,918.0
5618,reports,depth_current_mtvd,info,value_missing_before_next_label,No accepted value for depth_current_mtvd,918.0
5619,reports,depth_kickoff_mmd,info,value_missing_before_next_label,No accepted value for depth_kickoff_mmd,918.0
5620,reports,depth_kickoff_mtvd,info,value_missing_before_next_label,No accepted value for depth_kickoff_mtvd,918.0
5621,reports,depth_formation_strength_mmd,info,value_missing_before_next_label,No accepted value for depth_formation_strength_mmd,918.0
5622,reports,depth_formation_strength_mtvd,info,value_missing_before_next_label,No accepted value for depth_formation_strength_mtvd,918.0
5623,reports,plug_back_depth_mmd,info,value_missing_before_next_label,No accepted value for plug_back_depth_mmd,918.0
5624,reports,depth_current_mmd,warning,metadata_value_rejected,Rejected raw value '-999.99' for depth_current_mmd,919.0
5625,reports,depth_current_mtvd,info,value_missing_before_next_label,No accepted value for depth_current_mtvd,919.0
5626,reports,depth_kickoff_mmd,info,value_missing_before_next_label,No accepted value for depth_kickoff_mmd,919.0
5627,reports,depth_kickoff_mtvd,info,value_missing_before_next_label,No accepted value for depth_kickoff_mtvd,919.0
5628,reports,depth_formation_strength_mmd,info,value_missing_before_next_label,No accepted value for depth_formation_strength_mmd,919.0
5629,reports,depth_formation_strength_mtvd,info,value_missing_before_next_label,No accepted value for depth_formation_strength_mtvd,919.0
5630,reports,plug_back_depth_mmd,info,value_missing_before_next_label,No accepted value for plug_back_depth_mmd,919.0
5631,reports,depth_current_mtvd,info,value_missing_before_next_label,No accepted value for depth_current_mtvd,920.0
5632,reports,depth_kickoff_mmd,info,value_missing_before_next_label,No accepted value for depth_kickoff_mmd,920.0
5633,reports,depth_kickoff_mtvd,info,value_missing_before_next_label,No accepted value for depth_kickoff_mtvd,920.0
5634,reports,depth_last_casing_mmd,info,value_missing_before_next_label,No accepted value for depth_last_casing_mmd,920.0
5635,reports,depth_last_casing_mtvd,info,value_missing_before_next_label,No accepted value for depth_last_casing_mtvd,920.0
5636,reports,plug_back_depth_mmd,info,value_missing_before_next_label,No accepted value for plug_back_depth_mmd,920.0
5637,reports,pressure_test_type,info,value_missing_before_next_label,No accepted value for pressure_test_type,920.0
5638,drilling_fluid,,warning,partial_fluid_row,Partial drilling fluid row retained at row offset 2,920.0
5639,reports,depth_kickoff_mmd,info,value_missing_before_next_label,No accepted value for depth_kickoff_mmd,921.0
5640,reports,depth_kickoff_mtvd,info,value_missing_before_next_label,No accepted value for depth_kickoff_mtvd,921.0
5641,reports,plug_back_depth_mmd,info,value_missing_before_next_label,No accepted value for plug_back_depth_mmd,921.0
5642,reports,pressure_test_type,info,value_missing_before_next_label,No accepted value for pressure_test_type,921.0
5643,drilling_fluid,,warning,partial_fluid_row,Partial drilling fluid row retained at row offset 2,921.0
5644,reports,depth_kickoff_mmd,info,value_missing_before_next_label,No accepted value for depth_kickoff_mmd,922.0
5645,reports,depth_kickoff_mtvd,info,value_missing_before_next_label,No accepted value for depth_kickoff_mtvd,922.0
5646,reports,plug_back_depth_mmd,info,value_missing_before_next_label,No accepted value for plug_back_depth_mmd,922.0
5647,reports,pressure_test_type,info,value_missing_before_next_label,No accepted value for pressure_test_type,922.0
5648,drilling_fluid,,warning,partial_fluid_row,Partial drilling fluid row retained at row offset 3,922.0
5649,reports,depth_kickoff_mmd,info,value_missing_before_next_label,No accepted value for depth_kickoff_mmd,923.0
5650,reports,depth_kickoff_mtvd,info,value_missing_before_next_label,No accepted value for depth_kickoff_mtvd,923.0
5651,reports,plug_back_depth_mmd,info,value_missing_before_next_label,No accepted value for plug_back_depth_mmd,923.0
5652,reports,pressure_test_type,info,value_missing_before_next_label,No accepted value for pressure_test_type,923.0
5653,reports,depth_kickoff_mmd,info,value_missing_before_next_label,No accepted value for depth_kickoff_mmd,924.0
5654,reports,depth_kickoff_mtvd,info,value_missing_before_next_label,No accepted value for depth_kickoff_mtvd,924.0
5655,reports,plug_back_depth_mmd,info,value_missing_before_next_label,No accepted value for plug_back_depth_mmd,924.0
5656,reports,pressure_test_type,info,value_missing_before_next_label,No accepted value for pressure_test_type,924.0
5657,reports,depth_kickoff_mmd,info,value_missing_before_next_label,No accepted value for depth_kickoff_mmd,925.0
5658,reports,depth_kickoff_mtvd,info,value_missing_before_next_label,No accepted value for depth_kickoff_mtvd,925.0
5659,reports,plug_back_depth_mmd,info,value_missing_before_next_label,No accepted value for plug_back_depth_mmd,925.0
5660,reports,pressure_test_type,info,value_missing_before_next_label,No accepted value for pressure_test_type,925.0
5661,drilling_fluid,,warning,partial_fluid_row,Partial drilling fluid row retained at row offset 3,925.0
5662,drilling_fluid,,warning,partial_fluid_row,Partial drilling fluid row retained at row offset 4,925.0
5663,reports,depth_kickoff_mmd,info,value_missing_before_next_label,No accepted value for depth_kickoff_mmd,926.0
5664,reports,depth_kickoff_mtvd,info,value_missing_before_next_label,No accepted value for depth_kickoff_mtvd,926.0
5665,reports,plug_back_depth_mmd,info,value_missing_before_next_label,No accepted value for plug_back_depth_mmd,926.0
5666,reports,pressure_test_type,info,value_missing_before_next_label,No accepted value for pressure_test_type,926.0
5667,drilling_fluid,,warning,partial_fluid_row,Partial drilling fluid row retained at row offset 3,926.0
5668,drilling_fluid,,warning,partial_fluid_row,Partial drilling fluid row retained at row offset 4,926.0
5669,reports,depth_kickoff_mmd,info,value_missing_before_next_label,No accepted value for depth_kickoff_mmd,927.0
5670,reports,depth_kickoff_mtvd,info,value_missing_before_next_label,No accepted value for depth_kickoff_mtvd,927.0
5671,reports,plug_back_depth_mmd,info,value_missing_before_next_label,No accepted value for plug_back_depth_mmd,927.0
5672,reports,pressure_test_type,info,value_missing_before_next_label,No accepted value for pressure_test_type,927.0
5673,drilling_fluid,,warning,partial_fluid_row,Partial drilling fluid row retained at row offset 3,927.0
5674,drilling_fluid,,warning,partial_fluid_row,Partial drilling fluid row retained at row offset 4,927.0
5675,reports,depth_kickoff_mmd,info,value_missing_before_next_label,No accepted value for depth_kickoff_mmd,928.0
5676,reports,depth_kickoff_mtvd,info,value_missing_before_next_label,No accepted value for depth_kickoff_mtvd,928.0
5677,reports,plug_back_depth_mmd,info,value_missing_before_next_label,No accepted value for plug_back_depth_mmd,928.0
5678,reports,pressure_test_type,info,value_missing_before_next_label,No accepted value for pressure_test_type,928.0
5679,drilling_fluid,,warning,partial_fluid_row,Partial drilling fluid row retained at row offset 3,928.0
5680,drilling_fluid,,warning,partial_fluid_row,Partial drilling fluid row retained at row offset 4,928.0
5681,reports,depth_kickoff_mmd,info,value_missing_before_next_label,No accepted value for depth_kickoff_mmd,929.0
5682,reports,depth_kickoff_mtvd,info,value_missing_before_next_label,No accepted value for depth_kickoff_mtvd,929.0
5683,reports,plug_back_depth_mmd,info,value_missing_before_next_label,No accepted value for plug_back_depth_mmd,929.0
5684,reports,pressure_test_type,info,value_missing_before_next_label,No accepted value for pressure_test_type,929.0
5685,drilling_fluid,,warning,partial_fluid_row,Partial drilling fluid row retained at row offset 2,929.0
5686,reports,depth_kickoff_mmd,info,value_missing_before_next_label,No accepted value for depth_kickoff_mmd,930.0
5687,reports,depth_kickoff_mtvd,info,value_missing_before_next_label,No accepted value for depth_kickoff_mtvd,930.0
5688,reports,plug_back_depth_mmd,info,value_missing_before_next_label,No accepted value for plug_back_depth_mmd,930.0
5689,reports,pressure_test_type,info,value_missing_before_next_label,No accepted value for pressure_test_type,930.0
5690,drilling_fluid,,warning,partial_fluid_row,Partial drilling fluid row retained at row offset 2,930.0
5691,reports,depth_kickoff_mmd,info,value_missing_before_next_label,No accepted value for depth_kickoff_mmd,931.0
5692,reports,depth_kickoff_mtvd,info,value_missing_before_next_label,No accepted value for depth_kickoff_mtvd,931.0
5693,reports,plug_back_depth_mmd,info,value_missing_before_next_label,No accepted value for plug_back_depth_mmd,931.0
5694,reports,pressure_test_type,info,value_missing_before_next_label,No accepted value for pressure_test_type,931.0
5695,drilling_fluid,,warning,partial_fluid_row,Partial drilling fluid row retained at row offset 2,931.0
5696,reports,depth_kickoff_mmd,info,value_missing_before_next_label,No accepted value for depth_kickoff_mmd,932.0
5697,reports,depth_kickoff_mtvd,info,value_missing_before_next_label,No accepted value for depth_kickoff_mtvd,932.0
5698,reports,plug_back_depth_mmd,info,value_missing_before_next_label,No accepted value for plug_back_depth_mmd,932.0
5699,reports,pressure_test_type,info,value_missing_before_next_label,No accepted value for pressure_test_type,932.0
5700,reports,depth_kickoff_mmd,info,value_missing_before_next_label,No accepted value for depth_kickoff_mmd,933.0
5701,reports,depth_kickoff_mtvd,info,value_missing_before_next_label,No accepted value for depth_kickoff_mtvd,933.0
5702,reports,plug_back_depth_mmd,info,value_missing_before_next_label,No accepted value for plug_back_depth_mmd,933.0
5703,reports,pressure_test_type,info,value_missing_before_next_label,No accepted value for pressure_test_type,933.0
5704,reports,depth_kickoff_mmd,info,value_missing_before_next_label,No accepted value for depth_kickoff_mmd,934.0
5705,reports,depth_kickoff_mtvd,info,value_missing_before_next_label,No accepted value for depth_kickoff_mtvd,934.0
5706,reports,plug_back_depth_mmd,info,value_missing_before_next_label,No accepted value for plug_back_depth_mmd,934.0
5707,reports,pressure_test_type,info,value_missing_before_next_label,No accepted value for pressure_test_type,934.0
5708,drilling_fluid,,warning,partial_fluid_row,Partial drilling fluid row retained at row offset 9,934.0
5709,reports,depth_kickoff_mmd,info,value_missing_before_next_label,No accepted value for depth_kickoff_mmd,935.0
5710,reports,depth_kickoff_mtvd,info,value_missing_before_next_label,No accepted value for depth_kickoff_mtvd,935.0
5711,reports,plug_back_depth_mmd,info,value_missing_before_next_label,No accepted value for plug_back_depth_mmd,935.0
5712,reports,pressure_test_type,info,value_missing_before_next_label,No accepted value for pressure_test_type,935.0
5713,drilling_fluid,,warning,partial_fluid_row,Partial drilling fluid row retained at row offset 10,935.0
5714,drilling_fluid,,warning,partial_fluid_row,Partial drilling fluid row retained at row offset 11,935.0
5715,reports,depth_kickoff_mmd,info,value_missing_before_next_label,No accepted value for depth_kickoff_mmd,936.0
5716,reports,depth_kickoff_mtvd,info,value_missing_before_next_label,No accepted value for depth_kickoff_mtvd,936.0
5717,reports,plug_back_depth_mmd,info,value_missing_before_next_label,No accepted value for plug_back_depth_mmd,936.0
5718,reports,pressure_test_type,info,value_missing_before_next_label,No accepted value for pressure_test_type,936.0
5719,drilling_fluid,,warning,partial_fluid_row,Partial drilling fluid row retained at row offset 9,936.0
5720,drilling_fluid,,warning,partial_fluid_row,Partial drilling fluid row retained at row offset 10,936.0
5721,reports,depth_kickoff_mmd,info,value_missing_before_next_label,No accepted value for depth_kickoff_mmd,937.0
5722,reports,depth_kickoff_mtvd,info,value_missing_before_next_label,No accepted value for depth_kickoff_mtvd,937.0
5723,reports,plug_back_depth_mmd,info,value_missing_before_next_label,No accepted value for plug_back_depth_mmd,937.0
5724,reports,pressure_test_type,info,value_missing_before_next_label,No accepted value for pressure_test_type,937.0
5725,drilling_fluid,,warning,partial_fluid_row,Partial drilling fluid row retained at row offset 11,937.0
5726,drilling_fluid,,warning,partial_fluid_row,Partial drilling fluid row retained at row offset 12,937.0
5727,reports,depth_kickoff_mmd,info,value_missing_before_next_label,No accepted value for depth_kickoff_mmd,938.0
5728,reports,depth_kickoff_mtvd,info,value_missing_before_next_label,No accepted value for depth_kickoff_mtvd,938.0
5729,reports,pressure_test_type,info,value_missing_before_next_label,No accepted value for pressure_test_type,938.0
5730,drilling_fluid,,warning,partial_fluid_row,Partial drilling fluid row retained at row offset 8,938.0
5731,reports,depth_kickoff_mmd,info,value_missing_before_next_label,No accepted value for depth_kickoff_mmd,939.0
5732,reports,depth_kickoff_mtvd,info,value_missing_before_next_label,No accepted value for depth_kickoff_mtvd,939.0
5733,reports,plug_back_depth_mmd,info,value_missing_before_next_label,No accepted value for plug_back_depth_mmd,939.0
5734,drilling_fluid,,warning,partial_fluid_row,Partial drilling fluid row retained at row offset 8,939.0
5735,reports,depth_kickoff_mmd,info,value_missing_before_next_label,No accepted value for depth_kickoff_mmd,940.0
5736,reports,depth_kickoff_mtvd,info,value_missing_before_next_label,No accepted value for depth_kickoff_mtvd,940.0
5737,reports,plug_back_depth_mmd,info,value_missing_before_next_label,No accepted value for plug_back_depth_mmd,940.0
5738,reports,depth_kickoff_mmd,info,value_missing_before_next_label,No accepted value for depth_kickoff_mmd,941.0
5739,reports,depth_kickoff_mtvd,info,value_missing_before_next_label,No accepted value for depth_kickoff_mtvd,941.0
5740,reports,plug_back_depth_mmd,info,value_missing_before_next_label,No accepted value for plug_back_depth_mmd,941.0
5741,reports,depth_kickoff_mmd,info,value_missing_before_next_label,No accepted value for depth_kickoff_mmd,942.0
5742,reports,depth_kickoff_mtvd,info,value_missing_before_next_label,No accepted value for depth_kickoff_mtvd,942.0
5743,reports,plug_back_depth_mmd,info,value_missing_before_next_label,No accepted value for plug_back_depth_mmd,942.0
5744,reports,depth_kickoff_mmd,info,value_missing_before_next_label,No accepted value for depth_kickoff_mmd,943.0
5745,reports,depth_kickoff_mtvd,info,value_missing_before_next_label,No accepted value for depth_kickoff_mtvd,943.0
5746,reports,plug_back_depth_mmd,info,value_missing_before_next_label,No accepted value for plug_back_depth_mmd,943.0
5747,reports,depth_kickoff_mmd,info,value_missing_before_next_label,No accepted value for depth_kickoff_mmd,944.0
5748,reports,depth_kickoff_mtvd,info,value_missing_before_next_label,No accepted value for depth_kickoff_mtvd,944.0
5749,reports,plug_back_depth_mmd,info,value_missing_before_next_label,No accepted value for plug_back_depth_mmd,944.0
5750,reports,depth_kickoff_mmd,info,value_missing_before_next_label,No accepted value for depth_kickoff_mmd,945.0
5751,reports,depth_kickoff_mtvd,info,value_missing_before_next_label,No accepted value for depth_kickoff_mtvd,945.0
5752,reports,plug_back_depth_mmd,info,value_missing_before_next_label,No accepted value for plug_back_depth_mmd,945.0
5753,reports,depth_kickoff_mmd,info,value_missing_before_next_label,No accepted value for depth_kickoff_mmd,946.0
5754,reports,depth_kickoff_mtvd,info,value_missing_before_next_label,No accepted value for depth_kickoff_mtvd,946.0
5755,reports,plug_back_depth_mmd,info,value_missing_before_next_label,No accepted value for plug_back_depth_mmd,946.0
5756,reports,depth_kickoff_mmd,info,value_missing_before_next_label,No accepted value for depth_kickoff_mmd,947.0
5757,reports,depth_kickoff_mtvd,info,value_missing_before_next_label,No accepted value for depth_kickoff_mtvd,947.0
5758,reports,plug_back_depth_mmd,info,value_missing_before_next_label,No accepted value for plug_back_depth_mmd,947.0
5759,reports,depth_kickoff_mmd,info,value_missing_before_next_label,No accepted value for depth_kickoff_mmd,948.0
5760,reports,depth_kickoff_mtvd,info,value_missing_before_next_label,No accepted value for depth_kickoff_mtvd,948.0
5761,reports,plug_back_depth_mmd,info,value_missing_before_next_label,No accepted value for plug_back_depth_mmd,948.0
5762,reports,depth_kickoff_mmd,info,value_missing_before_next_label,No accepted value for depth_kickoff_mmd,949.0
5763,reports,depth_kickoff_mtvd,info,value_missing_before_next_label,No accepted value for depth_kickoff_mtvd,949.0
5764,reports,plug_back_depth_mmd,info,value_missing_before_next_label,No accepted value for plug_back_depth_mmd,949.0
5765,reports,depth_kickoff_mmd,info,value_missing_before_next_label,No accepted value for depth_kickoff_mmd,950.0
5766,reports,depth_kickoff_mtvd,info,value_missing_before_next_label,No accepted value for depth_kickoff_mtvd,950.0
5767,reports,plug_back_depth_mmd,info,value_missing_before_next_label,No accepted value for plug_back_depth_mmd,950.0
5768,reports,depth_kickoff_mmd,info,value_missing_before_next_label,No accepted value for depth_kickoff_mmd,951.0
5769,reports,depth_kickoff_mtvd,info,value_missing_before_next_label,No accepted value for depth_kickoff_mtvd,951.0
5770,reports,plug_back_depth_mmd,info,value_missing_before_next_label,No accepted value for plug_back_depth_mmd,951.0
5771,reports,depth_kickoff_mmd,info,value_missing_before_next_label,No accepted value for depth_kickoff_mmd,952.0
5772,reports,depth_kickoff_mtvd,info,value_missing_before_next_label,No accepted value for depth_kickoff_mtvd,952.0
5773,reports,plug_back_depth_mmd,info,value_missing_before_next_label,No accepted value for plug_back_depth_mmd,952.0
5774,reports,depth_kickoff_mmd,info,value_missing_before_next_label,No accepted value for depth_kickoff_mmd,953.0
5775,reports,depth_kickoff_mtvd,info,value_missing_before_next_label,No accepted value for depth_kickoff_mtvd,953.0
5776,reports,plug_back_depth_mmd,info,value_missing_before_next_label,No accepted value for plug_back_depth_mmd,953.0
5777,reports,depth_kickoff_mmd,info,value_missing_before_next_label,No accepted value for depth_kickoff_mmd,954.0
5778,reports,depth_kickoff_mtvd,info,value_missing_before_next_label,No accepted value for depth_kickoff_mtvd,954.0
5779,reports,plug_back_depth_mmd,info,value_missing_before_next_label,No accepted value for plug_back_depth_mmd,954.0
5780,reports,depth_kickoff_mmd,info,value_missing_before_next_label,No accepted value for depth_kickoff_mmd,955.0
5781,reports,depth_kickoff_mtvd,info,value_missing_before_next_label,No accepted value for depth_kickoff_mtvd,955.0
5782,reports,plug_back_depth_mmd,info,value_missing_before_next_label,No accepted value for plug_back_depth_mmd,955.0
5783,reports,depth_kickoff_mmd,info,value_missing_before_next_label,No accepted value for depth_kickoff_mmd,956.0
5784,reports,depth_kickoff_mtvd,info,value_missing_before_next_label,No accepted value for depth_kickoff_mtvd,956.0
5785,reports,plug_back_depth_mmd,info,value_missing_before_next_label,No accepted value for plug_back_depth_mmd,956.0
5786,reports,depth_kickoff_mmd,info,value_missing_before_next_label,No accepted value for depth_kickoff_mmd,957.0
5787,reports,depth_kickoff_mtvd,info,value_missing_before_next_label,No accepted value for depth_kickoff_mtvd,957.0
5788,reports,plug_back_depth_mmd,info,value_missing_before_next_label,No accepted value for plug_back_depth_mmd,957.0
5789,reports,depth_kickoff_mmd,info,value_missing_before_next_label,No accepted value for depth_kickoff_mmd,958.0
5790,reports,depth_kickoff_mtvd,info,value_missing_before_next_label,No accepted value for depth_kickoff_mtvd,958.0
5791,reports,plug_back_depth_mmd,info,value_missing_before_next_label,No accepted value for plug_back_depth_mmd,958.0
5792,reports,depth_kickoff_mmd,info,value_missing_before_next_label,No accepted value for depth_kickoff_mmd,959.0
5793,reports,depth_kickoff_mtvd,info,value_missing_before_next_label,No accepted value for depth_kickoff_mtvd,959.0
5794,reports,plug_back_depth_mmd,info,value_missing_before_next_label,No accepted value for plug_back_depth_mmd,959.0
5795,reports,depth_kickoff_mmd,info,value_missing_before_next_label,No accepted value for depth_kickoff_mmd,960.0
5796,reports,depth_kickoff_mtvd,info,value_missing_before_next_label,No accepted value for depth_kickoff_mtvd,960.0
5797,reports,plug_back_depth_mmd,info,value_missing_before_next_label,No accepted value for plug_back_depth_mmd,960.0
5798,reports,depth_kickoff_mmd,info,value_missing_before_next_label,No accepted value for depth_kickoff_mmd,961.0
5799,reports,depth_kickoff_mtvd,info,value_missing_before_next_label,No accepted value for depth_kickoff_mtvd,961.0
5800,reports,plug_back_depth_mmd,info,value_missing_before_next_label,No accepted value for plug_back_depth_mmd,961.0
5801,reports,depth_kickoff_mmd,info,value_missing_before_next_label,No accepted value for depth_kickoff_mmd,962.0
5802,reports,depth_kickoff_mtvd,info,value_missing_before_next_label,No accepted value for depth_kickoff_mtvd,962.0
5803,reports,plug_back_depth_mmd,info,value_missing_before_next_label,No accepted value for plug_back_depth_mmd,962.0
5804,reports,depth_kickoff_mmd,info,value_missing_before_next_label,No accepted value for depth_kickoff_mmd,963.0
5805,reports,depth_kickoff_mtvd,info,value_missing_before_next_label,No accepted value for depth_kickoff_mtvd,963.0
5806,reports,plug_back_depth_mmd,info,value_missing_before_next_label,No accepted value for plug_back_depth_mmd,963.0
5807,reports,depth_kickoff_mmd,info,value_missing_before_next_label,No accepted value for depth_kickoff_mmd,964.0
5808,reports,depth_kickoff_mtvd,info,value_missing_before_next_label,No accepted value for depth_kickoff_mtvd,964.0
5809,reports,plug_back_depth_mmd,info,value_missing_before_next_label,No accepted value for plug_back_depth_mmd,964.0
5810,reports,depth_kickoff_mmd,info,value_missing_before_next_label,No accepted value for depth_kickoff_mmd,965.0
5811,reports,depth_kickoff_mtvd,info,value_missing_before_next_label,No accepted value for depth_kickoff_mtvd,965.0
5812,reports,plug_back_depth_mmd,info,value_missing_before_next_label,No accepted value for plug_back_depth_mmd,965.0
5813,reports,depth_kickoff_mmd,info,value_missing_before_next_label,No accepted value for depth_kickoff_mmd,966.0
5814,reports,depth_kickoff_mtvd,info,value_missing_before_next_label,No accepted value for depth_kickoff_mtvd,966.0
5815,reports,plug_back_depth_mmd,info,value_missing_before_next_label,No accepted value for plug_back_depth_mmd,966.0
5816,reports,depth_kickoff_mmd,info,value_missing_before_next_label,No accepted value for depth_kickoff_mmd,967.0
5817,reports,depth_kickoff_mtvd,info,value_missing_before_next_label,No accepted value for depth_kickoff_mtvd,967.0
5818,reports,plug_back_depth_mmd,info,value_missing_before_next_label,No accepted value for plug_back_depth_mmd,967.0
5819,reports,depth_kickoff_mmd,info,value_missing_before_next_label,No accepted value for depth_kickoff_mmd,968.0
5820,reports,depth_kickoff_mtvd,info,value_missing_before_next_label,No accepted value for depth_kickoff_mtvd,968.0
5821,reports,plug_back_depth_mmd,info,value_missing_before_next_label,No accepted value for plug_back_depth_mmd,968.0
5822,reports,depth_kickoff_mmd,info,value_missing_before_next_label,No accepted value for depth_kickoff_mmd,969.0
5823,reports,depth_kickoff_mtvd,info,value_missing_before_next_label,No accepted value for depth_kickoff_mtvd,969.0
5824,reports,plug_back_depth_mmd,info,value_missing_before_next_label,No accepted value for plug_back_depth_mmd,969.0
5825,reports,depth_kickoff_mmd,info,value_missing_before_next_label,No accepted value for depth_kickoff_mmd,970.0
5826,reports,depth_kickoff_mtvd,info,value_missing_before_next_label,No accepted value for depth_kickoff_mtvd,970.0
5827,reports,plug_back_depth_mmd,info,value_missing_before_next_label,No accepted value for plug_back_depth_mmd,970.0
5828,reports,depth_kickoff_mmd,info,value_missing_before_next_label,No accepted value for depth_kickoff_mmd,971.0
5829,reports,depth_kickoff_mtvd,info,value_missing_before_next_label,No accepted value for depth_kickoff_mtvd,971.0
5830,reports,plug_back_depth_mmd,info,value_missing_before_next_label,No accepted value for plug_back_depth_mmd,971.0
5831,reports,depth_kickoff_mmd,info,value_missing_before_next_label,No accepted value for depth_kickoff_mmd,972.0
5832,reports,depth_kickoff_mtvd,info,value_missing_before_next_label,No accepted value for depth_kickoff_mtvd,972.0
5833,reports,plug_back_depth_mmd,info,value_missing_before_next_label,No accepted value for plug_back_depth_mmd,972.0
5834,reports,depth_kickoff_mmd,info,value_missing_before_next_label,No accepted value for depth_kickoff_mmd,973.0
5835,reports,depth_kickoff_mtvd,info,value_missing_before_next_label,No accepted value for depth_kickoff_mtvd,973.0
5836,reports,plug_back_depth_mmd,info,value_missing_before_next_label,No accepted value for plug_back_depth_mmd,973.0
5837,reports,depth_kickoff_mmd,info,value_missing_before_next_label,No accepted value for depth_kickoff_mmd,974.0
5838,reports,depth_kickoff_mtvd,info,value_missing_before_next_label,No accepted value for depth_kickoff_mtvd,974.0
5839,reports,plug_back_depth_mmd,info,value_missing_before_next_label,No accepted value for plug_back_depth_mmd,974.0
5840,reports,depth_kickoff_mmd,info,value_missing_before_next_label,No accepted value for depth_kickoff_mmd,975.0
5841,reports,depth_kickoff_mtvd,info,value_missing_before_next_label,No accepted value for depth_kickoff_mtvd,975.0
5842,reports,plug_back_depth_mmd,info,value_missing_before_next_label,No accepted value for plug_back_depth_mmd,975.0
5843,reports,depth_kickoff_mmd,info,value_missing_before_next_label,No accepted value for depth_kickoff_mmd,976.0
5844,reports,depth_kickoff_mtvd,info,value_missing_before_next_label,No accepted value for depth_kickoff_mtvd,976.0
5845,reports,plug_back_depth_mmd,info,value_missing_before_next_label,No accepted value for plug_back_depth_mmd,976.0
5846,reports,depth_kickoff_mmd,info,value_missing_before_next_label,No accepted value for depth_kickoff_mmd,977.0
5847,reports,depth_kickoff_mtvd,info,value_missing_before_next_label,No accepted value for depth_kickoff_mtvd,977.0
5848,reports,plug_back_depth_mmd,info,value_missing_before_next_label,No accepted value for plug_back_depth_mmd,977.0
5849,reports,depth_kickoff_mmd,info,value_missing_before_next_label,No accepted value for depth_kickoff_mmd,978.0
5850,reports,depth_kickoff_mtvd,info,value_missing_before_next_label,No accepted value for depth_kickoff_mtvd,978.0
5851,reports,plug_back_depth_mmd,info,value_missing_before_next_label,No accepted value for plug_back_depth_mmd,978.0
5852,reports,depth_current_mtvd,info,value_missing_before_next_label,No accepted value for depth_current_mtvd,979.0
5853,reports,depth_kickoff_mmd,info,value_missing_before_next_label,No accepted value for depth_kickoff_mmd,979.0
5854,reports,depth_kickoff_mtvd,info,value_missing_before_next_label,No accepted value for depth_kickoff_mtvd,979.0
5855,reports,plug_back_depth_mmd,info,value_missing_before_next_label,No accepted value for plug_back_depth_mmd,979.0
5856,reports,depth_kickoff_mmd,info,value_missing_before_next_label,No accepted value for depth_kickoff_mmd,980.0
5857,reports,depth_kickoff_mtvd,info,value_missing_before_next_label,No accepted value for depth_kickoff_mtvd,980.0
5858,reports,depth_kickoff_mmd,info,value_missing_before_next_label,No accepted value for depth_kickoff_mmd,981.0
5859,reports,depth_kickoff_mtvd,info,value_missing_before_next_label,No accepted value for depth_kickoff_mtvd,981.0
5860,reports,depth_kickoff_mmd,info,value_missing_before_next_label,No accepted value for depth_kickoff_mmd,982.0
5861,reports,depth_kickoff_mtvd,info,value_missing_before_next_label,No accepted value for depth_kickoff_mtvd,982.0
5862,reports,depth_kickoff_mmd,info,value_missing_before_next_label,No accepted value for depth_kickoff_mmd,983.0
5863,reports,depth_kickoff_mtvd,info,value_missing_before_next_label,No accepted value for depth_kickoff_mtvd,983.0
5864,reports,depth_kickoff_mmd,info,value_missing_before_next_label,No accepted value for depth_kickoff_mmd,984.0
5865,reports,depth_kickoff_mtvd,info,value_missing_before_next_label,No accepted value for depth_kickoff_mtvd,984.0
5866,reports,depth_kickoff_mmd,info,value_missing_before_next_label,No accepted value for depth_kickoff_mmd,985.0
5867,reports,depth_kickoff_mtvd,info,value_missing_before_next_label,No accepted value for depth_kickoff_mtvd,985.0
5868,reports,depth_kickoff_mmd,info,value_missing_before_next_label,No accepted value for depth_kickoff_mmd,986.0
5869,reports,depth_kickoff_mtvd,info,value_missing_before_next_label,No accepted value for depth_kickoff_mtvd,986.0
5870,reports,depth_kickoff_mmd,info,value_missing_before_next_label,No accepted value for depth_kickoff_mmd,987.0
5871,reports,depth_kickoff_mtvd,info,value_missing_before_next_label,No accepted value for depth_kickoff_mtvd,987.0
5872,reports,depth_last_casing_mtvd,info,value_missing_before_next_label,No accepted value for depth_last_casing_mtvd,987.0
5873,reports,plug_back_depth_mmd,info,value_missing_before_next_label,No accepted value for plug_back_depth_mmd,987.0
5874,reports,depth_kickoff_mmd,info,value_missing_before_next_label,No accepted value for depth_kickoff_mmd,988.0
5875,reports,depth_kickoff_mtvd,info,value_missing_before_next_label,No accepted value for depth_kickoff_mtvd,988.0
5876,reports,depth_last_casing_mtvd,info,value_missing_before_next_label,No accepted value for depth_last_casing_mtvd,988.0
5877,reports,plug_back_depth_mmd,info,value_missing_before_next_label,No accepted value for plug_back_depth_mmd,988.0
5878,reports,depth_kickoff_mmd,info,value_missing_before_next_label,No accepted value for depth_kickoff_mmd,989.0
5879,reports,depth_kickoff_mtvd,info,value_missing_before_next_label,No accepted value for depth_kickoff_mtvd,989.0
5880,reports,depth_last_casing_mtvd,info,value_missing_before_next_label,No accepted value for depth_last_casing_mtvd,989.0
5881,reports,plug_back_depth_mmd,info,value_missing_before_next_label,No accepted value for plug_back_depth_mmd,989.0
5882,drilling_fluid,,warning,partial_fluid_row,Partial drilling fluid row retained at row offset 10,989.0
5883,drilling_fluid,,warning,partial_fluid_row,Partial drilling fluid row retained at row offset 11,989.0
5884,drilling_fluid,,warning,partial_fluid_row,Partial drilling fluid row retained at row offset 12,989.0
5885,reports,depth_kickoff_mmd,info,value_missing_before_next_label,No accepted value for depth_kickoff_mmd,990.0
5886,reports,depth_kickoff_mtvd,info,value_missing_before_next_label,No accepted value for depth_kickoff_mtvd,990.0
5887,reports,depth_last_casing_mtvd,info,value_missing_before_next_label,No accepted value for depth_last_casing_mtvd,990.0
5888,reports,plug_back_depth_mmd,info,value_missing_before_next_label,No accepted value for plug_back_depth_mmd,990.0
5889,drilling_fluid,,warning,partial_fluid_row,Partial drilling fluid row retained at row offset 11,990.0
5890,drilling_fluid,,warning,partial_fluid_row,Partial drilling fluid row retained at row offset 12,990.0
5891,drilling_fluid,,warning,partial_fluid_row,Partial drilling fluid row retained at row offset 13,990.0
5892,drilling_fluid,,warning,partial_fluid_row,Partial drilling fluid row retained at row offset 14,990.0
5893,reports,depth_kickoff_mmd,info,value_missing_before_next_label,No accepted value for depth_kickoff_mmd,991.0
5894,reports,depth_kickoff_mtvd,info,value_missing_before_next_label,No accepted value for depth_kickoff_mtvd,991.0
5895,reports,depth_last_casing_mtvd,info,value_missing_before_next_label,No accepted value for depth_last_casing_mtvd,991.0
5896,reports,plug_back_depth_mmd,info,value_missing_before_next_label,No accepted value for plug_back_depth_mmd,991.0
5897,drilling_fluid,,warning,partial_fluid_row,Partial drilling fluid row retained at row offset 11,991.0
5898,drilling_fluid,,warning,partial_fluid_row,Partial drilling fluid row retained at row offset 12,991.0
5899,drilling_fluid,,warning,partial_fluid_row,Partial drilling fluid row retained at row offset 13,991.0
5900,drilling_fluid,,warning,partial_fluid_row,Partial drilling fluid row retained at row offset 14,991.0
5901,reports,depth_kickoff_mmd,info,value_missing_before_next_label,No accepted value for depth_kickoff_mmd,992.0
5902,reports,depth_kickoff_mtvd,info,value_missing_before_next_label,No accepted value for depth_kickoff_mtvd,992.0
5903,reports,depth_last_casing_mtvd,info,value_missing_before_next_label,No accepted value for depth_last_casing_mtvd,992.0
5904,reports,plug_back_depth_mmd,info,value_missing_before_next_label,No accepted value for plug_back_depth_mmd,992.0
5905,drilling_fluid,,warning,partial_fluid_row,Partial drilling fluid row retained at row offset 11,992.0
5906,drilling_fluid,,warning,partial_fluid_row,Partial drilling fluid row retained at row offset 12,992.0
5907,drilling_fluid,,warning,partial_fluid_row,Partial drilling fluid row retained at row offset 13,992.0
5908,drilling_fluid,,warning,partial_fluid_row,Partial drilling fluid row retained at row offset 14,992.0
5909,reports,depth_kickoff_mmd,info,value_missing_before_next_label,No accepted value for depth_kickoff_mmd,993.0
5910,reports,depth_kickoff_mtvd,info,value_missing_before_next_label,No accepted value for depth_kickoff_mtvd,993.0
5911,reports,depth_last_casing_mtvd,info,value_missing_before_next_label,No accepted value for depth_last_casing_mtvd,993.0
5912,reports,plug_back_depth_mmd,info,value_missing_before_next_label,No accepted value for plug_back_depth_mmd,993.0
5913,drilling_fluid,,warning,partial_fluid_row,Partial drilling fluid row retained at row offset 11,993.0
5914,drilling_fluid,,warning,partial_fluid_row,Partial drilling fluid row retained at row offset 12,993.0
5915,drilling_fluid,,warning,partial_fluid_row,Partial drilling fluid row retained at row offset 13,993.0
5916,drilling_fluid,,warning,partial_fluid_row,Partial drilling fluid row retained at row offset 14,993.0
5917,reports,depth_kickoff_mmd,info,value_missing_before_next_label,No accepted value for depth_kickoff_mmd,994.0
5918,reports,depth_kickoff_mtvd,info,value_missing_before_next_label,No accepted value for depth_kickoff_mtvd,994.0
5919,reports,plug_back_depth_mmd,info,value_missing_before_next_label,No accepted value for plug_back_depth_mmd,994.0
5920,drilling_fluid,,warning,partial_fluid_row,Partial drilling fluid row retained at row offset 9,994.0
5921,drilling_fluid,,warning,partial_fluid_row,Partial drilling fluid row retained at row offset 10,994.0
5922,reports,depth_kickoff_mmd,info,value_missing_before_next_label,No accepted value for depth_kickoff_mmd,995.0
5923,reports,depth_kickoff_mtvd,info,value_missing_before_next_label,No accepted value for depth_kickoff_mtvd,995.0
5924,reports,plug_back_depth_mmd,info,value_missing_before_next_label,No accepted value for plug_back_depth_mmd,995.0
5925,drilling_fluid,,warning,partial_fluid_row,Partial drilling fluid row retained at row offset 9,995.0
5926,drilling_fluid,,warning,partial_fluid_row,Partial drilling fluid row retained at row offset 10,995.0
5927,reports,depth_kickoff_mmd,info,value_missing_before_next_label,No accepted value for depth_kickoff_mmd,996.0
5928,reports,depth_kickoff_mtvd,info,value_missing_before_next_label,No accepted value for depth_kickoff_mtvd,996.0
5929,reports,plug_back_depth_mmd,info,value_missing_before_next_label,No accepted value for plug_back_depth_mmd,996.0
5930,drilling_fluid,,warning,partial_fluid_row,Partial drilling fluid row retained at row offset 9,996.0
5931,drilling_fluid,,warning,partial_fluid_row,Partial drilling fluid row retained at row offset 10,996.0
5932,reports,depth_kickoff_mmd,info,value_missing_before_next_label,No accepted value for depth_kickoff_mmd,997.0
5933,reports,depth_kickoff_mtvd,info,value_missing_before_next_label,No accepted value for depth_kickoff_mtvd,997.0
5934,reports,plug_back_depth_mmd,info,value_missing_before_next_label,No accepted value for plug_back_depth_mmd,997.0
5935,drilling_fluid,,warning,partial_fluid_row,Partial drilling fluid row retained at row offset 9,997.0
5936,drilling_fluid,,warning,partial_fluid_row,Partial drilling fluid row retained at row offset 10,997.0
5937,reports,depth_kickoff_mmd,info,value_missing_before_next_label,No accepted value for depth_kickoff_mmd,998.0
5938,reports,depth_kickoff_mtvd,info,value_missing_before_next_label,No accepted value for depth_kickoff_mtvd,998.0
5939,reports,plug_back_depth_mmd,info,value_missing_before_next_label,No accepted value for plug_back_depth_mmd,998.0
5940,drilling_fluid,,warning,partial_fluid_row,Partial drilling fluid row retained at row offset 9,998.0
5941,drilling_fluid,,warning,partial_fluid_row,Partial drilling fluid row retained at row offset 10,998.0
5942,reports,depth_kickoff_mmd,info,value_missing_before_next_label,No accepted value for depth_kickoff_mmd,999.0
5943,reports,depth_kickoff_mtvd,info,value_missing_before_next_label,No accepted value for depth_kickoff_mtvd,999.0
5944,reports,plug_back_depth_mmd,info,value_missing_before_next_label,No accepted value for plug_back_depth_mmd,999.0
5945,drilling_fluid,,warning,partial_fluid_row,Partial drilling fluid row retained at row offset 9,999.0
5946,drilling_fluid,,warning,partial_fluid_row,Partial drilling fluid row retained at row offset 10,999.0
5947,reports,depth_kickoff_mmd,info,value_missing_before_next_label,No accepted value for depth_kickoff_mmd,1000.0
5948,reports,depth_kickoff_mtvd,info,value_missing_before_next_label,No accepted value for depth_kickoff_mtvd,1000.0
5949,reports,plug_back_depth_mmd,info,value_missing_before_next_label,No accepted value for plug_back_depth_mmd,1000.0
5950,drilling_fluid,,warning,partial_fluid_row,Partial drilling fluid row retained at row offset 9,1000.0
5951,drilling_fluid,,warning,partial_fluid_row,Partial drilling fluid row retained at row offset 10,1000.0
5952,nds_event_matches,matched,warning,nds_event_unmatched,Event 4 for 15/9-F-13 unmatched: No candidate operations found for this well.,
