report_id,pdf_name,keyword_rank,keyword,tfidf_score
1,15_9_19_A_1980_01_01.pdf,1,dega,0.7694722507567476
1,15_9_19_A_1980_01_01.pdf,2,comment,0.32615812907655867
1,15_9_19_A_1980_01_01.pdf,3,azimuth,0.31793881636179677
1,15_9_19_A_1980_01_01.pdf,4,inclination,0.2738603230641319
1,15_9_19_A_1980_01_01.pdf,5,mmd depth,0.1541734151671612
1,15_9_19_A_1980_01_01.pdf,6,depth mtvd,0.1541734151671612
1,15_9_19_A_1980_01_01.pdf,7,mtvd,0.15209575011262919
1,15_9_19_A_1980_01_01.pdf,8,station,0.14946045594975096
1,15_9_19_A_1980_01_01.pdf,9,depth,0.10706696758000181
1,15_9_19_A_1980_01_01.pdf,10,mtvd depth,0.0905878710701682
1,15_9_19_A_1980_01_01.pdf,11,survey,0.08388782966234855
1,15_9_19_A_1980_01_01.pdf,12,mmd,0.053533483790000905
2,15_9_19_A_1997_07_25.pdf,1,whipstock,0.4843462871598857
2,15_9_19_A_1997_07_25.pdf,2,baker,0.3652527999491993
2,15_9_19_A_1997_07_25.pdf,3,tih,0.35431399746185327
2,15_9_19_A_1997_07_25.pdf,4,set baker,0.24939129273862706
2,15_9_19_A_1997_07_25.pdf,5,windowmaster whipstock,0.24939129273862706
2,15_9_19_A_1997_07_25.pdf,6,windowmaster,0.24939129273862706
2,15_9_19_A_1997_07_25.pdf,7,baker windowmaster,0.24939129273862706
2,15_9_19_A_1997_07_25.pdf,8,whipstock window,0.24217314357994285
2,15_9_19_A_1997_07_25.pdf,9,associated,0.2307837492277265
2,15_9_19_A_1997_07_25.pdf,10,window casing,0.22612069382890057
2,15_9_19_A_1997_07_25.pdf,11,bha tih,0.22194944863536845
2,15_9_19_A_1997_07_25.pdf,12,window,0.16153255544469552
3,15_9_19_A_1997_07_26.pdf,1,whipstock,0.4605926815491558
3,15_9_19_A_1997_07_26.pdf,2,window,0.35842468078105927
3,15_9_19_A_1997_07_26.pdf,3,windowmaster whipstock,0.23716049306593767
3,15_9_19_A_1997_07_26.pdf,4,windowmaster,0.23716049306593767
3,15_9_19_A_1997_07_26.pdf,5,milling,0.1933694875659812
3,15_9_19_A_1997_07_26.pdf,6,milling assembly,0.17092824349706762
3,15_9_19_A_1997_07_26.pdf,7,drilling,0.1603322149030017
3,15_9_19_A_1997_07_26.pdf,8,baker windowmaster,0.15810699537729178
3,15_9_19_A_1997_07_26.pdf,9,hi-vis pill,0.1520082673615072
3,15_9_19_A_1997_07_26.pdf,10,pumped hi-vis,0.15047137621077641
3,15_9_19_A_1997_07_26.pdf,11,hi-vis,0.13372957533642038
3,15_9_19_A_1997_07_26.pdf,12,pill,0.1201086848211175
4,15_9_19_A_1997_07_27.pdf,1,pod,0.25557005765697
4,15_9_19_A_1997_07_27.pdf,2,window,0.2395261642396288
4,15_9_19_A_1997_07_27.pdf,3,drilling,0.20833938798561796
4,15_9_19_A_1997_07_27.pdf,4,yellow pod,0.1903723100205951
4,15_9_19_A_1997_07_27.pdf,5,yellow,0.1903723100205951
4,15_9_19_A_1997_07_27.pdf,6,drilling trip,0.1819425549075937
4,15_9_19_A_1997_07_27.pdf,7,freed,0.17110713710055714
4,15_9_19_A_1997_07_27.pdf,8,fail,0.17013631207518057
4,15_9_19_A_1997_07_27.pdf,9,drilling bha,0.16412555169811605
4,15_9_19_A_1997_07_27.pdf,10,trip,0.15985866371547758
4,15_9_19_A_1997_07_27.pdf,11,milling,0.15076127047441487
4,15_9_19_A_1997_07_27.pdf,12,bha,0.14441379211057392
5,15_9_19_A_1997_07_28.pdf,1,milling,0.3239772495714212
5,15_9_19_A_1997_07_28.pdf,2,whipstock,0.2893842353685141
5,15_9_19_A_1997_07_28.pdf,3,milling bha,0.2607090219420097
5,15_9_19_A_1997_07_28.pdf,4,tih,0.21169334410942497
5,15_9_19_A_1997_07_28.pdf,5,windowmaster whipstock,0.19867303062559763
5,15_9_19_A_1997_07_28.pdf,6,windowmaster,0.19867303062559763
5,15_9_19_A_1997_07_28.pdf,7,pooh milling,0.19867303062559763
5,15_9_19_A_1997_07_28.pdf,8,flowchecked pumped,0.1768119853818751
5,15_9_19_A_1997_07_28.pdf,9,bha tih,0.1768119853818751
5,15_9_19_A_1997_07_28.pdf,10,bridge plug,0.1738060146280065
5,15_9_19_A_1997_07_28.pdf,11,drilling trip,0.16756458263964757
5,15_9_19_A_1997_07_28.pdf,12,bridge,0.1600765956559924
6,15_9_19_A_1997_07_29.pdf,1,whipstock,0.530835277925391
6,15_9_19_A_1997_07_29.pdf,2,interruption sidetra,0.3939912433557906
6,15_9_19_A_1997_07_29.pdf,3,sidetra,0.36443814326692064
6,15_9_19_A_1997_07_29.pdf,4,window,0.29506154734280676
6,15_9_19_A_1997_07_29.pdf,5,tih,0.12944070134778865
6,15_9_19_A_1997_07_29.pdf,6,flow rate,0.1267686369011707
6,15_9_19_A_1997_07_29.pdf,7,interruption,0.09664039398969405
6,15_9_19_A_1997_07_29.pdf,8,reverse circulated,0.0943369501237676
6,15_9_19_A_1997_07_29.pdf,9,drilled formation,0.0943369501237676
6,15_9_19_A_1997_07_29.pdf,10,formation circulated,0.09110953581673016
6,15_9_19_A_1997_07_29.pdf,11,set anchor,0.09110953581673016
6,15_9_19_A_1997_07_29.pdf,12,baker windowmaster,0.09110953581673016
7,15_9_19_A_1997_07_30.pdf,1,drilling,0.31989279907308554
7,15_9_19_A_1997_07_30.pdf,2,window,0.30648187344177674
7,15_9_19_A_1997_07_30.pdf,3,drilling trip,0.27936202425590545
7,15_9_19_A_1997_07_30.pdf,4,trip,0.2454535164303993
7,15_9_19_A_1997_07_30.pdf,5,tih,0.201676035081236
7,15_9_19_A_1997_07_30.pdf,6,tih drilling,0.17514992102616056
7,15_9_19_A_1997_07_30.pdf,7,bha tih,0.16844525895072973
7,15_9_19_A_1997_07_30.pdf,8,finished,0.16008933026629701
7,15_9_19_A_1997_07_30.pdf,9,drilling bha,0.15120304222766298
7,15_9_19_A_1997_07_30.pdf,10,bha,0.13858676889448535
7,15_9_19_A_1997_07_30.pdf,11,bha drilling,0.10379253493261696
7,15_9_19_A_1997_07_30.pdf,12,hole,0.10120809971148113
8,15_9_19_A_1997_07_31.pdf,1,drill drilled/oriented,0.4534797556226835
8,15_9_19_A_1997_07_31.pdf,2,drilled/oriented,0.4534797556226835
8,15_9_19_A_1997_07_31.pdf,3,drilled/oriented hole,0.4534797556226835
8,15_9_19_A_1997_07_31.pdf,4,hole drilling,0.26636873044905296
8,15_9_19_A_1997_07_31.pdf,5,hole,0.23419044356516305
8,15_9_19_A_1997_07_31.pdf,6,drilling,0.1644924044217227
8,15_9_19_A_1997_07_31.pdf,7,drilling drill,0.16140474006592243
8,15_9_19_A_1997_07_31.pdf,8,drill,0.14621318278277098
8,15_9_19_A_1997_07_31.pdf,9,hole problems,0.13509603089230038
8,15_9_19_A_1997_07_31.pdf,10,clean hole,0.11062170280452822
8,15_9_19_A_1997_07_31.pdf,11,continue drilling,0.10963537135348095
8,15_9_19_A_1997_07_31.pdf,12,circulated clean,0.10446395460628441
9,15_9_19_A_1997_08_01.pdf,1,directional,0.24790943302279828
9,15_9_19_A_1997_08_01.pdf,2,gyro,0.22903478602121316
9,15_9_19_A_1997_08_01.pdf,3,degrees,0.2287316464691272
9,15_9_19_A_1997_08_01.pdf,4,inside drillstring,0.1970631925195587
9,15_9_19_A_1997_08_01.pdf,5,insert bit,0.1887386166819973
9,15_9_19_A_1997_08_01.pdf,6,right,0.18539042137256811
9,15_9_19_A_1997_08_01.pdf,7,hole,0.17057291900802377
9,15_9_19_A_1997_08_01.pdf,8,drilling,0.1643084710017356
9,15_9_19_A_1997_08_01.pdf,9,run gyro,0.15694837951097082
9,15_9_19_A_1997_08_01.pdf,10,circulating,0.15465594023935944
9,15_9_19_A_1997_08_01.pdf,11,circulated hole,0.15148000850273566
9,15_9_19_A_1997_08_01.pdf,12,gyro survey,0.14862380367340947
10,15_9_19_A_1997_08_02.pdf,1,window,0.2432007274568222
10,15_9_19_A_1997_08_02.pdf,2,drill fail,0.20426613228832882
10,15_9_19_A_1997_08_02.pdf,3,lost,0.19873023165074666
10,15_9_19_A_1997_08_02.pdf,4,packed-off,0.1623711355455313
10,15_9_19_A_1997_08_02.pdf,5,hole packed-off,0.1623711355455313
10,15_9_19_A_1997_08_02.pdf,6,circulation,0.15589746458045534
10,15_9_19_A_1997_08_02.pdf,7,drilling,0.1523055714240529
10,15_9_19_A_1997_08_02.pdf,8,lost circulation,0.1458447420137849
10,15_9_19_A_1997_08_02.pdf,9,side-entry,0.1458447420137849
10,15_9_19_A_1997_08_02.pdf,10,side-entry sub,0.1458447420137849
10,15_9_19_A_1997_08_02.pdf,11,gyro,0.14153570921926917
10,15_9_19_A_1997_08_02.pdf,12,hole,0.14054435127402035
11,15_9_19_A_1997_08_03.pdf,1,tih,0.28690073976397634
11,15_9_19_A_1997_08_03.pdf,2,drilling,0.21236777575345273
11,15_9_19_A_1997_08_03.pdf,3,activi ties,0.2090945158344404
11,15_9_19_A_1997_08_03.pdf,4,bop activi,0.2090945158344404
11,15_9_19_A_1997_08_03.pdf,5,activi,0.2090945158344404
11,15_9_19_A_1997_08_03.pdf,6,ties,0.2090945158344404
11,15_9_19_A_1997_08_03.pdf,7,continued tih,0.1766650046863122
11,15_9_19_A_1997_08_03.pdf,8,window,0.17439826438332462
11,15_9_19_A_1997_08_03.pdf,9,drilling trip,0.17032090541084877
11,15_9_19_A_1997_08_03.pdf,10,trip,0.15276529010136713
11,15_9_19_A_1997_08_03.pdf,11,bar tested,0.13462737739211086
11,15_9_19_A_1997_08_03.pdf,12,tih drilling,0.1245825808995261
12,15_9_19_A_1997_08_04.pdf,1,window,0.26539794782688664
12,15_9_19_A_1997_08_04.pdf,2,oriented,0.24920807906376882
12,15_9_19_A_1997_08_04.pdf,3,oriented hole,0.20698992717504705
12,15_9_19_A_1997_08_04.pdf,4,drilled oriented,0.19845968899930228
12,15_9_19_A_1997_08_04.pdf,5,drilling,0.18467409169572302
12,15_9_19_A_1997_08_04.pdf,6,trip,0.17712537345186136
12,15_9_19_A_1997_08_04.pdf,7,bit,0.17522406195551876
12,15_9_19_A_1997_08_04.pdf,8,drilling trip,0.17279536937248968
12,15_9_19_A_1997_08_04.pdf,9,hole trip,0.14765911890537678
12,15_9_19_A_1997_08_04.pdf,10,window circulated,0.14142152822332538
12,15_9_19_A_1997_08_04.pdf,11,insert bit,0.14142152822332538
12,15_9_19_A_1997_08_04.pdf,12,rih established,0.14142152822332538
13,15_9_19_A_1997_08_05.pdf,1,short,0.2912871256872163
13,15_9_19_A_1997_08_05.pdf,2,drilling,0.2385234089567053
13,15_9_19_A_1997_08_05.pdf,3,trip,0.22877355183139608
13,15_9_19_A_1997_08_05.pdf,4,clean boosted,0.19071520039142364
13,15_9_19_A_1997_08_05.pdf,5,hole,0.18866086566469784
13,15_9_19_A_1997_08_05.pdf,6,drilling trip,0.1859841309998523
13,15_9_19_A_1997_08_05.pdf,7,tripped,0.16698697716307012
13,15_9_19_A_1997_08_05.pdf,8,itioning,0.15994902140565767
13,15_9_19_A_1997_08_05.pdf,9,circulating cond,0.15994902140565767
13,15_9_19_A_1997_08_05.pdf,10,cond itioning,0.15994902140565767
13,15_9_19_A_1997_08_05.pdf,11,trip circulated,0.15699844410354943
13,15_9_19_A_1997_08_05.pdf,12,cond,0.15699844410354943
14,15_9_19_A_1997_08_06.pdf,1,drilling,0.26932572352896744
14,15_9_19_A_1997_08_06.pdf,2,tih,0.21224510298486618
14,15_9_19_A_1997_08_06.pdf,3,hole,0.19971005297103073
14,15_9_19_A_1997_08_06.pdf,4,drilling hole,0.17293893597435564
14,15_9_19_A_1997_08_06.pdf,5,completed,0.16787476681679325
14,15_9_19_A_1997_08_06.pdf,6,drilled,0.16733324805551103
14,15_9_19_A_1997_08_06.pdf,7,gas,0.15765233973116535
14,15_9_19_A_1997_08_06.pdf,8,hole drag,0.15468516074012525
14,15_9_19_A_1997_08_06.pdf,9,hole hrs,0.1493931399550131
14,15_9_19_A_1997_08_06.pdf,10,completed circulating,0.1493931399550131
14,15_9_19_A_1997_08_06.pdf,11,drill filled,0.14506924413797023
14,15_9_19_A_1997_08_06.pdf,12,circulating bottoms,0.14506924413797023
15,15_9_19_A_1997_08_07.pdf,1,drilled hole,0.26387490992739476
15,15_9_19_A_1997_08_07.pdf,2,hole,0.2464812648868381
15,15_9_19_A_1997_08_07.pdf,3,circulated shakers,0.2238047750936904
15,15_9_19_A_1997_08_07.pdf,4,drilled,0.21512703680057207
15,15_9_19_A_1997_08_07.pdf,5,hole drilling,0.21026125343084973
15,15_9_19_A_1997_08_07.pdf,6,increase,0.20494603269957185
15,15_9_19_A_1997_08_07.pdf,7,drill drilled,0.20421321216545474
15,15_9_19_A_1997_08_07.pdf,8,shakers,0.19494003311697095
15,15_9_19_A_1997_08_07.pdf,9,drilling circulatin,0.19280437416668345
15,15_9_19_A_1997_08_07.pdf,10,circulatin conditioning,0.18360944001225363
15,15_9_19_A_1997_08_07.pdf,11,drilling,0.18178158789645602
15,15_9_19_A_1997_08_07.pdf,12,circulatin,0.17975457576678489
16,15_9_19_A_1997_08_08.pdf,1,hole unable,0.23082792901057939
16,15_9_19_A_1997_08_08.pdf,2,steer,0.2135136333139211
16,15_9_19_A_1997_08_08.pdf,3,stabilizers,0.19758298802782803
16,15_9_19_A_1997_08_08.pdf,4,drilling,0.19246102529502654
16,15_9_19_A_1997_08_08.pdf,5,circ,0.17504152791355976
16,15_9_19_A_1997_08_08.pdf,6,boosted,0.16652556268018284
16,15_9_19_A_1997_08_08.pdf,7,boosted riser,0.16652556268018284
16,15_9_19_A_1997_08_08.pdf,8,flow check,0.15763279723561424
16,15_9_19_A_1997_08_08.pdf,9,drilled hole,0.14667304350522659
16,15_9_19_A_1997_08_08.pdf,10,hole,0.14271344397741717
16,15_9_19_A_1997_08_08.pdf,11,drill drilled,0.1418881268425978
16,15_9_19_A_1997_08_08.pdf,12,circulating conditioning,0.13285956375799815
17,15_9_19_A_1997_08_09.pdf,1,mwd,0.3342792291597953
17,15_9_19_A_1997_08_09.pdf,2,repair fail,0.29574006086941795
17,15_9_19_A_1997_08_09.pdf,3,interruption repair,0.223185898004708
17,15_9_19_A_1997_08_09.pdf,4,fail,0.2132119787110772
17,15_9_19_A_1997_08_09.pdf,5,repair,0.18986591933796199
17,15_9_19_A_1997_08_09.pdf,6,signals,0.17101178852941112
17,15_9_19_A_1997_08_09.pdf,7,btm,0.1706217076401471
17,15_9_19_A_1997_08_09.pdf,8,drilling,0.14919281944850946
17,15_9_19_A_1997_08_09.pdf,9,continue rih,0.14663341684532255
17,15_9_19_A_1997_08_09.pdf,10,signals mwd,0.14314740133492845
17,15_9_19_A_1997_08_09.pdf,11,drilling trip,0.1395963456899212
17,15_9_19_A_1997_08_09.pdf,12,mwd interruption,0.137100399948588
18,15_9_19_A_1997_08_10.pdf,1,repair fail,0.3438591731496592
18,15_9_19_A_1997_08_10.pdf,2,interruption repair,0.2594999071852125
18,15_9_19_A_1997_08_10.pdf,3,repair,0.22075851963011053
18,15_9_19_A_1997_08_10.pdf,4,fail,0.21248842018222436
18,15_9_19_A_1997_08_10.pdf,5,drill corepoint,0.19128918832119193
18,15_9_19_A_1997_08_10.pdf,6,corepoint,0.18474488662011487
18,15_9_19_A_1997_08_10.pdf,7,conditioning circ,0.17487690783463436
18,15_9_19_A_1997_08_10.pdf,8,samples drilling,0.17487690783463436
18,15_9_19_A_1997_08_10.pdf,9,drilling,0.16652889909209595
18,15_9_19_A_1997_08_10.pdf,10,circ,0.15145649823988935
18,15_9_19_A_1997_08_10.pdf,11,csg window,0.1506322726620178
18,15_9_19_A_1997_08_10.pdf,12,samples,0.1426570644772475
19,15_9_19_A_1997_08_11.pdf,1,sample circ,0.2605227488144998
19,15_9_19_A_1997_08_11.pdf,2,sample,0.2532139281009611
19,15_9_19_A_1997_08_11.pdf,3,circulation sample,0.24098105848259135
19,15_9_19_A_1997_08_11.pdf,4,drilling,0.23532181971281665
19,15_9_19_A_1997_08_11.pdf,5,evaluation circulation,0.2281092761219859
19,15_9_19_A_1997_08_11.pdf,6,circ,0.21951079511526778
19,15_9_19_A_1997_08_11.pdf,7,continued drilling,0.19717721644266936
19,15_9_19_A_1997_08_11.pdf,8,drill continued,0.19456090896345513
19,15_9_19_A_1997_08_11.pdf,9,boosted,0.18794821546631016
19,15_9_19_A_1997_08_11.pdf,10,boosted riser,0.18794821546631016
19,15_9_19_A_1997_08_11.pdf,11,riser drilling,0.18608174237826713
19,15_9_19_A_1997_08_11.pdf,12,geological samples,0.1663449596946249
20,15_9_19_A_1997_08_12.pdf,1,trip,0.2786806138612457
20,15_9_19_A_1997_08_12.pdf,2,drilling trip,0.2537434591815492
20,15_9_19_A_1997_08_12.pdf,3,circ,0.18791771210342728
20,15_9_19_A_1997_08_12.pdf,4,formation evaluation,0.17923563112875343
20,15_9_19_A_1997_08_12.pdf,5,evaluation,0.17870311886337653
20,15_9_19_A_1997_08_12.pdf,6,drilling,0.17433444424726346
20,15_9_19_A_1997_08_12.pdf,7,mwd,0.1578227000370621
20,15_9_19_A_1997_08_12.pdf,8,bha bop,0.15587358281585045
20,15_9_19_A_1997_08_12.pdf,9,formation,0.1387901393434409
20,15_9_19_A_1997_08_12.pdf,10,trip continued,0.13820816891095022
20,15_9_19_A_1997_08_12.pdf,11,mwd drilling,0.136956877374085
20,15_9_19_A_1997_08_12.pdf,12,coring,0.13408147962914785
21,15_9_19_A_1997_08_13.pdf,1,formation evaluation,0.31919612018604476
21,15_9_19_A_1997_08_13.pdf,2,evaluation,0.3182477828047476
21,15_9_19_A_1997_08_13.pdf,3,formation,0.24716778533104927
21,15_9_19_A_1997_08_13.pdf,4,evaluation trip,0.23641095955530742
21,15_9_19_A_1997_08_13.pdf,5,core,0.201579058929988
21,15_9_19_A_1997_08_13.pdf,6,coring,0.17908669086987017
21,15_9_19_A_1997_08_13.pdf,7,evaluation cor,0.16549295015741294
21,15_9_19_A_1997_08_13.pdf,8,cont rih,0.1597445328697071
21,15_9_19_A_1997_08_13.pdf,9,cor,0.15850200173851722
21,15_9_19_A_1997_08_13.pdf,10,wash ream,0.15850200173851722
21,15_9_19_A_1997_08_13.pdf,11,cir culating,0.15307940086543598
21,15_9_19_A_1997_08_13.pdf,12,culating,0.15307940086543598
22,15_9_19_A_1997_08_14.pdf,1,core,0.4498031546722941
22,15_9_19_A_1997_08_14.pdf,2,evaluation trip,0.3356989974331981
22,15_9_19_A_1997_08_14.pdf,3,formation evaluation,0.32375166209534867
22,15_9_19_A_1997_08_14.pdf,4,evaluation,0.32278979011757164
22,15_9_19_A_1997_08_14.pdf,5,formation,0.2506953445133136
22,15_9_19_A_1997_08_14.pdf,6,cut core,0.14531408162350523
22,15_9_19_A_1997_08_14.pdf,7,trip,0.1409458999958844
22,15_9_19_A_1997_08_14.pdf,8,btm,0.12004275860586162
22,15_9_19_A_1997_08_14.pdf,9,core recovery,0.11494367586408058
22,15_9_19_A_1997_08_14.pdf,10,cut,0.11101375432665253
22,15_9_19_A_1997_08_14.pdf,11,recovery,0.11054368241925677
22,15_9_19_A_1997_08_14.pdf,12,evaluation core,0.10537032635759107
23,15_9_19_A_1997_08_15.pdf,1,formation evaluation,0.34345859185263916
23,15_9_19_A_1997_08_15.pdf,2,evaluation,0.34243817023413164
23,15_9_19_A_1997_08_15.pdf,3,evaluation trip,0.3052570008184469
23,15_9_19_A_1997_08_15.pdf,4,core,0.2892017596651676
23,15_9_19_A_1997_08_15.pdf,5,formation,0.26595529874128165
23,15_9_19_A_1997_08_15.pdf,6,circ,0.21605732870217942
23,15_9_19_A_1997_08_15.pdf,7,corebarrel,0.18131803405871832
23,15_9_19_A_1997_08_15.pdf,8,gas,0.16223332778979338
23,15_9_19_A_1997_08_15.pdf,9,circ gas,0.14245781080164666
23,15_9_19_A_1997_08_15.pdf,10,core formation,0.13643993991206602
23,15_9_19_A_1997_08_15.pdf,11,evaluation circ,0.1317721166090463
23,15_9_19_A_1997_08_15.pdf,12,trip,0.12816458505796416
24,15_9_19_A_1997_08_16.pdf,1,core,0.415228930893774
24,15_9_19_A_1997_08_16.pdf,2,formation evaluation,0.30135696898364706
24,15_9_19_A_1997_08_16.pdf,3,evaluation,0.300461632039592
24,15_9_19_A_1997_08_16.pdf,4,evaluation trip,0.2840707981447249
24,15_9_19_A_1997_08_16.pdf,5,formation,0.2333541353019937
24,15_9_19_A_1997_08_16.pdf,6,gas,0.2218387715650333
24,15_9_19_A_1997_08_16.pdf,7,circ,0.1436157019094607
24,15_9_19_A_1997_08_16.pdf,8,ppm,0.13374764121150276
24,15_9_19_A_1997_08_16.pdf,9,corebarrel,0.13016603619758424
24,15_9_19_A_1997_08_16.pdf,10,evaluation circulating,0.12855073131875605
24,15_9_19_A_1997_08_16.pdf,11,cut core,0.12296577429210577
24,15_9_19_A_1997_08_16.pdf,12,trip,0.11926938898596169
25,15_9_19_A_1997_08_17.pdf,1,formation evaluation,0.33007457355425013
25,15_9_19_A_1997_08_17.pdf,2,evaluation,0.3290939160934553
25,15_9_19_A_1997_08_17.pdf,3,evaluation trip,0.3259573732215675
25,15_9_19_A_1997_08_17.pdf,4,core,0.2779320411747779
25,15_9_19_A_1997_08_17.pdf,5,formation,0.2768907447860112
25,15_9_19_A_1997_08_17.pdf,6,circulated btm,0.14352588838587577
25,15_9_19_A_1997_08_17.pdf,7,circulating conditio,0.14352588838587577
25,15_9_19_A_1997_08_17.pdf,8,gas,0.1392065722788326
25,15_9_19_A_1997_08_17.pdf,9,trip,0.13685580141820483
25,15_9_19_A_1997_08_17.pdf,10,btm,0.13598578785377824
25,15_9_19_A_1997_08_17.pdf,11,conditio ning,0.1342852779220285
25,15_9_19_A_1997_08_17.pdf,12,conditio,0.1342852779220285
26,15_9_19_A_1997_08_18.pdf,1,core,0.4060845691243933
26,15_9_19_A_1997_08_18.pdf,2,evaluation trip,0.30307075731264965
26,15_9_19_A_1997_08_18.pdf,3,formation evaluation,0.29228464238113055
26,15_9_19_A_1997_08_18.pdf,4,evaluation,0.2914162594816532
26,15_9_19_A_1997_08_18.pdf,5,formation,0.22632902837764587
26,15_9_19_A_1997_08_18.pdf,6,corebarrel,0.18516285106592506
26,15_9_19_A_1997_08_18.pdf,7,recovered core,0.15922323056390172
26,15_9_19_A_1997_08_18.pdf,8,core recovery,0.15565760022574443
26,15_9_19_A_1997_08_18.pdf,9,recovery,0.1496990956322411
26,15_9_19_A_1997_08_18.pdf,10,gas,0.14792272942744883
26,15_9_19_A_1997_08_18.pdf,11,rih cut,0.1340036855601498
26,15_9_19_A_1997_08_18.pdf,12,cut core,0.13119028982084366
27,15_9_19_A_1997_08_19.pdf,1,evaluation trip,0.3908010026915283
27,15_9_19_A_1997_08_19.pdf,2,core,0.33322185443363234
27,15_9_19_A_1997_08_19.pdf,3,formation evaluation,0.3297810411861663
27,15_9_19_A_1997_08_19.pdf,4,evaluation,0.32880125581528624
27,15_9_19_A_1997_08_19.pdf,5,formation,0.25536416152753705
27,15_9_19_A_1997_08_19.pdf,6,trip,0.16408091613265066
27,15_9_19_A_1997_08_19.pdf,7,cutted,0.13100649251739876
27,15_9_19_A_1997_08_19.pdf,8,cutted core,0.13100649251739876
27,15_9_19_A_1997_08_19.pdf,9,pumped rotated,0.12652455593040154
27,15_9_19_A_1997_08_19.pdf,10,corebarrel formation,0.119766362745164
27,15_9_19_A_1997_08_19.pdf,11,reamed tight,0.10894038044511685
27,15_9_19_A_1997_08_19.pdf,12,corebarrel,0.10445844385811963
28,15_9_19_A_1997_08_20.pdf,1,uibop,0.35071413948861757
28,15_9_19_A_1997_08_20.pdf,2,core,0.21359407190551363
28,15_9_19_A_1997_08_20.pdf,3,formation evaluation,0.20293298145813424
28,15_9_19_A_1997_08_20.pdf,4,evaluation,0.20233006394114608
28,15_9_19_A_1997_08_20.pdf,5,evaluation trip,0.20040168760603636
28,15_9_19_A_1997_08_20.pdf,6,formation,0.1833300631279561
28,15_9_19_A_1997_08_20.pdf,7,bop,0.1730864063335056
28,15_9_19_A_1997_08_20.pdf,8,actuator,0.15870382108319386
28,15_9_19_A_1997_08_20.pdf,9,pod,0.1345171229221519
28,15_9_19_A_1997_08_20.pdf,10,bop activities,0.13039109934569867
28,15_9_19_A_1997_08_20.pdf,11,test plug,0.12288423791743262
28,15_9_19_A_1997_08_20.pdf,12,core recovery,0.12008104551437289
29,15_9_19_A_1997_08_21.pdf,1,uibop,0.280357828967659
29,15_9_19_A_1997_08_21.pdf,2,mwd,0.23807068310452942
29,15_9_19_A_1997_08_21.pdf,3,drilling,0.23375834737108575
29,15_9_19_A_1997_08_21.pdf,4,drilling trip,0.16404179766229082
29,15_9_19_A_1997_08_21.pdf,5,wireline logs,0.1401789144838295
29,15_9_19_A_1997_08_21.pdf,6,continued,0.13721450256691903
29,15_9_19_A_1997_08_21.pdf,7,assemble,0.13425731142073158
29,15_9_19_A_1997_08_21.pdf,8,rih current,0.13425731142073158
29,15_9_19_A_1997_08_21.pdf,9,mwd bit,0.1296641592450977
29,15_9_19_A_1997_08_21.pdf,10,intervall,0.1296641592450977
29,15_9_19_A_1997_08_21.pdf,11,new mwd,0.1296641592450977
29,15_9_19_A_1997_08_21.pdf,12,adjust,0.1296641592450977
30,15_9_19_A_1997_08_22.pdf,1,r/u atlas,0.22575714244388884
30,15_9_19_A_1997_08_22.pdf,2,log,0.2227007346438792
30,15_9_19_A_1997_08_22.pdf,3,logs,0.20755806660311044
30,15_9_19_A_1997_08_22.pdf,4,atlas,0.1714619987792448
30,15_9_19_A_1997_08_22.pdf,5,hole,0.14230284424073744
30,15_9_19_A_1997_08_22.pdf,6,formation evaluation,0.13872833580882216
30,15_9_19_A_1997_08_22.pdf,7,evaluation,0.13831617144223785
30,15_9_19_A_1997_08_22.pdf,8,hole run,0.13777560272809905
30,15_9_19_A_1997_08_22.pdf,9,tool stood,0.13777560272809905
30,15_9_19_A_1997_08_22.pdf,10,wireline,0.13440165900388787
30,15_9_19_A_1997_08_22.pdf,11,drillpipe operations,0.1330620843154093
30,15_9_19_A_1997_08_22.pdf,12,mud logging,0.1330620843154093
31,15_9_19_A_1997_08_23.pdf,1,logs drill,0.2865915386902111
31,15_9_19_A_1997_08_23.pdf,2,vsp,0.24996088608103234
31,15_9_19_A_1997_08_23.pdf,3,logs,0.2361340546088276
31,15_9_19_A_1997_08_23.pdf,4,tool stood,0.23511621757807558
31,15_9_19_A_1997_08_23.pdf,5,run logs,0.2270725247998751
31,15_9_19_A_1997_08_23.pdf,6,run,0.20106086957879632
31,15_9_19_A_1997_08_23.pdf,7,r/u,0.18134161913849822
31,15_9_19_A_1997_08_23.pdf,8,stood,0.18089848902150107
31,15_9_19_A_1997_08_23.pdf,9,drill pipe,0.17390572666248558
31,15_9_19_A_1997_08_23.pdf,10,r/u run,0.1690568481784202
31,15_9_19_A_1997_08_23.pdf,11,log,0.16890768061990205
31,15_9_19_A_1997_08_23.pdf,12,logged,0.15692797739620346
32,15_9_19_A_1997_08_24.pdf,1,drill pipe,0.36728520395985126
32,15_9_19_A_1997_08_24.pdf,2,log,0.26754707759250845
32,15_9_19_A_1997_08_24.pdf,3,evaluation log,0.236039046161242
32,15_9_19_A_1997_08_24.pdf,4,pipe,0.2064490072379524
32,15_9_19_A_1997_08_24.pdf,5,hole drill,0.18799560272725044
32,15_9_19_A_1997_08_24.pdf,6,finished,0.18028018725052955
32,15_9_19_A_1997_08_24.pdf,7,formation evaluation,0.16666474353699504
32,15_9_19_A_1997_08_24.pdf,8,evaluation,0.16616957960346002
32,15_9_19_A_1997_08_24.pdf,9,drill,0.1601034768412123
32,15_9_19_A_1997_08_24.pdf,10,log finished,0.15985745109410743
32,15_9_19_A_1997_08_24.pdf,11,drive formation,0.15985745109410743
32,15_9_19_A_1997_08_24.pdf,12,began rih,0.15985745109410743
33,15_9_19_A_1997_08_25.pdf,1,drill pipe,0.3932180642910424
33,15_9_19_A_1997_08_25.pdf,2,formation evaluation,0.29738736696811435
33,15_9_19_A_1997_08_25.pdf,3,evaluation,0.29650382378263634
33,15_9_19_A_1997_08_25.pdf,4,hole vsp,0.23627601953918198
33,15_9_19_A_1997_08_25.pdf,5,formation,0.23028029550014087
33,15_9_19_A_1997_08_25.pdf,6,logging hole,0.2281926481256462
33,15_9_19_A_1997_08_25.pdf,7,pipe,0.22102572639922882
33,15_9_19_A_1997_08_25.pdf,8,pipe formation,0.21116677451860053
33,15_9_19_A_1997_08_25.pdf,9,logged hole,0.20690008602226287
33,15_9_19_A_1997_08_25.pdf,10,hole drill,0.20126938467066027
33,15_9_19_A_1997_08_25.pdf,11,vsp,0.18839543634660524
33,15_9_19_A_1997_08_25.pdf,12,logging,0.18005455481692859
34,15_9_19_A_1997_08_26.pdf,1,evaluati log,0.39148707604060023
34,15_9_19_A_1997_08_26.pdf,2,evaluati,0.3549575780583662
34,15_9_19_A_1997_08_26.pdf,3,formation evaluati,0.3549575780583662
34,15_9_19_A_1997_08_26.pdf,4,log,0.30576765184696375
34,15_9_19_A_1997_08_26.pdf,5,drill pipe,0.22486817096591044
34,15_9_19_A_1997_08_26.pdf,6,hole drill,0.18415869467818502
34,15_9_19_A_1997_08_26.pdf,7,logging,0.16474741968434564
34,15_9_19_A_1997_08_26.pdf,8,formation,0.15802745670487447
34,15_9_19_A_1997_08_26.pdf,9,logging hole,0.1565948304162401
34,15_9_19_A_1997_08_26.pdf,10,continued logging,0.14491100180877495
34,15_9_19_A_1997_08_26.pdf,11,log pooh,0.13936387228426397
34,15_9_19_A_1997_08_26.pdf,12,wet connector,0.13699455482352965
35,15_9_19_A_1997_08_27.pdf,1,drill pipe,0.313731915615057
35,15_9_19_A_1997_08_27.pdf,2,logging tools,0.2520281967314568
35,15_9_19_A_1997_08_27.pdf,3,log,0.22853645141524245
35,15_9_19_A_1997_08_27.pdf,4,logging,0.2154867700436599
35,15_9_19_A_1997_08_27.pdf,5,tools,0.21291097475699408
35,15_9_19_A_1997_08_27.pdf,6,evaluation log,0.20162255738516546
35,15_9_19_A_1997_08_27.pdf,7,industrial,0.19388287441257326
35,15_9_19_A_1997_08_27.pdf,8,industrial action,0.19388287441257326
35,15_9_19_A_1997_08_27.pdf,9,rih logging,0.17918650373433762
35,15_9_19_A_1997_08_27.pdf,10,tools drill,0.17918650373433762
35,15_9_19_A_1997_08_27.pdf,11,formation evaluation,0.1779545183539076
35,15_9_19_A_1997_08_27.pdf,12,evaluation,0.17742581229749507
36,15_9_19_A_1997_08_28.pdf,1,suspended industrial,0.2987300876329309
36,15_9_19_A_1997_08_28.pdf,2,industrial action,0.27309956438676986
36,15_9_19_A_1997_08_28.pdf,3,industrial,0.27309956438676986
36,15_9_19_A_1997_08_28.pdf,4,logging,0.25294198541403506
36,15_9_19_A_1997_08_28.pdf,5,rih logging,0.25239854867069395
36,15_9_19_A_1997_08_28.pdf,6,tools drill,0.25239854867069395
36,15_9_19_A_1997_08_28.pdf,7,action,0.22984301991040954
36,15_9_19_A_1997_08_28.pdf,8,drill pipe,0.22095827119412298
36,15_9_19_A_1997_08_28.pdf,9,logging tools,0.21300114602410844
36,15_9_19_A_1997_08_28.pdf,10,operations suspended,0.2007145978373797
36,15_9_19_A_1997_08_28.pdf,11,suspended,0.1839764617411058
36,15_9_19_A_1997_08_28.pdf,12,log continued,0.168265699113796
37,15_9_19_A_1997_08_29.pdf,1,suspended industrial,0.24686357412258988
37,15_9_19_A_1997_08_29.pdf,2,industrial action,0.22568310775137476
37,15_9_19_A_1997_08_29.pdf,3,industrial,0.22568310775137476
37,15_9_19_A_1997_08_29.pdf,4,formation evaluation,0.20714221852853074
37,15_9_19_A_1997_08_29.pdf,5,evaluation,0.20652679529293208
37,15_9_19_A_1997_08_29.pdf,6,pipe pooh,0.18993690870513605
37,15_9_19_A_1997_08_29.pdf,7,action,0.18993690870513605
37,15_9_19_A_1997_08_29.pdf,8,logging tools,0.1760191770985261
37,15_9_19_A_1997_08_29.pdf,9,evaluation log,0.1760191770985261
37,15_9_19_A_1997_08_29.pdf,10,stuck,0.17321432161395928
37,15_9_19_A_1997_08_29.pdf,11,work stuck,0.17183455401128309
37,15_9_19_A_1997_08_29.pdf,12,operations suspended,0.16586586036019926
38,15_9_19_A_1997_08_30.pdf,1,evaluati log,0.31703294357687545
38,15_9_19_A_1997_08_30.pdf,2,evaluati,0.2874507300595839
38,15_9_19_A_1997_08_30.pdf,3,formation evaluati,0.2874507300595839
38,15_9_19_A_1997_08_30.pdf,4,pooh wireline,0.2200338989703265
38,15_9_19_A_1997_08_30.pdf,5,atlas,0.20426217755505102
38,15_9_19_A_1997_08_30.pdf,6,log,0.17686848913204498
38,15_9_19_A_1997_08_30.pdf,7,logging tools,0.17554425777013785
38,15_9_19_A_1997_08_30.pdf,8,logging,0.16676910492635996
38,15_9_19_A_1997_08_30.pdf,9,l/d logging,0.16413167248466556
38,15_9_19_A_1997_08_30.pdf,10,pipe,0.15353789270191937
38,15_9_19_A_1997_08_30.pdf,11,wiper trip,0.12924685947576975
38,15_9_19_A_1997_08_30.pdf,12,formation,0.12797334275197847
39,15_9_19_A_1997_08_31.pdf,1,casing,0.39249260566796224
39,15_9_19_A_1997_08_31.pdf,2,trip condition,0.27967755414678425
39,15_9_19_A_1997_08_31.pdf,3,condition hole,0.27967755414678425
39,15_9_19_A_1997_08_31.pdf,4,drilling casing,0.2796478193612315
39,15_9_19_A_1997_08_31.pdf,5,running casing,0.2613697322792759
39,15_9_19_A_1997_08_31.pdf,6,condition,0.23106798159314595
39,15_9_19_A_1997_08_31.pdf,7,wiper trip,0.2109310286102539
39,15_9_19_A_1997_08_31.pdf,8,hole running,0.1864517027645228
39,15_9_19_A_1997_08_31.pdf,9,drilling,0.174893357967403
39,15_9_19_A_1997_08_31.pdf,10,rih wiper,0.17246604717835484
39,15_9_19_A_1997_08_31.pdf,11,wiper,0.167561271018566
39,15_9_19_A_1997_08_31.pdf,12,casing circulated,0.13190189013489192
40,15_9_19_A_1997_09_01.pdf,1,casing,0.5397045489550244
40,15_9_19_A_1997_09_01.pdf,2,drilling casing,0.3296015510721817
40,15_9_19_A_1997_09_01.pdf,3,ran casing,0.22461769865552386
40,15_9_19_A_1997_09_01.pdf,4,drilling,0.19595521784940922
40,15_9_19_A_1997_09_01.pdf,5,casing ran,0.17366427224112535
40,15_9_19_A_1997_09_01.pdf,6,casing finished,0.16370236265985447
40,15_9_19_A_1997_09_01.pdf,7,casing drilling,0.1618022964396926
40,15_9_19_A_1997_09_01.pdf,8,r/u,0.15151341820992537
40,15_9_19_A_1997_09_01.pdf,9,casing fail,0.1433494308158296
40,15_9_19_A_1997_09_01.pdf,10,wear,0.14058915159380767
40,15_9_19_A_1997_09_01.pdf,11,weatherford,0.12595264741609602
40,15_9_19_A_1997_09_01.pdf,12,ran,0.11709869476550425
41,15_9_19_A_1997_09_02.pdf,1,casing,0.48347439697687156
41,15_9_19_A_1997_09_02.pdf,2,running casing,0.28171200015562115
41,15_9_19_A_1997_09_02.pdf,3,drilling casing,0.2152947579125002
41,15_9_19_A_1997_09_02.pdf,4,casing drilling,0.1902398063086619
41,15_9_19_A_1997_09_02.pdf,5,running,0.17154238856073337
41,15_9_19_A_1997_09_02.pdf,6,continued running,0.1464939232724379
41,15_9_19_A_1997_09_02.pdf,7,casing circulated,0.14216774440623972
41,15_9_19_A_1997_09_02.pdf,8,casing continued,0.12308617222230137
41,15_9_19_A_1997_09_02.pdf,9,seal assembly,0.11914574248875935
41,15_9_19_A_1997_09_02.pdf,10,drill pipe,0.10677368261514417
41,15_9_19_A_1997_09_02.pdf,11,drilling,0.1047251196764121
41,15_9_19_A_1997_09_02.pdf,12,finished running,0.10048157003522297
42,15_9_19_A_1997_09_03.pdf,1,seal assembly,0.32925274415618216
42,15_9_19_A_1997_09_03.pdf,2,seal,0.2728456471735704
42,15_9_19_A_1997_09_03.pdf,3,epair,0.2621484037695178
42,15_9_19_A_1997_09_03.pdf,4,interruption epair,0.2621484037695178
42,15_9_19_A_1997_09_03.pdf,5,epair fail,0.24941308616072763
42,15_9_19_A_1997_09_03.pdf,6,assembly,0.21126000077003504
42,15_9_19_A_1997_09_03.pdf,7,drilling casin,0.1621866057616296
42,15_9_19_A_1997_09_03.pdf,8,casin,0.15935345220607028
42,15_9_19_A_1997_09_03.pdf,9,tool,0.13501668602034786
42,15_9_19_A_1997_09_03.pdf,10,hangoff tool,0.12842351357391812
42,15_9_19_A_1997_09_03.pdf,11,hangoff,0.11884159878287584
42,15_9_19_A_1997_09_03.pdf,12,fail,0.11816731715962377
43,15_9_19_A_1997_09_04.pdf,1,strike,0.31470311800333994
43,15_9_19_A_1997_09_04.pdf,2,ofs strike,0.31470311800333994
43,15_9_19_A_1997_09_04.pdf,3,ofs,0.3084970397197773
43,15_9_19_A_1997_09_04.pdf,4,hang-off-tool,0.22464909165550742
43,15_9_19_A_1997_09_04.pdf,5,rams,0.20404683759678566
43,15_9_19_A_1997_09_04.pdf,6,waiting ofs,0.15958118829364565
43,15_9_19_A_1997_09_04.pdf,7,strike operations,0.15844895183240115
43,15_9_19_A_1997_09_04.pdf,8,suspended ofs,0.15735155900166997
43,15_9_19_A_1997_09_04.pdf,9,continue waiting,0.15735155900166997
43,15_9_19_A_1997_09_04.pdf,10,operations suspended,0.15628692910663158
43,15_9_19_A_1997_09_04.pdf,11,suspended,0.14325373711341657
43,15_9_19_A_1997_09_04.pdf,12,drilling trip,0.14210496197608075
44,15_9_19_A_1997_09_05.pdf,1,strike,0.4265354811421609
44,15_9_19_A_1997_09_05.pdf,2,ofs strike,0.4265354811421609
44,15_9_19_A_1997_09_05.pdf,3,ofs,0.41812402146714994
44,15_9_19_A_1997_09_05.pdf,4,suspended ofs,0.2559212886852965
44,15_9_19_A_1997_09_05.pdf,5,operations suspended,0.2541897427353246
44,15_9_19_A_1997_09_05.pdf,6,suspended,0.23299216889653548
44,15_9_19_A_1997_09_05.pdf,7,interruption operations,0.1742996770993504
44,15_9_19_A_1997_09_05.pdf,8,waiting ofs,0.17303174969965318
44,15_9_19_A_1997_09_05.pdf,9,strike operations,0.17180408083681464
44,15_9_19_A_1997_09_05.pdf,10,continue waiting,0.17061419245686435
44,15_9_19_A_1997_09_05.pdf,11,waiting,0.11911548352684197
44,15_9_19_A_1997_09_05.pdf,12,continue,0.1050153465018611
45,15_9_19_A_1997_09_06.pdf,1,strike,0.4265354811421609
45,15_9_19_A_1997_09_06.pdf,2,ofs strike,0.4265354811421609
45,15_9_19_A_1997_09_06.pdf,3,ofs,0.41812402146714994
45,15_9_19_A_1997_09_06.pdf,4,suspended ofs,0.2559212886852965
45,15_9_19_A_1997_09_06.pdf,5,operations suspended,0.2541897427353246
45,15_9_19_A_1997_09_06.pdf,6,suspended,0.23299216889653548
45,15_9_19_A_1997_09_06.pdf,7,interruption operations,0.1742996770993504
45,15_9_19_A_1997_09_06.pdf,8,waiting ofs,0.17303174969965318
45,15_9_19_A_1997_09_06.pdf,9,strike operations,0.17180408083681464
45,15_9_19_A_1997_09_06.pdf,10,continue waiting,0.17061419245686435
45,15_9_19_A_1997_09_06.pdf,11,waiting,0.11911548352684197
45,15_9_19_A_1997_09_06.pdf,12,continue,0.1050153465018611
46,15_9_19_A_1997_09_07.pdf,1,strike,0.4265354811421609
46,15_9_19_A_1997_09_07.pdf,2,ofs strike,0.4265354811421609
46,15_9_19_A_1997_09_07.pdf,3,ofs,0.41812402146714994
46,15_9_19_A_1997_09_07.pdf,4,suspended ofs,0.2559212886852965
46,15_9_19_A_1997_09_07.pdf,5,operations suspended,0.2541897427353246
46,15_9_19_A_1997_09_07.pdf,6,suspended,0.23299216889653548
46,15_9_19_A_1997_09_07.pdf,7,interruption operations,0.1742996770993504
46,15_9_19_A_1997_09_07.pdf,8,waiting ofs,0.17303174969965318
46,15_9_19_A_1997_09_07.pdf,9,strike operations,0.17180408083681464
46,15_9_19_A_1997_09_07.pdf,10,continue waiting,0.17061419245686435
46,15_9_19_A_1997_09_07.pdf,11,waiting,0.11911548352684197
46,15_9_19_A_1997_09_07.pdf,12,continue,0.1050153465018611
47,15_9_19_A_1997_09_08.pdf,1,strike,0.4265354811421609
47,15_9_19_A_1997_09_08.pdf,2,ofs strike,0.4265354811421609
47,15_9_19_A_1997_09_08.pdf,3,ofs,0.41812402146714994
47,15_9_19_A_1997_09_08.pdf,4,suspended ofs,0.2559212886852965
47,15_9_19_A_1997_09_08.pdf,5,operations suspended,0.2541897427353246
47,15_9_19_A_1997_09_08.pdf,6,suspended,0.23299216889653548
47,15_9_19_A_1997_09_08.pdf,7,interruption operations,0.1742996770993504
47,15_9_19_A_1997_09_08.pdf,8,waiting ofs,0.17303174969965318
47,15_9_19_A_1997_09_08.pdf,9,strike operations,0.17180408083681464
47,15_9_19_A_1997_09_08.pdf,10,continue waiting,0.17061419245686435
47,15_9_19_A_1997_09_08.pdf,11,waiting,0.11911548352684197
47,15_9_19_A_1997_09_08.pdf,12,continue,0.1050153465018611
48,15_9_19_A_1997_09_09.pdf,1,strike,0.4265354811421609
48,15_9_19_A_1997_09_09.pdf,2,ofs strike,0.4265354811421609
48,15_9_19_A_1997_09_09.pdf,3,ofs,0.41812402146714994
48,15_9_19_A_1997_09_09.pdf,4,suspended ofs,0.2559212886852965
48,15_9_19_A_1997_09_09.pdf,5,operations suspended,0.2541897427353246
48,15_9_19_A_1997_09_09.pdf,6,suspended,0.23299216889653548
48,15_9_19_A_1997_09_09.pdf,7,interruption operations,0.1742996770993504
48,15_9_19_A_1997_09_09.pdf,8,waiting ofs,0.17303174969965318
48,15_9_19_A_1997_09_09.pdf,9,strike operations,0.17180408083681464
48,15_9_19_A_1997_09_09.pdf,10,continue waiting,0.17061419245686435
48,15_9_19_A_1997_09_09.pdf,11,waiting,0.11911548352684197
48,15_9_19_A_1997_09_09.pdf,12,continue,0.1050153465018611
49,15_9_19_A_1997_09_10.pdf,1,strike,0.4265354811421609
49,15_9_19_A_1997_09_10.pdf,2,ofs strike,0.4265354811421609
49,15_9_19_A_1997_09_10.pdf,3,ofs,0.41812402146714994
49,15_9_19_A_1997_09_10.pdf,4,suspended ofs,0.2559212886852965
49,15_9_19_A_1997_09_10.pdf,5,operations suspended,0.2541897427353246
49,15_9_19_A_1997_09_10.pdf,6,suspended,0.23299216889653548
49,15_9_19_A_1997_09_10.pdf,7,interruption operations,0.1742996770993504
49,15_9_19_A_1997_09_10.pdf,8,waiting ofs,0.17303174969965318
49,15_9_19_A_1997_09_10.pdf,9,strike operations,0.17180408083681464
49,15_9_19_A_1997_09_10.pdf,10,continue waiting,0.17061419245686435
49,15_9_19_A_1997_09_10.pdf,11,waiting,0.11911548352684197
49,15_9_19_A_1997_09_10.pdf,12,continue,0.1050153465018611
50,15_9_19_A_1997_09_11.pdf,1,strike,0.4265354811421609
50,15_9_19_A_1997_09_11.pdf,2,ofs strike,0.4265354811421609
50,15_9_19_A_1997_09_11.pdf,3,ofs,0.41812402146714994
50,15_9_19_A_1997_09_11.pdf,4,suspended ofs,0.2559212886852965
50,15_9_19_A_1997_09_11.pdf,5,operations suspended,0.2541897427353246
50,15_9_19_A_1997_09_11.pdf,6,suspended,0.23299216889653548
50,15_9_19_A_1997_09_11.pdf,7,interruption operations,0.1742996770993504
50,15_9_19_A_1997_09_11.pdf,8,waiting ofs,0.17303174969965318
50,15_9_19_A_1997_09_11.pdf,9,strike operations,0.17180408083681464
50,15_9_19_A_1997_09_11.pdf,10,continue waiting,0.17061419245686435
50,15_9_19_A_1997_09_11.pdf,11,waiting,0.11911548352684197
50,15_9_19_A_1997_09_11.pdf,12,continue,0.1050153465018611
51,15_9_19_A_1997_09_12.pdf,1,strike,0.4265354811421609
51,15_9_19_A_1997_09_12.pdf,2,ofs strike,0.4265354811421609
51,15_9_19_A_1997_09_12.pdf,3,ofs,0.41812402146714994
51,15_9_19_A_1997_09_12.pdf,4,suspended ofs,0.2559212886852965
51,15_9_19_A_1997_09_12.pdf,5,operations suspended,0.2541897427353246
51,15_9_19_A_1997_09_12.pdf,6,suspended,0.23299216889653548
51,15_9_19_A_1997_09_12.pdf,7,interruption operations,0.1742996770993504
51,15_9_19_A_1997_09_12.pdf,8,waiting ofs,0.17303174969965318
51,15_9_19_A_1997_09_12.pdf,9,strike operations,0.17180408083681464
51,15_9_19_A_1997_09_12.pdf,10,continue waiting,0.17061419245686435
51,15_9_19_A_1997_09_12.pdf,11,waiting,0.11911548352684197
51,15_9_19_A_1997_09_12.pdf,12,continue,0.1050153465018611
52,15_9_19_A_1997_09_13.pdf,1,strike,0.4265354811421609
52,15_9_19_A_1997_09_13.pdf,2,ofs strike,0.4265354811421609
52,15_9_19_A_1997_09_13.pdf,3,ofs,0.41812402146714994
52,15_9_19_A_1997_09_13.pdf,4,suspended ofs,0.2559212886852965
52,15_9_19_A_1997_09_13.pdf,5,operations suspended,0.2541897427353246
52,15_9_19_A_1997_09_13.pdf,6,suspended,0.23299216889653548
52,15_9_19_A_1997_09_13.pdf,7,interruption operations,0.1742996770993504
52,15_9_19_A_1997_09_13.pdf,8,waiting ofs,0.17303174969965318
52,15_9_19_A_1997_09_13.pdf,9,strike operations,0.17180408083681464
52,15_9_19_A_1997_09_13.pdf,10,continue waiting,0.17061419245686435
52,15_9_19_A_1997_09_13.pdf,11,waiting,0.11911548352684197
52,15_9_19_A_1997_09_13.pdf,12,continue,0.1050153465018611
53,15_9_19_A_1997_09_14.pdf,1,strike,0.4265354811421609
53,15_9_19_A_1997_09_14.pdf,2,ofs strike,0.4265354811421609
53,15_9_19_A_1997_09_14.pdf,3,ofs,0.41812402146714994
53,15_9_19_A_1997_09_14.pdf,4,suspended ofs,0.2559212886852965
53,15_9_19_A_1997_09_14.pdf,5,operations suspended,0.2541897427353246
53,15_9_19_A_1997_09_14.pdf,6,suspended,0.23299216889653548
53,15_9_19_A_1997_09_14.pdf,7,interruption operations,0.1742996770993504
53,15_9_19_A_1997_09_14.pdf,8,waiting ofs,0.17303174969965318
53,15_9_19_A_1997_09_14.pdf,9,strike operations,0.17180408083681464
53,15_9_19_A_1997_09_14.pdf,10,continue waiting,0.17061419245686435
53,15_9_19_A_1997_09_14.pdf,11,waiting,0.11911548352684197
53,15_9_19_A_1997_09_14.pdf,12,continue,0.1050153465018611
54,15_9_19_A_1997_09_15.pdf,1,strike,0.4265354811421609
54,15_9_19_A_1997_09_15.pdf,2,ofs strike,0.4265354811421609
54,15_9_19_A_1997_09_15.pdf,3,ofs,0.41812402146714994
54,15_9_19_A_1997_09_15.pdf,4,suspended ofs,0.2559212886852965
54,15_9_19_A_1997_09_15.pdf,5,operations suspended,0.2541897427353246
54,15_9_19_A_1997_09_15.pdf,6,suspended,0.23299216889653548
54,15_9_19_A_1997_09_15.pdf,7,interruption operations,0.1742996770993504
54,15_9_19_A_1997_09_15.pdf,8,waiting ofs,0.17303174969965318
54,15_9_19_A_1997_09_15.pdf,9,strike operations,0.17180408083681464
54,15_9_19_A_1997_09_15.pdf,10,continue waiting,0.17061419245686435
54,15_9_19_A_1997_09_15.pdf,11,waiting,0.11911548352684197
54,15_9_19_A_1997_09_15.pdf,12,continue,0.1050153465018611
55,15_9_19_A_1997_09_16.pdf,1,strike,0.4265354811421609
55,15_9_19_A_1997_09_16.pdf,2,ofs strike,0.4265354811421609
55,15_9_19_A_1997_09_16.pdf,3,ofs,0.41812402146714994
55,15_9_19_A_1997_09_16.pdf,4,suspended ofs,0.2559212886852965
55,15_9_19_A_1997_09_16.pdf,5,operations suspended,0.2541897427353246
55,15_9_19_A_1997_09_16.pdf,6,suspended,0.23299216889653548
55,15_9_19_A_1997_09_16.pdf,7,interruption operations,0.1742996770993504
55,15_9_19_A_1997_09_16.pdf,8,waiting ofs,0.17303174969965318
55,15_9_19_A_1997_09_16.pdf,9,strike operations,0.17180408083681464
55,15_9_19_A_1997_09_16.pdf,10,continue waiting,0.17061419245686435
55,15_9_19_A_1997_09_16.pdf,11,waiting,0.11911548352684197
55,15_9_19_A_1997_09_16.pdf,12,continue,0.1050153465018611
56,15_9_19_A_1997_09_17.pdf,1,strike,0.4265354811421609
56,15_9_19_A_1997_09_17.pdf,2,ofs strike,0.4265354811421609
56,15_9_19_A_1997_09_17.pdf,3,ofs,0.41812402146714994
56,15_9_19_A_1997_09_17.pdf,4,suspended ofs,0.2559212886852965
56,15_9_19_A_1997_09_17.pdf,5,operations suspended,0.2541897427353246
56,15_9_19_A_1997_09_17.pdf,6,suspended,0.23299216889653548
56,15_9_19_A_1997_09_17.pdf,7,interruption operations,0.1742996770993504
56,15_9_19_A_1997_09_17.pdf,8,waiting ofs,0.17303174969965318
56,15_9_19_A_1997_09_17.pdf,9,strike operations,0.17180408083681464
56,15_9_19_A_1997_09_17.pdf,10,continue waiting,0.17061419245686435
56,15_9_19_A_1997_09_17.pdf,11,waiting,0.11911548352684197
56,15_9_19_A_1997_09_17.pdf,12,continue,0.1050153465018611
57,15_9_19_A_1997_09_18.pdf,1,strike,0.4265354811421609
57,15_9_19_A_1997_09_18.pdf,2,ofs strike,0.4265354811421609
57,15_9_19_A_1997_09_18.pdf,3,ofs,0.41812402146714994
57,15_9_19_A_1997_09_18.pdf,4,suspended ofs,0.2559212886852965
57,15_9_19_A_1997_09_18.pdf,5,operations suspended,0.2541897427353246
57,15_9_19_A_1997_09_18.pdf,6,suspended,0.23299216889653548
57,15_9_19_A_1997_09_18.pdf,7,interruption operations,0.1742996770993504
57,15_9_19_A_1997_09_18.pdf,8,waiting ofs,0.17303174969965318
57,15_9_19_A_1997_09_18.pdf,9,strike operations,0.17180408083681464
57,15_9_19_A_1997_09_18.pdf,10,continue waiting,0.17061419245686435
57,15_9_19_A_1997_09_18.pdf,11,waiting,0.11911548352684197
57,15_9_19_A_1997_09_18.pdf,12,continue,0.1050153465018611
58,15_9_19_A_1997_09_19.pdf,1,strike,0.4265354811421609
58,15_9_19_A_1997_09_19.pdf,2,ofs strike,0.4265354811421609
58,15_9_19_A_1997_09_19.pdf,3,ofs,0.41812402146714994
58,15_9_19_A_1997_09_19.pdf,4,suspended ofs,0.2559212886852965
58,15_9_19_A_1997_09_19.pdf,5,operations suspended,0.2541897427353246
58,15_9_19_A_1997_09_19.pdf,6,suspended,0.23299216889653548
58,15_9_19_A_1997_09_19.pdf,7,interruption operations,0.1742996770993504
58,15_9_19_A_1997_09_19.pdf,8,waiting ofs,0.17303174969965318
58,15_9_19_A_1997_09_19.pdf,9,strike operations,0.17180408083681464
58,15_9_19_A_1997_09_19.pdf,10,continue waiting,0.17061419245686435
58,15_9_19_A_1997_09_19.pdf,11,waiting,0.11911548352684197
58,15_9_19_A_1997_09_19.pdf,12,continue,0.1050153465018611
59,15_9_19_A_1997_09_20.pdf,1,strike,0.4265354811421609
59,15_9_19_A_1997_09_20.pdf,2,ofs strike,0.4265354811421609
59,15_9_19_A_1997_09_20.pdf,3,ofs,0.41812402146714994
59,15_9_19_A_1997_09_20.pdf,4,suspended ofs,0.2559212886852965
59,15_9_19_A_1997_09_20.pdf,5,operations suspended,0.2541897427353246
59,15_9_19_A_1997_09_20.pdf,6,suspended,0.23299216889653548
59,15_9_19_A_1997_09_20.pdf,7,interruption operations,0.1742996770993504
59,15_9_19_A_1997_09_20.pdf,8,waiting ofs,0.17303174969965318
59,15_9_19_A_1997_09_20.pdf,9,strike operations,0.17180408083681464
59,15_9_19_A_1997_09_20.pdf,10,continue waiting,0.17061419245686435
59,15_9_19_A_1997_09_20.pdf,11,waiting,0.11911548352684197
59,15_9_19_A_1997_09_20.pdf,12,continue,0.1050153465018611
60,15_9_19_A_1997_09_21.pdf,1,strike,0.4265354811421609
60,15_9_19_A_1997_09_21.pdf,2,ofs strike,0.4265354811421609
60,15_9_19_A_1997_09_21.pdf,3,ofs,0.41812402146714994
60,15_9_19_A_1997_09_21.pdf,4,suspended ofs,0.2559212886852965
60,15_9_19_A_1997_09_21.pdf,5,operations suspended,0.2541897427353246
60,15_9_19_A_1997_09_21.pdf,6,suspended,0.23299216889653548
60,15_9_19_A_1997_09_21.pdf,7,interruption operations,0.1742996770993504
60,15_9_19_A_1997_09_21.pdf,8,waiting ofs,0.17303174969965318
60,15_9_19_A_1997_09_21.pdf,9,strike operations,0.17180408083681464
60,15_9_19_A_1997_09_21.pdf,10,continue waiting,0.17061419245686435
60,15_9_19_A_1997_09_21.pdf,11,waiting,0.11911548352684197
60,15_9_19_A_1997_09_21.pdf,12,continue,0.1050153465018611
61,15_9_19_A_1997_09_22.pdf,1,strike,0.4265354811421609
61,15_9_19_A_1997_09_22.pdf,2,ofs strike,0.4265354811421609
61,15_9_19_A_1997_09_22.pdf,3,ofs,0.41812402146714994
61,15_9_19_A_1997_09_22.pdf,4,suspended ofs,0.2559212886852965
61,15_9_19_A_1997_09_22.pdf,5,operations suspended,0.2541897427353246
61,15_9_19_A_1997_09_22.pdf,6,suspended,0.23299216889653548
61,15_9_19_A_1997_09_22.pdf,7,interruption operations,0.1742996770993504
61,15_9_19_A_1997_09_22.pdf,8,waiting ofs,0.17303174969965318
61,15_9_19_A_1997_09_22.pdf,9,strike operations,0.17180408083681464
61,15_9_19_A_1997_09_22.pdf,10,continue waiting,0.17061419245686435
61,15_9_19_A_1997_09_22.pdf,11,waiting,0.11911548352684197
61,15_9_19_A_1997_09_22.pdf,12,continue,0.1050153465018611
62,15_9_19_A_1997_09_23.pdf,1,strike,0.4265354811421609
62,15_9_19_A_1997_09_23.pdf,2,ofs strike,0.4265354811421609
62,15_9_19_A_1997_09_23.pdf,3,ofs,0.41812402146714994
62,15_9_19_A_1997_09_23.pdf,4,suspended ofs,0.2559212886852965
62,15_9_19_A_1997_09_23.pdf,5,operations suspended,0.2541897427353246
62,15_9_19_A_1997_09_23.pdf,6,suspended,0.23299216889653548
62,15_9_19_A_1997_09_23.pdf,7,interruption operations,0.1742996770993504
62,15_9_19_A_1997_09_23.pdf,8,waiting ofs,0.17303174969965318
62,15_9_19_A_1997_09_23.pdf,9,strike operations,0.17180408083681464
62,15_9_19_A_1997_09_23.pdf,10,continue waiting,0.17061419245686435
62,15_9_19_A_1997_09_23.pdf,11,waiting,0.11911548352684197
62,15_9_19_A_1997_09_23.pdf,12,continue,0.1050153465018611
63,15_9_19_A_1997_09_24.pdf,1,strike,0.4286448550534935
63,15_9_19_A_1997_09_24.pdf,2,ofs strike,0.4286448550534935
63,15_9_19_A_1997_09_24.pdf,3,ofs,0.42019179763485015
63,15_9_19_A_1997_09_24.pdf,4,suspended ofs,0.25718691303209607
63,15_9_19_A_1997_09_24.pdf,5,operations suspended,0.25544680395428454
63,15_9_19_A_1997_09_24.pdf,6,suspended,0.23414440036224876
63,15_9_19_A_1997_09_24.pdf,7,interruption operations,0.1751616527329895
63,15_9_19_A_1997_09_24.pdf,8,waiting ofs,0.1738874549686998
63,15_9_19_A_1997_09_24.pdf,9,strike operations,0.17265371483445358
63,15_9_19_A_1997_09_24.pdf,10,continue waiting,0.17145794202139739
63,15_9_19_A_1997_09_24.pdf,11,waiting,0.11970455314589096
63,15_9_19_A_1997_09_24.pdf,12,continue,0.10553468578779206
64,15_9_19_A_1997_09_25.pdf,1,strike,0.4286448550534935
64,15_9_19_A_1997_09_25.pdf,2,ofs strike,0.4286448550534935
64,15_9_19_A_1997_09_25.pdf,3,ofs,0.42019179763485015
64,15_9_19_A_1997_09_25.pdf,4,suspended ofs,0.25718691303209607
64,15_9_19_A_1997_09_25.pdf,5,operations suspended,0.25544680395428454
64,15_9_19_A_1997_09_25.pdf,6,suspended,0.23414440036224876
64,15_9_19_A_1997_09_25.pdf,7,interruption operations,0.1751616527329895
64,15_9_19_A_1997_09_25.pdf,8,waiting ofs,0.1738874549686998
64,15_9_19_A_1997_09_25.pdf,9,strike operations,0.17265371483445358
64,15_9_19_A_1997_09_25.pdf,10,continue waiting,0.17145794202139739
64,15_9_19_A_1997_09_25.pdf,11,waiting,0.11970455314589096
64,15_9_19_A_1997_09_25.pdf,12,continue,0.10553468578779206
65,15_9_19_A_1997_09_26.pdf,1,strike,0.4286448550534935
65,15_9_19_A_1997_09_26.pdf,2,ofs strike,0.4286448550534935
65,15_9_19_A_1997_09_26.pdf,3,ofs,0.42019179763485015
65,15_9_19_A_1997_09_26.pdf,4,suspended ofs,0.25718691303209607
65,15_9_19_A_1997_09_26.pdf,5,operations suspended,0.25544680395428454
65,15_9_19_A_1997_09_26.pdf,6,suspended,0.23414440036224876
65,15_9_19_A_1997_09_26.pdf,7,interruption operations,0.1751616527329895
65,15_9_19_A_1997_09_26.pdf,8,waiting ofs,0.1738874549686998
65,15_9_19_A_1997_09_26.pdf,9,strike operations,0.17265371483445358
65,15_9_19_A_1997_09_26.pdf,10,continue waiting,0.17145794202139739
65,15_9_19_A_1997_09_26.pdf,11,waiting,0.11970455314589096
65,15_9_19_A_1997_09_26.pdf,12,continue,0.10553468578779206
66,15_9_19_A_1997_09_27.pdf,1,strike,0.4286448550534935
66,15_9_19_A_1997_09_27.pdf,2,ofs strike,0.4286448550534935
66,15_9_19_A_1997_09_27.pdf,3,ofs,0.42019179763485015
66,15_9_19_A_1997_09_27.pdf,4,suspended ofs,0.25718691303209607
66,15_9_19_A_1997_09_27.pdf,5,operations suspended,0.25544680395428454
66,15_9_19_A_1997_09_27.pdf,6,suspended,0.23414440036224876
66,15_9_19_A_1997_09_27.pdf,7,interruption operations,0.1751616527329895
66,15_9_19_A_1997_09_27.pdf,8,waiting ofs,0.1738874549686998
66,15_9_19_A_1997_09_27.pdf,9,strike operations,0.17265371483445358
66,15_9_19_A_1997_09_27.pdf,10,continue waiting,0.17145794202139739
66,15_9_19_A_1997_09_27.pdf,11,waiting,0.11970455314589096
66,15_9_19_A_1997_09_27.pdf,12,continue,0.10553468578779206
67,15_9_19_A_1997_09_28.pdf,1,strike,0.4286448550534935
67,15_9_19_A_1997_09_28.pdf,2,ofs strike,0.4286448550534935
67,15_9_19_A_1997_09_28.pdf,3,ofs,0.42019179763485015
67,15_9_19_A_1997_09_28.pdf,4,suspended ofs,0.25718691303209607
67,15_9_19_A_1997_09_28.pdf,5,operations suspended,0.25544680395428454
67,15_9_19_A_1997_09_28.pdf,6,suspended,0.23414440036224876
67,15_9_19_A_1997_09_28.pdf,7,interruption operations,0.1751616527329895
67,15_9_19_A_1997_09_28.pdf,8,waiting ofs,0.1738874549686998
67,15_9_19_A_1997_09_28.pdf,9,strike operations,0.17265371483445358
67,15_9_19_A_1997_09_28.pdf,10,continue waiting,0.17145794202139739
67,15_9_19_A_1997_09_28.pdf,11,waiting,0.11970455314589096
67,15_9_19_A_1997_09_28.pdf,12,continue,0.10553468578779206
68,15_9_19_A_1997_09_29.pdf,1,ofs strike,0.42627168376063546
68,15_9_19_A_1997_09_29.pdf,2,strike,0.42627168376063546
68,15_9_19_A_1997_09_29.pdf,3,ofs,0.41786542628130385
68,15_9_19_A_1997_09_29.pdf,4,suspended ofs,0.3197037628204766
68,15_9_19_A_1997_09_29.pdf,5,suspended,0.29106008916485265
68,15_9_19_A_1997_09_29.pdf,6,operation suspended,0.28158793538619237
68,15_9_19_A_1997_09_29.pdf,7,interruption operation,0.14401911854925734
68,15_9_19_A_1997_09_29.pdf,8,operation,0.11955771476476697
68,15_9_19_A_1997_09_29.pdf,9,interruption operations,0.10886992425155351
68,15_9_19_A_1997_09_29.pdf,10,waiting ofs,0.10807795973240626
68,15_9_19_A_1997_09_29.pdf,11,strike operations,0.10731114123722893
68,15_9_19_A_1997_09_29.pdf,12,strike interruption,0.10731114123722893
69,15_9_19_A_1997_09_30.pdf,1,strike,0.4359805454547123
69,15_9_19_A_1997_09_30.pdf,2,ofs strike,0.4359805454547123
69,15_9_19_A_1997_09_30.pdf,3,ofs,0.4273828251258862
69,15_9_19_A_1997_09_30.pdf,4,suspended ofs,0.2615883272728274
69,15_9_19_A_1997_09_30.pdf,5,suspended,0.23815147244065302
69,15_9_19_A_1997_09_30.pdf,6,waiting ofs,0.17686330903359246
69,15_9_19_A_1997_09_30.pdf,7,strike operations,0.17560845506687237
69,15_9_19_A_1997_09_30.pdf,8,continue waiting,0.17439221818188494
69,15_9_19_A_1997_09_30.pdf,9,operations suspended,0.173212292351366
69,15_9_19_A_1997_09_30.pdf,10,waiting,0.12175313842842028
69,15_9_19_A_1997_09_30.pdf,11,interruption operation,0.11783946483533318
69,15_9_19_A_1997_09_30.pdf,12,operation suspended,0.11520057872957452
70,15_9_19_A_1997_10_01.pdf,1,strike,0.4286448550534935
70,15_9_19_A_1997_10_01.pdf,2,ofs strike,0.4286448550534935
70,15_9_19_A_1997_10_01.pdf,3,ofs,0.42019179763485015
70,15_9_19_A_1997_10_01.pdf,4,suspended ofs,0.25718691303209607
70,15_9_19_A_1997_10_01.pdf,5,operations suspended,0.25544680395428454
70,15_9_19_A_1997_10_01.pdf,6,suspended,0.23414440036224876
70,15_9_19_A_1997_10_01.pdf,7,interruption operations,0.1751616527329895
70,15_9_19_A_1997_10_01.pdf,8,waiting ofs,0.1738874549686998
70,15_9_19_A_1997_10_01.pdf,9,strike operations,0.17265371483445358
70,15_9_19_A_1997_10_01.pdf,10,continue waiting,0.17145794202139739
70,15_9_19_A_1997_10_01.pdf,11,waiting,0.11970455314589096
70,15_9_19_A_1997_10_01.pdf,12,continue,0.10553468578779206
71,15_9_19_A_1997_10_02.pdf,1,ofs strike,0.42627168376063546
71,15_9_19_A_1997_10_02.pdf,2,strike,0.42627168376063546
71,15_9_19_A_1997_10_02.pdf,3,ofs,0.41786542628130385
71,15_9_19_A_1997_10_02.pdf,4,suspended ofs,0.3197037628204766
71,15_9_19_A_1997_10_02.pdf,5,suspended,0.29106008916485265
71,15_9_19_A_1997_10_02.pdf,6,operation suspended,0.28158793538619237
71,15_9_19_A_1997_10_02.pdf,7,interruption operation,0.14401911854925734
71,15_9_19_A_1997_10_02.pdf,8,operation,0.11955771476476697
71,15_9_19_A_1997_10_02.pdf,9,interruption operations,0.10886992425155351
71,15_9_19_A_1997_10_02.pdf,10,waiting ofs,0.10807795973240626
71,15_9_19_A_1997_10_02.pdf,11,strike operations,0.10731114123722893
71,15_9_19_A_1997_10_02.pdf,12,strike interruption,0.10731114123722893
72,15_9_19_A_1997_10_03.pdf,1,strike,0.39674506885227634
72,15_9_19_A_1997_10_03.pdf,2,ofs strike,0.39674506885227634
72,15_9_19_A_1997_10_03.pdf,3,operation suspended,0.39312472210386834
72,15_9_19_A_1997_10_03.pdf,4,ofs,0.3889210886784017
72,15_9_19_A_1997_10_03.pdf,5,suspended ofs,0.2975588016392072
72,15_9_19_A_1997_10_03.pdf,6,suspended,0.2708991929679824
72,15_9_19_A_1997_10_03.pdf,7,interruption operation,0.268086655912873
72,15_9_19_A_1997_10_03.pdf,8,operation,0.16691444300627253
72,15_9_19_A_1997_10_03.pdf,9,waiting ofs,0.10059170995633189
72,15_9_19_A_1997_10_03.pdf,10,strike interruption,0.09987800677534094
72,15_9_19_A_1997_10_03.pdf,11,strike operations,0.09987800677534094
72,15_9_19_A_1997_10_03.pdf,12,continue waiting,0.09918626721306908
73,15_9_19_A_1997_10_04.pdf,1,strike,0.43644412793525394
73,15_9_19_A_1997_10_04.pdf,2,ofs strike,0.43644412793525394
73,15_9_19_A_1997_10_04.pdf,3,ofs,0.4278372655642918
73,15_9_19_A_1997_10_04.pdf,4,suspended ofs,0.2618664767611524
73,15_9_19_A_1997_10_04.pdf,5,suspended,0.23840470128650332
73,15_9_19_A_1997_10_04.pdf,6,interruption operation,0.23592952943702558
73,15_9_19_A_1997_10_04.pdf,7,operation suspended,0.23064614531745628
73,15_9_19_A_1997_10_04.pdf,8,strike operations,0.17579518129595004
73,15_9_19_A_1997_10_04.pdf,9,wait,0.1348803910398742
73,15_9_19_A_1997_10_04.pdf,10,continue,0.1074549090291211
73,15_9_19_A_1997_10_04.pdf,11,operation,0.09792864888063521
73,15_9_19_A_1997_10_04.pdf,12,strike summary,0.08984506047963192
74,15_9_19_A_1997_10_05.pdf,1,hang-off tool,0.2788477448611558
74,15_9_19_A_1997_10_05.pdf,2,hang-off,0.2681735756189627
74,15_9_19_A_1997_10_05.pdf,3,evaluation circulating,0.2456907467248861
74,15_9_19_A_1997_10_05.pdf,4,interruption operation,0.1901568515676356
74,15_9_19_A_1997_10_05.pdf,5,circulating conditioning,0.18750394508628884
74,15_9_19_A_1997_10_05.pdf,6,operation suspended,0.18589849657410387
74,15_9_19_A_1997_10_05.pdf,7,screwed,0.18214236127001832
74,15_9_19_A_1997_10_05.pdf,8,formation evaluation,0.15708114464181708
74,15_9_19_A_1997_10_05.pdf,9,evaluation,0.15661445375198435
74,15_9_19_A_1997_10_05.pdf,10,conditioning,0.15479193096613814
74,15_9_19_A_1997_10_05.pdf,11,displaced riser,0.14710729548170573
74,15_9_19_A_1997_10_05.pdf,12,strike interruption,0.1416891657257442
75,15_9_19_A_1997_10_06.pdf,1,test tool,0.3477170485144316
75,15_9_19_A_1997_10_06.pdf,2,bop,0.3087993568818101
75,15_9_19_A_1997_10_06.pdf,3,bop activities,0.24813618260916506
75,15_9_19_A_1997_10_06.pdf,4,drilling bop,0.20886662643162734
75,15_9_19_A_1997_10_06.pdf,5,activities,0.20521316707690926
75,15_9_19_A_1997_10_06.pdf,6,tested,0.18336157987845786
75,15_9_19_A_1997_10_06.pdf,7,activities tested,0.1713869987321156
75,15_9_19_A_1997_10_06.pdf,8,test,0.17134321736484182
75,15_9_19_A_1997_10_06.pdf,9,bop test,0.16677450926818496
75,15_9_19_A_1997_10_06.pdf,10,tested bop,0.15837965564813528
75,15_9_19_A_1997_10_06.pdf,11,seated,0.15493379636890453
75,15_9_19_A_1997_10_06.pdf,12,tool,0.1327594394905874
76,15_9_19_A_1997_10_07.pdf,1,circulating conditi,0.3730293685898746
76,15_9_19_A_1997_10_07.pdf,2,conditi,0.341877969866595
76,15_9_19_A_1997_10_07.pdf,3,conditi oning,0.341877969866595
76,15_9_19_A_1997_10_07.pdf,4,oning,0.341877969866595
76,15_9_19_A_1997_10_07.pdf,5,evaluation circulating,0.31321599643605014
76,15_9_19_A_1997_10_07.pdf,6,jts,0.2425709415343498
76,15_9_19_A_1997_10_07.pdf,7,formation evaluation,0.20025307381801588
76,15_9_19_A_1997_10_07.pdf,8,evaluation,0.1996581183545516
76,15_9_19_A_1997_10_07.pdf,9,circulating,0.16296418618537822
76,15_9_19_A_1997_10_07.pdf,10,formation,0.15506488215610234
76,15_9_19_A_1997_10_07.pdf,11,deck rih,0.13258520826609246
76,15_9_19_A_1997_10_07.pdf,12,jts hwdp,0.12434312286329154
77,15_9_19_A_1997_10_08.pdf,1,evaluation circulatin,0.5292474838836633
77,15_9_19_A_1997_10_08.pdf,2,circulatin conditioning,0.3680863393553576
77,15_9_19_A_1997_10_08.pdf,3,circulatin,0.36035839863111296
77,15_9_19_A_1997_10_08.pdf,4,formation evaluation,0.2408575188379466
77,15_9_19_A_1997_10_08.pdf,5,evaluation,0.24014192684219368
77,15_9_19_A_1997_10_08.pdf,6,conditioning,0.2373473946453123
77,15_9_19_A_1997_10_08.pdf,7,formation,0.18650671404404331
77,15_9_19_A_1997_10_08.pdf,8,mud formation,0.15547859006586376
77,15_9_19_A_1997_10_08.pdf,9,conditioning rih,0.12236370316895741
77,15_9_19_A_1997_10_08.pdf,10,circulated condition,0.10849806300497494
77,15_9_19_A_1997_10_08.pdf,11,condition mud,0.09381582414064624
77,15_9_19_A_1997_10_08.pdf,12,scraper,0.09381582414064624
78,15_9_19_A_1997_10_09.pdf,1,interruption fail,0.2863374561579416
78,15_9_19_A_1997_10_09.pdf,2,lbs,0.26813078181273214
78,15_9_19_A_1997_10_09.pdf,3,workover wire,0.2290631832203432
78,15_9_19_A_1997_10_09.pdf,4,wire line,0.22813698494025877
78,15_9_19_A_1997_10_09.pdf,5,workover,0.20534717494900992
78,15_9_19_A_1997_10_09.pdf,6,wire,0.19988231936602208
78,15_9_19_A_1997_10_09.pdf,7,western atlas,0.19046428616001773
78,15_9_19_A_1997_10_09.pdf,8,rih sbt-ccl-gr,0.19046428616001773
78,15_9_19_A_1997_10_09.pdf,9,western,0.19046428616001773
78,15_9_19_A_1997_10_09.pdf,10,sbt,0.16627773530163173
78,15_9_19_A_1997_10_09.pdf,11,showed,0.16627773530163173
78,15_9_19_A_1997_10_09.pdf,12,puw,0.16627773530163173
79,15_9_19_A_1997_10_10.pdf,1,ire,0.42400918519733777
79,15_9_19_A_1997_10_10.pdf,2,ire line,0.42400918519733777
79,15_9_19_A_1997_10_10.pdf,3,workover ire,0.42400918519733777
79,15_9_19_A_1997_10_10.pdf,4,workover,0.2244156351027295
79,15_9_19_A_1997_10_10.pdf,5,logging,0.18586825577735994
79,15_9_19_A_1997_10_10.pdf,6,atlas,0.18212416349038882
79,15_9_19_A_1997_10_10.pdf,7,mac,0.14133639506577925
79,15_9_19_A_1997_10_10.pdf,8,line,0.14119110551180397
79,15_9_19_A_1997_10_10.pdf,9,logging tool,0.11668707137932148
79,15_9_19_A_1997_10_10.pdf,10,wireline,0.10706945223465412
79,15_9_19_A_1997_10_10.pdf,11,atlas wireline,0.10434580199691654
79,15_9_19_A_1997_10_10.pdf,12,condition,0.09468041990817956
80,15_9_19_A_1997_10_11.pdf,1,atlas,0.3440661326619267
80,15_9_19_A_1997_10_11.pdf,2,ran atlas,0.2886629928812444
80,15_9_19_A_1997_10_11.pdf,3,atlas wireline,0.19712846370592035
80,15_9_19_A_1997_10_11.pdf,4,drilling trip,0.18766808928583284
80,15_9_19_A_1997_10_11.pdf,5,perforate csg,0.1843126334827306
80,15_9_19_A_1997_10_11.pdf,6,wireline,0.17979905894037035
80,15_9_19_A_1997_10_11.pdf,7,mac-gr,0.1780070106118462
80,15_9_19_A_1997_10_11.pdf,8,run schlumb,0.1684989292975499
80,15_9_19_A_1997_10_11.pdf,9,schlumb mdt-log,0.1684989292975499
80,15_9_19_A_1997_10_11.pdf,10,mdt-log,0.1684989292975499
80,15_9_19_A_1997_10_11.pdf,11,schlumb,0.161397249695257
80,15_9_19_A_1997_10_11.pdf,12,wireline run,0.15572666804783725
81,15_9_19_A_1997_10_12.pdf,1,levels,0.35824500811811455
81,15_9_19_A_1997_10_12.pdf,2,atlas,0.33111991995000495
81,15_9_19_A_1997_10_12.pdf,3,atlas perforating,0.2569636830352433
81,15_9_19_A_1997_10_12.pdf,4,workover wir,0.24952636566884612
81,15_9_19_A_1997_10_12.pdf,5,wir line,0.24952636566884612
81,15_9_19_A_1997_10_12.pdf,6,wir,0.24323820343350025
81,15_9_19_A_1997_10_12.pdf,7,perforating,0.2004135344505239
81,15_9_19_A_1997_10_12.pdf,8,fired,0.18817157504421594
81,15_9_19_A_1997_10_12.pdf,9,perforating gun,0.1871447742516346
81,15_9_19_A_1997_10_12.pdf,10,lbs lbs,0.1783433621569662
81,15_9_19_A_1997_10_12.pdf,11,lbs,0.17758551404904285
81,15_9_19_A_1997_10_12.pdf,12,upper levels,0.1389007199806029
82,15_9_19_A_1997_10_13.pdf,1,atlas,0.2963667014205131
82,15_9_19_A_1997_10_13.pdf,2,ther fail,0.2299936504500238
82,15_9_19_A_1997_10_13.pdf,3,interruption ther,0.1924013315786338
82,15_9_19_A_1997_10_13.pdf,4,ther,0.17272209089222637
82,15_9_19_A_1997_10_13.pdf,5,rih atlas,0.1587605463891373
82,15_9_19_A_1997_10_13.pdf,6,gun assy,0.1587605463891373
82,15_9_19_A_1997_10_13.pdf,7,level,0.1559441576389848
82,15_9_19_A_1997_10_13.pdf,8,schlumberger mdt,0.15332910030001587
82,15_9_19_A_1997_10_13.pdf,9,ooh hrs,0.15332910030001587
82,15_9_19_A_1997_10_13.pdf,10,gun,0.15229002172716793
82,15_9_19_A_1997_10_13.pdf,11,atlas perf,0.1488912857148359
82,15_9_19_A_1997_10_13.pdf,12,workover wir,0.1488912857148359
83,15_9_19_A_1997_10_14.pdf,1,mdt,0.39692701214111215
83,15_9_19_A_1997_10_14.pdf,2,schlumb,0.35383838727485994
83,15_9_19_A_1997_10_14.pdf,3,schlumb mdt,0.28862628925590794
83,15_9_19_A_1997_10_14.pdf,4,mdt tool,0.26386265438121564
83,15_9_19_A_1997_10_14.pdf,5,contact failure,0.24108523843501523
83,15_9_19_A_1997_10_14.pdf,6,tool string,0.22967592427323238
83,15_9_19_A_1997_10_14.pdf,7,contact,0.22728118762060648
83,15_9_19_A_1997_10_14.pdf,8,worked solve,0.16725116004350749
83,15_9_19_A_1997_10_14.pdf,9,solve,0.16241039833567095
83,15_9_19_A_1997_10_14.pdf,10,cable,0.132200006482808
83,15_9_19_A_1997_10_14.pdf,11,workover wire,0.13165952408262235
83,15_9_19_A_1997_10_14.pdf,12,wire line,0.13112716954599324
84,15_9_19_A_1997_10_15.pdf,1,mdt,0.4334046685158192
84,15_9_19_A_1997_10_15.pdf,2,mdt tool,0.41488081176445607
84,15_9_19_A_1997_10_15.pdf,3,schlumb,0.3090849536650092
84,15_9_19_A_1997_10_15.pdf,4,schlumb mdt,0.25212087339711936
84,15_9_19_A_1997_10_15.pdf,5,interruption fail,0.2515857955274049
84,15_9_19_A_1997_10_15.pdf,6,tool string,0.20062654297826651
84,15_9_19_A_1997_10_15.pdf,7,tool assy,0.18915833612027896
84,15_9_19_A_1997_10_15.pdf,8,cable,0.17321905005679317
84,15_9_19_A_1997_10_15.pdf,9,fail,0.15683452509700263
84,15_9_19_A_1997_10_15.pdf,10,tool,0.1396343497442096
84,15_9_19_A_1997_10_15.pdf,11,assy,0.1012440323495694
84,15_9_19_A_1997_10_15.pdf,12,locomotive,0.09739816992083503
85,15_9_19_A_1997_10_16.pdf,1,mdt,0.4425646277975759
85,15_9_19_A_1997_10_16.pdf,2,mdt tool,0.366116654297906
85,15_9_19_A_1997_10_16.pdf,3,interruption fail,0.28544781469740127
85,15_9_19_A_1997_10_16.pdf,4,locomotive,0.2762685260225679
85,15_9_19_A_1997_10_16.pdf,5,tool assy,0.21461797381739922
85,15_9_19_A_1997_10_16.pdf,6,signals,0.19029854313160088
85,15_9_19_A_1997_10_16.pdf,7,atlas,0.17799793951574097
85,15_9_19_A_1997_10_16.pdf,8,assy,0.17230635611653342
85,15_9_19_A_1997_10_16.pdf,9,w/schlumb mdt,0.171632946605609
85,15_9_19_A_1997_10_16.pdf,10,w/schlumb,0.171632946605609
85,15_9_19_A_1997_10_16.pdf,11,atlas cable,0.16096348036304942
85,15_9_19_A_1997_10_16.pdf,12,fail,0.15252305264303573
86,15_9_19_A_1997_10_17.pdf,1,mdt,0.45250000478817715
86,15_9_19_A_1997_10_17.pdf,2,interruption fail,0.37524341551820517
86,15_9_19_A_1997_10_17.pdf,3,mdt tool,0.2750222267571928
86,15_9_19_A_1997_10_17.pdf,4,locomotive,0.2179059147777017
86,15_9_19_A_1997_10_17.pdf,5,fail,0.20050344851898
86,15_9_19_A_1997_10_17.pdf,6,locomotive inside,0.150416596387951
86,15_9_19_A_1997_10_17.pdf,7,atlas cable,0.14106603270410464
86,15_9_19_A_1997_10_17.pdf,8,tool assy,0.14106603270410464
86,15_9_19_A_1997_10_17.pdf,9,atlas,0.14039530451454732
86,15_9_19_A_1997_10_17.pdf,10,water zone,0.1375111133785964
86,15_9_19_A_1997_10_17.pdf,11,cable,0.12917920870665717
86,15_9_19_A_1997_10_17.pdf,12,interruption,0.11556701100509217
87,15_9_19_A_1997_10_18.pdf,1,dst,0.28820401531374645
87,15_9_19_A_1997_10_18.pdf,2,atlas,0.24941089024437704
87,15_9_19_A_1997_10_18.pdf,3,perforating guns,0.19703359441802823
87,15_9_19_A_1997_10_18.pdf,4,guns,0.18591152438807643
87,15_9_19_A_1997_10_18.pdf,5,perforating,0.18115002462627242
87,15_9_19_A_1997_10_18.pdf,6,l/d,0.17261274956789885
87,15_9_19_A_1997_10_18.pdf,7,evaluation rig,0.16382033217881015
87,15_9_19_A_1997_10_18.pdf,8,single tubing,0.15484309359816395
87,15_9_19_A_1997_10_18.pdf,9,dst bha,0.15484309359816395
87,15_9_19_A_1997_10_18.pdf,10,p/u dst,0.15484309359816395
87,15_9_19_A_1997_10_18.pdf,11,tubing l/d,0.15484309359816395
87,15_9_19_A_1997_10_18.pdf,12,atlas perforating,0.15484309359816395
88,15_9_19_A_1997_10_19.pdf,1,dst,0.35951307484653416
88,15_9_19_A_1997_10_19.pdf,2,dst string,0.2537004266927337
88,15_9_19_A_1997_10_19.pdf,3,formation evaluation,0.25172559104408343
88,15_9_19_A_1997_10_19.pdf,4,evaluation,0.250977709811451
88,15_9_19_A_1997_10_19.pdf,5,est,0.2499968360896322
88,15_9_19_A_1997_10_19.pdf,6,rig up/dow,0.2189150087813331
88,15_9_19_A_1997_10_19.pdf,7,up/dow,0.2189150087813331
88,15_9_19_A_1997_10_19.pdf,8,formation,0.19492234684197046
88,15_9_19_A_1997_10_19.pdf,9,evaluation drill,0.19453844391556455
88,15_9_19_A_1997_10_19.pdf,10,drill stem,0.19027532001955025
88,15_9_19_A_1997_10_19.pdf,11,bar formation,0.18465621275667204
88,15_9_19_A_1997_10_19.pdf,12,stem,0.1754128065382298
89,15_9_19_A_1997_10_20.pdf,1,flowhead,0.2271492589355401
89,15_9_19_A_1997_10_20.pdf,2,rig p/down,0.22553419001520603
89,15_9_19_A_1997_10_20.pdf,3,p/down,0.21900653860430075
89,15_9_19_A_1997_10_20.pdf,4,dst,0.20988943595249435
89,15_9_19_A_1997_10_20.pdf,5,valve bar,0.20988943595249435
89,15_9_19_A_1997_10_20.pdf,6,bar inflow,0.18620061815312086
89,15_9_19_A_1997_10_20.pdf,7,dst string,0.17773720018002293
89,15_9_19_A_1997_10_20.pdf,8,formation evaluation,0.17635367172647443
89,15_9_19_A_1997_10_20.pdf,9,evaluation,0.17582972181402015
89,15_9_19_A_1997_10_20.pdf,10,tested dst,0.16425490395322556
89,15_9_19_A_1997_10_20.pdf,11,evaluation rig,0.15907322725826345
89,15_9_19_A_1997_10_20.pdf,12,kill,0.1515792694627512
90,15_9_19_A_1997_10_21.pdf,1,ste,0.3308945558138715
90,15_9_19_A_1997_10_21.pdf,2,ste test,0.3308945558138715
90,15_9_19_A_1997_10_21.pdf,3,drill ste,0.3308945558138715
90,15_9_19_A_1997_10_21.pdf,4,evaluation drill,0.24661290583001322
90,15_9_19_A_1997_10_21.pdf,5,formation evaluation,0.2127386862622828
90,15_9_19_A_1997_10_21.pdf,6,evaluation,0.2121066358209648
90,15_9_19_A_1997_10_21.pdf,7,sampling,0.19814371958948504
90,15_9_19_A_1997_10_21.pdf,8,hole sampling,0.16544727790693575
90,15_9_19_A_1997_10_21.pdf,9,wireline lubricator,0.16544727790693575
90,15_9_19_A_1997_10_21.pdf,10,formation,0.16473304846887749
90,15_9_19_A_1997_10_21.pdf,11,wireline,0.15457782399639444
90,15_9_19_A_1997_10_21.pdf,12,flow period,0.14860778969211377
91,15_9_19_A_1997_10_22.pdf,1,circulated tubing,0.31450725857116507
91,15_9_19_A_1997_10_22.pdf,2,sampling,0.2666219579346387
91,15_9_19_A_1997_10_22.pdf,3,hole sampling,0.23746737509194998
91,15_9_19_A_1997_10_22.pdf,4,cycled omni,0.21965505762986828
91,15_9_19_A_1997_10_22.pdf,5,omni,0.21329756634771097
91,15_9_19_A_1997_10_22.pdf,6,tubing,0.21079454469531048
91,15_9_19_A_1997_10_22.pdf,7,cycled,0.1863366953441152
91,15_9_19_A_1997_10_22.pdf,8,wireline lubricator,0.1781005313189625
91,15_9_19_A_1997_10_22.pdf,9,reverse circulated,0.1705769985845198
91,15_9_19_A_1997_10_22.pdf,10,wireline,0.16639979171717043
91,15_9_19_A_1997_10_22.pdf,11,reverse,0.15594178804338057
91,15_9_19_A_1997_10_22.pdf,12,formation evaluation,0.14313046403188318
92,15_9_19_A_1997_10_23.pdf,1,formation evaluatio,0.3462476419335446
92,15_9_19_A_1997_10_23.pdf,2,evaluatio,0.3462476419335446
92,15_9_19_A_1997_10_23.pdf,3,dst,0.33428147627004057
92,15_9_19_A_1997_10_23.pdf,4,circulating ditioning,0.20355096221279584
92,15_9_19_A_1997_10_23.pdf,5,ditioning,0.19044576445019593
92,15_9_19_A_1997_10_23.pdf,6,formation,0.15103514174036936
92,15_9_19_A_1997_10_23.pdf,7,hanger wellhead,0.14533411504888566
92,15_9_19_A_1997_10_23.pdf,8,pooh dst,0.14533411504888566
92,15_9_19_A_1997_10_23.pdf,9,perforations,0.1416716383750954
92,15_9_19_A_1997_10_23.pdf,10,attempted establish,0.13570064147519723
92,15_9_19_A_1997_10_23.pdf,11,circulating,0.12698333041950552
92,15_9_19_A_1997_10_23.pdf,12,fluted hanger,0.12520310652593916
93,15_9_19_A_1997_10_24.pdf,1,ezsv,0.5726791085367224
93,15_9_19_A_1997_10_24.pdf,2,plug abandon,0.2722621976763827
93,15_9_19_A_1997_10_24.pdf,3,abandon,0.2722621976763827
93,15_9_19_A_1997_10_24.pdf,4,plug,0.18733578651594912
93,15_9_19_A_1997_10_24.pdf,5,setting,0.1839323735798349
93,15_9_19_A_1997_10_24.pdf,6,tih ezsv,0.1618055462955295
93,15_9_19_A_1997_10_24.pdf,7,attempted set,0.1416741770380916
93,15_9_19_A_1997_10_24.pdf,8,completed tih,0.1416741770380916
93,15_9_19_A_1997_10_24.pdf,9,tested ezsv,0.1416741770380916
93,15_9_19_A_1997_10_24.pdf,10,finally,0.1416741770380916
93,15_9_19_A_1997_10_24.pdf,11,abandon trip,0.14036383301112856
93,15_9_19_A_1997_10_24.pdf,12,ezsv plug,0.12203271163136538
94,15_9_19_A_1997_10_25.pdf,1,dst,0.34470829470896996
94,15_9_19_A_1997_10_25.pdf,2,sstt,0.2293525300572265
94,15_9_19_A_1997_10_25.pdf,3,evaluation rig,0.19593837817470958
94,15_9_19_A_1997_10_25.pdf,4,running dst,0.19176155546027038
94,15_9_19_A_1997_10_25.pdf,5,rig up/down,0.19074411327860696
94,15_9_19_A_1997_10_25.pdf,6,flow head,0.17530874669269897
94,15_9_19_A_1997_10_25.pdf,7,associated,0.1713828987901157
94,15_9_19_A_1997_10_25.pdf,8,electric line,0.16482243667192917
94,15_9_19_A_1997_10_25.pdf,9,tubulars,0.1620202995704928
94,15_9_19_A_1997_10_25.pdf,10,electric,0.15290168670481766
94,15_9_19_A_1997_10_25.pdf,11,dst string,0.14595181244440908
94,15_9_19_A_1997_10_25.pdf,12,formation evaluation,0.14481570539895494
95,15_9_19_A_1997_10_26.pdf,1,pu/mu,0.4486353407669459
95,15_9_19_A_1997_10_26.pdf,2,tubing,0.2844597746008428
95,15_9_19_A_1997_10_26.pdf,3,dst,0.23171821798593562
95,15_9_19_A_1997_10_26.pdf,4,evaluation rig,0.2195213195359399
95,15_9_19_A_1997_10_26.pdf,5,ph-6,0.21484177874213062
95,15_9_19_A_1997_10_26.pdf,6,running dst,0.21484177874213062
95,15_9_19_A_1997_10_26.pdf,7,rig continued,0.20749170616132295
95,15_9_19_A_1997_10_26.pdf,8,base oil,0.1713047762127737
95,15_9_19_A_1997_10_26.pdf,9,joints,0.16842965320391798
95,15_9_19_A_1997_10_26.pdf,10,dst string,0.1635184222454391
95,15_9_19_A_1997_10_26.pdf,11,continued running,0.1635184222454391
95,15_9_19_A_1997_10_26.pdf,12,formation evaluation,0.16224557452629657
96,15_9_19_A_1997_10_27.pdf,1,evaluation rig,0.36963163336866556
96,15_9_19_A_1997_10_27.pdf,2,rig up/down,0.3598328148034533
96,15_9_19_A_1997_10_27.pdf,3,sstt,0.2753331558274099
96,15_9_19_A_1997_10_27.pdf,4,formation evaluation,0.2731903071909794
96,15_9_19_A_1997_10_27.pdf,5,evaluation,0.27237865390281835
96,15_9_19_A_1997_10_27.pdf,6,up/down,0.27237865390281835
96,15_9_19_A_1997_10_27.pdf,7,formation,0.21154343343191906
96,15_9_19_A_1997_10_27.pdf,8,dst,0.17734948265965006
96,15_9_19_A_1997_10_27.pdf,9,rig,0.15860194629794877
96,15_9_19_A_1997_10_27.pdf,10,closed mpr,0.12306287677860744
96,15_9_19_A_1997_10_27.pdf,11,mpr,0.112636447226087
96,15_9_19_A_1997_10_27.pdf,12,dst string,0.112636447226087
97,15_9_19_A_1997_10_28.pdf,1,formation evaluati,0.379059843727312
97,15_9_19_A_1997_10_28.pdf,2,evaluati,0.379059843727312
97,15_9_19_A_1997_10_28.pdf,3,flowed,0.2321260839132032
97,15_9_19_A_1997_10_28.pdf,4,lpr-n valve,0.20984191148088682
97,15_9_19_A_1997_10_28.pdf,5,lpr-n,0.20211052470115415
97,15_9_19_A_1997_10_28.pdf,6,shut-in,0.1836886314011623
97,15_9_19_A_1997_10_28.pdf,7,rig up/down,0.17223299157396463
97,15_9_19_A_1997_10_28.pdf,8,formation,0.1687578086678418
97,15_9_19_A_1997_10_28.pdf,9,build-up test,0.1582955792080654
97,15_9_19_A_1997_10_28.pdf,10,tes,0.148826932892301
97,15_9_19_A_1997_10_28.pdf,11,pressure build-up,0.14629673446318434
97,15_9_19_A_1997_10_28.pdf,12,flowhead,0.13474034980076943
98,15_9_19_A_1997_10_29.pdf,1,evaluatio drill,0.37721101642822785
98,15_9_19_A_1997_10_29.pdf,2,formation evaluatio,0.32288328393522725
98,15_9_19_A_1997_10_29.pdf,3,evaluatio,0.32288328393522725
98,15_9_19_A_1997_10_29.pdf,4,stem test,0.2779661898316269
98,15_9_19_A_1997_10_29.pdf,5,drill stem,0.27497142848576367
98,15_9_19_A_1997_10_29.pdf,6,stem,0.2534932537943339
98,15_9_19_A_1997_10_29.pdf,7,bhs,0.21807287085247162
98,15_9_19_A_1997_10_29.pdf,8,shut-in,0.19163073208487
98,15_9_19_A_1997_10_29.pdf,9,test,0.17485043460530889
98,15_9_19_A_1997_10_29.pdf,10,build-up test,0.1651397666695673
98,15_9_19_A_1997_10_29.pdf,11,electric line,0.1552617267957771
98,15_9_19_A_1997_10_29.pdf,12,electric,0.14403245326987701
99,15_9_19_A_1997_10_30.pdf,1,electric line,0.29974481331295194
99,15_9_19_A_1997_10_30.pdf,2,electric,0.27806582927660706
99,15_9_19_A_1997_10_30.pdf,3,mini-frac,0.24934049533621422
99,15_9_19_A_1997_10_30.pdf,4,ill stem,0.23147793309635217
99,15_9_19_A_1997_10_30.pdf,5,formation evaluation,0.21068858078342415
99,15_9_19_A_1997_10_30.pdf,6,evaluation,0.21006262124214617
99,15_9_19_A_1997_10_30.pdf,7,rculating,0.20924165229925643
99,15_9_19_A_1997_10_30.pdf,8,mini-frac job,0.20208316878486693
99,15_9_19_A_1997_10_30.pdf,9,ill,0.19128908154946617
99,15_9_19_A_1997_10_30.pdf,10,workover perforate,0.1739979810803537
99,15_9_19_A_1997_10_30.pdf,11,perforate,0.16610698554423853
99,15_9_19_A_1997_10_30.pdf,12,formation,0.1631455604047707
100,15_9_19_A_1997_10_31.pdf,1,flowed/tested,0.4796332848081699
100,15_9_19_A_1997_10_31.pdf,2,test flowed/tested,0.33385877959885196
100,15_9_19_A_1997_10_31.pdf,3,main flow,0.280000676269771
100,15_9_19_A_1997_10_31.pdf,4,evaluation drill,0.24882211667467782
100,15_9_19_A_1997_10_31.pdf,5,stem test,0.24601999640852787
100,15_9_19_A_1997_10_31.pdf,6,drill stem,0.24336941801983983
100,15_9_19_A_1997_10_31.pdf,7,stem,0.224359694342122
100,15_9_19_A_1997_10_31.pdf,8,formation evaluation,0.16098333348435379
100,15_9_19_A_1997_10_31.pdf,9,evaluation,0.16050504912168653
100,15_9_19_A_1997_10_31.pdf,10,flow formation,0.15440809383736961
100,15_9_19_A_1997_10_31.pdf,11,flow period,0.1499390498688044
100,15_9_19_A_1997_10_31.pdf,12,build-up test,0.14616052703230414
101,15_9_19_A_1997_11_01.pdf,1,flowed/tested,0.3253743070228064
101,15_9_19_A_1997_11_01.pdf,2,build-up test,0.2974577559785779
101,15_9_19_A_1997_11_01.pdf,3,pressure build-up,0.2749103832092073
101,15_9_19_A_1997_11_01.pdf,4,evaluation drill,0.2531944498514674
101,15_9_19_A_1997_11_01.pdf,5,stem test,0.25034309037953956
101,15_9_19_A_1997_11_01.pdf,6,drill stem,0.24764593569778953
101,15_9_19_A_1997_11_01.pdf,7,build-up,0.24764593569778953
101,15_9_19_A_1997_11_01.pdf,8,stem,0.22830217079162912
101,15_9_19_A_1997_11_01.pdf,9,test flowed/tested,0.2264835917275897
101,15_9_19_A_1997_11_01.pdf,10,downhole pressure,0.20949516275185256
101,15_9_19_A_1997_11_01.pdf,11,test,0.1938148196747928
101,15_9_19_A_1997_11_01.pdf,12,formation evaluation,0.16381215263962243
102,15_9_19_A_1997_11_02.pdf,1,build-up test,0.41000699938640117
102,15_9_19_A_1997_11_02.pdf,2,build-up,0.34134785516569527
102,15_9_19_A_1997_11_02.pdf,3,shut-in,0.3171856302366776
102,15_9_19_A_1997_11_02.pdf,4,shut-in build-up,0.30061900534654723
102,15_9_19_A_1997_11_02.pdf,5,performing shut-in,0.22424317507030814
102,15_9_19_A_1997_11_02.pdf,6,continued performing,0.21657146604719574
102,15_9_19_A_1997_11_02.pdf,7,test,0.200361474161396
102,15_9_19_A_1997_11_02.pdf,8,test continued,0.18946418281977867
102,15_9_19_A_1997_11_02.pdf,9,evaluation drill,0.1744978817300817
102,15_9_19_A_1997_11_02.pdf,10,stem test,0.1725327668225697
102,15_9_19_A_1997_11_02.pdf,11,drill stem,0.17067392758284763
102,15_9_19_A_1997_11_02.pdf,12,performing,0.15989033329897195
103,15_9_19_A_1997_11_03.pdf,1,evaluation circula,0.29160152368778514
103,15_9_19_A_1997_11_03.pdf,2,ting conditioning,0.25532132140925223
103,15_9_19_A_1997_11_03.pdf,3,circula,0.24960367928899715
103,15_9_19_A_1997_11_03.pdf,4,circula ting,0.24960367928899715
103,15_9_19_A_1997_11_03.pdf,5,ting,0.24004896003698573
103,15_9_19_A_1997_11_03.pdf,6,formation evaluation,0.2249716979797542
103,15_9_19_A_1997_11_03.pdf,7,evaluation,0.22430330304185914
103,15_9_19_A_1997_11_03.pdf,8,pooh/ld,0.223426678516772
103,15_9_19_A_1997_11_03.pdf,9,formation,0.19598131662545876
103,15_9_19_A_1997_11_03.pdf,10,pooh/ld dst,0.1749609142126711
103,15_9_19_A_1997_11_03.pdf,11,build-up test,0.15319279284555132
103,15_9_19_A_1997_11_03.pdf,12,conditioning,0.1385581780933338
104,15_9_19_A_1997_11_04.pdf,1,rig up/dow,0.3735431776034504
104,15_9_19_A_1997_11_04.pdf,2,up/dow,0.3735431776034504
104,15_9_19_A_1997_11_04.pdf,3,evaluation rig,0.29058051530755286
104,15_9_19_A_1997_11_04.pdf,4,perfs,0.22269708606348282
104,15_9_19_A_1997_11_04.pdf,5,ezsv,0.2149616763180442
104,15_9_19_A_1997_11_04.pdf,6,formation evaluation,0.2147645739005437
104,15_9_19_A_1997_11_04.pdf,7,evaluation,0.21412650451082327
104,15_9_19_A_1997_11_04.pdf,8,formation,0.16630178357940026
104,15_9_19_A_1997_11_04.pdf,9,squeeze,0.16065975084955555
104,15_9_19_A_1997_11_04.pdf,10,jts,0.15608942396546083
104,15_9_19_A_1997_11_04.pdf,11,dst,0.15336277891104183
104,15_9_19_A_1997_11_04.pdf,12,pooh test,0.14850932647612428
105,15_9_19_A_1997_11_05.pdf,1,ezsv,0.5341398152342337
105,15_9_19_A_1997_11_05.pdf,2,squeeze,0.2661397482696507
105,15_9_19_A_1997_11_05.pdf,3,squeeze job,0.26499257408677984
105,15_9_19_A_1997_11_05.pdf,4,spacer,0.25183080948464115
105,15_9_19_A_1997_11_05.pdf,5,tih ezsv,0.1844536236111187
105,15_9_19_A_1997_11_05.pdf,6,tih,0.18179952074318093
105,15_9_19_A_1997_11_05.pdf,7,plug abandon,0.17735485616971622
105,15_9_19_A_1997_11_05.pdf,8,abandon,0.17735485616971622
105,15_9_19_A_1997_11_05.pdf,9,completed tih,0.16150444731399882
105,15_9_19_A_1997_11_05.pdf,10,plug,0.15254096857980232
105,15_9_19_A_1997_11_05.pdf,11,job,0.1481316423126865
105,15_9_19_A_1997_11_05.pdf,12,set ezsv,0.1359235778459169
106,15_9_19_A_1997_11_06.pdf,1,ezsv,0.2810308761925542
106,15_9_19_A_1997_11_06.pdf,2,squeeze,0.23629395359637098
106,15_9_19_A_1997_11_06.pdf,3,abandon,0.20995425862454403
106,15_9_19_A_1997_11_06.pdf,4,plug abandon,0.20995425862454403
106,15_9_19_A_1997_11_06.pdf,5,tivities,0.20913371318557467
106,15_9_19_A_1997_11_06.pdf,6,bop tivities,0.20913371318557467
106,15_9_19_A_1997_11_06.pdf,7,plug,0.18057935745156603
106,15_9_19_A_1997_11_06.pdf,8,squeeze job,0.156850284889181
106,15_9_19_A_1997_11_06.pdf,9,spacer,0.14905977779816446
106,15_9_19_A_1997_11_06.pdf,10,bops,0.1405154380962771
106,15_9_19_A_1997_11_06.pdf,11,upper annular,0.13481558431286955
106,15_9_19_A_1997_11_06.pdf,12,tested bops,0.13252359204359582
107,15_9_19_A_1997_11_07.pdf,1,abando,0.44501633766235943
107,15_9_19_A_1997_11_07.pdf,2,plug abando,0.44501633766235943
107,15_9_19_A_1997_11_07.pdf,3,abando trip,0.296677558441573
107,15_9_19_A_1997_11_07.pdf,4,assy,0.21394485782962966
107,15_9_19_A_1997_11_07.pdf,5,seal assy,0.2119057827024796
107,15_9_19_A_1997_11_07.pdf,6,retrieve seal,0.17317720725144042
107,15_9_19_A_1997_11_07.pdf,7,plug,0.16356589164829863
107,15_9_19_A_1997_11_07.pdf,8,seal,0.13454647881657894
107,15_9_19_A_1997_11_07.pdf,9,csg,0.133849438745624
107,15_9_19_A_1997_11_07.pdf,10,retrieve,0.13037517540677465
107,15_9_19_A_1997_11_07.pdf,11,cut,0.12263307067373584
107,15_9_19_A_1997_11_07.pdf,12,spring,0.10931060724235869
108,15_9_19_A_1997_11_08.pdf,1,abandon cut,0.46333612793737616
108,15_9_19_A_1997_11_08.pdf,2,abandon,0.31186307032206384
108,15_9_19_A_1997_11_08.pdf,3,plug abandon,0.31186307032206384
108,15_9_19_A_1997_11_08.pdf,4,csg,0.292664409078737
108,15_9_19_A_1997_11_08.pdf,5,cut,0.26813960147003807
108,15_9_19_A_1997_11_08.pdf,6,plug,0.2535992820072168
108,15_9_19_A_1997_11_08.pdf,7,assy,0.14175594105548356
108,15_9_19_A_1997_11_08.pdf,8,seal assy,0.12636439852837533
108,15_9_19_A_1997_11_08.pdf,9,csg spear,0.11296154319808804
108,15_9_19_A_1997_11_08.pdf,10,set,0.1126918052117262
108,15_9_19_A_1997_11_08.pdf,11,cut fail,0.10909695249228056
108,15_9_19_A_1997_11_08.pdf,12,spear,0.10714911566469867
109,15_9_19_A_1997_11_09.pdf,1,plug,0.3935395752023371
109,15_9_19_A_1997_11_09.pdf,2,abandon,0.38129731860956656
109,15_9_19_A_1997_11_09.pdf,3,plug abandon,0.38129731860956656
109,15_9_19_A_1997_11_09.pdf,4,abandon trip,0.2621020159423422
109,15_9_19_A_1997_11_09.pdf,5,gas,0.1658968324232995
109,15_9_19_A_1997_11_09.pdf,6,cmt,0.16293089136384853
109,15_9_19_A_1997_11_09.pdf,7,abandon cement,0.15605412192301557
109,15_9_19_A_1997_11_09.pdf,8,trip,0.1359127876313913
109,15_9_19_A_1997_11_09.pdf,9,cement plug,0.12529972235157483
109,15_9_19_A_1997_11_09.pdf,10,circ,0.11455954786115183
109,15_9_19_A_1997_11_09.pdf,11,got gas,0.1133025838055837
109,15_9_19_A_1997_11_09.pdf,12,checked static,0.10864359229568335
110,15_9_19_A_1997_11_10.pdf,1,abandon tri,0.3300006707526523
110,15_9_19_A_1997_11_10.pdf,2,tri,0.2788192211179976
110,15_9_19_A_1997_11_10.pdf,3,plug abandon,0.22086362872221474
110,15_9_19_A_1997_11_10.pdf,4,abandon,0.22086362872221474
110,15_9_19_A_1997_11_10.pdf,5,continued lay,0.22000044716843487
110,15_9_19_A_1997_11_10.pdf,6,rtts,0.2147834546481474
110,15_9_19_A_1997_11_10.pdf,7,cut drilling,0.1802448013497029
110,15_9_19_A_1997_11_10.pdf,8,transfered,0.16744474107828172
110,15_9_19_A_1997_11_10.pdf,9,drilling line,0.16744474107828172
110,15_9_19_A_1997_11_10.pdf,10,wash pipe,0.15559220579532043
110,15_9_19_A_1997_11_10.pdf,11,csg,0.15545025093918463
110,15_9_19_A_1997_11_10.pdf,12,total,0.1550502922774977
111,15_9_19_B_1997_11_10.pdf,1,cmt drill,0.2732757094897818
111,15_9_19_B_1997_11_10.pdf,2,picking drilling,0.24982912772699828
111,15_9_19_B_1997_11_10.pdf,3,tested motor,0.24982912772699828
111,15_9_19_B_1997_11_10.pdf,4,motor mwd,0.22724644547118342
111,15_9_19_B_1997_11_10.pdf,5,ako,0.22389284478578117
111,15_9_19_B_1997_11_10.pdf,6,degr,0.217897256914462
111,15_9_19_B_1997_11_10.pdf,7,dress,0.21265321639912055
111,15_9_19_B_1997_11_10.pdf,8,trip picked,0.1948516125814513
111,15_9_19_B_1997_11_10.pdf,9,picking,0.18006922904958356
111,15_9_19_B_1997_11_10.pdf,10,kick,0.18006922904958356
111,15_9_19_B_1997_11_10.pdf,11,load,0.18006922904958356
111,15_9_19_B_1997_11_10.pdf,12,drilling,0.1784273726445489
112,15_9_19_B_1997_11_11.pdf,1,blocks,0.3275996252125493
112,15_9_19_B_1997_11_11.pdf,2,window,0.23402548314905325
112,15_9_19_B_1997_11_11.pdf,3,crown,0.23289667225998187
112,15_9_19_B_1997_11_11.pdf,4,cmt,0.22468326614085915
112,15_9_19_B_1997_11_11.pdf,5,wooden,0.22446757834432268
112,15_9_19_B_1997_11_11.pdf,6,drilling,0.19541271010457667
112,15_9_19_B_1997_11_11.pdf,7,pick,0.1606946632106974
112,15_9_19_B_1997_11_11.pdf,8,drilling trip,0.15236937638151288
112,15_9_19_B_1997_11_11.pdf,9,ting conditioning,0.13680576637041755
112,15_9_19_B_1997_11_11.pdf,10,travelling,0.13374215065757436
112,15_9_19_B_1997_11_11.pdf,11,circula,0.13374215065757436
112,15_9_19_B_1997_11_11.pdf,12,circula ting,0.13374215065757436
113,15_9_19_B_1997_11_12.pdf,1,degr,0.26497794125169777
113,15_9_19_B_1997_11_12.pdf,2,drilling,0.2169798671897099
113,15_9_19_B_1997_11_12.pdf,3,drill continued,0.19434569897490125
113,15_9_19_B_1997_11_12.pdf,4,bit,0.18300151649109744
113,15_9_19_B_1997_11_12.pdf,5,ako,0.18151265696631066
113,15_9_19_B_1997_11_12.pdf,6,drilling circulatin,0.1789954367709426
113,15_9_19_B_1997_11_12.pdf,7,circulatin conditioning,0.17045905754113658
113,15_9_19_B_1997_11_12.pdf,8,circulatin,0.16688028443345881
113,15_9_19_B_1997_11_12.pdf,9,stabilizer,0.16364289036565258
113,15_9_19_B_1997_11_12.pdf,10,drill,0.13393609390996905
113,15_9_19_B_1997_11_12.pdf,11,planned,0.1337774867708093
113,15_9_19_B_1997_11_12.pdf,12,oriented,0.13013468550363852
114,15_9_19_B_1997_11_13.pdf,1,drill orient,0.21726912870392576
114,15_9_19_B_1997_11_13.pdf,2,csg window,0.20249660198737032
114,15_9_19_B_1997_11_13.pdf,3,orient,0.18651088312548908
114,15_9_19_B_1997_11_13.pdf,4,drilling,0.16789995730783755
114,15_9_19_B_1997_11_13.pdf,5,window,0.16086105600252593
114,15_9_19_B_1997_11_13.pdf,6,continue,0.160608081810212
114,15_9_19_B_1997_11_13.pdf,7,drill,0.1554604909251838
114,15_9_19_B_1997_11_13.pdf,8,oriented,0.1510481715883775
114,15_9_19_B_1997_11_13.pdf,9,drilling drill,0.13729027520359377
114,15_9_19_B_1997_11_13.pdf,10,server,0.1342470919048784
114,15_9_19_B_1997_11_13.pdf,11,wash rotate,0.12857606788844106
114,15_9_19_B_1997_11_13.pdf,12,geoservice,0.12857606788844106
115,15_9_19_B_1997_11_14.pdf,1,drilling,0.2175919732697829
115,15_9_19_B_1997_11_14.pdf,2,ako degr,0.17870619647218924
115,15_9_19_B_1997_11_14.pdf,3,orienting,0.17870619647218924
115,15_9_19_B_1997_11_14.pdf,4,bit,0.1651659918514971
115,15_9_19_B_1997_11_14.pdf,5,ako,0.16382223817746175
115,15_9_19_B_1997_11_14.pdf,6,drilling trip,0.16287670911885394
115,15_9_19_B_1997_11_14.pdf,7,degr,0.15943527071894864
115,15_9_19_B_1997_11_14.pdf,8,mode,0.1325964851184876
115,15_9_19_B_1997_11_14.pdf,9,rih,0.12861891401351983
115,15_9_19_B_1997_11_14.pdf,10,rotating,0.12787076863139313
115,15_9_19_B_1997_11_14.pdf,11,continued,0.12772495489699326
115,15_9_19_B_1997_11_14.pdf,12,trip,0.1252186243505331
116,15_9_19_B_1997_11_15.pdf,1,lost circu,0.2879793417233145
116,15_9_19_B_1997_11_15.pdf,2,lation fail,0.2879793417233145
116,15_9_19_B_1997_11_15.pdf,3,lation,0.2879793417233145
116,15_9_19_B_1997_11_15.pdf,4,circu lation,0.2879793417233145
116,15_9_19_B_1997_11_15.pdf,5,lost,0.2743542461482432
116,15_9_19_B_1997_11_15.pdf,6,circu,0.2562914503228212
116,15_9_19_B_1997_11_15.pdf,7,interruption lost,0.24090929774056458
116,15_9_19_B_1997_11_15.pdf,8,pill,0.17501474824690175
116,15_9_19_B_1997_11_15.pdf,9,lcm,0.16027630161301906
116,15_9_19_B_1997_11_15.pdf,10,fail,0.13249032541557001
116,15_9_19_B_1997_11_15.pdf,11,lcm pill,0.12457030370075803
116,15_9_19_B_1997_11_15.pdf,12,fail flow,0.11927222569314917
117,15_9_19_B_1997_11_16.pdf,1,ost circulation,0.4378626317035886
117,15_9_19_B_1997_11_16.pdf,2,interruption ost,0.4378626317035886
117,15_9_19_B_1997_11_16.pdf,3,ost,0.4132579096659259
117,15_9_19_B_1997_11_16.pdf,4,circulation fail,0.3958005815596401
117,15_9_19_B_1997_11_16.pdf,5,cmt,0.21459798797296423
117,15_9_19_B_1997_11_16.pdf,6,fail,0.19052122657358622
117,15_9_19_B_1997_11_16.pdf,7,circulation,0.1851646931490049
117,15_9_19_B_1997_11_16.pdf,8,interruption,0.10981341643133405
117,15_9_19_B_1997_11_16.pdf,9,flow checked,0.06682348988135002
117,15_9_19_B_1997_11_16.pdf,10,checked static,0.06604413059657363
117,15_9_19_B_1997_11_16.pdf,11,fail continued,0.06440245717170415
117,15_9_19_B_1997_11_16.pdf,12,rate l/m,0.06370993764829035
118,15_9_19_B_1997_11_17.pdf,1,arm,0.3972385283235571
118,15_9_19_B_1997_11_17.pdf,2,racking arm,0.3211876799033494
118,15_9_19_B_1997_11_17.pdf,3,racking,0.28546923767790383
118,15_9_19_B_1997_11_17.pdf,4,circu lation,0.23289216778317265
118,15_9_19_B_1997_11_17.pdf,5,lost circu,0.23289216778317265
118,15_9_19_B_1997_11_17.pdf,6,lation fail,0.23289216778317265
118,15_9_19_B_1997_11_17.pdf,7,lation,0.23289216778317265
118,15_9_19_B_1997_11_17.pdf,8,circu,0.20726580973756992
118,15_9_19_B_1997_11_17.pdf,9,ako,0.1975659353556476
118,15_9_19_B_1997_11_17.pdf,10,interruption lost,0.1948260880595644
118,15_9_19_B_1997_11_17.pdf,11,fail,0.13393304061188502
118,15_9_19_B_1997_11_17.pdf,12,arm repaired,0.1258889559832831
119,15_9_19_B_1997_11_18.pdf,1,lost circu,0.30512223025098395
119,15_9_19_B_1997_11_18.pdf,2,circu lation,0.30512223025098395
119,15_9_19_B_1997_11_18.pdf,3,lation fail,0.30512223025098395
119,15_9_19_B_1997_11_18.pdf,4,lation,0.30512223025098395
119,15_9_19_B_1997_11_18.pdf,5,circu,0.27154801607919454
119,15_9_19_B_1997_11_18.pdf,6,interruption lost,0.2552501918190487
119,15_9_19_B_1997_11_18.pdf,7,lost,0.2220518494170534
119,15_9_19_B_1997_11_18.pdf,8,fail,0.2105658517147266
119,15_9_19_B_1997_11_18.pdf,9,racking,0.16028817965247869
119,15_9_19_B_1997_11_18.pdf,10,m3/hr,0.15192324145093988
119,15_9_19_B_1997_11_18.pdf,11,finger,0.12292289427442876
119,15_9_19_B_1997_11_18.pdf,12,upper racking,0.12292289427442876
120,15_9_19_B_1997_11_19.pdf,1,circulation fail,0.2817804626203319
120,15_9_19_B_1997_11_19.pdf,2,lost circulation,0.2642637375789045
120,15_9_19_B_1997_11_19.pdf,3,weathe fail,0.23379412639961317
120,15_9_19_B_1997_11_19.pdf,4,interruption lost,0.22765914854819283
120,15_9_19_B_1997_11_19.pdf,5,fail,0.21910574301728158
120,15_9_19_B_1997_11_19.pdf,6,lost,0.2160538380505374
120,15_9_19_B_1997_11_19.pdf,7,waiting weathe,0.19819780318417837
120,15_9_19_B_1997_11_19.pdf,8,weathe,0.19320314084550885
120,15_9_19_B_1997_11_19.pdf,9,heave,0.17314554639408566
120,15_9_19_B_1997_11_19.pdf,10,waiting,0.16634982166231815
120,15_9_19_B_1997_11_19.pdf,11,weather,0.15182348396298415
120,15_9_19_B_1997_11_19.pdf,12,wind,0.13082146488108562
121,15_9_19_B_1997_11_20.pdf,1,waiting weather,0.4215196411229464
121,15_9_19_B_1997_11_20.pdf,2,weather,0.361120311571567
121,15_9_19_B_1997_11_20.pdf,3,waiting,0.3165375888395082
121,15_9_19_B_1997_11_20.pdf,4,m/s rig,0.2157667841697144
121,15_9_19_B_1997_11_20.pdf,5,rig heave,0.20952183145094053
121,15_9_19_B_1997_11_20.pdf,6,weather high,0.19966802714994614
121,15_9_19_B_1997_11_20.pdf,7,weather fail,0.19966802714994614
121,15_9_19_B_1997_11_20.pdf,8,wind m/s,0.19563367431925463
121,15_9_19_B_1997_11_20.pdf,9,m/s,0.18876021937930557
121,15_9_19_B_1997_11_20.pdf,10,continued waiting,0.18876021937930557
121,15_9_19_B_1997_11_20.pdf,11,heave,0.1830382143759229
121,15_9_19_B_1997_11_20.pdf,12,high wind,0.1738495263135077
122,15_9_19_B_1997_11_21.pdf,1,m/s rig,0.265455656555854
122,15_9_19_B_1997_11_21.pdf,2,waiting weather,0.25929564069849437
122,15_9_19_B_1997_11_21.pdf,3,rig heave,0.25777255542190725
122,15_9_19_B_1997_11_21.pdf,4,weather fail,0.24564952128410447
122,15_9_19_B_1997_11_21.pdf,5,wind m/s,0.24068609846826078
122,15_9_19_B_1997_11_21.pdf,6,m/s,0.23222975751238828
122,15_9_19_B_1997_11_21.pdf,7,heave,0.22519003357696513
122,15_9_19_B_1997_11_21.pdf,8,weather,0.2221413035671045
122,15_9_19_B_1997_11_21.pdf,9,waiting,0.1947164708259874
122,15_9_19_B_1997_11_21.pdf,10,fail continued,0.17889408553186956
122,15_9_19_B_1997_11_21.pdf,11,wind,0.1701440821475598
122,15_9_19_B_1997_11_21.pdf,12,interruption waiting,0.15485110385629078
123,15_9_19_B_1997_11_22.pdf,1,m/s,0.35266042393980845
123,15_9_19_B_1997_11_22.pdf,2,heave,0.27357600872157234
123,15_9_19_B_1997_11_22.pdf,3,waitin weather,0.2614838286117106
123,15_9_19_B_1997_11_22.pdf,4,waitin,0.2614838286117106
123,15_9_19_B_1997_11_22.pdf,5,interruption waitin,0.2614838286117106
123,15_9_19_B_1997_11_22.pdf,6,continued wind,0.24187004813079666
123,15_9_19_B_1997_11_22.pdf,7,weather fail,0.2238236785276115
123,15_9_19_B_1997_11_22.pdf,8,wind m/s,0.21930125346070012
123,15_9_19_B_1997_11_22.pdf,9,heave max,0.17432255240780706
123,15_9_19_B_1997_11_22.pdf,10,fail continued,0.16299943139016884
123,15_9_19_B_1997_11_22.pdf,11,m/s rig,0.16124669875386444
123,15_9_19_B_1997_11_22.pdf,12,rig heave,0.15657972457778271
124,15_9_19_B_1997_11_23.pdf,1,m/s,0.36783617253665224
124,15_9_19_B_1997_11_23.pdf,2,decreasing,0.33877977344352217
124,15_9_19_B_1997_11_23.pdf,3,weather fail,0.25939477829346286
124,15_9_19_B_1997_11_23.pdf,4,wind m/s,0.25415362840575983
124,15_9_19_B_1997_11_23.pdf,5,heave,0.2377904851116603
124,15_9_19_B_1997_11_23.pdf,6,slowly,0.1877774584730779
124,15_9_19_B_1997_11_23.pdf,7,waiting weather,0.1825363085853748
124,15_9_19_B_1997_11_23.pdf,8,wind,0.17966445135289935
124,15_9_19_B_1997_11_23.pdf,9,interruption waiting,0.16351575831831147
124,15_9_19_B_1997_11_23.pdf,10,weather,0.15638077612200238
124,15_9_19_B_1997_11_23.pdf,11,retrieve edphot,0.1451193395460738
124,15_9_19_B_1997_11_23.pdf,12,reconnect lmrp,0.1451193395460738
125,15_9_19_B_1997_11_24.pdf,1,weather fail,0.2403502715228046
125,15_9_19_B_1997_11_24.pdf,2,lpm losses,0.23114976865727513
125,15_9_19_B_1997_11_24.pdf,3,m3/hr,0.2069145493874294
125,15_9_19_B_1997_11_24.pdf,4,fail,0.19915547989447913
125,15_9_19_B_1997_11_24.pdf,5,losses m3/hr,0.19624493470823853
125,15_9_19_B_1997_11_24.pdf,6,lost circulat,0.18719410332002048
125,15_9_19_B_1997_11_24.pdf,7,circulat ion,0.18719410332002048
125,15_9_19_B_1997_11_24.pdf,8,ion fail,0.18719410332002048
125,15_9_19_B_1997_11_24.pdf,9,lmrp,0.17647574938362312
125,15_9_19_B_1997_11_24.pdf,10,losses,0.1740516026697529
125,15_9_19_B_1997_11_24.pdf,11,waiting weather,0.16913467425944304
125,15_9_19_B_1997_11_24.pdf,12,ion,0.16814118847838258
126,15_9_19_B_1997_11_25.pdf,1,lost circulati,0.42050959308322633
126,15_9_19_B_1997_11_25.pdf,2,circulati fail,0.42050959308322633
126,15_9_19_B_1997_11_25.pdf,3,interruption lost,0.3071062692804012
126,15_9_19_B_1997_11_25.pdf,4,circulati,0.2993243561417127
126,15_9_19_B_1997_11_25.pdf,5,lost,0.2590675620521808
126,15_9_19_B_1997_11_25.pdf,6,gained,0.17301395410379194
126,15_9_19_B_1997_11_25.pdf,7,fail,0.16889597012540225
126,15_9_19_B_1997_11_25.pdf,8,mud,0.1570566447326527
126,15_9_19_B_1997_11_25.pdf,9,washing,0.14285331844636304
126,15_9_19_B_1997_11_25.pdf,10,cement,0.11023624223257361
126,15_9_19_B_1997_11_25.pdf,11,lpm,0.10266362695633717
126,15_9_19_B_1997_11_25.pdf,12,interruption,0.09734896123918986
127,15_9_19_B_1997_11_26.pdf,1,circu lation,0.3206559922956383
127,15_9_19_B_1997_11_26.pdf,2,lost circu,0.3206559922956383
127,15_9_19_B_1997_11_26.pdf,3,lation fail,0.3206559922956383
127,15_9_19_B_1997_11_26.pdf,4,lation,0.3206559922956383
127,15_9_19_B_1997_11_26.pdf,5,circu,0.2853725160574572
127,15_9_19_B_1997_11_26.pdf,6,interruption lost,0.2682449701356204
127,15_9_19_B_1997_11_26.pdf,7,lost,0.16971381911698602
127,15_9_19_B_1997_11_26.pdf,8,fail,0.147523834562131
127,15_9_19_B_1997_11_26.pdf,9,finished,0.12915060515837493
127,15_9_19_B_1997_11_26.pdf,10,interruption,0.10932480117608397
127,15_9_19_B_1997_11_26.pdf,11,drilling line,0.10830001610411112
127,15_9_19_B_1997_11_26.pdf,12,drill pipe,0.1052475196094908
128,15_9_19_B_1997_11_27.pdf,1,lost cir,0.3459791375372235
128,15_9_19_B_1997_11_27.pdf,2,culation fail,0.3459791375372235
128,15_9_19_B_1997_11_27.pdf,3,cir culation,0.32653760520820674
128,15_9_19_B_1997_11_27.pdf,4,culation,0.32653760520820674
128,15_9_19_B_1997_11_27.pdf,5,cir,0.2795080994619664
128,15_9_19_B_1997_11_27.pdf,6,interruption lost,0.2526752395797978
128,15_9_19_B_1997_11_27.pdf,7,lost,0.15986312766165275
128,15_9_19_B_1997_11_27.pdf,8,fail,0.15881270327692715
128,15_9_19_B_1997_11_27.pdf,9,circulation rate,0.14641635535712974
128,15_9_19_B_1997_11_27.pdf,10,lpm,0.13575164143329477
128,15_9_19_B_1997_11_27.pdf,11,rate,0.11645706513006508
128,15_9_19_B_1997_11_27.pdf,12,ecd,0.10865715030504136
129,15_9_19_B_1997_11_28.pdf,1,jarred,0.19726491363658843
129,15_9_19_B_1997_11_28.pdf,2,losing mud,0.1922937604802339
129,15_9_19_B_1997_11_28.pdf,3,losing,0.18418920645046222
129,15_9_19_B_1997_11_28.pdf,4,rate lpm,0.15800331978059512
129,15_9_19_B_1997_11_28.pdf,5,losses,0.15558024404958587
129,15_9_19_B_1997_11_28.pdf,6,rate,0.1522986574906692
129,15_9_19_B_1997_11_28.pdf,7,lost circulat,0.14641198847578435
129,15_9_19_B_1997_11_28.pdf,8,rop mph,0.14641198847578435
129,15_9_19_B_1997_11_28.pdf,9,ion fail,0.14641198847578435
129,15_9_19_B_1997_11_28.pdf,10,backoff,0.14641198847578435
129,15_9_19_B_1997_11_28.pdf,11,circulat ion,0.14641198847578435
129,15_9_19_B_1997_11_28.pdf,12,lost,0.14335793508362812
130,15_9_19_B_1997_11_29.pdf,1,backoff,0.3286951221563022
130,15_9_19_B_1997_11_29.pdf,2,atlas,0.3134253085269845
130,15_9_19_B_1997_11_29.pdf,3,interruption fish,0.28752638710747086
130,15_9_19_B_1997_11_29.pdf,4,fish fail,0.28752638710747086
130,15_9_19_B_1997_11_29.pdf,5,drill string,0.27903531422477273
130,15_9_19_B_1997_11_29.pdf,6,fish,0.2375875796537582
130,15_9_19_B_1997_11_29.pdf,7,fail,0.19583097348348227
130,15_9_19_B_1997_11_29.pdf,8,hand torque,0.18242391226654026
130,15_9_19_B_1997_11_29.pdf,9,string,0.18106026606177855
130,15_9_19_B_1997_11_29.pdf,10,backed,0.15260683746351042
130,15_9_19_B_1997_11_29.pdf,11,fail atlas,0.12592399802868987
130,15_9_19_B_1997_11_29.pdf,12,hand,0.1194445883770978
131,15_9_19_B_1997_11_30.pdf,1,interrupti fish,0.41663385225946414
131,15_9_19_B_1997_11_30.pdf,2,interrupti,0.354636505157827
131,15_9_19_B_1997_11_30.pdf,3,fish,0.3503133302570661
131,15_9_19_B_1997_11_30.pdf,4,fish fail,0.34686498540518873
131,15_9_19_B_1997_11_30.pdf,5,charge,0.20254894946184973
131,15_9_19_B_1997_11_30.pdf,6,fail,0.20249641912644673
131,15_9_19_B_1997_11_30.pdf,7,tons overpull,0.1659469134232753
131,15_9_19_B_1997_11_30.pdf,8,atlas,0.157545344738501
131,15_9_19_B_1997_11_30.pdf,9,lbs,0.13519100166801037
131,15_9_19_B_1997_11_30.pdf,10,tons,0.13104430830965372
131,15_9_19_B_1997_11_30.pdf,11,fail worked,0.12446018506745647
131,15_9_19_B_1997_11_30.pdf,12,overpull,0.11224008549843036
132,15_9_19_B_1997_12_01.pdf,1,interrupti fish,0.377914026534264
132,15_9_19_B_1997_12_01.pdf,2,fish,0.3249787455659187
132,15_9_19_B_1997_12_01.pdf,3,interrupti,0.32167839673471776
132,15_9_19_B_1997_12_01.pdf,4,fish fail,0.314629122399273
132,15_9_19_B_1997_12_01.pdf,5,fail,0.18367743450474044
132,15_9_19_B_1997_12_01.pdf,6,lpm returns,0.1809930922355644
132,15_9_19_B_1997_12_01.pdf,7,excessive,0.14861791221584483
132,15_9_19_B_1997_12_01.pdf,8,cuttings,0.14332552720491362
132,15_9_19_B_1997_12_01.pdf,9,slight,0.1357448191766733
132,15_9_19_B_1997_12_01.pdf,10,normal,0.11243364250686676
132,15_9_19_B_1997_12_01.pdf,11,lpm,0.10990404986279395
132,15_9_19_B_1997_12_01.pdf,12,bottoms,0.10598114141421401
133,15_9_19_B_1997_12_02.pdf,1,interrupti fish,0.37087936144240935
133,15_9_19_B_1997_12_02.pdf,2,interrupti,0.3156905274590895
133,15_9_19_B_1997_12_02.pdf,3,fish fail,0.3087724715506114
133,15_9_19_B_1997_12_02.pdf,4,fish,0.25514355366625247
133,15_9_19_B_1997_12_02.pdf,5,fail,0.18025837846037646
133,15_9_19_B_1997_12_02.pdf,6,lpm,0.1694915285647734
133,15_9_19_B_1997_12_02.pdf,7,stinger,0.16878912009370112
133,15_9_19_B_1997_12_02.pdf,8,m3/hr,0.1560676829488514
133,15_9_19_B_1997_12_02.pdf,9,hole drag,0.15213246182813714
133,15_9_19_B_1997_12_02.pdf,10,lpm m3/hr,0.15213246182813714
133,15_9_19_B_1997_12_02.pdf,11,losses lpm,0.14267523232777415
133,15_9_19_B_1997_12_02.pdf,12,losses,0.14065760007808428
134,15_9_19_B_1997_12_03.pdf,1,interrupti fish,0.39757190271473664
134,15_9_19_B_1997_12_03.pdf,2,interrupti,0.37601230636411354
134,15_9_19_B_1997_12_03.pdf,3,fish fail,0.33099512073920206
134,15_9_19_B_1997_12_03.pdf,4,fish,0.27350647850013327
134,15_9_19_B_1997_12_03.pdf,5,fail,0.1932317458325146
134,15_9_19_B_1997_12_03.pdf,6,returns interrupti,0.15135512637850015
134,15_9_19_B_1997_12_03.pdf,7,steerable,0.1471089425507565
134,15_9_19_B_1997_12_03.pdf,8,rih steerable,0.14000204867878066
134,15_9_19_B_1997_12_03.pdf,9,lpm returns,0.12693851512246535
134,15_9_19_B_1997_12_03.pdf,10,fail continued,0.1257989817505055
134,15_9_19_B_1997_12_03.pdf,11,resistance,0.12054479333285992
134,15_9_19_B_1997_12_03.pdf,12,returns,0.1178429083384909
135,15_9_19_B_1997_12_04.pdf,1,interruptio fish,0.4803364553691509
135,15_9_19_B_1997_12_04.pdf,2,interruptio,0.3483851153622086
135,15_9_19_B_1997_12_04.pdf,3,fish fail,0.3351235413322669
135,15_9_19_B_1997_12_04.pdf,4,fish,0.30209220809687937
135,15_9_19_B_1997_12_04.pdf,5,sidetrack,0.20696254420443125
135,15_9_19_B_1997_12_04.pdf,6,fail,0.19564187779140044
135,15_9_19_B_1997_12_04.pdf,7,cmt,0.1602660013455101
135,15_9_19_B_1997_12_04.pdf,8,mud,0.14884994368302573
135,15_9_19_B_1997_12_04.pdf,9,lpm,0.13378630547942166
135,15_9_19_B_1997_12_04.pdf,10,sidetrack bha,0.11597584887766844
135,15_9_19_B_1997_12_04.pdf,11,tih,0.10984576666287106
135,15_9_19_B_1997_12_04.pdf,12,losing mud,0.10978110521092643
136,15_9_19_B_1997_12_05.pdf,1,interrupti,0.41742850354214917
136,15_9_19_B_1997_12_05.pdf,2,interrupti fish,0.34328217783837306
136,15_9_19_B_1997_12_05.pdf,3,fish fail,0.24496857432838656
136,15_9_19_B_1997_12_05.pdf,4,fish,0.2361582872213111
136,15_9_19_B_1997_12_05.pdf,5,fail,0.21451542179472052
136,15_9_19_B_1997_12_05.pdf,6,sidetrack,0.19811191302176157
136,15_9_19_B_1997_12_05.pdf,7,cmt,0.18793009235160235
136,15_9_19_B_1997_12_05.pdf,8,tih,0.18400948512450982
136,15_9_19_B_1997_12_05.pdf,9,tih sidetrack,0.16092830251761542
136,15_9_19_B_1997_12_05.pdf,10,motor,0.15896381228662582
136,15_9_19_B_1997_12_05.pdf,11,interrupti rep,0.14382632074840349
136,15_9_19_B_1997_12_05.pdf,12,air fail,0.14382632074840349
137,15_9_19_B_1997_12_06.pdf,1,sidetrack,0.4755709059626782
137,15_9_19_B_1997_12_06.pdf,2,sidetrack plug,0.29430518377455744
137,15_9_19_B_1997_12_06.pdf,3,fail,0.23840175860851837
137,15_9_19_B_1997_12_06.pdf,4,repair fail,0.23147604426325583
137,15_9_19_B_1997_12_06.pdf,5,wash/ream,0.2240832311331982
137,15_9_19_B_1997_12_06.pdf,6,fail continued,0.20952790533571428
137,15_9_19_B_1997_12_06.pdf,7,sidetrack bha,0.20727485209027482
137,15_9_19_B_1997_12_06.pdf,8,drilled cmt,0.20127568193961592
137,15_9_19_B_1997_12_06.pdf,9,interruption repair,0.1746878277281595
137,15_9_19_B_1997_12_06.pdf,10,interruption fish,0.16334752560474294
137,15_9_19_B_1997_12_06.pdf,11,fish fail,0.16334752560474294
137,15_9_19_B_1997_12_06.pdf,12,repair,0.14860824678116036
138,15_9_19_BT2_1997_12_06.pdf,1,riser clean,0.24846864841107252
138,15_9_19_BT2_1997_12_06.pdf,2,hole continued,0.239968148133291
138,15_9_19_BT2_1997_12_06.pdf,3,hours drilling,0.239968148133291
138,15_9_19_BT2_1997_12_06.pdf,4,track operations,0.239968148133291
138,15_9_19_BT2_1997_12_06.pdf,5,boosting riser,0.23302273369023477
138,15_9_19_BT2_1997_12_06.pdf,6,boosting,0.23302273369023477
138,15_9_19_BT2_1997_12_06.pdf,7,reporting,0.21757681896939698
138,15_9_19_BT2_1997_12_06.pdf,8,hole drilled,0.21356318251276715
138,15_9_19_BT2_1997_12_06.pdf,9,operations drilling,0.20993240669544924
138,15_9_19_BT2_1997_12_06.pdf,10,hole,0.1924749085111583
138,15_9_19_BT2_1997_12_06.pdf,11,interruption fish,0.18911219970116502
138,15_9_19_BT2_1997_12_06.pdf,12,fish fail,0.18911219970116502
139,15_9_19_BT2_1997_12_07.pdf,1,interruption fish,0.3847624432904955
139,15_9_19_BT2_1997_12_07.pdf,2,fish fail,0.3847624432904955
139,15_9_19_BT2_1997_12_07.pdf,3,fish,0.3179352634820484
139,15_9_19_BT2_1997_12_07.pdf,4,fail,0.2246205880067547
139,15_9_19_BT2_1997_12_07.pdf,5,fail drilled,0.18964063978646187
139,15_9_19_BT2_1997_12_07.pdf,6,bit change,0.18486162132003395
139,15_9_19_BT2_1997_12_07.pdf,7,bit,0.16702892085036813
139,15_9_19_BT2_1997_12_07.pdf,8,boosted,0.15231476959634435
139,15_9_19_BT2_1997_12_07.pdf,9,boosted riser,0.15231476959634435
139,15_9_19_BT2_1997_12_07.pdf,10,interruption,0.12946774810055
139,15_9_19_BT2_1997_12_07.pdf,11,hours,0.1198455205504351
139,15_9_19_BT2_1997_12_07.pdf,12,drag,0.11723875442838949
140,15_9_19_BT2_1997_12_08.pdf,1,rol,0.2703934499543236
140,15_9_19_BT2_1997_12_08.pdf,2,cont rol,0.2703934499543236
140,15_9_19_BT2_1997_12_08.pdf,3,interruption cont,0.2703934499543236
140,15_9_19_BT2_1997_12_08.pdf,4,fish fail,0.23253732577152322
140,15_9_19_BT2_1997_12_08.pdf,5,interruption fish,0.23253732577152322
140,15_9_19_BT2_1997_12_08.pdf,6,gas seen,0.20279508746574265
140,15_9_19_BT2_1997_12_08.pdf,7,fish,0.1921492526825485
140,15_9_19_BT2_1997_12_08.pdf,8,preparation,0.1901978648759316
140,15_9_19_BT2_1997_12_08.pdf,9,fail,0.19005425415815608
140,15_9_19_BT2_1997_12_08.pdf,10,cbu,0.18331414408232816
140,15_9_19_BT2_1997_12_08.pdf,11,bottoms,0.15665791531783452
140,15_9_19_BT2_1997_12_08.pdf,12,seen,0.15243757934094423
141,15_9_19_BT2_1997_12_09.pdf,1,liner,0.3201940708603108
141,15_9_19_BT2_1997_12_09.pdf,2,drilling trip,0.19368944232478677
141,15_9_19_BT2_1997_12_09.pdf,3,drilling casi,0.179109216937583
141,15_9_19_BT2_1997_12_09.pdf,4,casi,0.17733052203268573
141,15_9_19_BT2_1997_12_09.pdf,5,shakers,0.17265791566665825
141,15_9_19_BT2_1997_12_09.pdf,6,drilling,0.17250376347023744
141,15_9_19_BT2_1997_12_09.pdf,7,trip backreamed,0.15309865565724987
141,15_9_19_BT2_1997_12_09.pdf,8,trip,0.14890726642465196
141,15_9_19_BT2_1997_12_09.pdf,9,constantly,0.14866751084704896
141,15_9_19_BT2_1997_12_09.pdf,10,circulated shakers,0.14866751084704896
141,15_9_19_BT2_1997_12_09.pdf,11,hgr,0.14866751084704896
141,15_9_19_BT2_1997_12_09.pdf,12,boosting,0.14866751084704896
142,15_9_19_BT2_1997_12_10.pdf,1,liner,0.4059945859081372
142,15_9_19_BT2_1997_12_10.pdf,2,packed-off,0.27982068439994184
142,15_9_19_BT2_1997_12_10.pdf,3,hole packed-off,0.27982068439994184
142,15_9_19_BT2_1997_12_10.pdf,4,trying,0.2588314648869086
142,15_9_19_BT2_1997_12_10.pdf,5,drilling casing,0.2398208009117596
142,15_9_19_BT2_1997_12_10.pdf,6,casing fail,0.23468000739832362
142,15_9_19_BT2_1997_12_10.pdf,7,casing,0.1682972019203297
142,15_9_19_BT2_1997_12_10.pdf,8,stds,0.14578417181242698
142,15_9_19_BT2_1997_12_10.pdf,9,window,0.12573526773996493
142,15_9_19_BT2_1997_12_10.pdf,10,hole,0.12110285621244016
142,15_9_19_BT2_1997_12_10.pdf,11,running liner,0.1197597863757604
142,15_9_19_BT2_1997_12_10.pdf,12,fail,0.11908029515395935
143,15_9_19_BT2_1997_12_11.pdf,1,casing fail,0.48062284769665853
143,15_9_19_BT2_1997_12_11.pdf,2,jts,0.33472321246733916
143,15_9_19_BT2_1997_12_11.pdf,3,liner,0.3233509164108993
143,15_9_19_BT2_1997_12_11.pdf,4,drilling casing,0.24557557660944296
143,15_9_19_BT2_1997_12_11.pdf,5,fail,0.24387552734440293
143,15_9_19_BT2_1997_12_11.pdf,6,tih,0.1882748981919336
143,15_9_19_BT2_1997_12_11.pdf,7,fail continued,0.17861560217146275
143,15_9_19_BT2_1997_12_11.pdf,8,casing,0.1723356866719321
143,15_9_19_BT2_1997_12_11.pdf,9,pooh liner,0.14406873285546606
143,15_9_19_BT2_1997_12_11.pdf,10,stood,0.14076493533211504
143,15_9_19_BT2_1997_12_11.pdf,11,drilling,0.1194545185372329
143,15_9_19_BT2_1997_12_11.pdf,12,wiper,0.11444660442016451
144,15_9_19_BT2_1997_12_12.pdf,1,asing fail,0.504989477710097
144,15_9_19_BT2_1997_12_12.pdf,2,drilling asing,0.42628531565071776
144,15_9_19_BT2_1997_12_12.pdf,3,asing,0.41057931759457483
144,15_9_19_BT2_1997_12_12.pdf,4,fail,0.21490296967973044
144,15_9_19_BT2_1997_12_12.pdf,5,shakers,0.14366906682726946
144,15_9_19_BT2_1997_12_12.pdf,6,fail continued,0.14308723856633268
144,15_9_19_BT2_1997_12_12.pdf,7,wipe,0.13190648631773047
144,15_9_19_BT2_1997_12_12.pdf,8,tih,0.1206601660599853
144,15_9_19_BT2_1997_12_12.pdf,9,swabbing,0.12058913863884431
144,15_9_19_BT2_1997_12_12.pdf,10,mud,0.1189122429215461
144,15_9_19_BT2_1997_12_12.pdf,11,drilling,0.11483263713114282
144,15_9_19_BT2_1997_12_12.pdf,12,cuttings,0.09756576382045032
145,15_9_19_BT2_1997_12_13.pdf,1,casi fail,0.4889056939748767
145,15_9_19_BT2_1997_12_13.pdf,2,drilling casi,0.3527099001220956
145,15_9_19_BT2_1997_12_13.pdf,3,casi,0.34920721436990104
145,15_9_19_BT2_1997_12_13.pdf,4,fail,0.23406566163632653
145,15_9_19_BT2_1997_12_13.pdf,5,tih,0.1606236102660967
145,15_9_19_BT2_1997_12_13.pdf,6,toh,0.15693418517438315
145,15_9_19_BT2_1997_12_13.pdf,7,drilling,0.1401271348155073
145,15_9_19_BT2_1997_12_13.pdf,8,wiper trip,0.13827358425062475
145,15_9_19_BT2_1997_12_13.pdf,9,rotary bha,0.12222642349371918
145,15_9_19_BT2_1997_12_13.pdf,10,bha,0.1158953888759159
145,15_9_19_BT2_1997_12_13.pdf,11,fail flowchecked,0.11305827626220177
145,15_9_19_BT2_1997_12_13.pdf,12,wiped,0.11305827626220177
146,15_9_19_BT2_1997_12_14.pdf,1,liner,0.43978451754901227
146,15_9_19_BT2_1997_12_14.pdf,2,asing fail,0.37888684036819675
146,15_9_19_BT2_1997_12_14.pdf,3,drilling asing,0.3518197780716522
146,15_9_19_BT2_1997_12_14.pdf,4,asing,0.3388573781304975
146,15_9_19_BT2_1997_12_14.pdf,5,running liner,0.19459064862365058
146,15_9_19_BT2_1997_12_14.pdf,6,fail,0.16123881934514106
146,15_9_19_BT2_1997_12_14.pdf,7,nodeco liner,0.1451525822063574
146,15_9_19_BT2_1997_12_14.pdf,8,nodeco,0.1297270990824337
146,15_9_19_BT2_1997_12_14.pdf,9,mud loss,0.1297270990824337
146,15_9_19_BT2_1997_12_14.pdf,10,running,0.12936731296735565
146,15_9_19_BT2_1997_12_14.pdf,11,run liner,0.11168044071642894
146,15_9_19_BT2_1997_12_14.pdf,12,continued running,0.11047721428392963
147,15_9_19_BT2_1997_12_15.pdf,1,hgr,0.35063195081682136
147,15_9_19_BT2_1997_12_15.pdf,2,drilling sing,0.3446009728592198
147,15_9_19_BT2_1997_12_15.pdf,3,sing,0.3353729628471252
147,15_9_19_BT2_1997_12_15.pdf,4,hgr setting,0.24397737632911645
147,15_9_19_BT2_1997_12_15.pdf,5,liner,0.18879422791512834
147,15_9_19_BT2_1997_12_15.pdf,6,slacked-off,0.17531597540841068
147,15_9_19_BT2_1997_12_15.pdf,7,cmt,0.16372686920237114
147,15_9_19_BT2_1997_12_15.pdf,8,maintain fail,0.1603111908581968
147,15_9_19_BT2_1997_12_15.pdf,9,drawworks,0.15315598793743102
147,15_9_19_BT2_1997_12_15.pdf,10,setting tool,0.15301713805514205
147,15_9_19_BT2_1997_12_15.pdf,11,fail,0.14535757878316513
147,15_9_19_BT2_1997_12_15.pdf,12,tol,0.1281734580749486
148,15_9_19_BT2_1997_12_16.pdf,1,drilling asing,0.3321622469290752
148,15_9_19_BT2_1997_12_16.pdf,2,asing,0.31992410638550867
148,15_9_19_BT2_1997_12_16.pdf,3,bops,0.23019441762145032
148,15_9_19_BT2_1997_12_16.pdf,4,upper racking,0.15996205319275433
148,15_9_19_BT2_1997_12_16.pdf,5,racking arm,0.15645663782242514
148,15_9_19_BT2_1997_12_16.pdf,6,jts,0.15043529244762746
148,15_9_19_BT2_1997_12_16.pdf,7,test tool,0.1490939728283591
148,15_9_19_BT2_1997_12_16.pdf,8,racking,0.13905750414292226
148,15_9_19_BT2_1997_12_16.pdf,9,arm,0.13545171845200865
148,15_9_19_BT2_1997_12_16.pdf,10,upper,0.13520081743112386
148,15_9_19_BT2_1997_12_16.pdf,11,setting tool,0.13461123520254098
148,15_9_19_BT2_1997_12_16.pdf,12,drilling,0.13421668083515884
149,15_9_19_BT2_1997_12_17.pdf,1,rotary bha,0.3141114554112052
149,15_9_19_BT2_1997_12_17.pdf,2,kelly,0.2201621808473553
149,15_9_19_BT2_1997_12_17.pdf,3,cock,0.18335375584031807
149,15_9_19_BT2_1997_12_17.pdf,4,kelly cock,0.18335375584031807
149,15_9_19_BT2_1997_12_17.pdf,5,pooh bop,0.15431215003540358
149,15_9_19_BT2_1997_12_17.pdf,6,liner,0.1519158010568441
149,15_9_19_BT2_1997_12_17.pdf,7,stabilizer,0.1481416512245918
149,15_9_19_BT2_1997_12_17.pdf,8,rotary,0.14633119466269046
149,15_9_19_BT2_1997_12_17.pdf,9,test tool,0.14546610561487985
149,15_9_19_BT2_1997_12_17.pdf,10,valve,0.12656299574469473
149,15_9_19_BT2_1997_12_17.pdf,11,trip,0.12559808758096616
149,15_9_19_BT2_1997_12_17.pdf,12,bit,0.1242498838584699
150,15_9_19_BT2_1997_12_18.pdf,1,drilling,0.21524830003538944
150,15_9_19_BT2_1997_12_18.pdf,2,drilling circulati,0.192454932623356
150,15_9_19_BT2_1997_12_18.pdf,3,drilling trip,0.17902485722528547
150,15_9_19_BT2_1997_12_18.pdf,4,circulati conditioning,0.17756699724288805
150,15_9_19_BT2_1997_12_18.pdf,5,circulati,0.1730675418847161
150,15_9_19_BT2_1997_12_18.pdf,6,steerable bha,0.17102474300343629
150,15_9_19_BT2_1997_12_18.pdf,7,mwd drilling,0.16909874098726668
150,15_9_19_BT2_1997_12_18.pdf,8,steerable,0.1672768993688686
150,15_9_19_BT2_1997_12_18.pdf,9,boosted riser,0.16554852760748573
150,15_9_19_BT2_1997_12_18.pdf,10,boosted,0.16554852760748573
150,15_9_19_BT2_1997_12_18.pdf,11,riser drilling,0.1639045009761187
150,15_9_19_BT2_1997_12_18.pdf,12,mwd,0.14614611029672955
151,15_9_19_BT2_1997_12_19.pdf,1,multiple,0.30254242484910754
151,15_9_19_BT2_1997_12_19.pdf,2,trip,0.2526156644826458
151,15_9_19_BT2_1997_12_19.pdf,3,surveys,0.2444333798034003
151,15_9_19_BT2_1997_12_19.pdf,4,drilling,0.21948468607897742
151,15_9_19_BT2_1997_12_19.pdf,5,drilling trip,0.20536685495175067
151,15_9_19_BT2_1997_12_19.pdf,6,rotating mode,0.201694949899405
151,15_9_19_BT2_1997_12_19.pdf,7,x/over,0.18915669601630053
151,15_9_19_BT2_1997_12_19.pdf,8,continued rih,0.17965159217195742
151,15_9_19_BT2_1997_12_19.pdf,9,signals,0.16772240942930214
151,15_9_19_BT2_1997_12_19.pdf,10,trip continued,0.15660197861732494
151,15_9_19_BT2_1997_12_19.pdf,11,continued,0.15460315677321626
151,15_9_19_BT2_1997_12_19.pdf,12,mode,0.13374986895919924
152,15_9_19_BT2_1997_12_20.pdf,1,mwd,0.21885583332066605
152,15_9_19_BT2_1997_12_20.pdf,2,drill oriented,0.2115793899325165
152,15_9_19_BT2_1997_12_20.pdf,3,decoding,0.19842667535672096
152,15_9_19_BT2_1997_12_20.pdf,4,mode,0.18707271016324625
152,15_9_19_BT2_1997_12_20.pdf,5,oriented mode,0.1852739607809254
152,15_9_19_BT2_1997_12_20.pdf,6,drilling,0.16884336007952977
152,15_9_19_BT2_1997_12_20.pdf,7,bit,0.14563946441929562
152,15_9_19_BT2_1997_12_20.pdf,8,drilling trip,0.1436208290613203
152,15_9_19_BT2_1997_12_20.pdf,9,shoot mwd,0.14105292662167768
152,15_9_19_BT2_1997_12_20.pdf,10,attempted drill,0.14105292662167768
152,15_9_19_BT2_1997_12_20.pdf,11,ther fail,0.13622728584326532
152,15_9_19_BT2_1997_12_20.pdf,12,drilling circul,0.13622728584326532
153,15_9_19_BT2_1997_12_21.pdf,1,drilling,0.2539362041454871
153,15_9_19_BT2_1997_12_21.pdf,2,drilling trip,0.23760236094548834
153,15_9_19_BT2_1997_12_21.pdf,3,trip,0.18266725145043397
153,15_9_19_BT2_1997_12_21.pdf,4,mwd,0.17241385178548474
153,15_9_19_BT2_1997_12_21.pdf,5,liner shoe,0.16430170294777308
153,15_9_19_BT2_1997_12_21.pdf,6,scribe line,0.1617075309500437
153,15_9_19_BT2_1997_12_21.pdf,7,scribe,0.1617075309500437
153,15_9_19_BT2_1997_12_21.pdf,8,bit,0.16062795728181578
153,15_9_19_BT2_1997_12_21.pdf,9,orient,0.14104192297641055
153,15_9_19_BT2_1997_12_21.pdf,10,order,0.13644604838076446
153,15_9_19_BT2_1997_12_21.pdf,11,drilling ream,0.1324649207219569
153,15_9_19_BT2_1997_12_21.pdf,12,backreamed,0.1324649207219569
154,15_9_19_BT2_1997_12_22.pdf,1,drilling trip,0.27174184272688906
154,15_9_19_BT2_1997_12_22.pdf,2,trip,0.25069617313971965
154,15_9_19_BT2_1997_12_22.pdf,3,navidrill,0.24398505744407653
154,15_9_19_BT2_1997_12_22.pdf,4,scribe,0.2219306353774582
154,15_9_19_BT2_1997_12_22.pdf,5,scribe line,0.2219306353774582
154,15_9_19_BT2_1997_12_22.pdf,6,bit drilling,0.2010288968807067
154,15_9_19_BT2_1997_12_22.pdf,7,mwd,0.17746815245627803
154,15_9_19_BT2_1997_12_22.pdf,8,drilling,0.17425355145876917
154,15_9_19_BT2_1997_12_22.pdf,9,bit,0.16533675523412733
154,15_9_19_BT2_1997_12_22.pdf,10,bha rih,0.13436434810828898
154,15_9_19_BT2_1997_12_22.pdf,11,precautionary washed,0.12887634031455877
154,15_9_19_BT2_1997_12_22.pdf,12,rih btm,0.12887634031455877
155,15_9_19_BT2_1997_12_23.pdf,1,rotation mode,0.23750037390642004
155,15_9_19_BT2_1997_12_23.pdf,2,drilling,0.20242567533496827
155,15_9_19_BT2_1997_12_23.pdf,3,mode,0.17622060911144
155,15_9_19_BT2_1997_12_23.pdf,4,drilling trip,0.16234724961983207
155,15_9_19_BT2_1997_12_23.pdf,5,tested bop,0.14631692296331925
155,15_9_19_BT2_1997_12_23.pdf,6,using yellow,0.13873086948238672
155,15_9_19_BT2_1997_12_23.pdf,7,rotation,0.1362592440530866
155,15_9_19_BT2_1997_12_23.pdf,8,pooh picked,0.1328704364443787
155,15_9_19_BT2_1997_12_23.pdf,9,function tested,0.13260822714461876
155,15_9_19_BT2_1997_12_23.pdf,10,drill,0.12852222730599477
155,15_9_19_BT2_1997_12_23.pdf,11,bop,0.12837606690830455
155,15_9_19_BT2_1997_12_23.pdf,12,change bha,0.1283247314263525
156,15_9_19_BT2_1997_12_24.pdf,1,navidrill,0.34746032428449036
156,15_9_19_BT2_1997_12_24.pdf,2,drilling trip,0.2579925994503212
156,15_9_19_BT2_1997_12_24.pdf,3,trip,0.23801177150906305
156,15_9_19_BT2_1997_12_24.pdf,4,evaluation log,0.18066536145694453
156,15_9_19_BT2_1997_12_24.pdf,5,slick,0.1777864692912908
156,15_9_19_BT2_1997_12_24.pdf,6,drilling,0.1654368950072985
156,15_9_19_BT2_1997_12_24.pdf,7,log,0.13652116818836352
156,15_9_19_BT2_1997_12_24.pdf,8,trip continued,0.13115440513202403
156,15_9_19_BT2_1997_12_24.pdf,9,formation evaluation,0.12756595412045166
156,15_9_19_BT2_1997_12_24.pdf,10,evaluation,0.12718695338948177
156,15_9_19_BT2_1997_12_24.pdf,11,rotated formation,0.12668988000224088
156,15_9_19_BT2_1997_12_24.pdf,12,completed trip,0.12668988000224088
157,15_9_19_BT2_1997_12_25.pdf,1,drilling,0.29340964057998664
157,15_9_19_BT2_1997_12_25.pdf,2,attempted drill,0.16851757352073385
157,15_9_19_BT2_1997_12_25.pdf,3,drill oriented,0.16851757352073385
157,15_9_19_BT2_1997_12_25.pdf,4,mode,0.1676234584973131
157,15_9_19_BT2_1997_12_25.pdf,5,ream,0.1645214229132691
157,15_9_19_BT2_1997_12_25.pdf,6,drill,0.16300280535431877
157,15_9_19_BT2_1997_12_25.pdf,7,drilling pup,0.1627523243044459
157,15_9_19_BT2_1997_12_25.pdf,8,drill attempted,0.15804177270558453
157,15_9_19_BT2_1997_12_25.pdf,9,navidrill,0.15405905807713016
157,15_9_19_BT2_1997_12_25.pdf,10,turn right,0.1506090737412873
157,15_9_19_BT2_1997_12_25.pdf,11,oriented mode,0.14756597189043522
157,15_9_19_BT2_1997_12_25.pdf,12,continued,0.1291720434798297
158,15_9_19_BT2_1997_12_26.pdf,1,drilling trip,0.25012434570543424
158,15_9_19_BT2_1997_12_26.pdf,2,drilling,0.2405871052545862
158,15_9_19_BT2_1997_12_26.pdf,3,trip,0.23075289270209953
158,15_9_19_BT2_1997_12_26.pdf,4,liner shoe,0.2075527656437491
158,15_9_19_BT2_1997_12_26.pdf,5,oriented,0.14429323643728892
158,15_9_19_BT2_1997_12_26.pdf,6,trip continued,0.12715446039896905
158,15_9_19_BT2_1997_12_26.pdf,7,liner,0.12404651205262772
158,15_9_19_BT2_1997_12_26.pdf,8,drill corepoint,0.12282609427780246
158,15_9_19_BT2_1997_12_26.pdf,9,oriented reamed,0.12282609427780246
158,15_9_19_BT2_1997_12_26.pdf,10,installed mud,0.12282609427780246
158,15_9_19_BT2_1997_12_26.pdf,11,reamed,0.12049080697752043
158,15_9_19_BT2_1997_12_26.pdf,12,change,0.1194864140275227
159,15_9_19_BT2_1997_12_27.pdf,1,signals,0.2609721769179281
159,15_9_19_BT2_1997_12_27.pdf,2,btm,0.26037689480480175
159,15_9_19_BT2_1997_12_27.pdf,3,mwd,0.2318755037098599
159,15_9_19_BT2_1997_12_27.pdf,4,repai fail,0.21844978798111195
159,15_9_19_BT2_1997_12_27.pdf,5,investigate,0.21844978798111195
159,15_9_19_BT2_1997_12_27.pdf,6,washed btm,0.20206397089134404
159,15_9_19_BT2_1997_12_27.pdf,7,interruption repai,0.18698760599881914
159,15_9_19_BT2_1997_12_27.pdf,8,repai,0.18698760599881914
159,15_9_19_BT2_1997_12_27.pdf,9,drilling trip,0.17042456564084596
159,15_9_19_BT2_1997_12_27.pdf,10,missing,0.16475343764757258
159,15_9_19_BT2_1997_12_27.pdf,11,drilling,0.1593727698234868
159,15_9_19_BT2_1997_12_27.pdf,12,trip,0.13102137058473753
160,15_9_19_BT2_1997_12_28.pdf,1,repair fail,0.3989672535177666
160,15_9_19_BT2_1997_12_28.pdf,2,interruption repair,0.30108827491636797
160,15_9_19_BT2_1997_12_28.pdf,3,mwd,0.2951727737870726
160,15_9_19_BT2_1997_12_28.pdf,4,repair,0.2561380563465141
160,15_9_19_BT2_1997_12_28.pdf,5,fail,0.2465425616769393
160,15_9_19_BT2_1997_12_28.pdf,6,liner shoe,0.18752317517726158
160,15_9_19_BT2_1997_12_28.pdf,7,mpr,0.16892542085779644
160,15_9_19_BT2_1997_12_28.pdf,8,fail continued,0.1444551606939487
160,15_9_19_BT2_1997_12_28.pdf,9,interruption,0.14210322639834969
160,15_9_19_BT2_1997_12_28.pdf,10,liner,0.11207557624021365
160,15_9_19_BT2_1997_12_28.pdf,11,shoe filled,0.1071763759290472
160,15_9_19_BT2_1997_12_28.pdf,12,shoe interruption,0.1071763759290472
161,15_9_19_BT2_1997_12_29.pdf,1,drilling rip,0.33221905289688153
161,15_9_19_BT2_1997_12_29.pdf,2,rip,0.3226036142388859
161,15_9_19_BT2_1997_12_29.pdf,3,ako,0.2818264287429685
161,15_9_19_BT2_1997_12_29.pdf,4,ako motor,0.17199369935514178
161,15_9_19_BT2_1997_12_29.pdf,5,drilling,0.1497309997274718
161,15_9_19_BT2_1997_12_29.pdf,6,brake,0.13090628144754798
161,15_9_19_BT2_1997_12_29.pdf,7,interruptio,0.1247459861137627
161,15_9_19_BT2_1997_12_29.pdf,8,drilled,0.12403803192012045
161,15_9_19_BT2_1997_12_29.pdf,9,fail,0.11463272894202058
161,15_9_19_BT2_1997_12_29.pdf,10,mwd,0.11436990952815668
161,15_9_19_BT2_1997_12_29.pdf,11,btm,0.10702324244978469
161,15_9_19_BT2_1997_12_29.pdf,12,motor,0.10193647870900903
162,15_9_19_BT2_1997_12_30.pdf,1,drilling,0.19501312039726476
162,15_9_19_BT2_1997_12_30.pdf,2,drilled,0.19386000518293592
162,15_9_19_BT2_1997_12_30.pdf,3,prior connection,0.18711102527771742
162,15_9_19_BT2_1997_12_30.pdf,4,drill corepoint,0.1792068606285345
162,15_9_19_BT2_1997_12_30.pdf,5,reamed,0.17579960821845064
162,15_9_19_BT2_1997_12_30.pdf,6,washed btm,0.173075914216201
162,15_9_19_BT2_1997_12_30.pdf,7,corebarrel operations,0.173075914216201
162,15_9_19_BT2_1997_12_30.pdf,8,corepoint,0.173075914216201
162,15_9_19_BT2_1997_12_30.pdf,9,drilling drilled,0.173075914216201
162,15_9_19_BT2_1997_12_30.pdf,10,formations,0.173075914216201
162,15_9_19_BT2_1997_12_30.pdf,11,stand prior,0.173075914216201
162,15_9_19_BT2_1997_12_30.pdf,12,btm times,0.173075914216201
163,15_9_19_BT2_1997_12_31.pdf,1,samples,0.3313286121555269
163,15_9_19_BT2_1997_12_31.pdf,2,sample circulated,0.29618620252732597
163,15_9_19_BT2_1997_12_31.pdf,3,geological samples,0.29618620252732597
163,15_9_19_BT2_1997_12_31.pdf,4,geological,0.29618620252732597
163,15_9_19_BT2_1997_12_31.pdf,5,circulation sample,0.28605321024456043
163,15_9_19_BT2_1997_12_31.pdf,6,evaluation circulation,0.27077394020978923
163,15_9_19_BT2_1997_12_31.pdf,7,sample,0.22543055085327737
163,15_9_19_BT2_1997_12_31.pdf,8,samples drilling,0.2030804551573419
163,15_9_19_BT2_1997_12_31.pdf,9,circulated drilling,0.19853269017712313
163,15_9_19_BT2_1997_12_31.pdf,10,drilling break,0.187686905543743
163,15_9_19_BT2_1997_12_31.pdf,11,drilling,0.1772705992057885
163,15_9_19_BT2_1997_12_31.pdf,12,formation evaluation,0.14911718095416682
164,15_9_19_BT2_1998_01_01.pdf,1,ako motor,0.2870352429082256
164,15_9_19_BT2_1998_01_01.pdf,2,ako,0.23516593263443095
164,15_9_19_BT2_1998_01_01.pdf,3,drilling,0.21864646660868398
164,15_9_19_BT2_1998_01_01.pdf,4,bop activities,0.18570491215747606
164,15_9_19_BT2_1998_01_01.pdf,5,motor,0.17011880107906324
164,15_9_19_BT2_1998_01_01.pdf,6,bop,0.16177362683958887
164,15_9_19_BT2_1998_01_01.pdf,7,trip,0.15728182292539475
164,15_9_19_BT2_1998_01_01.pdf,8,drilling bop,0.15631560905894698
164,15_9_19_BT2_1998_01_01.pdf,9,activities,0.15358136312429635
164,15_9_19_BT2_1998_01_01.pdf,10,trip continued,0.14857515270710045
164,15_9_19_BT2_1998_01_01.pdf,11,drilling trip,0.1461303942557165
164,15_9_19_BT2_1998_01_01.pdf,12,continued pooh,0.13847222353651886
165,15_9_19_BT2_1998_01_02.pdf,1,evaluation trip,0.39728043216797815
165,15_9_19_BT2_1998_01_02.pdf,2,formation evaluation,0.26819901414973735
165,15_9_19_BT2_1998_01_02.pdf,3,evaluation,0.26740219008246174
165,15_9_19_BT2_1998_01_02.pdf,4,formation,0.20767845272280827
165,15_9_19_BT2_1998_01_02.pdf,5,drilling assembly,0.19289697524571497
165,15_9_19_BT2_1998_01_02.pdf,6,trip,0.19063012142532657
165,15_9_19_BT2_1998_01_02.pdf,7,rotary drilling,0.18445556401957114
165,15_9_19_BT2_1998_01_02.pdf,8,string stuck,0.15220407201961192
165,15_9_19_BT2_1998_01_02.pdf,9,max pull,0.15220407201961192
165,15_9_19_BT2_1998_01_02.pdf,10,assembly,0.15113359766981888
165,15_9_19_BT2_1998_01_02.pdf,11,deg,0.14859477251361738
165,15_9_19_BT2_1998_01_02.pdf,12,pooh racked,0.11985437064133139
166,15_9_19_BT2_1998_01_03.pdf,1,ream reamed,0.27476149135822026
166,15_9_19_BT2_1998_01_03.pdf,2,rih took,0.2588389230770197
166,15_9_19_BT2_1998_01_03.pdf,3,drilling ream,0.2316585542711997
166,15_9_19_BT2_1998_01_03.pdf,4,ream,0.22134394004804883
166,15_9_19_BT2_1998_01_03.pdf,5,took weight,0.21625308013296146
166,15_9_19_BT2_1998_01_03.pdf,6,reamed,0.20850905688427962
166,15_9_19_BT2_1998_01_03.pdf,7,weight drilling,0.20735668295444615
166,15_9_19_BT2_1998_01_03.pdf,8,p/u core,0.17004021283331427
166,15_9_19_BT2_1998_01_03.pdf,9,max,0.15180753138372663
166,15_9_19_BT2_1998_01_03.pdf,10,continued rih,0.15145641962775555
166,15_9_19_BT2_1998_01_03.pdf,11,resume,0.14889930315853506
166,15_9_19_BT2_1998_01_03.pdf,12,drilling,0.14803037062905694
167,15_9_19_BT2_1998_01_04.pdf,1,reaming,0.41806079759525033
167,15_9_19_BT2_1998_01_04.pdf,2,continued reaming,0.30764162269002593
167,15_9_19_BT2_1998_01_04.pdf,3,samples,0.23755597032690845
167,15_9_19_BT2_1998_01_04.pdf,4,intervals,0.20509441512668397
167,15_9_19_BT2_1998_01_04.pdf,5,hole tight,0.20509441512668397
167,15_9_19_BT2_1998_01_04.pdf,6,core,0.2025553681257977
167,15_9_19_BT2_1998_01_04.pdf,7,short,0.1693255770833086
167,15_9_19_BT2_1998_01_04.pdf,8,hole,0.16450320217386194
167,15_9_19_BT2_1998_01_04.pdf,9,core barrel,0.16338951546808198
167,15_9_19_BT2_1998_01_04.pdf,10,barrel,0.1554087695829204
167,15_9_19_BT2_1998_01_04.pdf,11,rotary,0.15493908281569002
167,15_9_19_BT2_1998_01_04.pdf,12,drilling ream,0.1446566948658559
168,15_9_19_BT2_1998_01_05.pdf,1,core,0.550337906949647
168,15_9_19_BT2_1998_01_05.pdf,2,core barrel,0.30267631195527706
168,15_9_19_BT2_1998_01_05.pdf,3,barrel,0.2878921152811347
168,15_9_19_BT2_1998_01_05.pdf,4,cut core,0.23705731926003307
168,15_9_19_BT2_1998_01_05.pdf,5,p/u core,0.23603550257055395
168,15_9_19_BT2_1998_01_05.pdf,6,formation evaluation,0.15844514227014
168,15_9_19_BT2_1998_01_05.pdf,7,evaluation,0.15797439891896098
168,15_9_19_BT2_1998_01_05.pdf,8,barrel rih,0.14757499161005586
168,15_9_19_BT2_1998_01_05.pdf,9,cut,0.1358262532490759
168,15_9_19_BT2_1998_01_05.pdf,10,formation,0.12269113699924511
168,15_9_19_BT2_1998_01_05.pdf,11,rih cut,0.12107052478211082
168,15_9_19_BT2_1998_01_05.pdf,12,p/u,0.10034804381899334
169,15_9_19_BT2_1998_01_06.pdf,1,core,0.5165198697003135
169,15_9_19_BT2_1998_01_06.pdf,2,pooh core,0.25979398208465065
169,15_9_19_BT2_1998_01_06.pdf,3,formation evaluation,0.25166096774979013
169,15_9_19_BT2_1998_01_06.pdf,4,evaluation,0.2509132785141207
169,15_9_19_BT2_1998_01_06.pdf,5,evaluation trip,0.2329892466803325
169,15_9_19_BT2_1998_01_06.pdf,6,barrel,0.228631838443047
169,15_9_19_BT2_1998_01_06.pdf,7,formation,0.19487230614435183
169,15_9_19_BT2_1998_01_06.pdf,8,core pooh,0.15837701591750067
169,15_9_19_BT2_1998_01_06.pdf,9,cut,0.13483438908548176
169,15_9_19_BT2_1998_01_06.pdf,10,core l/d,0.12496632830168745
169,15_9_19_BT2_1998_01_06.pdf,11,barrel formation,0.12496632830168745
169,15_9_19_BT2_1998_01_06.pdf,12,rig p/down,0.12069103516013836
170,15_9_19_BT2_1998_01_07.pdf,1,core,0.4726849555221876
170,15_9_19_BT2_1998_01_07.pdf,2,formation evaluation,0.28787942227783775
170,15_9_19_BT2_1998_01_07.pdf,3,evaluation,0.2870241273660663
170,15_9_19_BT2_1998_01_07.pdf,4,evaluation trip,0.25585969058996094
170,15_9_19_BT2_1998_01_07.pdf,5,formation,0.22291787007098451
170,15_9_19_BT2_1998_01_07.pdf,6,barrel,0.20922879587983845
170,15_9_19_BT2_1998_01_07.pdf,7,pooh core,0.19019706937952172
170,15_9_19_BT2_1998_01_07.pdf,8,cut core,0.17228404263466587
170,15_9_19_BT2_1998_01_07.pdf,9,core pooh,0.14493621081437974
170,15_9_19_BT2_1998_01_07.pdf,10,core barrel,0.13198402511977966
170,15_9_19_BT2_1998_01_07.pdf,11,core l/d,0.11436095066260792
170,15_9_19_BT2_1998_01_07.pdf,12,spr,0.11044848404321153
171,15_9_19_BT2_1998_01_08.pdf,1,core,0.5296569995879916
171,15_9_19_BT2_1998_01_08.pdf,2,pooh core,0.26640156387751246
171,15_9_19_BT2_1998_01_08.pdf,3,formation evaluation,0.2580616950304385
171,15_9_19_BT2_1998_01_08.pdf,4,evaluation,0.2572949891195533
171,15_9_19_BT2_1998_01_08.pdf,5,evaluation trip,0.23891507872595677
171,15_9_19_BT2_1998_01_08.pdf,6,formation,0.1998286746163238
171,15_9_19_BT2_1998_01_08.pdf,7,core barrel,0.1971891621027267
171,15_9_19_BT2_1998_01_08.pdf,8,barrel,0.18755747558023858
171,15_9_19_BT2_1998_01_08.pdf,9,p/u drilling,0.12814471307019212
171,15_9_19_BT2_1998_01_08.pdf,10,redressed core,0.12814471307019212
171,15_9_19_BT2_1998_01_08.pdf,11,core l/d,0.12814471307019212
171,15_9_19_BT2_1998_01_08.pdf,12,recovered,0.12363213814641268
172,15_9_19_BT2_1998_01_09.pdf,1,mwd log,0.39762915641911756
172,15_9_19_BT2_1998_01_09.pdf,2,log,0.25649066499798134
172,15_9_19_BT2_1998_01_09.pdf,3,drilling assembly,0.24132517268141077
172,15_9_19_BT2_1998_01_09.pdf,4,mwd,0.21103353266330838
172,15_9_19_BT2_1998_01_09.pdf,5,obtain mwd,0.19041601827171556
172,15_9_19_BT2_1998_01_09.pdf,6,drilling,0.18648984525422493
172,15_9_19_BT2_1998_01_09.pdf,7,core,0.1816249070077844
172,15_9_19_BT2_1998_01_09.pdf,8,straight,0.17407865426052305
172,15_9_19_BT2_1998_01_09.pdf,9,drilling trip,0.15510607012977143
172,15_9_19_BT2_1998_01_09.pdf,10,trip,0.1490557553865375
172,15_9_19_BT2_1998_01_09.pdf,11,formation evaluation,0.14379957410697936
172,15_9_19_BT2_1998_01_09.pdf,12,evaluation,0.14337234300072163
173,15_9_19_BT2_1998_01_10.pdf,1,mwd log,0.41722040563556884
173,15_9_19_BT2_1998_01_10.pdf,2,better,0.2894436726584613
173,15_9_19_BT2_1998_01_10.pdf,3,stuck,0.2803803536158804
173,15_9_19_BT2_1998_01_10.pdf,4,log,0.269127999203857
173,15_9_19_BT2_1998_01_10.pdf,5,reaming,0.23599872785565962
173,15_9_19_BT2_1998_01_10.pdf,6,mwd,0.22143118702212797
173,15_9_19_BT2_1998_01_10.pdf,7,ther fail,0.19296244843897423
173,15_9_19_BT2_1998_01_10.pdf,8,stuck pipe,0.18737752316126144
173,15_9_19_BT2_1998_01_10.pdf,9,finished,0.16321090805654617
173,15_9_19_BT2_1998_01_10.pdf,10,formation evaluation,0.15088460106757762
173,15_9_19_BT2_1998_01_10.pdf,11,evaluation,0.15043632021951753
173,15_9_19_BT2_1998_01_10.pdf,12,ther,0.14491216384821548
174,15_9_19_BT2_1998_01_11.pdf,1,logs,0.32568423995597023
174,15_9_19_BT2_1998_01_11.pdf,2,stuck pipe,0.24329735506529673
174,15_9_19_BT2_1998_01_11.pdf,3,stuck,0.24270359751494208
174,15_9_19_BT2_1998_01_11.pdf,4,wireline logs,0.1805777261111577
174,15_9_19_BT2_1998_01_11.pdf,5,formation evaluation,0.17414551348523988
174,15_9_19_BT2_1998_01_11.pdf,6,evaluation,0.17362812405040906
174,15_9_19_BT2_1998_01_11.pdf,7,run logs,0.1670326747843078
174,15_9_19_BT2_1998_01_11.pdf,8,fail worked,0.14169633501561593
174,15_9_19_BT2_1998_01_11.pdf,9,run,0.13865504618157
174,15_9_19_BT2_1998_01_11.pdf,10,formation,0.1348486343392809
174,15_9_19_BT2_1998_01_11.pdf,11,pipe,0.13482218708568236
174,15_9_19_BT2_1998_01_11.pdf,12,fish fail,0.13163378888469884
175,15_9_19_BT2_1998_01_12.pdf,1,formation eval,0.28608853075752166
175,15_9_19_BT2_1998_01_12.pdf,2,uation,0.28608853075752166
175,15_9_19_BT2_1998_01_12.pdf,3,eval uation,0.28608853075752166
175,15_9_19_BT2_1998_01_12.pdf,4,eval,0.28030802553410294
175,15_9_19_BT2_1998_01_12.pdf,5,wiper trip,0.2520705512115207
175,15_9_19_BT2_1998_01_12.pdf,6,finished running,0.2506689355986104
175,15_9_19_BT2_1998_01_12.pdf,7,uation log,0.24007988272764202
175,15_9_19_BT2_1998_01_12.pdf,8,wiper,0.20024205175330795
175,15_9_19_BT2_1998_01_12.pdf,9,vsp,0.19142845876923786
175,15_9_19_BT2_1998_01_12.pdf,10,rih wiper,0.15457758347818065
175,15_9_19_BT2_1998_01_12.pdf,11,finished,0.13074433895690957
175,15_9_19_BT2_1998_01_12.pdf,12,log,0.12935518625451087
176,15_9_19_BT2_1998_01_13.pdf,1,evaluation trip,0.3716076705881205
176,15_9_19_BT2_1998_01_13.pdf,2,rih wiper,0.3437445157705296
176,15_9_19_BT2_1998_01_13.pdf,3,wiper trip,0.28027307587728406
176,15_9_19_BT2_1998_01_13.pdf,4,trip,0.2674670445517076
176,15_9_19_BT2_1998_01_13.pdf,5,formation evaluation,0.2508676562757916
176,15_9_19_BT2_1998_01_13.pdf,6,evaluation,0.2501223239826983
176,15_9_19_BT2_1998_01_13.pdf,7,wiper,0.2226458247309648
176,15_9_19_BT2_1998_01_13.pdf,8,formation,0.19425800970493506
176,15_9_19_BT2_1998_01_13.pdf,9,power drawworks,0.1486478094209499
176,15_9_19_BT2_1998_01_13.pdf,10,run logs,0.13749780630821185
176,15_9_19_BT2_1998_01_13.pdf,11,logs drill,0.13015348701189736
176,15_9_19_BT2_1998_01_13.pdf,12,trip circulated,0.12236819482973704
177,15_9_19_BT2_1998_01_14.pdf,1,formation aluation,0.4174488395382476
177,15_9_19_BT2_1998_01_14.pdf,2,aluation,0.4174488395382476
177,15_9_19_BT2_1998_01_14.pdf,3,drill pipe,0.2217946529164133
177,15_9_19_BT2_1998_01_14.pdf,4,logging,0.20311954672602106
177,15_9_19_BT2_1998_01_14.pdf,5,logging tools,0.1710459264472085
177,15_9_19_BT2_1998_01_14.pdf,6,aluation continued,0.16697953581529903
177,15_9_19_BT2_1998_01_14.pdf,7,formation,0.1558675234497043
177,15_9_19_BT2_1998_01_14.pdf,8,mac,0.15445447842389332
177,15_9_19_BT2_1998_01_14.pdf,9,atlas,0.14927096096092574
177,15_9_19_BT2_1998_01_14.pdf,10,tools drill,0.13512210113155393
177,15_9_19_BT2_1998_01_14.pdf,11,wet connector,0.13512210113155393
177,15_9_19_BT2_1998_01_14.pdf,12,r/u atlas,0.13102606150368787
178,15_9_19_BT2_1998_01_15.pdf,1,formation aluation,0.43500292404627405
178,15_9_19_BT2_1998_01_15.pdf,2,aluation,0.43500292404627405
178,15_9_19_BT2_1998_01_15.pdf,3,logging,0.23811851162724845
178,15_9_19_BT2_1998_01_15.pdf,4,drill pipe,0.2311213097710106
178,15_9_19_BT2_1998_01_15.pdf,5,vsp/supercombo logging,0.2083135086958693
178,15_9_19_BT2_1998_01_15.pdf,6,vsp/supercombo,0.2083135086958693
178,15_9_19_BT2_1998_01_15.pdf,7,vsp,0.2076242991364097
178,15_9_19_BT2_1998_01_15.pdf,8,logging hole,0.2011867784228198
178,15_9_19_BT2_1998_01_15.pdf,9,formation,0.1624218875287119
178,15_9_19_BT2_1998_01_15.pdf,10,tools drill,0.13200384587962086
178,15_9_19_BT2_1998_01_15.pdf,11,pipe,0.12991202596600165
178,15_9_19_BT2_1998_01_15.pdf,12,logging tool,0.12457457948184583
179,15_9_19_BT2_1998_01_16.pdf,1,entry sub,0.24391979408942488
179,15_9_19_BT2_1998_01_16.pdf,2,evaluation log,0.23765465671372027
179,15_9_19_BT2_1998_01_16.pdf,3,entry,0.23207443152862856
179,15_9_19_BT2_1998_01_16.pdf,4,formation evaluation,0.22374067938181996
179,15_9_19_BT2_1998_01_16.pdf,5,evaluation,0.22307594182219379
179,15_9_19_BT2_1998_01_16.pdf,6,atlas,0.207400080910111
179,15_9_19_BT2_1998_01_16.pdf,7,packing,0.19859030191556948
179,15_9_19_BT2_1998_01_16.pdf,8,electric line,0.19098835235144263
179,15_9_19_BT2_1998_01_16.pdf,9,wet connector,0.18774136996923563
179,15_9_19_BT2_1998_01_16.pdf,10,log,0.17958556691949906
179,15_9_19_BT2_1998_01_16.pdf,11,electric,0.17717515773435388
179,15_9_19_BT2_1998_01_16.pdf,12,formation,0.1732523822001223
180,15_9_19_BT2_1998_01_17.pdf,1,fmt,0.26841972741537834
180,15_9_19_BT2_1998_01_17.pdf,2,electric line,0.24600420022640881
180,15_9_19_BT2_1998_01_17.pdf,3,evaluation fail,0.23906856204188723
180,15_9_19_BT2_1998_01_17.pdf,4,fmt toolstring,0.22896954583470325
180,15_9_19_BT2_1998_01_17.pdf,5,electric,0.22821199534840814
180,15_9_19_BT2_1998_01_17.pdf,6,atlas,0.21371477539027608
180,15_9_19_BT2_1998_01_17.pdf,7,entry sub,0.20945533458131868
180,15_9_19_BT2_1998_01_17.pdf,8,formation evaluation,0.20173378296760597
180,15_9_19_BT2_1998_01_17.pdf,9,evaluation,0.20113442829077854
180,15_9_19_BT2_1998_01_17.pdf,10,entry,0.19928365340361553
180,15_9_19_BT2_1998_01_17.pdf,11,wet connector,0.19345751717342685
180,15_9_19_BT2_1998_01_17.pdf,12,pooh fmt,0.17930142153141543
181,15_9_19_BT2_1998_01_18.pdf,1,sidewall,0.3093517369563935
181,15_9_19_BT2_1998_01_18.pdf,2,toolstring,0.2900560301525976
181,15_9_19_BT2_1998_01_18.pdf,3,evaluation log,0.28167579105442525
181,15_9_19_BT2_1998_01_18.pdf,4,core toolstring,0.27314170823595013
181,15_9_19_BT2_1998_01_18.pdf,5,sidewall core,0.27314170823595013
181,15_9_19_BT2_1998_01_18.pdf,6,fmt toolstring,0.24690311330601852
181,15_9_19_BT2_1998_01_18.pdf,7,fmt,0.23155451920039632
181,15_9_19_BT2_1998_01_18.pdf,8,log,0.2128504752378663
181,15_9_19_BT2_1998_01_18.pdf,9,pooh fmt,0.20623449130426233
181,15_9_19_BT2_1998_01_18.pdf,10,formation evaluation,0.19888837986829022
181,15_9_19_BT2_1998_01_18.pdf,11,evaluation,0.19829747893495556
181,15_9_19_BT2_1998_01_18.pdf,12,core,0.15700274028468877
182,15_9_19_BT2_1998_01_19.pdf,1,sidewall,0.5361111788335478
182,15_9_19_BT2_1998_01_19.pdf,2,sidewall coring,0.34955716315383506
182,15_9_19_BT2_1998_01_19.pdf,3,pooh sidewall,0.2886752501411411
182,15_9_19_BT2_1998_01_19.pdf,4,coring,0.23800936873578019
182,15_9_19_BT2_1998_01_19.pdf,5,coring toolstring/drillpipe,0.2184732269711469
182,15_9_19_BT2_1998_01_19.pdf,6,cores,0.20619660724367217
182,15_9_19_BT2_1998_01_19.pdf,7,sidewall cores,0.20619660724367217
182,15_9_19_BT2_1998_01_19.pdf,8,toolstring/drillpipe,0.20619660724367217
182,15_9_19_BT2_1998_01_19.pdf,9,evaluation log,0.197136834210184
182,15_9_19_BT2_1998_01_19.pdf,10,log,0.17024910068801558
182,15_9_19_BT2_1998_01_19.pdf,11,formation evaluation,0.1391962916715531
182,15_9_19_BT2_1998_01_19.pdf,12,evaluation,0.1387827369997321
183,15_9_19_BT2_1998_01_20.pdf,1,weather,0.46417878924862777
183,15_9_19_BT2_1998_01_20.pdf,2,hang-off-tool,0.2080076115078604
183,15_9_19_BT2_1998_01_20.pdf,3,hang-off,0.1851194329166686
183,15_9_19_BT2_1998_01_20.pdf,4,waiting weather,0.18060506927221978
183,15_9_19_BT2_1998_01_20.pdf,5,plug abandon,0.18018416367213413
183,15_9_19_BT2_1998_01_20.pdf,6,abandon,0.18018416367213413
183,15_9_19_BT2_1998_01_20.pdf,7,interruption waiting,0.16178575696552866
183,15_9_19_BT2_1998_01_20.pdf,8,plug,0.14877544796443468
183,15_9_19_BT2_1998_01_20.pdf,9,tih,0.1477597864915898
183,15_9_19_BT2_1998_01_20.pdf,10,waiting,0.1356242689126467
183,15_9_19_BT2_1998_01_20.pdf,11,abandon trip,0.13005065009936506
183,15_9_19_BT2_1998_01_20.pdf,12,unlatched,0.12832518709731514
184,15_9_19_BT2_1998_01_21.pdf,1,ather,0.48348296142007247
184,15_9_19_BT2_1998_01_21.pdf,2,waiting ather,0.48348296142007247
184,15_9_19_BT2_1998_01_21.pdf,3,interruption waiting,0.29795004569159145
184,15_9_19_BT2_1998_01_21.pdf,4,waiting,0.24977017679017122
184,15_9_19_BT2_1998_01_21.pdf,5,lmrp,0.16658148448264037
184,15_9_19_BT2_1998_01_21.pdf,6,interruption,0.13544282434194627
184,15_9_19_BT2_1998_01_21.pdf,7,bops,0.10660077951485339
184,15_9_19_BT2_1998_01_21.pdf,8,checked pressure,0.10577161319049255
184,15_9_19_BT2_1998_01_21.pdf,9,line choke,0.10577161319049255
184,15_9_19_BT2_1998_01_21.pdf,10,hang-off-tool,0.1021530012124547
184,15_9_19_BT2_1998_01_21.pdf,11,pressure circulated,0.1021530012124547
184,15_9_19_BT2_1998_01_21.pdf,12,balance mud,0.09669659228401449
185,15_9_19_BT2_1998_01_22.pdf,1,plug,0.2852709626177885
185,15_9_19_BT2_1998_01_22.pdf,2,waiting weat,0.26300369675737867
185,15_9_19_BT2_1998_01_22.pdf,3,weat,0.26300369675737867
185,15_9_19_BT2_1998_01_22.pdf,4,hang-off-tool,0.25381125878561744
185,15_9_19_BT2_1998_01_22.pdf,5,drillpipe,0.1954820246052425
185,15_9_19_BT2_1998_01_22.pdf,6,abandon,0.18845231835510387
185,15_9_19_BT2_1998_01_22.pdf,7,plug abandon,0.18845231835510387
185,15_9_19_BT2_1998_01_22.pdf,8,mud,0.17768491665351602
185,15_9_19_BT2_1998_01_22.pdf,9,interruption waiting,0.1692096594707809
185,15_9_19_BT2_1998_01_22.pdf,10,bottoms-up,0.1613450445863811
185,15_9_19_BT2_1998_01_22.pdf,11,cement plug,0.1517238751341196
185,15_9_19_BT2_1998_01_22.pdf,12,waiting,0.1418476928322698
186,15_9_19_BT2_1998_01_23.pdf,1,plug abandon,0.32219025974463844
186,15_9_19_BT2_1998_01_23.pdf,2,abandon,0.32219025974463844
186,15_9_19_BT2_1998_01_23.pdf,3,plug,0.29558646643890657
186,15_9_19_BT2_1998_01_23.pdf,4,bottoms-up,0.2758459130539453
186,15_9_19_BT2_1998_01_23.pdf,5,drillpipe,0.2088804373458678
186,15_9_19_BT2_1998_01_23.pdf,6,abandon circulatin,0.20663434632273237
186,15_9_19_BT2_1998_01_23.pdf,7,abandon trip,0.19378808456088534
186,15_9_19_BT2_1998_01_23.pdf,8,circulatin conditioning,0.16461630953666312
186,15_9_19_BT2_1998_01_23.pdf,9,circulatin,0.16116020441586132
186,15_9_19_BT2_1998_01_23.pdf,10,plug number,0.14341273297849136
186,15_9_19_BT2_1998_01_23.pdf,11,number,0.13792295652697265
186,15_9_19_BT2_1998_01_23.pdf,12,trip,0.1339848719475278
187,15_9_19_BT2_1998_01_24.pdf,1,base mud,0.3832934899739221
187,15_9_19_BT2_1998_01_24.pdf,2,base,0.3002959311997469
187,15_9_19_BT2_1998_01_24.pdf,3,plug,0.26747238338128704
187,15_9_19_BT2_1998_01_24.pdf,4,mud,0.22765057296682453
187,15_9_19_BT2_1998_01_24.pdf,5,water base,0.2276287470165713
187,15_9_19_BT2_1998_01_24.pdf,6,abandon,0.21971568517575332
187,15_9_19_BT2_1998_01_24.pdf,7,plug abandon,0.21971568517575332
187,15_9_19_BT2_1998_01_24.pdf,8,oil base,0.18468871382954694
187,15_9_19_BT2_1998_01_24.pdf,9,plug number,0.1504606765067744
187,15_9_19_BT2_1998_01_24.pdf,10,number,0.14470110787146817
187,15_9_19_BT2_1998_01_24.pdf,11,upper annular,0.14470110787146817
187,15_9_19_BT2_1998_01_24.pdf,12,abandon ther,0.134681224632
188,15_9_19_BT2_1998_01_25.pdf,1,plug abandon,0.26957344036969866
188,15_9_19_BT2_1998_01_25.pdf,2,abandon,0.26957344036969866
188,15_9_19_BT2_1998_01_25.pdf,3,riser,0.20130760710948156
188,15_9_19_BT2_1998_01_25.pdf,4,abandon cut,0.20025313341311102
188,15_9_19_BT2_1998_01_25.pdf,5,trip hole,0.18810809010913757
188,15_9_19_BT2_1998_01_25.pdf,6,plug,0.18548572995614393
188,15_9_19_BT2_1998_01_25.pdf,7,cut,0.18542321100857612
188,15_9_19_BT2_1998_01_25.pdf,8,cutting,0.17372592366911727
188,15_9_19_BT2_1998_01_25.pdf,9,water base,0.1556000436289438
188,15_9_19_BT2_1998_01_25.pdf,10,note,0.15192551694858922
188,15_9_19_BT2_1998_01_25.pdf,11,cutting assembly,0.15109650097643992
188,15_9_19_BT2_1998_01_25.pdf,12,base,0.14737556353845876
189,15_9_19_BT2_1998_01_26.pdf,1,don cut,0.36621398767098257
189,15_9_19_BT2_1998_01_26.pdf,2,aban don,0.3197094517475653
189,15_9_19_BT2_1998_01_26.pdf,3,plug aban,0.3197094517475653
189,15_9_19_BT2_1998_01_26.pdf,4,aban,0.3197094517475653
189,15_9_19_BT2_1998_01_26.pdf,5,don,0.3197094517475653
189,15_9_19_BT2_1998_01_26.pdf,6,cut,0.1758400331543681
189,15_9_19_BT2_1998_01_26.pdf,7,annular,0.15092014388123223
189,15_9_19_BT2_1998_01_26.pdf,8,seal assembly,0.14186638330174567
189,15_9_19_BT2_1998_01_26.pdf,9,interruptio maintain,0.13293669334543512
189,15_9_19_BT2_1998_01_26.pdf,10,upper annular,0.13132159771220336
189,15_9_19_BT2_1998_01_26.pdf,11,plug,0.12312952466640971
189,15_9_19_BT2_1998_01_26.pdf,12,base mud,0.11149134398236744
190,15_9_19_BT2_1998_01_27.pdf,1,abandon,0.3483309378517862
190,15_9_19_BT2_1998_01_27.pdf,2,plug abandon,0.3483309378517862
190,15_9_19_BT2_1998_01_27.pdf,3,plug,0.33554709788617965
190,15_9_19_BT2_1998_01_27.pdf,4,abandon cut,0.2587582874406516
190,15_9_19_BT2_1998_01_27.pdf,5,cut,0.20964624997491468
190,15_9_19_BT2_1998_01_27.pdf,6,casing,0.1960991659635321
190,15_9_19_BT2_1998_01_27.pdf,7,cement plug,0.16025310102318774
190,15_9_19_BT2_1998_01_27.pdf,8,jts,0.15235136508536
190,15_9_19_BT2_1998_01_27.pdf,9,drillpipe,0.13549668204851098
190,15_9_19_BT2_1998_01_27.pdf,10,spear,0.13164651749892295
190,15_9_19_BT2_1998_01_27.pdf,11,pooh,0.12547545529461934
190,15_9_19_BT2_1998_01_27.pdf,12,plug number,0.12403873864561664
191,15_9_19_BT2_1998_01_28.pdf,1,plug,0.39561379476474295
191,15_9_19_BT2_1998_01_28.pdf,2,abandon,0.30261079989864315
191,15_9_19_BT2_1998_01_28.pdf,3,plug abandon,0.30261079989864315
191,15_9_19_BT2_1998_01_28.pdf,4,electric line,0.20726623446453218
191,15_9_19_BT2_1998_01_28.pdf,5,bridge plug,0.2037425127116248
191,15_9_19_BT2_1998_01_28.pdf,6,electric,0.19227574525950764
191,15_9_19_BT2_1998_01_28.pdf,7,bridge,0.18764832675715287
191,15_9_19_BT2_1998_01_28.pdf,8,abandon trip,0.18201160806746358
191,15_9_19_BT2_1998_01_28.pdf,9,plug number,0.16163707199591337
191,15_9_19_BT2_1998_01_28.pdf,10,number,0.15544967584839917
191,15_9_19_BT2_1998_01_28.pdf,11,jts,0.13235450384756742
191,15_9_19_BT2_1998_01_28.pdf,12,trip,0.13213476028672852
192,15_9_19_BT2_1998_01_29.pdf,1,abando,0.4745368115115156
192,15_9_19_BT2_1998_01_29.pdf,2,plug abando,0.4745368115115156
192,15_9_19_BT2_1998_01_29.pdf,3,abando cut,0.2768131400483841
192,15_9_19_BT2_1998_01_29.pdf,4,plug,0.17005574711027538
192,15_9_19_BT2_1998_01_29.pdf,5,cut,0.16346002780782604
192,15_9_19_BT2_1998_01_29.pdf,6,annular,0.1571299762051452
192,15_9_19_BT2_1998_01_29.pdf,7,gas,0.15440297859225408
192,15_9_19_BT2_1998_01_29.pdf,8,cutting,0.1470223409089681
192,15_9_19_BT2_1998_01_29.pdf,9,drillpipe,0.12325368720497468
192,15_9_19_BT2_1998_01_29.pdf,10,abando trip,0.1186342028778789
192,15_9_19_BT2_1998_01_29.pdf,11,assembly,0.10530201837475188
192,15_9_19_BT2_1998_01_29.pdf,12,upper annular,0.09766072778187106
193,15_9_19_BT2_1998_01_30.pdf,1,plug,0.29243195632965646
193,15_9_19_BT2_1998_01_30.pdf,2,abandon,0.24791809228094494
193,15_9_19_BT2_1998_01_30.pdf,3,plug abandon,0.24791809228094494
193,15_9_19_BT2_1998_01_30.pdf,4,cement plug,0.24440823430397285
193,15_9_19_BT2_1998_01_30.pdf,5,pair fail,0.22100675029670228
193,15_9_19_BT2_1998_01_30.pdf,6,cement,0.20717842009556148
193,15_9_19_BT2_1998_01_30.pdf,7,abandon cement,0.20293161431511486
193,15_9_19_BT2_1998_01_30.pdf,8,interruption pair,0.18535393802617803
193,15_9_19_BT2_1998_01_30.pdf,9,pair,0.18535393802617803
193,15_9_19_BT2_1998_01_30.pdf,10,lmrp,0.1666818823273414
193,15_9_19_BT2_1998_01_30.pdf,11,lmpr,0.14733783353113483
193,15_9_19_BT2_1998_01_30.pdf,12,circulated cement,0.13628609110118753
194,15_9_19_BT2_1998_01_31.pdf,1,repair fail,0.4167202889578666
194,15_9_19_BT2_1998_01_31.pdf,2,lmpr,0.3457810287230479
194,15_9_19_BT2_1998_01_31.pdf,3,lmrp,0.3259823097216848
194,15_9_19_BT2_1998_01_31.pdf,4,interruption repair,0.31448594294064564
194,15_9_19_BT2_1998_01_31.pdf,5,repair,0.2675355531380033
194,15_9_19_BT2_1998_01_31.pdf,6,fail,0.2575130831830329
194,15_9_19_BT2_1998_01_31.pdf,7,flex,0.2329401624768737
194,15_9_19_BT2_1998_01_31.pdf,8,flex joint,0.16558706930922348
194,15_9_19_BT2_1998_01_31.pdf,9,interruption,0.14842646118054992
194,15_9_19_BT2_1998_01_31.pdf,10,fail continued,0.10777360758140639
194,15_9_19_BT2_1998_01_31.pdf,11,joint,0.10341979658844372
194,15_9_19_BT2_1998_01_31.pdf,12,moonpool,0.10047016252910596
195,15_9_19_BT2_1998_02_01.pdf,1,repair fail,0.3297300618389997
195,15_9_19_BT2_1998_02_01.pdf,2,lmrp,0.28888563957651936
195,15_9_19_BT2_1998_02_01.pdf,3,interruption repair,0.24883710287453653
195,15_9_19_BT2_1998_02_01.pdf,4,repair,0.21168759193590392
195,15_9_19_BT2_1998_02_01.pdf,5,fail,0.2037573093804365
195,15_9_19_BT2_1998_02_01.pdf,6,protection hatch,0.18342915012718541
195,15_9_19_BT2_1998_02_01.pdf,7,posts,0.18342915012718541
195,15_9_19_BT2_1998_02_01.pdf,8,beams,0.17715375260085556
195,15_9_19_BT2_1998_02_01.pdf,9,guidelines,0.17715375260085556
195,15_9_19_BT2_1998_02_01.pdf,10,bop/wellhead equipment,0.16694380125273067
195,15_9_19_BT2_1998_02_01.pdf,11,drilling bop/wellhead,0.15380616617276674
195,15_9_19_BT2_1998_02_01.pdf,12,pulled bop,0.152533214313223
196,15_9_19_BT2_1998_02_02.pdf,1,protection hatch,0.27202301519573474
196,15_9_19_BT2_1998_02_02.pdf,2,frame,0.27048752839367235
196,15_9_19_BT2_1998_02_02.pdf,3,hatch,0.2595732910154294
196,15_9_19_BT2_1998_02_02.pdf,4,plug abandon,0.22757525801030992
196,15_9_19_BT2_1998_02_02.pdf,5,abandon,0.22757525801030992
196,15_9_19_BT2_1998_02_02.pdf,6,anchors,0.21420680047273052
196,15_9_19_BT2_1998_02_02.pdf,7,abandon rih,0.20703968529623307
196,15_9_19_BT2_1998_02_02.pdf,8,protection,0.20490046854304278
196,15_9_19_BT2_1998_02_02.pdf,9,center plug,0.17514445551069802
196,15_9_19_BT2_1998_02_02.pdf,10,lifting,0.16926657904543904
196,15_9_19_BT2_1998_02_02.pdf,11,plug,0.15658798876517568
196,15_9_19_BT2_1998_02_02.pdf,12,sling,0.1508031660406218
197,15_9_19_BT2_1998_02_03.pdf,1,waiting weath,0.32825374140310765
197,15_9_19_BT2_1998_02_03.pdf,2,weath,0.30363158078957403
197,15_9_19_BT2_1998_02_03.pdf,3,wave height,0.287413378204111
197,15_9_19_BT2_1998_02_03.pdf,4,anchor,0.2802063190653605
197,15_9_19_BT2_1998_02_03.pdf,5,wave,0.2752998429197778
197,15_9_19_BT2_1998_02_03.pdf,6,hrs pennant,0.2608480873242766
197,15_9_19_BT2_1998_02_03.pdf,7,height,0.2575752453730236
197,15_9_19_BT2_1998_02_03.pdf,8,m/s,0.1992205288485618
197,15_9_19_BT2_1998_02_03.pdf,9,hrs,0.18805888993004816
197,15_9_19_BT2_1998_02_03.pdf,10,waiting,0.18559932824480915
197,15_9_19_BT2_1998_02_03.pdf,11,interruption waiting,0.1771206764283178
197,15_9_19_BT2_1998_02_03.pdf,12,pull anchors,0.15181579039478701
198,15_9_19_BT2_1998_02_04.pdf,1,direction wave,0.32175900681888014
198,15_9_19_BT2_1998_02_04.pdf,2,m/s direction,0.32175900681888014
198,15_9_19_BT2_1998_02_04.pdf,3,anchor,0.31107384020526163
198,15_9_19_BT2_1998_02_04.pdf,4,hrs m/s,0.26813250568240016
198,15_9_19_BT2_1998_02_04.pdf,5,wave,0.254689055641249
198,15_9_19_BT2_1998_02_04.pdf,6,m/s,0.24574073039131522
198,15_9_19_BT2_1998_02_04.pdf,7,hrs,0.23197272507553435
198,15_9_19_BT2_1998_02_04.pdf,8,direction,0.22632898878241772
198,15_9_19_BT2_1998_02_04.pdf,9,anchor bolstred,0.21450600454592011
198,15_9_19_BT2_1998_02_04.pdf,10,bolstred,0.21450600454592011
198,15_9_19_BT2_1998_02_04.pdf,11,bolstred hrs,0.21450600454592011
198,15_9_19_BT2_1998_02_04.pdf,12,wave hrs,0.16087950340944007
199,15_9_19_BT2_1998_02_05.pdf,1,distance,0.367284759842095
199,15_9_19_BT2_1998_02_05.pdf,2,pilot,0.317582834979326
199,15_9_19_BT2_1998_02_05.pdf,3,deg,0.2874702062392157
199,15_9_19_BT2_1998_02_05.pdf,4,point,0.27483523264690884
199,15_9_19_BT2_1998_02_05.pdf,5,tra nsit,0.23057997656230447
199,15_9_19_BT2_1998_02_05.pdf,6,tra,0.23057997656230447
199,15_9_19_BT2_1998_02_05.pdf,7,nsit,0.23057997656230447
199,15_9_19_BT2_1998_02_05.pdf,8,moving tra,0.23057997656230447
199,15_9_19_BT2_1998_02_05.pdf,9,rig tow,0.23057997656230447
199,15_9_19_BT2_1998_02_05.pdf,10,tow,0.2132842796635756
199,15_9_19_BT2_1998_02_05.pdf,11,bridle,0.207111178241676
199,15_9_19_BT2_1998_02_05.pdf,12,remark moving,0.14551753143882315
200,15_9_19_S_1992_09_09.pdf,1,anchor,0.31095376097260696
200,15_9_19_S_1992_09_09.pdf,2,moving,0.24866762596311584
200,15_9_19_S_1992_09_09.pdf,3,solfonn,0.22767093498972982
200,15_9_19_S_1992_09_09.pdf,4,approval rig,0.21805339078932107
200,15_9_19_S_1992_09_09.pdf,5,pulled bolstered,0.21805339078932107
200,15_9_19_S_1992_09_09.pdf,6,bolstered,0.21059344394762033
200,15_9_19_S_1992_09_09.pdf,7,standing,0.21059344394762033
200,15_9_19_S_1992_09_09.pdf,8,approval,0.21059344394762033
200,15_9_19_S_1992_09_09.pdf,9,anchor pulled,0.2044982235669792
200,15_9_19_S_1992_09_09.pdf,10,towing,0.19934478816474288
200,15_9_19_S_1992_09_09.pdf,11,moving anchor,0.17617207674199223
200,15_9_19_S_1992_09_09.pdf,12,moving transit,0.17617207674199223
201,15_9_19_S_1992_09_10.pdf,1,anchor,0.3662824464550877
201,15_9_19_S_1992_09_10.pdf,2,moving,0.2929136026753911
201,15_9_19_S_1992_09_10.pdf,3,approval rig,0.2568521094143504
201,15_9_19_S_1992_09_10.pdf,4,pulled bolstered,0.2568521094143504
201,15_9_19_S_1992_09_10.pdf,5,anchor moving,0.2568521094143504
201,15_9_19_S_1992_09_10.pdf,6,bolstered,0.24806479785054603
201,15_9_19_S_1992_09_10.pdf,7,approval,0.24806479785054603
201,15_9_19_S_1992_09_10.pdf,8,anchor pulled,0.24088504152368548
201,15_9_19_S_1992_09_10.pdf,9,moving anchor,0.20751876119554294
201,15_9_19_S_1992_09_10.pdf,10,moving transit,0.20751876119554294
201,15_9_19_S_1992_09_10.pdf,11,transit,0.20480184711101415
201,15_9_19_S_1992_09_10.pdf,12,anchors,0.2022603437166165
202,15_9_19_S_1992_09_11.pdf,1,moving transit,0.2925082746694186
202,15_9_19_S_1992_09_11.pdf,2,transit,0.2886786457399084
202,15_9_19_S_1992_09_11.pdf,3,moving,0.27525110517613116
202,15_9_19_S_1992_09_11.pdf,4,rig worked,0.25200979110043625
202,15_9_19_S_1992_09_11.pdf,5,items punch,0.25200979110043625
202,15_9_19_S_1992_09_11.pdf,6,worked outstanding,0.25200979110043625
202,15_9_19_S_1992_09_11.pdf,7,list,0.24136409622966343
202,15_9_19_S_1992_09_11.pdf,8,approval rig,0.24136409622966343
202,15_9_19_S_1992_09_11.pdf,9,approval,0.233106653770958
202,15_9_19_S_1992_09_11.pdf,10,punch,0.18782075978261786
202,15_9_19_S_1992_09_11.pdf,11,items,0.18000125224282262
202,15_9_19_S_1992_09_11.pdf,12,rig location,0.1782797758657513
203,15_9_19_S_1992_09_12.pdf,1,transit rig,0.400117598072533
203,15_9_19_S_1992_09_12.pdf,2,moving transit,0.3536061757240515
203,15_9_19_S_1992_09_12.pdf,3,transit,0.3489766299727844
203,15_9_19_S_1992_09_12.pdf,4,rig location,0.32327716108583077
203,15_9_19_S_1992_09_12.pdf,5,location,0.30953508770180127
203,15_9_19_S_1992_09_12.pdf,6,moving,0.24955830080828362
203,15_9_19_S_1992_09_12.pdf,7,handling operations,0.21134774512516574
203,15_9_19_S_1992_09_12.pdf,8,rig moving,0.1916269739896742
203,15_9_19_S_1992_09_12.pdf,9,anchor handling,0.17928947696444322
203,15_9_19_S_1992_09_12.pdf,10,rig,0.17589536570658293
203,15_9_19_S_1992_09_12.pdf,11,anchor,0.15603376579020245
203,15_9_19_S_1992_09_12.pdf,12,remark moving,0.14419629142047805
204,15_9_19_S_1992_09_13.pdf,1,rig location,0.4401638022708529
204,15_9_19_S_1992_09_13.pdf,2,location,0.42145303640207704
204,15_9_19_S_1992_09_13.pdf,3,transit rig,0.36319151597665245
204,15_9_19_S_1992_09_13.pdf,4,moving transit,0.3209725431687804
204,15_9_19_S_1992_09_13.pdf,5,transit,0.3167702492737211
204,15_9_19_S_1992_09_13.pdf,6,moving,0.22652704612779187
204,15_9_19_S_1992_09_13.pdf,7,handling operations,0.19184286899658223
204,15_9_19_S_1992_09_13.pdf,8,anchor handling,0.16274319662783987
204,15_9_19_S_1992_09_13.pdf,9,rig,0.15966232135748437
204,15_9_19_S_1992_09_13.pdf,10,anchor,0.14163371022390384
204,15_9_19_S_1992_09_13.pdf,11,remark moving,0.13088869355284102
204,15_9_19_S_1992_09_13.pdf,12,time,0.12242821271342542
205,15_9_19_S_1992_09_14.pdf,1,transit rig,0.3717697073461151
205,15_9_19_S_1992_09_14.pdf,2,moving transit,0.3285535679959735
205,15_9_19_S_1992_09_14.pdf,3,transit,0.324252020457487
205,15_9_19_S_1992_09_14.pdf,4,rig location,0.30037333060960547
205,15_9_19_S_1992_09_14.pdf,5,anchor,0.28995789099693675
205,15_9_19_S_1992_09_14.pdf,6,location,0.28760486797531926
205,15_9_19_S_1992_09_14.pdf,7,moving,0.2318773703136911
205,15_9_19_S_1992_09_14.pdf,8,transponder,0.21229839428357403
205,15_9_19_S_1992_09_14.pdf,9,set anchor,0.1963739903767007
205,15_9_19_S_1992_09_14.pdf,10,anchor handling,0.16658701517353916
205,15_9_19_S_1992_09_14.pdf,11,cts,0.14051794055367273
205,15_9_19_S_1992_09_14.pdf,12,set,0.135229805334519
206,15_9_19_S_1992_09_15.pdf,1,transponder,0.4068982998711118
206,15_9_19_S_1992_09_15.pdf,2,chor,0.3695351835467074
206,15_9_19_S_1992_09_15.pdf,3,moving chor,0.3695351835467074
206,15_9_19_S_1992_09_15.pdf,4,moving,0.2857011615650692
206,15_9_19_S_1992_09_15.pdf,5,borg,0.2325133142120639
206,15_9_19_S_1992_09_15.pdf,6,anchor,0.1984796871790756
206,15_9_19_S_1992_09_15.pdf,7,solfonn,0.17438498565904795
206,15_9_19_S_1992_09_15.pdf,8,tra nsit,0.17438498565904795
206,15_9_19_S_1992_09_15.pdf,9,tra,0.17438498565904795
206,15_9_19_S_1992_09_15.pdf,10,nsit,0.17438498565904795
206,15_9_19_S_1992_09_15.pdf,11,moving tra,0.17438498565904795
206,15_9_19_S_1992_09_15.pdf,12,rov,0.14317868119511007
207,15_9_19_S_1992_09_16.pdf,1,anchor,0.3690687289161092
207,15_9_19_S_1992_09_16.pdf,2,cts anchor,0.31233761916473946
207,15_9_19_S_1992_09_16.pdf,3,cts,0.2601545287420624
207,15_9_19_S_1992_09_16.pdf,4,pulltested,0.245655414621433
207,15_9_19_S_1992_09_16.pdf,5,normand,0.245655414621433
207,15_9_19_S_1992_09_16.pdf,6,normand borg,0.245655414621433
207,15_9_19_S_1992_09_16.pdf,7,borg,0.245655414621433
207,15_9_19_S_1992_09_16.pdf,8,moving anchor,0.1900884913514554
207,15_9_19_S_1992_09_16.pdf,9,wire,0.1638910081322503
207,15_9_19_S_1992_09_16.pdf,10,moving,0.16098642216667378
207,15_9_19_S_1992_09_16.pdf,11,wire pulltested,0.15616880958236973
207,15_9_19_S_1992_09_16.pdf,12,guide,0.13583342150009137
208,15_9_19_S_1992_09_17.pdf,1,cts,0.4800695166500471
208,15_9_19_S_1992_09_17.pdf,2,drilling trip,0.3678010699640994
208,15_9_19_S_1992_09_17.pdf,3,trip,0.28276322787164854
208,15_9_19_S_1992_09_17.pdf,4,ran cts,0.27786529546689076
208,15_9_19_S_1992_09_17.pdf,5,wire/hoses rov,0.2305457000330891
208,15_9_19_S_1992_09_17.pdf,6,wire/hoses,0.2305457000330891
208,15_9_19_S_1992_09_17.pdf,7,drilling,0.1965426757875522
208,15_9_19_S_1992_09_17.pdf,8,trip ran,0.179122589074849
208,15_9_19_S_1992_09_17.pdf,9,cts pump,0.179122589074849
208,15_9_19_S_1992_09_17.pdf,10,rov,0.10719162046480138
208,15_9_19_S_1992_09_17.pdf,11,rov drilling,0.10465057376128531
208,15_9_19_S_1992_09_17.pdf,12,ran,0.0993805553295886
209,15_9_19_S_1992_09_18.pdf,1,cts,0.6130646129282998
209,15_9_19_S_1992_09_18.pdf,2,drilling trip,0.3232712443942018
209,15_9_19_S_1992_09_18.pdf,3,trip,0.24852896853157985
209,15_9_19_S_1992_09_18.pdf,4,cts hose,0.20065390921059542
209,15_9_19_S_1992_09_18.pdf,5,cts pump,0.20065390921059542
209,15_9_19_S_1992_09_18.pdf,6,drilling,0.18290877232070007
209,15_9_19_S_1992_09_18.pdf,7,pgb,0.14624762961032203
209,15_9_19_S_1992_09_18.pdf,8,trip moved,0.1400696647240895
209,15_9_19_S_1992_09_18.pdf,9,hose,0.1180994470109095
209,15_9_19_S_1992_09_18.pdf,10,moved rig,0.10250564417211049
209,15_9_19_S_1992_09_18.pdf,11,drilled pilothole,0.09749841974021467
209,15_9_19_S_1992_09_18.pdf,12,guide frame,0.09337977648272631
210,15_9_19_S_1992_09_19.pdf,1,pilothole,0.471982806920417
210,15_9_19_S_1992_09_19.pdf,2,drilled pilothole,0.43788793971052603
210,15_9_19_S_1992_09_19.pdf,3,pilothole pumped,0.26273276382631566
210,15_9_19_S_1992_09_19.pdf,4,hi-vis mud,0.2359914034602085
210,15_9_19_S_1992_09_19.pdf,5,hi-vis,0.22839435240723618
210,15_9_19_S_1992_09_19.pdf,6,cts,0.17389988753063698
210,15_9_19_S_1992_09_19.pdf,7,pumped hi-vis,0.15419242499961622
210,15_9_19_S_1992_09_19.pdf,8,drilled,0.15122742969641018
210,15_9_19_S_1992_09_19.pdf,9,drilling drill,0.1492714041899932
210,15_9_19_S_1992_09_19.pdf,10,cts pump,0.1441892939527918
210,15_9_19_S_1992_09_19.pdf,11,drilling,0.12778664510308546
210,15_9_19_S_1992_09_19.pdf,12,mud pooh,0.11680519785497351
211,15_9_19_S_1992_09_20.pdf,1,hi-vis mud,0.27965880099643814
211,15_9_19_S_1992_09_20.pdf,2,hole open,0.21599567836641556
211,15_9_19_S_1992_09_20.pdf,3,drilling,0.2109232003683022
211,15_9_19_S_1992_09_20.pdf,4,cts,0.2060779898214959
211,15_9_19_S_1992_09_20.pdf,5,hi-vis,0.20299200461978512
211,15_9_19_S_1992_09_20.pdf,6,drilling trip,0.18217483059209313
211,15_9_19_S_1992_09_20.pdf,7,mud drilling,0.15572093407315232
211,15_9_19_S_1992_09_20.pdf,8,opened pilothole,0.14909799400134244
211,15_9_19_S_1992_09_20.pdf,9,open opened,0.14399711891094372
211,15_9_19_S_1992_09_20.pdf,10,closed cts,0.14399711891094372
211,15_9_19_S_1992_09_20.pdf,11,survey,0.1438564166895813
211,15_9_19_S_1992_09_20.pdf,12,trip,0.1400549028860059
212,15_9_19_S_1992_09_21.pdf,1,drilling casing,0.36420719181363725
212,15_9_19_S_1992_09_21.pdf,2,casing,0.33226294962322206
212,15_9_19_S_1992_09_21.pdf,3,cts,0.2812720312268066
212,15_9_19_S_1992_09_21.pdf,4,drilling,0.24802414590731678
212,15_9_19_S_1992_09_21.pdf,5,shoe checked,0.15723120033137808
212,15_9_19_S_1992_09_21.pdf,6,rig direction,0.15268044699942318
212,15_9_19_S_1992_09_21.pdf,7,direction deg,0.15268044699942318
212,15_9_19_S_1992_09_21.pdf,8,cts pump,0.13993021904898859
212,15_9_19_S_1992_09_21.pdf,9,deg drilling,0.1353794657170337
212,15_9_19_S_1992_09_21.pdf,10,pulled rig,0.13338159653990897
212,15_9_19_S_1992_09_21.pdf,11,template drilling,0.12980979377311214
212,15_9_19_S_1992_09_21.pdf,12,direction,0.12668571673114393
213,15_9_19_S_1992_09_22.pdf,1,cts,0.49084845340055344
213,15_9_19_S_1992_09_22.pdf,2,holeopener,0.2539121865487938
213,15_9_19_S_1992_09_22.pdf,3,loop,0.19983224322188564
213,15_9_19_S_1992_09_22.pdf,4,pilothole,0.19983224322188564
213,15_9_19_S_1992_09_22.pdf,5,sorted,0.19983224322188564
213,15_9_19_S_1992_09_22.pdf,6,cts hose,0.18314440464793022
213,15_9_19_S_1992_09_22.pdf,7,cts pump,0.18314440464793022
213,15_9_19_S_1992_09_22.pdf,8,cement,0.1622101865289868
213,15_9_19_S_1992_09_22.pdf,9,drilling,0.15458124787798083
213,15_9_19_S_1992_09_22.pdf,10,drilling trip,0.1446381762588883
213,15_9_19_S_1992_09_22.pdf,11,pump/26,0.14205208392041505
213,15_9_19_S_1992_09_22.pdf,12,opened pilothole,0.14205208392041505
214,15_9_19_S_1992_09_23.pdf,1,hi-vis,0.37060250779965564
214,15_9_19_S_1992_09_23.pdf,2,hi-vis pill,0.2632862109444346
214,15_9_19_S_1992_09_23.pdf,3,opened pilothole,0.25519519808932783
214,15_9_19_S_1992_09_23.pdf,4,pilothole,0.23933113116554525
214,15_9_19_S_1992_09_23.pdf,5,hi-vis mud,0.23933113116554525
214,15_9_19_S_1992_09_23.pdf,6,pumped hi-vis,0.20849938854397873
214,15_9_19_S_1992_09_23.pdf,7,pill,0.2080344778410335
214,15_9_19_S_1992_09_23.pdf,8,pilothole pumped,0.17763395513233782
214,15_9_19_S_1992_09_23.pdf,9,cts,0.1763609020583926
214,15_9_19_S_1992_09_23.pdf,10,open opened,0.16430971469873212
214,15_9_19_S_1992_09_23.pdf,11,hole open,0.16430971469873212
214,15_9_19_S_1992_09_23.pdf,12,seawater,0.1505675191835308
215,15_9_19_S_1992_09_24.pdf,1,drilling casi,0.3448591647345036
215,15_9_19_S_1992_09_24.pdf,2,casi,0.3414344429378908
215,15_9_19_S_1992_09_24.pdf,3,cts,0.3163984038999669
215,15_9_19_S_1992_09_24.pdf,4,holeopener,0.20458812184855305
215,15_9_19_S_1992_09_24.pdf,5,drilling,0.18267751733038753
215,15_9_19_S_1992_09_24.pdf,6,drilling trip,0.15538838173734495
215,15_9_19_S_1992_09_24.pdf,7,pump/26,0.15261007856806663
215,15_9_19_S_1992_09_24.pdf,8,pump/26 holeopener,0.15261007856806663
215,15_9_19_S_1992_09_24.pdf,9,cts pump/26,0.15261007856806663
215,15_9_19_S_1992_09_24.pdf,10,cts ram,0.14312315828988773
215,15_9_19_S_1992_09_24.pdf,11,cts pump,0.13117105224719913
215,15_9_19_S_1992_09_24.pdf,12,template drilling,0.12168413196902024
216,15_9_19_S_1992_09_25.pdf,1,plug abandon,0.3484891114193547
216,15_9_19_S_1992_09_25.pdf,2,abandon,0.3484891114193547
216,15_9_19_S_1992_09_25.pdf,3,plug,0.23978533317206127
216,15_9_19_S_1992_09_25.pdf,4,running tool,0.2066707699367097
216,15_9_19_S_1992_09_25.pdf,5,corrotion,0.19835836720770703
216,15_9_19_S_1992_09_25.pdf,6,corrotion cap,0.19835836720770703
216,15_9_19_S_1992_09_25.pdf,7,cap,0.17035205909159037
216,15_9_19_S_1992_09_25.pdf,8,report,0.14143389396594208
216,15_9_19_S_1992_09_25.pdf,9,running,0.1414295968019186
216,15_9_19_S_1992_09_25.pdf,10,drilling casing,0.13312621035216307
216,15_9_19_S_1992_09_25.pdf,11,template,0.11756217554150622
216,15_9_19_S_1992_09_25.pdf,12,guide,0.11451847881496384
217,15_9_19_S_1992_11_18.pdf,1,stump,0.28267841867026644
217,15_9_19_S_1992_11_18.pdf,2,opened hatch,0.27858197207632346
217,15_9_19_S_1992_11_18.pdf,3,bop,0.26915888021251816
217,15_9_19_S_1992_11_18.pdf,4,hatch cover,0.2353753048279584
217,15_9_19_S_1992_11_18.pdf,5,test stump,0.22824022797581764
217,15_9_19_S_1992_11_18.pdf,6,carrier,0.20205381331103253
217,15_9_19_S_1992_11_18.pdf,7,cover,0.19252308922908762
217,15_9_19_S_1992_11_18.pdf,8,bop test,0.16151746419816562
217,15_9_19_S_1992_11_18.pdf,9,hatch,0.15949923779218572
217,15_9_19_S_1992_11_18.pdf,10,moved,0.14854683037342029
217,15_9_19_S_1992_11_18.pdf,11,cover slot,0.13929098603816173
217,15_9_19_S_1992_11_18.pdf,12,welded,0.13929098603816173
218,15_9_19_S_1992_11_19.pdf,1,shear ram,0.2365172281988697
218,15_9_19_S_1992_11_19.pdf,2,shear,0.2119537438491562
218,15_9_19_S_1992_11_19.pdf,3,corrosion cap,0.2109542256813633
218,15_9_19_S_1992_11_19.pdf,4,cap,0.2093052956159804
218,15_9_19_S_1992_11_19.pdf,5,ram,0.20760672949497982
218,15_9_19_S_1992_11_19.pdf,6,corrosion,0.2044743023350541
218,15_9_19_S_1992_11_19.pdf,7,ram leaking,0.18278671053804363
218,15_9_19_S_1992_11_19.pdf,8,bop,0.17660391287872174
218,15_9_19_S_1992_11_19.pdf,9,position moved,0.16710392789416312
218,15_9_19_S_1992_11_19.pdf,10,guide,0.15829271282886348
218,15_9_19_S_1992_11_19.pdf,11,position,0.15267954790800517
218,15_9_19_S_1992_11_19.pdf,12,moving position,0.14975585165547964
219,15_9_19_S_1992_11_20.pdf,1,run bop/riser,0.3845707305460852
219,15_9_19_S_1992_11_20.pdf,2,bop/riser,0.34868659391611234
219,15_9_19_S_1992_11_20.pdf,3,weather run,0.27717095129478597
219,15_9_19_S_1992_11_20.pdf,4,shear ram,0.25762167087644033
219,15_9_19_S_1992_11_20.pdf,5,shear,0.23086638573755108
219,15_9_19_S_1992_11_20.pdf,6,ram,0.22613148710130818
219,15_9_19_S_1992_11_20.pdf,7,weather,0.1430312852426528
219,15_9_19_S_1992_11_20.pdf,8,riser running,0.13858547564739299
219,15_9_19_S_1992_11_20.pdf,9,cont,0.1374086039564663
219,15_9_19_S_1992_11_20.pdf,10,purposes,0.12819024351536173
219,15_9_19_S_1992_11_20.pdf,11,sub tds,0.12819024351536173
219,15_9_19_S_1992_11_20.pdf,12,bop/riser operations,0.12819024351536173
220,15_9_19_S_1992_11_21.pdf,1,bop,0.28679345458864536
220,15_9_19_S_1992_11_21.pdf,2,k/c lines,0.2866787705936721
220,15_9_19_S_1992_11_21.pdf,3,k/c,0.2652891397092294
220,15_9_19_S_1992_11_21.pdf,4,carrier,0.21529184207679425
220,15_9_19_S_1992_11_21.pdf,5,wow,0.18098806308298943
220,15_9_19_S_1992_11_21.pdf,6,waiting ather,0.1809107245508192
220,15_9_19_S_1992_11_21.pdf,7,ather,0.1809107245508192
220,15_9_19_S_1992_11_21.pdf,8,ran bop,0.16455774983417693
220,15_9_19_S_1992_11_21.pdf,9,lines,0.12566357996248054
220,15_9_19_S_1992_11_21.pdf,10,test,0.11787616477069869
220,15_9_19_S_1992_11_21.pdf,11,interruption waiting,0.11148760752125578
220,15_9_19_S_1992_11_21.pdf,12,moved,0.1055194825632343
221,15_9_19_S_1992_11_22.pdf,1,ead equipment,0.29704340850423366
221,15_9_19_S_1992_11_22.pdf,2,drilling bop/wellh,0.2811771071028099
221,15_9_19_S_1992_11_22.pdf,3,bop/wellh ead,0.26435814985481965
221,15_9_19_S_1992_11_22.pdf,4,bop/wellh,0.26435814985481965
221,15_9_19_S_1992_11_22.pdf,5,ead,0.2598638116158472
221,15_9_19_S_1992_11_22.pdf,6,diverter,0.1645664161371808
221,15_9_19_S_1992_11_22.pdf,7,loaded tool,0.14909510907203755
221,15_9_19_S_1992_11_22.pdf,8,spring loaded,0.1471430995311244
221,15_9_19_S_1992_11_22.pdf,9,spring,0.1419846909781009
221,15_9_19_S_1992_11_22.pdf,10,loaded,0.12570596136233889
221,15_9_19_S_1992_11_22.pdf,11,kill/choke lines,0.11881736340169345
221,15_9_19_S_1992_11_22.pdf,12,tested k/c,0.11881736340169345
222,15_9_19_S_1992_11_23.pdf,1,drilled,0.2148789084011171
222,15_9_19_S_1992_11_23.pdf,2,drilling,0.194541343150101
222,15_9_19_S_1992_11_23.pdf,3,mud drilled,0.19184134180852822
222,15_9_19_S_1992_11_23.pdf,4,displaced kcl,0.19184134180852822
222,15_9_19_S_1992_11_23.pdf,5,drilled new,0.1545721067730575
222,15_9_19_S_1992_11_23.pdf,6,cont,0.1542277140374934
222,15_9_19_S_1992_11_23.pdf,7,kcl mud,0.1511848069223015
222,15_9_19_S_1992_11_23.pdf,8,kcl,0.1496227050898278
222,15_9_19_S_1992_11_23.pdf,9,mud,0.1343018154239524
222,15_9_19_S_1992_11_23.pdf,10,drilling casing,0.13331322834129722
222,15_9_19_S_1992_11_23.pdf,11,emw,0.12492638577781875
222,15_9_19_S_1992_11_23.pdf,12,new formation,0.12492638577781875
223,15_9_19_S_1992_11_24.pdf,1,hole steered,0.27336457682435455
223,15_9_19_S_1992_11_24.pdf,2,drilled/surveyed hole,0.25671745931888235
223,15_9_19_S_1992_11_24.pdf,3,drilled/surveyed,0.25132769855794385
223,15_9_19_S_1992_11_24.pdf,4,steered,0.25132769855794385
223,15_9_19_S_1992_11_24.pdf,5,dog leg,0.23225043741999685
223,15_9_19_S_1992_11_24.pdf,6,leg drilling,0.23225043741999685
223,15_9_19_S_1992_11_24.pdf,7,leg,0.2224394404758685
223,15_9_19_S_1992_11_24.pdf,8,dump,0.19478379337421164
223,15_9_19_S_1992_11_24.pdf,9,drill drilled/surveyed,0.18794019841823723
223,15_9_19_S_1992_11_24.pdf,10,dog,0.16588787835184382
223,15_9_19_S_1992_11_24.pdf,11,shaker,0.16430137792328045
223,15_9_19_S_1992_11_24.pdf,12,drilling drill,0.15834347454438333
224,15_9_19_S_1992_11_25.pdf,1,drill cont,0.3183618047724583
224,15_9_19_S_1992_11_25.pdf,2,steered,0.2683195512163493
224,15_9_19_S_1992_11_25.pdf,3,leg drilling,0.24795250780513176
224,15_9_19_S_1992_11_25.pdf,4,dog leg,0.24795250780513176
224,15_9_19_S_1992_11_25.pdf,5,pulled reamed,0.24795250780513176
224,15_9_19_S_1992_11_25.pdf,6,leg,0.23747820548136073
224,15_9_19_S_1992_11_25.pdf,7,steered drilling,0.22935370541034328
224,15_9_19_S_1992_11_25.pdf,8,cont drilling/surveying,0.2171029874567012
224,15_9_19_S_1992_11_25.pdf,9,drilling/surveying,0.1918659851569793
224,15_9_19_S_1992_11_25.pdf,10,cont,0.18438516618993672
224,15_9_19_S_1992_11_25.pdf,11,drilled/surveyed hole,0.18271580322973707
224,15_9_19_S_1992_11_25.pdf,12,drilling,0.18089684736613418
225,15_9_19_S_1992_11_26.pdf,1,steered drilling,0.24562716714165278
225,15_9_19_S_1992_11_26.pdf,2,cont drilling/surveying,0.23250721714555042
225,15_9_19_S_1992_11_26.pdf,3,drill cont,0.227300471971755
225,15_9_19_S_1992_11_26.pdf,4,drilling/surveying hole,0.21149030588803136
225,15_9_19_S_1992_11_26.pdf,5,drilling/surveying,0.205479559707283
225,15_9_19_S_1992_11_26.pdf,6,drilling,0.1937321225480217
225,15_9_19_S_1992_11_26.pdf,7,steered,0.19157185226511791
225,15_9_19_S_1992_11_26.pdf,8,hole,0.16417827008574634
225,15_9_19_S_1992_11_26.pdf,9,circulating conditioning,0.15284231628231654
225,15_9_19_S_1992_11_26.pdf,10,conditioning circulated,0.15284231628231654
225,15_9_19_S_1992_11_26.pdf,11,drilling circulating,0.1316453000055013
225,15_9_19_S_1992_11_26.pdf,12,cont,0.1316453000055013
226,15_9_19_S_1992_11_27.pdf,1,casing,0.47767141979073513
226,15_9_19_S_1992_11_27.pdf,2,drilling casing,0.26635072552235883
226,15_9_19_S_1992_11_27.pdf,3,washed wellhead,0.21096009529449983
226,15_9_19_S_1992_11_27.pdf,4,joint,0.1927851730546689
226,15_9_19_S_1992_11_27.pdf,5,running casing,0.1452160214313792
226,15_9_19_S_1992_11_27.pdf,6,drilling,0.14395567307446525
226,15_9_19_S_1992_11_27.pdf,7,wellhead,0.1406018947563223
226,15_9_19_S_1992_11_27.pdf,8,float joint,0.138122468522302
226,15_9_19_S_1992_11_27.pdf,9,bore,0.1277619663395791
226,15_9_19_S_1992_11_27.pdf,10,casing hanger,0.12159182999231476
226,15_9_19_S_1992_11_27.pdf,11,ran,0.11828419119636868
226,15_9_19_S_1992_11_27.pdf,12,joint float,0.1158405498299728
227,15_9_19_S_1992_11_28.pdf,1,casing,0.31491853425771604
227,15_9_19_S_1992_11_28.pdf,2,drilling casing,0.26925230216267726
227,15_9_19_S_1992_11_28.pdf,3,contaminated mud,0.20059328242958965
227,15_9_19_S_1992_11_28.pdf,4,seal assy,0.19946099464308978
227,15_9_19_S_1992_11_28.pdf,5,seal,0.18996726385820015
227,15_9_19_S_1992_11_28.pdf,6,contaminated,0.17241346165923946
227,15_9_19_S_1992_11_28.pdf,7,assy,0.16781693259006497
227,15_9_19_S_1992_11_28.pdf,8,drilling,0.14552390014580138
227,15_9_19_S_1992_11_28.pdf,9,ran casing,0.1376180549046573
227,15_9_19_S_1992_11_28.pdf,10,washed seal,0.13372885495305978
227,15_9_19_S_1992_11_28.pdf,11,return,0.1248193601262773
227,15_9_19_S_1992_11_28.pdf,12,seal area,0.12225515120692579
228,15_9_19_S_1992_11_29.pdf,1,cbl,0.27435194182113054
228,15_9_19_S_1992_11_29.pdf,2,gyro,0.19009806582388622
228,15_9_19_S_1992_11_29.pdf,3,hole assembly,0.17523914886099043
228,15_9_19_S_1992_11_29.pdf,4,drilling,0.1704693153740906
228,15_9_19_S_1992_11_29.pdf,5,hole,0.16179991095254828
228,15_9_19_S_1992_11_29.pdf,6,laid,0.16174616376530038
228,15_9_19_S_1992_11_29.pdf,7,logged,0.15683611190905017
228,15_9_19_S_1992_11_29.pdf,8,pod function,0.15129306450805574
228,15_9_19_S_1992_11_29.pdf,9,tam packer,0.15129306450805574
228,15_9_19_S_1992_11_29.pdf,10,tam,0.14691417904537
228,15_9_19_S_1992_11_29.pdf,11,bop/wellhead equipment,0.14257354936791466
228,15_9_19_S_1992_11_29.pdf,12,wear bushing,0.13926608466221643
229,15_9_19_S_1992_11_30.pdf,1,generator,0.25857442001059966
229,15_9_19_S_1992_11_30.pdf,2,hole,0.23447336307229957
229,15_9_19_S_1992_11_30.pdf,3,drilled/orientated hole,0.20924192153314117
229,15_9_19_S_1992_11_30.pdf,4,drilled/orientated,0.20924192153314117
229,15_9_19_S_1992_11_30.pdf,5,drilling,0.17966304382237455
229,15_9_19_S_1992_11_30.pdf,6,mud,0.16744126443746835
229,15_9_19_S_1992_11_30.pdf,7,cement float,0.15945258194463002
229,15_9_19_S_1992_11_30.pdf,8,lot,0.15945258194463002
229,15_9_19_S_1992_11_30.pdf,9,black,0.15945258194463002
229,15_9_19_S_1992_11_30.pdf,10,equivalent,0.15093556843098843
229,15_9_19_S_1992_11_30.pdf,11,overload,0.15093556843098843
229,15_9_19_S_1992_11_30.pdf,12,drilled,0.14883391151509795
230,15_9_19_S_1992_12_01.pdf,1,hole orientated,0.33094086713935866
230,15_9_19_S_1992_12_01.pdf,2,drill drilled/orientated,0.3242541069044187
230,15_9_19_S_1992_12_01.pdf,3,drilled/orientated,0.312861661300888
230,15_9_19_S_1992_12_01.pdf,4,drilled/orientated hole,0.312861661300888
230,15_9_19_S_1992_12_01.pdf,5,orientated,0.23415917281263496
230,15_9_19_S_1992_12_01.pdf,6,hole,0.19122986801142527
230,15_9_19_S_1992_12_01.pdf,7,hole backreamed,0.18514605569174258
230,15_9_19_S_1992_12_01.pdf,8,circulate bottoms,0.17363655457197597
230,15_9_19_S_1992_12_01.pdf,9,orientated drilling,0.17363655457197597
230,15_9_19_S_1992_12_01.pdf,10,backream,0.16212705345220935
230,15_9_19_S_1992_12_01.pdf,11,continue drill,0.16212705345220935
230,15_9_19_S_1992_12_01.pdf,12,rih continue,0.15913629802419985
231,15_9_19_S_1992_12_02.pdf,1,backreamed,0.2545180159942867
231,15_9_19_S_1992_12_02.pdf,2,drilling ream,0.2545180159942867
231,15_9_19_S_1992_12_02.pdf,3,ream backreamed,0.24909244985281825
231,15_9_19_S_1992_12_02.pdf,4,ream,0.2431855825511018
231,15_9_19_S_1992_12_02.pdf,5,drilling,0.21685016184235367
231,15_9_19_S_1992_12_02.pdf,6,sleeve,0.1961499348372891
231,15_9_19_S_1992_12_02.pdf,7,hole,0.19295813295897876
231,15_9_19_S_1992_12_02.pdf,8,stabilizer,0.18398820215313205
231,15_9_19_S_1992_12_02.pdf,9,bit,0.15431522843091175
231,15_9_19_S_1992_12_02.pdf,10,circulated hole,0.13327965445900983
231,15_9_19_S_1992_12_02.pdf,11,lower,0.126163736824265
231,15_9_19_S_1992_12_02.pdf,12,reamed,0.12217823285535231
232,15_9_19_S_1992_12_03.pdf,1,hole,0.2771558173298226
232,15_9_19_S_1992_12_03.pdf,2,drive,0.26398107241985924
232,15_9_19_S_1992_12_03.pdf,3,repaired drive,0.25915807186297685
232,15_9_19_S_1992_12_03.pdf,4,hole increased,0.2516572421513939
232,15_9_19_S_1992_12_03.pdf,5,drilled hole,0.23737127888348722
232,15_9_19_S_1992_12_03.pdf,6,drilling,0.20440427629291025
232,15_9_19_S_1992_12_03.pdf,7,drilled,0.19351964861614676
232,15_9_19_S_1992_12_03.pdf,8,drillstring,0.17794306978951377
232,15_9_19_S_1992_12_03.pdf,9,drilling drill,0.14326245118995773
232,15_9_19_S_1992_12_03.pdf,10,problems drive,0.13416917274547283
232,15_9_19_S_1992_12_03.pdf,11,cleaning drilling,0.13416917274547283
232,15_9_19_S_1992_12_03.pdf,12,drill,0.12977846222601508
233,15_9_19_S_1992_12_04.pdf,1,aintain fail,0.36213319028946733
233,15_9_19_S_1992_12_04.pdf,2,interruption aintain,0.3427901778539299
233,15_9_19_S_1992_12_04.pdf,3,aintain,0.3427901778539299
233,15_9_19_S_1992_12_04.pdf,4,drive,0.23054536572080664
233,15_9_19_S_1992_12_04.pdf,5,pumped hole,0.224232378739719
233,15_9_19_S_1992_12_04.pdf,6,picked joints,0.18748059906274464
233,15_9_19_S_1992_12_04.pdf,7,repaired drive,0.18106659514473367
233,15_9_19_S_1992_12_04.pdf,8,pipe rih,0.17582597235851824
233,15_9_19_S_1992_12_04.pdf,9,joints drill,0.16755688311538336
233,15_9_19_S_1992_12_04.pdf,10,fail,0.16660620146610236
233,15_9_19_S_1992_12_04.pdf,11,drive interruption,0.1641713456542918
233,15_9_19_S_1992_12_04.pdf,12,fail pumped,0.15840329804841746
234,15_9_19_S_1992_12_05.pdf,1,hole,0.28022249845863256
234,15_9_19_S_1992_12_05.pdf,2,hole orientated,0.2424753977927673
234,15_9_19_S_1992_12_05.pdf,3,drilled hole,0.23999775098314086
234,15_9_19_S_1992_12_05.pdf,4,rih stand,0.23757610910132515
234,15_9_19_S_1992_12_05.pdf,5,drill drilled/orientated,0.23757610910132515
234,15_9_19_S_1992_12_05.pdf,6,drilled/orientated,0.22922903548836657
234,15_9_19_S_1992_12_05.pdf,7,drilled/orientated hole,0.22922903548836657
234,15_9_19_S_1992_12_05.pdf,8,drill,0.19682165765881648
234,15_9_19_S_1992_12_05.pdf,9,drilled,0.19566091001986768
234,15_9_19_S_1992_12_05.pdf,10,drilling drill,0.19313016720835574
234,15_9_19_S_1992_12_05.pdf,11,stand drilling,0.18228953341061788
234,15_9_19_S_1992_12_05.pdf,12,drilling,0.17714226361473
235,15_9_19_S_1992_12_06.pdf,1,ream,0.325762114060725
235,15_9_19_S_1992_12_06.pdf,2,drilling ream,0.2557069566595837
235,15_9_19_S_1992_12_06.pdf,3,cuttings shaker,0.2502560458438192
235,15_9_19_S_1992_12_06.pdf,4,charged,0.2502560458438192
235,15_9_19_S_1992_12_06.pdf,5,hole,0.19385950636501642
235,15_9_19_S_1992_12_06.pdf,6,shaker,0.18484767394580726
235,15_9_19_S_1992_12_06.pdf,7,reamed,0.18412345372550798
235,15_9_19_S_1992_12_06.pdf,8,packed,0.18150919095737766
235,15_9_19_S_1992_12_06.pdf,9,cuttings,0.1388280228575606
235,15_9_19_S_1992_12_06.pdf,10,drilling,0.13616446442707605
235,15_9_19_S_1992_12_06.pdf,11,increase cuttings,0.1251280229219096
235,15_9_19_S_1992_12_06.pdf,12,shaker drilling,0.1251280229219096
236,15_9_19_S_1992_12_07.pdf,1,mud motor,0.32184491119589725
236,15_9_19_S_1992_12_07.pdf,2,drilling ream,0.2675926428582035
236,15_9_19_S_1992_12_07.pdf,3,ream,0.25567806068911797
236,15_9_19_S_1992_12_07.pdf,4,ream reamed,0.23803617092680443
236,15_9_19_S_1992_12_07.pdf,5,motor,0.23282228770421542
236,15_9_19_S_1992_12_07.pdf,6,bit mud,0.2050794828878164
236,15_9_19_S_1992_12_07.pdf,7,reamed,0.1926818192130019
236,15_9_19_S_1992_12_07.pdf,8,jars,0.18420616554539554
236,15_9_19_S_1992_12_07.pdf,9,drilling,0.17099233924051713
236,15_9_19_S_1992_12_07.pdf,10,acoustic,0.1566131409169498
236,15_9_19_S_1992_12_07.pdf,11,backreamed,0.13379632142910175
236,15_9_19_S_1992_12_07.pdf,12,mud,0.132800328522483
237,15_9_19_S_1992_12_08.pdf,1,mudpump,0.30793051969195195
237,15_9_19_S_1992_12_08.pdf,2,hole,0.2868528643940491
237,15_9_19_S_1992_12_08.pdf,3,drilled hole,0.24567635609674884
237,15_9_19_S_1992_12_08.pdf,4,drilled,0.20029045775362983
237,15_9_19_S_1992_12_08.pdf,5,drilling drill,0.19769983484319278
237,15_9_19_S_1992_12_08.pdf,6,improve hole,0.1933176101396484
237,15_9_19_S_1992_12_08.pdf,7,oriented reamed,0.18515125961133294
237,15_9_19_S_1992_12_08.pdf,8,drill,0.17909215104987122
237,15_9_19_S_1992_12_08.pdf,9,hole cleaning,0.17364143499281218
237,15_9_19_S_1992_12_08.pdf,10,hole oriented,0.17364143499281218
237,15_9_19_S_1992_12_08.pdf,11,maintain changed,0.1654750844644967
237,15_9_19_S_1992_12_08.pdf,12,rpm string,0.1621316103742914
238,15_9_19_S_1992_12_09.pdf,1,improve hole,0.233871184442208
238,15_9_19_S_1992_12_09.pdf,2,cleaning drilling,0.22399172199050618
238,15_9_19_S_1992_12_09.pdf,3,oriented reamed,0.22399172199050618
238,15_9_19_S_1992_12_09.pdf,4,reamed,0.2197329769183911
238,15_9_19_S_1992_12_09.pdf,5,hole oriented,0.2100674017265063
238,15_9_19_S_1992_12_09.pdf,6,hole cleaning,0.2100674017265063
238,15_9_19_S_1992_12_09.pdf,7,hole,0.20243298655689854
238,15_9_19_S_1992_12_09.pdf,8,vis pill,0.20018793927480447
238,15_9_19_S_1992_12_09.pdf,9,rpm string,0.1961430814625064
238,15_9_19_S_1992_12_09.pdf,10,pumped vis,0.1961430814625064
238,15_9_19_S_1992_12_09.pdf,11,drill drilled/orientated,0.1961430814625064
238,15_9_19_S_1992_12_09.pdf,12,improve,0.1961430814625064
239,15_9_19_S_1992_12_10.pdf,1,ream,0.4042906929964153
239,15_9_19_S_1992_12_10.pdf,2,drilling ream,0.38466419531406887
239,15_9_19_S_1992_12_10.pdf,3,worked/rotated pipe,0.35376189756727694
239,15_9_19_S_1992_12_10.pdf,4,worked/rotated,0.33881787018658716
239,15_9_19_S_1992_12_10.pdf,5,pipe up/down,0.17688094878363847
239,15_9_19_S_1992_12_10.pdf,6,pipe established,0.16940893509329358
239,15_9_19_S_1992_12_10.pdf,7,ream circulated,0.16940893509329358
239,15_9_19_S_1992_12_10.pdf,8,pipe,0.158474537579154
239,15_9_19_S_1992_12_10.pdf,9,circulation drilling,0.1431344585615873
239,15_9_19_S_1992_12_10.pdf,10,kcl,0.12760674000696856
239,15_9_19_S_1992_12_10.pdf,11,worked pipe,0.12397668013595793
239,15_9_19_S_1992_12_10.pdf,12,drilling,0.1229006707289736
240,15_9_19_S_1992_12_11.pdf,1,pill,0.31287828739107015
240,15_9_19_S_1992_12_11.pdf,2,spot pill,0.2843012952298766
240,15_9_19_S_1992_12_11.pdf,3,work pipe,0.26662786403754635
240,15_9_19_S_1992_12_11.pdf,4,pipe free,0.23292602875002102
240,15_9_19_S_1992_12_11.pdf,5,max,0.222089777729856
240,15_9_19_S_1992_12_11.pdf,6,max ltr/min,0.21322597142240746
240,15_9_19_S_1992_12_11.pdf,7,ltr/min,0.19997089802815976
240,15_9_19_S_1992_12_11.pdf,8,attempted work,0.19493155300432496
240,15_9_19_S_1992_12_11.pdf,9,vis pill,0.19056627378724872
240,15_9_19_S_1992_12_11.pdf,10,work,0.19014816794364886
240,15_9_19_S_1992_12_11.pdf,11,vis,0.18015569222489597
240,15_9_19_S_1992_12_11.pdf,12,spot,0.1742097225814808
241,15_9_19_S_1992_12_12.pdf,1,interruption fish,0.31354210311256414
241,15_9_19_S_1992_12_12.pdf,2,fish fail,0.31354210311256414
241,15_9_19_S_1992_12_12.pdf,3,pipe free,0.289294590440631
241,15_9_19_S_1992_12_12.pdf,4,fish,0.2590847753052284
241,15_9_19_S_1992_12_12.pdf,5,free,0.2590636363378303
241,15_9_19_S_1992_12_12.pdf,6,work pipe,0.22076822454675324
241,15_9_19_S_1992_12_12.pdf,7,fail,0.1830428431728342
241,15_9_19_S_1992_12_12.pdf,8,work,0.15744293489080274
241,15_9_19_S_1992_12_12.pdf,9,max,0.1313504500696118
241,15_9_19_S_1992_12_12.pdf,10,pipe,0.12845465421376834
241,15_9_19_S_1992_12_12.pdf,11,ton max,0.12289228537508416
241,15_9_19_S_1992_12_12.pdf,12,free-point indicator,0.12289228537508416
242,15_9_19_S_1992_12_13.pdf,1,interruption fish,0.2771026136749816
242,15_9_19_S_1992_12_13.pdf,2,fish fail,0.2771026136749816
242,15_9_19_S_1992_12_13.pdf,3,fish,0.22897425158464227
242,15_9_19_S_1992_12_13.pdf,4,ccl,0.21772318023126333
242,15_9_19_S_1992_12_13.pdf,5,jrc cutter,0.1900673083288544
242,15_9_19_S_1992_12_13.pdf,6,cutter,0.18225175862053344
242,15_9_19_S_1992_12_13.pdf,7,jrc,0.18203826088374273
242,15_9_19_S_1992_12_13.pdf,8,track,0.1799253729286623
242,15_9_19_S_1992_12_13.pdf,9,fail ran,0.17072195409203805
242,15_9_19_S_1992_12_13.pdf,10,fail,0.16176982215202731
242,15_9_19_S_1992_12_13.pdf,11,interruption,0.1398623436780846
242,15_9_19_S_1992_12_13.pdf,12,free,0.1335574154616535
243,15_9_19_S_1992_12_14.pdf,1,lost returns,0.2953306150241988
243,15_9_19_S_1992_12_14.pdf,2,lost,0.2585940644777311
243,15_9_19_S_1992_12_14.pdf,3,returns,0.24675219105914015
243,15_9_19_S_1992_12_14.pdf,4,regained,0.23722224033791742
243,15_9_19_S_1992_12_14.pdf,5,returns cont,0.17606871530403181
243,15_9_19_S_1992_12_14.pdf,6,returns unable,0.17606871530403181
243,15_9_19_S_1992_12_14.pdf,7,packed lost,0.17606871530403181
243,15_9_19_S_1992_12_14.pdf,8,unable rotate,0.16286188278262997
243,15_9_19_S_1992_12_14.pdf,9,circulating conditionin,0.15814816022527828
243,15_9_19_S_1992_12_14.pdf,10,conditionin,0.15416276458962108
243,15_9_19_S_1992_12_14.pdf,11,hole packed,0.14022760514652474
243,15_9_19_S_1992_12_14.pdf,12,interruption sidetrack,0.13624220951086755
244,15_9_19_S_1992_12_15.pdf,1,interruption sidetrack,0.5935202763438872
244,15_9_19_S_1992_12_15.pdf,2,sidetrack,0.5426136848160227
244,15_9_19_S_1992_12_15.pdf,3,interruption,0.18813872641499219
244,15_9_19_S_1992_12_15.pdf,4,fresh water,0.1403148394177319
244,15_9_19_S_1992_12_15.pdf,5,fresh,0.13189339474308603
244,15_9_19_S_1992_12_15.pdf,6,sidetrack pulled,0.12783648686890797
244,15_9_19_S_1992_12_15.pdf,7,returns interruption,0.11193144788445195
244,15_9_19_S_1992_12_15.pdf,8,cement,0.09320717298935108
244,15_9_19_S_1992_12_15.pdf,9,worked pipe,0.08960118854652595
244,15_9_19_S_1992_12_15.pdf,10,sidetrack cement,0.08522432457927198
244,15_9_19_S_1992_12_15.pdf,11,clean-out assembly,0.08522432457927198
244,15_9_19_S_1992_12_15.pdf,12,pulled interruption,0.08522432457927198
245,15_9_19_S_1992_12_16.pdf,1,interruption sidetrack,0.5967409925562923
245,15_9_19_S_1992_12_16.pdf,2,sidetrack,0.5455581582593314
245,15_9_19_S_1992_12_16.pdf,3,interruption,0.18915965437735038
245,15_9_19_S_1992_12_16.pdf,4,back-reamed,0.16461581167755776
245,15_9_19_S_1992_12_16.pdf,5,sidetrack circulated,0.15985132503683216
245,15_9_19_S_1992_12_16.pdf,6,washed/reamed,0.13590651550468863
245,15_9_19_S_1992_12_16.pdf,7,worked pipe,0.1247364085019131
245,15_9_19_S_1992_12_16.pdf,8,sidetrack cont,0.10656755002455477
245,15_9_19_S_1992_12_16.pdf,9,pipe,0.10629711240827566
245,15_9_19_S_1992_12_16.pdf,10,petrofree,0.09060434366979242
245,15_9_19_S_1992_12_16.pdf,11,stuck,0.07973060710741635
245,15_9_19_S_1992_12_16.pdf,12,cement,0.07414651647822179
246,15_9_19_S_1992_12_17.pdf,1,interruption sidetrack,0.5301717623183664
246,15_9_19_S_1992_12_17.pdf,2,sidetrack,0.5287621210775927
246,15_9_19_S_1992_12_17.pdf,3,interruption,0.16805801607690382
246,15_9_19_S_1992_12_17.pdf,4,bop,0.15370008758250212
246,15_9_19_S_1992_12_17.pdf,5,sidetrack cement,0.12457314262324629
246,15_9_19_S_1992_12_17.pdf,6,pulled interruption,0.12457314262324629
246,15_9_19_S_1992_12_17.pdf,7,sidetrack pumped,0.11931077698392153
246,15_9_19_S_1992_12_17.pdf,8,sidetrack cont,0.11189388918598227
246,15_9_19_S_1992_12_17.pdf,9,bop ctivities,0.10907411931333064
246,15_9_19_S_1992_12_17.pdf,10,ctivities,0.10907411931333064
246,15_9_19_S_1992_12_17.pdf,11,mins,0.10858794595243922
246,15_9_19_S_1992_12_17.pdf,12,tested bop,0.098538769600328
247,15_9_19_S_1992_12_18.pdf,1,interruption sidetrack,0.40804338239778254
247,15_9_19_S_1992_12_18.pdf,2,sidetrack,0.37304525576034187
247,15_9_19_S_1992_12_18.pdf,3,petrofree,0.20135056207700272
247,15_9_19_S_1992_12_18.pdf,4,sidetrack washed/reamed,0.17577439078295495
247,15_9_19_S_1992_12_18.pdf,5,mud,0.17073548640590883
247,15_9_19_S_1992_12_18.pdf,6,drains,0.16834912162098992
247,15_9_19_S_1992_12_18.pdf,7,cond itioning,0.14741846342717427
247,15_9_19_S_1992_12_18.pdf,8,circulating cond,0.14741846342717427
247,15_9_19_S_1992_12_18.pdf,9,itioning,0.14741846342717427
247,15_9_19_S_1992_12_18.pdf,10,cond,0.14469903714824295
247,15_9_19_S_1992_12_18.pdf,11,petrofree mud,0.13423370805133514
247,15_9_19_S_1992_12_18.pdf,12,washed/reamed,0.13423370805133514
248,15_9_19_S_1992_12_19.pdf,1,interruption sidetrack,0.43617188876374324
248,15_9_19_S_1992_12_19.pdf,2,sidetrack,0.39876116319593136
248,15_9_19_S_1992_12_19.pdf,3,sidetrack pulled,0.28183712075015777
248,15_9_19_S_1992_12_19.pdf,4,sidetrack washed/reamed,0.28183712075015777
248,15_9_19_S_1992_12_19.pdf,5,washed/reamed,0.2152306807396097
248,15_9_19_S_1992_12_19.pdf,6,interruption,0.13826119666126796
248,15_9_19_S_1992_12_19.pdf,7,formation evaluation,0.1358990147046855
248,15_9_19_S_1992_12_19.pdf,8,evaluation,0.13549525630169867
248,15_9_19_S_1992_12_19.pdf,9,lines bar/10,0.1303483246417345
248,15_9_19_S_1992_12_19.pdf,10,mud circulating,0.1265756442104465
248,15_9_19_S_1992_12_19.pdf,11,returns interruption,0.1233858883555682
248,15_9_19_S_1992_12_19.pdf,12,equivalent,0.1233858883555682
249,15_9_19_ST2_1992_12_19.pdf,1,increased drilling,0.36163622727015876
249,15_9_19_ST2_1992_12_19.pdf,2,interruption sidetrack,0.29217708999021486
249,15_9_19_ST2_1992_12_19.pdf,3,drilled/surveyed,0.27240133470498973
249,15_9_19_ST2_1992_12_19.pdf,4,steered,0.27240133470498973
249,15_9_19_ST2_1992_12_19.pdf,5,sidetrack,0.2671168850288024
249,15_9_19_ST2_1992_12_19.pdf,6,right,0.23681390251351947
249,15_9_19_ST2_1992_12_19.pdf,7,deg,0.23537369800446986
249,15_9_19_ST2_1992_12_19.pdf,8,time,0.22288958781438184
249,15_9_19_ST2_1992_12_19.pdf,9,end,0.22288958781438184
249,15_9_19_ST2_1992_12_19.pdf,10,increased,0.16861971947856053
249,15_9_19_ST2_1992_12_19.pdf,11,drilled hole,0.15995114973348737
249,15_9_19_ST2_1992_12_19.pdf,12,remark interruption,0.1433659898664592
250,15_9_19_ST2_1992_12_20.pdf,1,sidetr ack,0.39863876352057354
250,15_9_19_ST2_1992_12_20.pdf,2,interruption sidetr,0.39863876352057354
250,15_9_19_ST2_1992_12_20.pdf,3,sidetr,0.39863876352057354
250,15_9_19_ST2_1992_12_20.pdf,4,ack,0.3738576074868669
250,15_9_19_ST2_1992_12_20.pdf,5,repai,0.2035857699818341
250,15_9_19_ST2_1992_12_20.pdf,6,interruption repai,0.2035857699818341
250,15_9_19_ST2_1992_12_20.pdf,7,interruption,0.16043201609918478
250,15_9_19_ST2_1992_12_20.pdf,8,hole steered,0.13997224421102944
250,15_9_19_ST2_1992_12_20.pdf,9,steered,0.12868859019049886
250,15_9_19_ST2_1992_12_20.pdf,10,ack drilled/surveyed,0.11892036386835164
250,15_9_19_ST2_1992_12_20.pdf,11,backreamed interruption,0.11892036386835164
250,15_9_19_ST2_1992_12_20.pdf,12,ack circulated,0.11892036386835164
251,15_9_19_ST2_1992_12_21.pdf,1,interruption detrack,0.503105843000483
251,15_9_19_ST2_1992_12_21.pdf,2,detrack,0.503105843000483
251,15_9_19_ST2_1992_12_21.pdf,3,mud motor,0.24839670531751457
251,15_9_19_ST2_1992_12_21.pdf,4,mwd,0.20160712989885013
251,15_9_19_ST2_1992_12_21.pdf,5,motor,0.17968992883971008
251,15_9_19_ST2_1992_12_21.pdf,6,mwd tool,0.1621328005279037
251,15_9_19_ST2_1992_12_21.pdf,7,motor bit,0.1515921286933395
251,15_9_19_ST2_1992_12_21.pdf,8,interruption,0.13588188557622827
251,15_9_19_ST2_1992_12_21.pdf,9,mud,0.10249397434154255
251,15_9_19_ST2_1992_12_21.pdf,10,negative,0.09383903177997825
251,15_9_19_ST2_1992_12_21.pdf,11,tool,0.08395761934036221
251,15_9_19_ST2_1992_12_21.pdf,12,motor rih,0.07579606434666974
252,15_9_19_ST2_1992_12_22.pdf,1,steered direction,0.3038861212110903
252,15_9_19_ST2_1992_12_22.pdf,2,direction degrees,0.2934897026919412
252,15_9_19_ST2_1992_12_22.pdf,3,interruption sidetrac,0.28499521025275026
252,15_9_19_ST2_1992_12_22.pdf,4,sidetrac,0.28499521025275026
252,15_9_19_ST2_1992_12_22.pdf,5,drilling/surveying hole,0.252700984665553
252,15_9_19_ST2_1992_12_22.pdf,6,hole steered,0.24897173735601177
252,15_9_19_ST2_1992_12_22.pdf,7,degrees,0.2455189936420307
252,15_9_19_ST2_1992_12_22.pdf,8,drilling/surveying,0.2455189936420307
252,15_9_19_ST2_1992_12_22.pdf,9,direction,0.2364731253108601
252,15_9_19_ST2_1992_12_22.pdf,10,drilled/surveyed hole,0.23381007370721293
252,15_9_19_ST2_1992_12_22.pdf,11,steered,0.22890125151754667
252,15_9_19_ST2_1992_12_22.pdf,12,drilled/surveyed,0.22890125151754667
253,15_9_19_ST2_1992_12_23.pdf,1,interruption sidetrack,0.3916617759521485
253,15_9_19_ST2_1992_12_23.pdf,2,sidetrack,0.35806870956477244
253,15_9_19_ST2_1992_12_23.pdf,3,right interruption,0.2423856829876852
253,15_9_19_ST2_1992_12_23.pdf,4,steered direction,0.2423856829876852
253,15_9_19_ST2_1992_12_23.pdf,5,degrees right,0.2340932904514715
253,15_9_19_ST2_1992_12_23.pdf,6,direction degrees,0.2340932904514715
253,15_9_19_ST2_1992_12_23.pdf,7,back-reamed,0.2340932904514715
253,15_9_19_ST2_1992_12_23.pdf,8,hole steered,0.1985848658147443
253,15_9_19_ST2_1992_12_23.pdf,9,degrees,0.19583088797607426
253,15_9_19_ST2_1992_12_23.pdf,10,direction,0.18861572143628877
253,15_9_19_ST2_1992_12_23.pdf,11,steered,0.1825762425894942
253,15_9_19_ST2_1992_12_23.pdf,12,right,0.15872386440653213
254,15_9_19_ST2_1992_12_24.pdf,1,interruption sidetr,0.3071172923717157
254,15_9_19_ST2_1992_12_24.pdf,2,sidetr ack,0.3071172923717157
254,15_9_19_ST2_1992_12_24.pdf,3,sidetr,0.3071172923717157
254,15_9_19_ST2_1992_12_24.pdf,4,ack,0.2880255174632773
254,15_9_19_ST2_1992_12_24.pdf,5,drilled/surveyed hole,0.236296137776923
254,15_9_19_ST2_1992_12_24.pdf,6,drilled/surveyed,0.23133512088804284
254,15_9_19_ST2_1992_12_24.pdf,7,ack drilled/surveyed,0.21377541482746215
254,15_9_19_ST2_1992_12_24.pdf,8,steered direction,0.2047448615811438
254,15_9_19_ST2_1992_12_24.pdf,9,degrees right,0.1977402202959164
254,15_9_19_ST2_1992_12_24.pdf,10,direction degrees,0.1977402202959164
254,15_9_19_ST2_1992_12_24.pdf,11,hole steered,0.16774600860157074
254,15_9_19_ST2_1992_12_24.pdf,12,degrees,0.1654197044881191
255,15_9_19_ST2_1992_12_25.pdf,1,irculation,0.2995256809981757
255,15_9_19_ST2_1992_12_25.pdf,2,interruption sidet,0.2995256809981757
255,15_9_19_ST2_1992_12_25.pdf,3,lost,0.2306647375725228
255,15_9_19_ST2_1992_12_25.pdf,4,hole packed,0.2251483028134138
255,15_9_19_ST2_1992_12_25.pdf,5,interruption lost,0.21874938398091573
255,15_9_19_ST2_1992_12_25.pdf,6,packed,0.1963752052678935
255,15_9_19_ST2_1992_12_25.pdf,7,packed lost,0.18846299860296964
255,15_9_19_ST2_1992_12_25.pdf,8,rack,0.1871123367910559
255,15_9_19_ST2_1992_12_25.pdf,9,circulation,0.1809490556971194
255,15_9_19_ST2_1992_12_25.pdf,10,returns,0.1760814719736245
255,15_9_19_ST2_1992_12_25.pdf,11,backreamed hole,0.17432647665054524
255,15_9_19_ST2_1992_12_25.pdf,12,unable rotate,0.17432647665054524
256,15_9_19_ST2_1992_12_26.pdf,1,interruption sidetrack,0.42193584748714613
256,15_9_19_ST2_1992_12_26.pdf,2,sidetrack,0.38574615575276244
256,15_9_19_ST2_1992_12_26.pdf,3,interruption,0.17196241410332178
256,15_9_19_ST2_1992_12_26.pdf,4,no-go,0.1669161152051211
256,15_9_19_ST2_1992_12_26.pdf,5,raised mudweight,0.15579334328701855
256,15_9_19_ST2_1992_12_26.pdf,6,circul ation,0.14921213710336606
256,15_9_19_ST2_1992_12_26.pdf,7,sidetrack pumped,0.14921213710336606
256,15_9_19_ST2_1992_12_26.pdf,8,sidetrack continued,0.1441073569992899
256,15_9_19_ST2_1992_12_26.pdf,9,raised,0.1441073569992899
256,15_9_19_ST2_1992_12_26.pdf,10,sidetrack circulated,0.1399364479580717
256,15_9_19_ST2_1992_12_26.pdf,11,rotation circulation,0.1399364479580717
256,15_9_19_ST2_1992_12_26.pdf,12,pipe,0.13958132973111026
257,15_9_19_ST2_1992_12_27.pdf,1,sidetrac,0.4711082305411255
257,15_9_19_ST2_1992_12_27.pdf,2,interruption sidetrac,0.4711082305411255
257,15_9_19_ST2_1992_12_27.pdf,3,sidetrac circulated,0.3496612324475774
257,15_9_19_ST2_1992_12_27.pdf,4,raised mudweight,0.26224592433568306
257,15_9_19_ST2_1992_12_27.pdf,5,raised,0.2425749794086357
257,15_9_19_ST2_1992_12_27.pdf,6,cuttings returns,0.22961805922272047
257,15_9_19_ST2_1992_12_27.pdf,7,mudweight,0.20292625015760019
257,15_9_19_ST2_1992_12_27.pdf,8,cuttings,0.13933382550808987
257,15_9_19_ST2_1992_12_27.pdf,9,circulated,0.1289289402273631
257,15_9_19_ST2_1992_12_27.pdf,10,interruption,0.12865031838845017
257,15_9_19_ST2_1992_12_27.pdf,11,worked pipe,0.1225395925033279
257,15_9_19_ST2_1992_12_27.pdf,12,returns,0.12250852612557131
258,15_9_19_ST2_1992_12_28.pdf,1,interruption sidetr,0.4089064239706995
258,15_9_19_ST2_1992_12_28.pdf,2,sidetr ack,0.4089064239706995
258,15_9_19_ST2_1992_12_28.pdf,3,sidetr,0.4089064239706995
258,15_9_19_ST2_1992_12_28.pdf,4,ack,0.3834869845611651
258,15_9_19_ST2_1992_12_28.pdf,5,pipe tight,0.24682318561000988
258,15_9_19_ST2_1992_12_28.pdf,6,tight hole,0.19059294007119246
258,15_9_19_ST2_1992_12_28.pdf,7,worked pipe,0.18702843544762016
258,15_9_19_ST2_1992_12_28.pdf,8,ack backreamed,0.16010317621934564
258,15_9_19_ST2_1992_12_28.pdf,9,ack circulated,0.16010317621934564
258,15_9_19_ST2_1992_12_28.pdf,10,tight,0.1401959400399676
258,15_9_19_ST2_1992_12_28.pdf,11,backreamed,0.1392709839497149
258,15_9_19_ST2_1992_12_28.pdf,12,backreaming,0.12955765784690432
259,15_9_19_ST2_1992_12_29.pdf,1,etrack,0.3597835367635569
259,15_9_19_ST2_1992_12_29.pdf,2,sid,0.3597835367635569
259,15_9_19_ST2_1992_12_29.pdf,3,sid etrack,0.3597835367635569
259,15_9_19_ST2_1992_12_29.pdf,4,interruption sid,0.3597835367635569
259,15_9_19_ST2_1992_12_29.pdf,5,backreamed,0.31720206315233385
259,15_9_19_ST2_1992_12_29.pdf,6,etrack backreamed,0.19447959222615777
259,15_9_19_ST2_1992_12_29.pdf,7,backreamed max,0.18626415587984982
259,15_9_19_ST2_1992_12_29.pdf,8,tight,0.15326819183176907
259,15_9_19_ST2_1992_12_29.pdf,9,circulated hole,0.1494940273085398
259,15_9_19_ST2_1992_12_29.pdf,10,hole,0.12024044277868398
259,15_9_19_ST2_1992_12_29.pdf,11,circulated,0.11473527126151714
259,15_9_19_ST2_1992_12_29.pdf,12,interruption,0.09540610220475702
260,15_9_19_ST2_1992_12_30.pdf,1,sid etrack,0.43851886732366807
260,15_9_19_ST2_1992_12_30.pdf,2,etrack,0.43851886732366807
260,15_9_19_ST2_1992_12_30.pdf,3,interruption sid,0.43851886732366807
260,15_9_19_ST2_1992_12_30.pdf,4,sid,0.43851886732366807
260,15_9_19_ST2_1992_12_30.pdf,5,etrack backreamed,0.21070192808523813
260,15_9_19_ST2_1992_12_30.pdf,6,backreamed,0.17183059038166473
260,15_9_19_ST2_1992_12_30.pdf,7,interruption,0.11628485352872306
260,15_9_19_ST2_1992_12_30.pdf,8,backreamed interruption,0.10535096404261907
260,15_9_19_ST2_1992_12_30.pdf,9,backreamed max,0.10090060434571148
260,15_9_19_ST2_1992_12_30.pdf,10,increase observed,0.10090060434571148
260,15_9_19_ST2_1992_12_30.pdf,11,ester,0.09224350754730594
260,15_9_19_ST2_1992_12_30.pdf,12,new bha,0.08045341808458122
261,15_9_19_ST2_1992_12_31.pdf,1,sidetrac,0.5443840864933273
261,15_9_19_ST2_1992_12_31.pdf,2,interruption sidetrac,0.5443840864933273
261,15_9_19_ST2_1992_12_31.pdf,3,spot interruption,0.24026136672881973
261,15_9_19_ST2_1992_12_31.pdf,4,sidetrac continued,0.16584816921437914
261,15_9_19_ST2_1992_12_31.pdf,5,spot,0.15243878959180648
261,15_9_19_ST2_1992_12_31.pdf,6,interruption,0.14866050200933265
261,15_9_19_ST2_1992_12_31.pdf,7,past,0.12760363162911417
261,15_9_19_ST2_1992_12_31.pdf,8,drilled/surveyed,0.12492460446620683
261,15_9_19_ST2_1992_12_31.pdf,9,backreamed,0.11297370918486963
261,15_9_19_ST2_1992_12_31.pdf,10,continued rih,0.11079189516034328
261,15_9_19_ST2_1992_12_31.pdf,11,washed,0.0988090403143444
261,15_9_19_ST2_1992_12_31.pdf,12,hole,0.08564893102990562
262,15_9_19_ST2_1993_01_01.pdf,1,interruption track,0.5448679567068928
262,15_9_19_ST2_1993_01_01.pdf,2,track,0.32454004181249313
262,15_9_19_ST2_1993_01_01.pdf,3,track continued,0.31135311811822447
262,15_9_19_ST2_1993_01_01.pdf,4,backreaming,0.237793320573789
262,15_9_19_ST2_1993_01_01.pdf,5,continued backreaming,0.19297234256539217
262,15_9_19_ST2_1993_01_01.pdf,6,interruption,0.16217770541594848
262,15_9_19_ST2_1993_01_01.pdf,7,rpm pump,0.13590760872698343
262,15_9_19_ST2_1993_01_01.pdf,8,torque rpm,0.13590760872698343
262,15_9_19_ST2_1993_01_01.pdf,9,cut drilline,0.13590760872698343
262,15_9_19_ST2_1993_01_01.pdf,10,bar spm,0.13590760872698343
262,15_9_19_ST2_1993_01_01.pdf,11,drilline,0.1232261256778528
262,15_9_19_ST2_1993_01_01.pdf,12,breaking,0.1188966602868945
263,15_9_19_ST2_1993_01_02.pdf,1,interruption sidetrac,0.46668529536103476
263,15_9_19_ST2_1993_01_02.pdf,2,sidetrac,0.46668529536103476
263,15_9_19_ST2_1993_01_02.pdf,3,mud motor,0.3397467881462961
263,15_9_19_ST2_1993_01_02.pdf,4,motor,0.2457724876321997
263,15_9_19_ST2_1993_01_02.pdf,5,bit mud,0.17318924289824747
263,15_9_19_ST2_1993_01_02.pdf,6,motor rih,0.1658731786027134
263,15_9_19_ST2_1993_01_02.pdf,7,mud,0.14018703888353326
263,15_9_19_ST2_1993_01_02.pdf,8,new bit,0.13061822304690834
263,15_9_19_ST2_1993_01_02.pdf,9,interruption,0.127442502472187
263,15_9_19_ST2_1993_01_02.pdf,10,tight spot,0.11549418212143432
263,15_9_19_ST2_1993_01_02.pdf,11,bop,0.10684165640066513
263,15_9_19_ST2_1993_01_02.pdf,12,spot,0.10164118459158683
264,15_9_19_ST2_1993_01_03.pdf,1,interruption sidetra,0.576282431643601
264,15_9_19_ST2_1993_01_03.pdf,2,sidetra,0.533055754226202
264,15_9_19_ST2_1993_01_03.pdf,3,obtain,0.16228294421180808
264,15_9_19_ST2_1993_01_03.pdf,4,interruption,0.16154720530341235
264,15_9_19_ST2_1993_01_03.pdf,5,hole,0.14251871664935206
264,15_9_19_ST2_1993_01_03.pdf,6,hole problems,0.14093813799513538
264,15_9_19_ST2_1993_01_03.pdf,7,continued rih,0.10534644840134595
264,15_9_19_ST2_1993_01_03.pdf,8,readings,0.09615214794778577
264,15_9_19_ST2_1993_01_03.pdf,9,log,0.08496707431764283
264,15_9_19_ST2_1993_01_03.pdf,10,mwd interruption,0.07884834705334122
264,15_9_19_ST2_1993_01_03.pdf,11,worked past,0.07884834705334122
264,15_9_19_ST2_1993_01_03.pdf,12,hole lost,0.07884834705334122
265,15_9_19_ST2_1993_01_04.pdf,1,interruption sidetrack,0.5256860146447417
265,15_9_19_ST2_1993_01_04.pdf,2,sidetrack,0.48059760859351264
265,15_9_19_ST2_1993_01_04.pdf,3,mwd tool,0.20619239800777278
265,15_9_19_ST2_1993_01_04.pdf,4,interruption,0.185151209433306
265,15_9_19_ST2_1993_01_04.pdf,5,mwd,0.16024617410063374
265,15_9_19_ST2_1993_01_04.pdf,6,sidetrack continued,0.13964380773674123
265,15_9_19_ST2_1993_01_04.pdf,7,change mwd,0.13560208750560707
265,15_9_19_ST2_1993_01_04.pdf,8,sidetrack pooh,0.13218486174110228
265,15_9_19_ST2_1993_01_04.pdf,9,weather,0.11685815208532509
265,15_9_19_ST2_1993_01_04.pdf,10,spm,0.10891231298553304
265,15_9_19_ST2_1993_01_04.pdf,11,hole interruption,0.10783072835521525
265,15_9_19_ST2_1993_01_04.pdf,12,pooh change,0.10487059275439883
266,15_9_19_ST2_1993_01_05.pdf,1,interruption sidetrack,0.4245980800203606
266,15_9_19_ST2_1993_01_05.pdf,2,sidetrack,0.38818004699837105
266,15_9_19_ST2_1993_01_05.pdf,3,interruption,0.22432073285787507
266,15_9_19_ST2_1993_01_05.pdf,4,remarks,0.18290572047663925
266,15_9_19_ST2_1993_01_05.pdf,5,repaired upper,0.16918604737417983
266,15_9_19_ST2_1993_01_05.pdf,6,waiting weather,0.1652600103546987
266,15_9_19_ST2_1993_01_05.pdf,7,details,0.16014912972611145
266,15_9_19_ST2_1993_01_05.pdf,8,interruption waiting,0.14803967562542059
266,15_9_19_ST2_1993_01_05.pdf,9,rig template,0.14800978538544826
266,15_9_19_ST2_1993_01_05.pdf,10,retrieved,0.14208045274532222
266,15_9_19_ST2_1993_01_05.pdf,11,weather,0.1415799896551023
266,15_9_19_ST2_1993_01_05.pdf,12,hang,0.13794632850153127
267,15_9_19_ST2_1993_01_06.pdf,1,interrupti track,0.5295400244073948
267,15_9_19_ST2_1993_01_06.pdf,2,interrupti,0.47181376089480725
267,15_9_19_ST2_1993_01_06.pdf,3,track,0.3154102559108896
267,15_9_19_ST2_1993_01_06.pdf,4,mwd,0.16975997551630806
267,15_9_19_ST2_1993_01_06.pdf,5,track drilled,0.1665945646922929
267,15_9_19_ST2_1993_01_06.pdf,6,problems mwd,0.12327870704475198
267,15_9_19_ST2_1993_01_06.pdf,7,mud pump,0.11899232220509044
267,15_9_19_ST2_1993_01_06.pdf,8,hole,0.11536003584277704
267,15_9_19_ST2_1993_01_06.pdf,9,interrupti rep,0.11408065574106468
267,15_9_19_ST2_1993_01_06.pdf,10,air fail,0.11408065574106468
267,15_9_19_ST2_1993_01_06.pdf,11,drilled hole,0.11291496398301461
267,15_9_19_ST2_1993_01_06.pdf,12,track took,0.09995673881537576
268,15_9_19_ST2_1993_01_07.pdf,1,interruptio sidetra,0.46283498566450265
268,15_9_19_ST2_1993_01_07.pdf,2,sidetra,0.428117948454562
268,15_9_19_ST2_1993_01_07.pdf,3,interruptio,0.40188841659799557
268,15_9_19_ST2_1993_01_07.pdf,4,toolphase,0.3064946552253817
268,15_9_19_ST2_1993_01_07.pdf,5,mwd,0.17194813393764238
268,15_9_19_ST2_1993_01_07.pdf,6,hole having,0.16623126158696575
268,15_9_19_ST2_1993_01_07.pdf,7,mwd equipment,0.16623126158696575
268,15_9_19_ST2_1993_01_07.pdf,8,having,0.13430337619244825
268,15_9_19_ST2_1993_01_07.pdf,9,orientated hole,0.11952613665742923
268,15_9_19_ST2_1993_01_07.pdf,10,anadrill mwd,0.11570874641612566
268,15_9_19_ST2_1993_01_07.pdf,11,anadrill,0.11570874641612566
268,15_9_19_ST2_1993_01_07.pdf,12,problems mwd,0.1070294871136405
269,15_9_19_ST2_1993_01_08.pdf,1,interruptio sidetra,0.3930527451828216
269,15_9_19_ST2_1993_01_08.pdf,2,sidetra,0.3635700414058156
269,15_9_19_ST2_1993_01_08.pdf,3,interruptio,0.27303613649556424
269,15_9_19_ST2_1993_01_08.pdf,4,drilled/orientated,0.23854770223179364
269,15_9_19_ST2_1993_01_08.pdf,5,drilled/orientated hole,0.23854770223179364
269,15_9_19_ST2_1993_01_08.pdf,6,reamed circulated,0.18822447373449627
269,15_9_19_ST2_1993_01_08.pdf,7,hole reamed,0.18822447373449627
269,15_9_19_ST2_1993_01_08.pdf,8,reamed,0.1846457698304198
269,15_9_19_ST2_1993_01_08.pdf,9,drilled hard,0.17207514044244318
269,15_9_19_ST2_1993_01_08.pdf,10,drilled,0.16967913191560585
269,15_9_19_ST2_1993_01_08.pdf,11,finished rih,0.1682217056199534
269,15_9_19_ST2_1993_01_08.pdf,12,drilled orientated,0.1377462491048056
270,15_9_19_ST2_1993_01_09.pdf,1,sidetrac,0.48764049200032683
270,15_9_19_ST2_1993_01_09.pdf,2,interruption sidetrac,0.48764049200032683
270,15_9_19_ST2_1993_01_09.pdf,3,stalling problems,0.29712214166291434
270,15_9_19_ST2_1993_01_09.pdf,4,stalling,0.2286058657940304
270,15_9_19_ST2_1993_01_09.pdf,5,orientated,0.18788916311547846
270,15_9_19_ST2_1993_01_09.pdf,6,sidetrac drilled,0.14856107083145717
270,15_9_19_ST2_1993_01_09.pdf,7,rpm max,0.14347856472074236
270,15_9_19_ST2_1993_01_09.pdf,8,problems,0.1429506758670913
270,15_9_19_ST2_1993_01_09.pdf,9,hole,0.1342623780345663
270,15_9_19_ST2_1993_01_09.pdf,10,interruption,0.1331649512530986
270,15_9_19_ST2_1993_01_09.pdf,11,steering,0.12353814887123617
270,15_9_19_ST2_1993_01_09.pdf,12,circ hole,0.11190315274874227
271,15_9_19_ST2_1993_01_10.pdf,1,sid,0.3711298401588988
271,15_9_19_ST2_1993_01_10.pdf,2,sid etrack,0.3711298401588988
271,15_9_19_ST2_1993_01_10.pdf,3,interruption sid,0.3711298401588988
271,15_9_19_ST2_1993_01_10.pdf,4,etrack,0.3711298401588988
271,15_9_19_ST2_1993_01_10.pdf,5,max cuttings,0.21078376795003703
271,15_9_19_ST2_1993_01_10.pdf,6,sec,0.1917304938198056
271,15_9_19_ST2_1993_01_10.pdf,7,rpm bar,0.1604902339364022
271,15_9_19_ST2_1993_01_10.pdf,8,clean pumping,0.1604902339364022
271,15_9_19_ST2_1993_01_10.pdf,9,hole clean,0.1491195340132513
271,15_9_19_ST2_1993_01_10.pdf,10,kg/15 sec,0.14052251196669135
271,15_9_19_ST2_1993_01_10.pdf,11,kg/15,0.14052251196669135
271,15_9_19_ST2_1993_01_10.pdf,12,cuttings,0.12790504737696215
272,15_9_19_ST2_1993_01_11.pdf,1,waiting eather,0.256186688655221
272,15_9_19_ST2_1993_01_11.pdf,2,eather,0.256186688655221
272,15_9_19_ST2_1993_01_11.pdf,3,hang-off tool,0.24413823777520172
272,15_9_19_ST2_1993_01_11.pdf,4,hang-off,0.2347927332246777
272,15_9_19_ST2_1993_01_11.pdf,5,waiting,0.1935185373240909
272,15_9_19_ST2_1993_01_11.pdf,6,interruption waiting,0.15389842982554133
272,15_9_19_ST2_1993_01_11.pdf,7,rpm bar,0.14260823864553865
272,15_9_19_ST2_1993_01_11.pdf,8,rih hang-off,0.13658401320552904
272,15_9_19_ST2_1993_01_11.pdf,9,lpm rpm,0.13334512081028518
272,15_9_19_ST2_1993_01_11.pdf,10,shakers kg/15,0.13191126093026703
272,15_9_19_ST2_1993_01_11.pdf,11,circulating conditi,0.1280933443276105
272,15_9_19_ST2_1993_01_11.pdf,12,hole cleaning,0.1280933443276105
273,15_9_19_ST2_1993_01_12.pdf,1,weather,0.47529727405669664
273,15_9_19_ST2_1993_01_12.pdf,2,remarks,0.3070158098037048
273,15_9_19_ST2_1993_01_12.pdf,3,weather cont,0.3070158098037048
273,15_9_19_ST2_1993_01_12.pdf,4,waiting weather,0.2773966597381335
273,15_9_19_ST2_1993_01_12.pdf,5,details,0.268817807469835
273,15_9_19_ST2_1993_01_12.pdf,6,waiting,0.20830932003956462
273,15_9_19_ST2_1993_01_12.pdf,7,waited weather,0.1925534295871443
273,15_9_19_ST2_1993_01_12.pdf,8,interruption waiting,0.1656610147813692
273,15_9_19_ST2_1993_01_12.pdf,9,cont,0.15220431152910885
273,15_9_19_ST2_1993_01_12.pdf,10,riser rih,0.14702324290240873
273,15_9_19_ST2_1993_01_12.pdf,11,waited,0.14185460398502747
273,15_9_19_ST2_1993_01_12.pdf,12,hang-off tool,0.13139896314284197
274,15_9_19_ST2_1993_01_13.pdf,1,waiting weat,0.2616141038392589
274,15_9_19_ST2_1993_01_13.pdf,2,weat,0.2616141038392589
274,15_9_19_ST2_1993_01_13.pdf,3,waiting,0.23516372266187946
274,15_9_19_ST2_1993_01_13.pdf,4,treated mud,0.18208363306184477
274,15_9_19_ST2_1993_01_13.pdf,5,circulating conditioni,0.17800606897884083
274,15_9_19_ST2_1993_01_13.pdf,6,conditioni circulated,0.17800606897884083
274,15_9_19_ST2_1993_01_13.pdf,7,riser mud,0.17440940255950596
274,15_9_19_ST2_1993_01_13.pdf,8,hang-off,0.17119207481380377
274,15_9_19_ST2_1993_01_13.pdf,9,mud,0.16832962827658107
274,15_9_19_ST2_1993_01_13.pdf,10,interruption waiting,0.16831563194425928
274,15_9_19_ST2_1993_01_13.pdf,11,conditioni,0.16318042241933964
274,15_9_19_ST2_1993_01_13.pdf,12,circ,0.15769806197866781
275,15_9_19_ST2_1993_01_14.pdf,1,jnt,0.4007200242783012
275,15_9_19_ST2_1993_01_14.pdf,2,casing,0.26199669135163806
275,15_9_19_ST2_1993_01_14.pdf,3,drilling casing,0.18667053177130397
275,15_9_19_ST2_1993_01_14.pdf,4,cont,0.17276466710143043
275,15_9_19_ST2_1993_01_14.pdf,5,run casing,0.16195464085052289
275,15_9_19_ST2_1993_01_14.pdf,6,bop/wellhead quipment,0.1565094862105111
275,15_9_19_ST2_1993_01_14.pdf,7,quipment,0.149148850625724
275,15_9_19_ST2_1993_01_14.pdf,8,float,0.14904116923378466
275,15_9_19_ST2_1993_01_14.pdf,9,drilling,0.14528245067818632
275,15_9_19_ST2_1993_01_14.pdf,10,retrieved wear,0.13877461743943212
275,15_9_19_ST2_1993_01_14.pdf,11,washed,0.13256800068639152
275,15_9_19_ST2_1993_01_14.pdf,12,upper racking,0.12986283984272456
276,15_9_19_ST2_1993_01_15.pdf,1,drilling casin,0.4940128390164859
276,15_9_19_ST2_1993_01_15.pdf,2,casin,0.4853831853852325
276,15_9_19_ST2_1993_01_15.pdf,3,running casing,0.21956126178510482
276,15_9_19_ST2_1993_01_15.pdf,4,casin installed,0.21731779691943015
276,15_9_19_ST2_1993_01_15.pdf,5,cont running,0.2011033159828027
276,15_9_19_ST2_1993_01_15.pdf,6,cont,0.15529697253449876
276,15_9_19_ST2_1993_01_15.pdf,7,drilling,0.14691757158830648
276,15_9_19_ST2_1993_01_15.pdf,8,casing,0.14130421571817334
276,15_9_19_ST2_1993_01_15.pdf,9,tam,0.14068530208872213
276,15_9_19_ST2_1993_01_15.pdf,10,running,0.13369704968627275
276,15_9_19_ST2_1993_01_15.pdf,11,circ,0.11877349040176588
276,15_9_19_ST2_1993_01_15.pdf,12,casing drilling,0.09884632033615866
277,15_9_19_ST2_1993_01_16.pdf,1,casing,0.4221177762066297
277,15_9_19_ST2_1993_01_16.pdf,2,drilling casing,0.3007555146902781
277,15_9_19_ST2_1993_01_16.pdf,3,cont running,0.2252833118751799
277,15_9_19_ST2_1993_01_16.pdf,4,casing cont,0.212976148355092
277,15_9_19_ST2_1993_01_16.pdf,5,csg,0.19790120382846532
277,15_9_19_ST2_1993_01_16.pdf,6,running casing,0.18447043490821272
277,15_9_19_ST2_1993_01_16.pdf,7,equip,0.1749273961780103
277,15_9_19_ST2_1993_01_16.pdf,8,cont,0.17396936557601334
277,15_9_19_ST2_1993_01_16.pdf,9,ran csg,0.1680474096672911
277,15_9_19_ST2_1993_01_16.pdf,10,casing drilling,0.16609691120589762
277,15_9_19_ST2_1993_01_16.pdf,11,meeting crew,0.15018887458345326
277,15_9_19_ST2_1993_01_16.pdf,12,hanger landing,0.15018887458345326
278,15_9_19_ST2_1993_01_17.pdf,1,drilling casi,0.32856083675149633
278,15_9_19_ST2_1993_01_17.pdf,2,casi,0.32529797012592043
278,15_9_19_ST2_1993_01_17.pdf,3,press,0.21223507787703783
278,15_9_19_ST2_1993_01_17.pdf,4,treated,0.1962763847571518
278,15_9_19_ST2_1993_01_17.pdf,5,mud,0.18958966127406143
278,15_9_19_ST2_1993_01_17.pdf,6,pumped,0.17296305021966848
278,15_9_19_ST2_1993_01_17.pdf,7,treated mud,0.1709006641175104
278,15_9_19_ST2_1993_01_17.pdf,8,surface equip,0.16707353040950498
278,15_9_19_ST2_1993_01_17.pdf,9,mud pumped,0.16707353040950498
278,15_9_19_ST2_1993_01_17.pdf,10,cmt,0.1559328334141661
278,15_9_19_ST2_1993_01_17.pdf,11,petrofree mud,0.1490570225132362
278,15_9_19_ST2_1993_01_17.pdf,12,petrofree,0.1490570225132362
279,15_9_19_ST2_1993_01_18.pdf,1,weather,0.2726396691059062
279,15_9_19_ST2_1993_01_18.pdf,2,lmrp,0.26564235135665404
279,15_9_19_ST2_1993_01_18.pdf,3,m/u,0.1940726949642858
279,15_9_19_ST2_1993_01_18.pdf,4,drilling casing,0.18866941815816157
279,15_9_19_ST2_1993_01_18.pdf,5,weather displaced,0.1761101806470261
279,15_9_19_ST2_1993_01_18.pdf,6,cont,0.17461464812372762
279,15_9_19_ST2_1993_01_18.pdf,7,bad weather,0.16867072665351943
279,15_9_19_ST2_1993_01_18.pdf,8,unlatched lmrp,0.16867072665351943
279,15_9_19_ST2_1993_01_18.pdf,9,waiting weather,0.1591200657992135
279,15_9_19_ST2_1993_01_18.pdf,10,bit sub,0.1581854051594299
279,15_9_19_ST2_1993_01_18.pdf,11,cont m/u,0.1581854051594299
279,15_9_19_ST2_1993_01_18.pdf,12,m/u bha,0.157433279304728
280,15_9_19_ST2_1993_01_19.pdf,1,waiting weather,0.4288176107793753
280,15_9_19_ST2_1993_01_19.pdf,2,weather,0.419854353099272
280,15_9_19_ST2_1993_01_19.pdf,3,waiting,0.32201795438621383
280,15_9_19_ST2_1993_01_19.pdf,4,interruption waiting,0.2743815633575353
280,15_9_19_ST2_1993_01_19.pdf,5,weather interruption,0.17410712099415115
280,15_9_19_ST2_1993_01_19.pdf,6,seal assy,0.14528254947313893
280,15_9_19_ST2_1993_01_19.pdf,7,interruption,0.12472900885865529
280,15_9_19_ST2_1993_01_19.pdf,8,weather cont,0.10170102842916315
280,15_9_19_ST2_1993_01_19.pdf,9,rov,0.10020187739197232
280,15_9_19_ST2_1993_01_19.pdf,10,assy,0.0977870258997676
280,15_9_19_ST2_1993_01_19.pdf,11,cmt,0.09749844859682155
280,15_9_19_ST2_1993_01_19.pdf,12,weather continued,0.09740485361796634
281,15_9_19_ST2_1993_01_20.pdf,1,press,0.3321687835503328
281,15_9_19_ST2_1993_01_20.pdf,2,press tested,0.3247492162501948
281,15_9_19_ST2_1993_01_20.pdf,3,bop,0.19630735549745174
281,15_9_19_ST2_1993_01_20.pdf,4,activities press,0.19092734099777095
281,15_9_19_ST2_1993_01_20.pdf,5,bop/wellhead equipment,0.18491954337051691
281,15_9_19_ST2_1993_01_20.pdf,6,drilling bop/wellhead,0.17036730805704386
281,15_9_19_ST2_1993_01_20.pdf,7,drill cmt,0.16012693948620924
281,15_9_19_ST2_1993_01_20.pdf,8,bop/wellhead,0.159287128514499
281,15_9_19_ST2_1993_01_20.pdf,9,drilling,0.15919248577411096
281,15_9_19_ST2_1993_01_20.pdf,10,seal assy,0.1363723223487553
281,15_9_19_ST2_1993_01_20.pdf,11,tested bop,0.1342450609519125
281,15_9_19_ST2_1993_01_20.pdf,12,tested,0.13321725318619065
282,15_9_19_ST2_1993_01_21.pdf,1,casing,0.2368247914461395
282,15_9_19_ST2_1993_01_21.pdf,2,cmt,0.2264924311220769
282,15_9_19_ST2_1993_01_21.pdf,3,seal assy,0.22499775332054098
282,15_9_19_ST2_1993_01_21.pdf,4,drilling casing,0.20248290706791452
282,15_9_19_ST2_1993_01_21.pdf,5,continued drilling,0.1788102508281599
282,15_9_19_ST2_1993_01_21.pdf,6,retrieve,0.16611602296751757
282,15_9_19_ST2_1993_01_21.pdf,7,drilling,0.16415515547707316
282,15_9_19_ST2_1993_01_21.pdf,8,circ,0.15925077366314191
282,15_9_19_ST2_1993_01_21.pdf,9,assy,0.1514418711065719
282,15_9_19_ST2_1993_01_21.pdf,10,assy install,0.15085000439512927
282,15_9_19_ST2_1993_01_21.pdf,11,shoe circ,0.14568919029458055
282,15_9_19_ST2_1993_01_21.pdf,12,install seal,0.14568919029458055
283,15_9_19_ST2_1993_01_22.pdf,1,hang-off,0.35863070105786254
283,15_9_19_ST2_1993_01_22.pdf,2,drilling cement,0.24860356952804616
283,15_9_19_ST2_1993_01_22.pdf,3,hang-off tool,0.24860356952804616
283,15_9_19_ST2_1993_01_22.pdf,4,cmt casing,0.24860356952804616
283,15_9_19_ST2_1993_01_22.pdf,5,casing,0.21835003220373905
283,15_9_19_ST2_1993_01_22.pdf,6,casing continued,0.17788487555330157
283,15_9_19_ST2_1993_01_22.pdf,7,tool rih,0.17400518889617633
283,15_9_19_ST2_1993_01_22.pdf,8,wow,0.169604675765146
283,15_9_19_ST2_1993_01_22.pdf,9,continued drilling,0.16486121992665992
283,15_9_19_ST2_1993_01_22.pdf,10,drilling,0.15134937210735588
283,15_9_19_ST2_1993_01_22.pdf,11,cmt,0.1392158012045401
283,15_9_19_ST2_1993_01_22.pdf,12,rih hang-off,0.13908215907835683
284,15_9_19_ST2_1993_01_23.pdf,1,waiting weat,0.3204401803318195
284,15_9_19_ST2_1993_01_23.pdf,2,weat,0.3204401803318195
284,15_9_19_ST2_1993_01_23.pdf,3,casing,0.25277868772721007
284,15_9_19_ST2_1993_01_23.pdf,4,drilling casing,0.22922171803384814
284,15_9_19_ST2_1993_01_23.pdf,5,interruption waiting,0.20616278198067417
284,15_9_19_ST2_1993_01_23.pdf,6,hang-off,0.18871741495472616
284,15_9_19_ST2_1993_01_23.pdf,7,waiting,0.1728253284316235
284,15_9_19_ST2_1993_01_23.pdf,8,drilling,0.14335658356846329
284,15_9_19_ST2_1993_01_23.pdf,9,ran,0.13087992974135795
284,15_9_19_ST2_1993_01_23.pdf,10,shoe cleaned,0.12817607213272778
284,15_9_19_ST2_1993_01_23.pdf,11,cleaned rat,0.12581160996981744
284,15_9_19_ST2_1993_01_23.pdf,12,float shoe,0.12367269376880541
285,15_9_19_ST2_1993_01_24.pdf,1,gyro,0.2609814408466348
285,15_9_19_ST2_1993_01_24.pdf,2,drilling survey,0.23397758040259917
285,15_9_19_ST2_1993_01_24.pdf,3,pass pooh,0.20169523536121858
285,15_9_19_ST2_1993_01_24.pdf,4,casing scraper,0.19661243636060796
285,15_9_19_ST2_1993_01_24.pdf,5,unable pass,0.16935442471695647
285,15_9_19_ST2_1993_01_24.pdf,6,casing,0.16881879049475865
285,15_9_19_ST2_1993_01_24.pdf,7,drilling,0.16382349366658086
285,15_9_19_ST2_1993_01_24.pdf,8,survey,0.15562796728930506
285,15_9_19_ST2_1993_01_24.pdf,9,scraper,0.15463903298617013
285,15_9_19_ST2_1993_01_24.pdf,10,circulating,0.1321709602076147
285,15_9_19_ST2_1993_01_24.pdf,11,circulating conditioning,0.1292463113712854
285,15_9_19_ST2_1993_01_24.pdf,12,pass,0.1241635123706748
286,15_9_19_ST2_1993_01_25.pdf,1,retainer,0.42610878403098096
286,15_9_19_ST2_1993_01_25.pdf,2,cement retainer,0.30586903967637497
286,15_9_19_ST2_1993_01_25.pdf,3,drilling survey,0.2482239154545228
286,15_9_19_ST2_1993_01_25.pdf,4,cement,0.17865370689416873
286,15_9_19_ST2_1993_01_25.pdf,5,survey,0.16510378185939462
286,15_9_19_ST2_1993_01_25.pdf,6,drilling,0.16386698198736652
286,15_9_19_ST2_1993_01_25.pdf,7,jet tool,0.1368956254785057
286,15_9_19_ST2_1993_01_25.pdf,8,retainer rih,0.1368956254785057
286,15_9_19_ST2_1993_01_25.pdf,9,alpha cement,0.1368956254785057
286,15_9_19_ST2_1993_01_25.pdf,10,alpha,0.1368956254785057
286,15_9_19_ST2_1993_01_25.pdf,11,casing,0.1289503891650509
286,15_9_19_ST2_1993_01_25.pdf,12,survey continued,0.12515021831538134
287,15_9_19_ST2_1993_01_26.pdf,1,drilling casi,0.36551396589391927
287,15_9_19_ST2_1993_01_26.pdf,2,casi,0.3618841257331481
287,15_9_19_ST2_1993_01_26.pdf,3,seal assembly,0.2730743167626878
287,15_9_19_ST2_1993_01_26.pdf,4,seal,0.20888457740748687
287,15_9_19_ST2_1993_01_26.pdf,5,retainer,0.20596629877413994
287,15_9_19_ST2_1993_01_26.pdf,6,stinged,0.18423779489862588
287,15_9_19_ST2_1993_01_26.pdf,7,stinged retainer,0.18423779489862588
287,15_9_19_ST2_1993_01_26.pdf,8,assembly,0.17521396979518242
287,15_9_19_ST2_1993_01_26.pdf,9,cement,0.1583175805698179
287,15_9_19_ST2_1993_01_26.pdf,10,circulation casing,0.1278136526345595
287,15_9_19_ST2_1993_01_26.pdf,11,casi ran,0.11588741329803567
287,15_9_19_ST2_1993_01_26.pdf,12,drilling,0.11521112844622193
288,15_9_19_ST2_1993_01_27.pdf,1,casing,0.23408898779577134
288,15_9_19_ST2_1993_01_27.pdf,2,drilling casing,0.2122737499660468
288,15_9_19_ST2_1993_01_27.pdf,3,seal assembly,0.20977481055511185
288,15_9_19_ST2_1993_01_27.pdf,4,seal,0.16046445953985608
288,15_9_19_ST2_1993_01_27.pdf,5,hung worked,0.14153088060470295
288,15_9_19_ST2_1993_01_27.pdf,6,pooh,0.13786891701193812
288,15_9_19_ST2_1993_01_27.pdf,7,assembly,0.1345988072262959
288,15_9_19_ST2_1993_01_27.pdf,8,drilling,0.1327572266599323
288,15_9_19_ST2_1993_01_27.pdf,9,cement,0.13267533321516572
288,15_9_19_ST2_1993_01_27.pdf,10,perforated casing,0.13091471501546026
288,15_9_19_ST2_1993_01_27.pdf,11,clean-out tool,0.13091471501546026
288,15_9_19_ST2_1993_01_27.pdf,12,drilling bop/we,0.13091471501546026
289,15_9_19_ST2_1993_01_28.pdf,1,retainer,0.4455368761508472
289,15_9_19_ST2_1993_01_28.pdf,2,drilling casing,0.25617368508351984
289,15_9_19_ST2_1993_01_28.pdf,3,casing,0.21572764785005952
289,15_9_19_ST2_1993_01_28.pdf,4,bentonite,0.19684641420626298
289,15_9_19_ST2_1993_01_28.pdf,5,bentonite mud,0.19684641420626298
289,15_9_19_ST2_1993_01_28.pdf,6,cement retainer,0.15351115007900534
289,15_9_19_ST2_1993_01_28.pdf,7,squeezed,0.15040941089870655
289,15_9_19_ST2_1993_01_28.pdf,8,mud,0.13548850691172565
289,15_9_19_ST2_1993_01_28.pdf,9,cement,0.1307594966960992
289,15_9_19_ST2_1993_01_28.pdf,10,drilling,0.12460972152058829
289,15_9_19_ST2_1993_01_28.pdf,11,stinged,0.11956043114325322
289,15_9_19_ST2_1993_01_28.pdf,12,stinged retainer,0.11956043114325322
290,15_9_19_ST2_1993_01_29.pdf,1,plug,0.2937754021217749
290,15_9_19_ST2_1993_01_29.pdf,2,abandonment,0.24220588955251857
290,15_9_19_ST2_1993_01_29.pdf,3,abandon,0.19407042026821117
290,15_9_19_ST2_1993_01_29.pdf,4,plug abandon,0.19407042026821117
290,15_9_19_ST2_1993_01_29.pdf,5,trip cont,0.18051399511477198
290,15_9_19_ST2_1993_01_29.pdf,6,cont pooh,0.16976323511712943
290,15_9_19_ST2_1993_01_29.pdf,7,abandonment cap,0.16147059303501235
290,15_9_19_ST2_1993_01_29.pdf,8,bop/wellhea equipment,0.14935875888172476
290,15_9_19_ST2_1993_01_29.pdf,9,bop/wellhea,0.14935875888172476
290,15_9_19_ST2_1993_01_29.pdf,10,drilling bop/wellhea,0.14935875888172476
290,15_9_19_ST2_1993_01_29.pdf,11,abandon trip,0.14007326618816013
290,15_9_19_ST2_1993_01_29.pdf,12,l/d,0.13319922997420167
291,15_9_19_ST2_1993_01_30.pdf,1,bop/wellhead equip,0.3690658190440841
291,15_9_19_ST2_1993_01_30.pdf,2,equip ment,0.3377969355006813
291,15_9_19_ST2_1993_01_30.pdf,3,ment,0.31912287663767547
291,15_9_19_ST2_1993_01_30.pdf,4,drilling bop/wellhead,0.24809721584536565
291,15_9_19_ST2_1993_01_30.pdf,5,bop/wellhead,0.23196171586639242
291,15_9_19_ST2_1993_01_30.pdf,6,equip,0.18479650662707092
291,15_9_19_ST2_1993_01_30.pdf,7,pulled guide,0.16073891290188638
291,15_9_19_ST2_1993_01_30.pdf,8,cap,0.1588156796800479
291,15_9_19_ST2_1993_01_30.pdf,9,guide wire,0.14061994101133718
291,15_9_19_ST2_1993_01_30.pdf,10,anchor handling,0.13635724197078683
291,15_9_19_ST2_1993_01_30.pdf,11,guide,0.12811583361592477
291,15_9_19_ST2_1993_01_30.pdf,12,corrosion,0.12412003320556542
292,15_9_19_ST2_1993_01_31.pdf,1,anchor,0.5359875184582485
292,15_9_19_ST2_1993_01_31.pdf,2,anchor handling,0.5278908044981814
292,15_9_19_ST2_1993_01_31.pdf,3,handling,0.2394520302084914
292,15_9_19_ST2_1993_01_31.pdf,4,weather,0.23144176318725715
292,15_9_19_ST2_1993_01_31.pdf,5,weather anchor,0.22424791038941544
292,15_9_19_ST2_1993_01_31.pdf,6,waiting weather,0.20261373945221986
292,15_9_19_ST2_1993_01_31.pdf,7,de-ballasted rig,0.18807223412415314
292,15_9_19_ST2_1993_01_31.pdf,8,de-ballasted,0.18807223412415314
292,15_9_19_ST2_1993_01_31.pdf,9,waiting,0.15215154477998696
292,15_9_19_ST2_1993_01_31.pdf,10,interruption waiting,0.12100072768716363
292,15_9_19_ST2_1993_01_31.pdf,11,weather continued,0.1073874828160161
292,15_9_19_ST2_1993_01_31.pdf,12,handling rig,0.1073874828160161
293,15_9_19_ST2_1993_02_01.pdf,1,anchor,0.6941910231013901
293,15_9_19_ST2_1993_02_01.pdf,2,moving anchor,0.31463732437362296
293,15_9_19_ST2_1993_02_01.pdf,3,pulled anchors,0.30495939742930506
293,15_9_19_ST2_1993_02_01.pdf,4,anchor pulled,0.27392014284635186
293,15_9_19_ST2_1993_02_01.pdf,5,anchors,0.2299984336618104
293,15_9_19_ST2_1993_02_01.pdf,6,moving,0.2220559521642012
293,15_9_19_ST2_1993_02_01.pdf,7,scr,0.13358726097439833
293,15_9_19_ST2_1993_02_01.pdf,8,pulled,0.09433555453941361
293,15_9_19_ST2_1993_02_01.pdf,9,bolstered,0.0940281782443676
293,15_9_19_ST2_1993_02_01.pdf,10,maintai,0.09130671428211729
293,15_9_19_ST2_1993_02_01.pdf,11,interruption maintai,0.09130671428211729
293,15_9_19_ST2_1993_02_01.pdf,12,towing,0.08900574928772348
294,15_9_19_ST2_1993_02_18.pdf,1,transit,0.39755812595861
294,15_9_19_ST2_1993_02_18.pdf,2,rig transit,0.3470590629116965
294,15_9_19_ST2_1993_02_18.pdf,3,anchors,0.26174973301595106
294,15_9_19_ST2_1993_02_18.pdf,4,anchor,0.23700724226588005
294,15_9_19_ST2_1993_02_18.pdf,5,moving,0.18953309355699777
294,15_9_19_ST2_1993_02_18.pdf,6,rig,0.17811732540642744
294,15_9_19_ST2_1993_02_18.pdf,7,anchor hrs,0.16619909228965374
294,15_9_19_ST2_1993_02_18.pdf,8,open hatch,0.16051316193502038
294,15_9_19_ST2_1993_02_18.pdf,9,cap run,0.16051316193502038
294,15_9_19_ST2_1993_02_18.pdf,10,pull corrosion,0.16051316193502038
294,15_9_19_ST2_1993_02_18.pdf,11,towing,0.15193949851329772
294,15_9_19_ST2_1993_02_18.pdf,12,transit rig,0.15193949851329772
295,15_9_19_ST2_1993_02_19.pdf,1,moving,0.35827188959351397
295,15_9_19_ST2_1993_02_19.pdf,2,anchors,0.28273259660895833
295,15_9_19_ST2_1993_02_19.pdf,3,anchor,0.2560066528009683
295,15_9_19_ST2_1993_02_19.pdf,4,ballasted rig,0.24617932813427024
295,15_9_19_ST2_1993_02_19.pdf,5,ballasted,0.24066641096813818
295,15_9_19_ST2_1993_02_19.pdf,6,moving transit,0.2175623646228508
295,15_9_19_ST2_1993_02_19.pdf,7,transit,0.21471395588475978
295,15_9_19_ST2_1993_02_19.pdf,8,positioned rig,0.20082251408416485
295,15_9_19_ST2_1993_02_19.pdf,9,transit ballasted,0.1795222496530384
295,15_9_19_ST2_1993_02_19.pdf,10,opened hatch,0.1795222496530384
295,15_9_19_ST2_1993_02_19.pdf,11,repaired tds,0.1733805132899101
295,15_9_19_ST2_1993_02_19.pdf,12,rig opened,0.16836234929391442
296,15_9_19_ST2_1993_02_20.pdf,1,drillpipe,0.5065112130614494
296,15_9_19_ST2_1993_02_20.pdf,2,p/u drillpipe,0.4062728627225688
296,15_9_19_ST2_1993_02_20.pdf,3,trip l/d,0.24328117454250164
296,15_9_19_ST2_1993_02_20.pdf,4,load,0.1709307834831225
296,15_9_19_ST2_1993_02_20.pdf,5,l/d,0.16756993164175307
296,15_9_19_ST2_1993_02_20.pdf,6,p/u,0.16542633475348015
296,15_9_19_ST2_1993_02_20.pdf,7,torque,0.16335709744189333
296,15_9_19_ST2_1993_02_20.pdf,8,drilling trip,0.15847778292909923
296,15_9_19_ST2_1993_02_20.pdf,9,tds,0.13916825404669927
296,15_9_19_ST2_1993_02_20.pdf,10,tong,0.1373864564587487
296,15_9_19_ST2_1993_02_20.pdf,11,performed torque,0.1252661746906254
296,15_9_19_ST2_1993_02_20.pdf,12,thoj bop,0.1252661746906254
297,15_9_19_ST2_1993_02_21.pdf,1,p/u drillpipe,0.5073437738564637
297,15_9_19_ST2_1993_02_21.pdf,2,drillpipe,0.3162595067427524
297,15_9_19_ST2_1993_02_21.pdf,3,p/u,0.20658042579227143
297,15_9_19_ST2_1993_02_21.pdf,4,waiting weather,0.2037324951466084
297,15_9_19_ST2_1993_02_21.pdf,5,wow,0.1975162041383824
297,15_9_19_ST2_1993_02_21.pdf,6,weather,0.17453977216482058
297,15_9_19_ST2_1993_02_21.pdf,7,cap run,0.15642938437535592
297,15_9_19_ST2_1993_02_21.pdf,8,thoj bop,0.15642938437535592
297,15_9_19_ST2_1993_02_21.pdf,9,wow wow,0.15642938437535592
297,15_9_19_ST2_1993_02_21.pdf,10,pull corrosion,0.15642938437535592
297,15_9_19_ST2_1993_02_21.pdf,11,waiting,0.15299166750608062
297,15_9_19_ST2_1993_02_21.pdf,12,weather waiting,0.15190183805718577
298,15_9_19_ST2_1993_02_22.pdf,1,weather,0.4101658308974539
298,15_9_19_ST2_1993_02_22.pdf,2,waiting,0.26964608257206096
298,15_9_19_ST2_1993_02_22.pdf,3,waited weather,0.24925086387938436
298,15_9_19_ST2_1993_02_22.pdf,4,waiting weather,0.239384144702874
298,15_9_19_ST2_1993_02_22.pdf,5,interruption waiting,0.21443996678700813
298,15_9_19_ST2_1993_02_22.pdf,6,pull corrosion,0.1838033464330007
298,15_9_19_ST2_1993_02_22.pdf,7,thoj bop,0.1838033464330007
298,15_9_19_ST2_1993_02_22.pdf,8,waited,0.1836237488179056
298,15_9_19_ST2_1993_02_22.pdf,9,weather waiting,0.17848351366799248
298,15_9_19_ST2_1993_02_22.pdf,10,waiting weathe,0.17848351366799248
298,15_9_19_ST2_1993_02_22.pdf,11,weathe,0.1739856591536187
298,15_9_19_ST2_1993_02_22.pdf,12,bop run,0.1739856591536187
299,15_9_19_ST2_1993_02_23.pdf,1,bop/wellhead equip,0.2612106717657982
299,15_9_19_ST2_1993_02_23.pdf,2,equip ment,0.23907975187488537
299,15_9_19_ST2_1993_02_23.pdf,3,ment,0.2258629672026176
299,15_9_19_ST2_1993_02_23.pdf,4,cap,0.22480732831675168
299,15_9_19_ST2_1993_02_23.pdf,5,thoj,0.21537641923812129
299,15_9_19_ST2_1993_02_23.pdf,6,drilling bop/wellhead,0.1755937208762519
299,15_9_19_ST2_1993_02_23.pdf,7,bop/wellhead,0.1641736310947022
299,15_9_19_ST2_1993_02_23.pdf,8,corr cap,0.16398706714505643
299,15_9_19_ST2_1993_02_23.pdf,9,corr,0.16398706714505643
299,15_9_19_ST2_1993_02_23.pdf,10,equip,0.16348987479068108
299,15_9_19_ST2_1993_02_23.pdf,11,wea ther,0.15705973201273432
299,15_9_19_ST2_1993_02_23.pdf,12,wea,0.15705973201273432
300,15_9_19_ST2_1993_02_24.pdf,1,k/c,0.39815645277988676
300,15_9_19_ST2_1993_02_24.pdf,2,k/c lines,0.3911444166918543
300,15_9_19_ST2_1993_02_24.pdf,3,press,0.30346913322247104
300,15_9_19_ST2_1993_02_24.pdf,4,press tested,0.2157749981894976
300,15_9_19_ST2_1993_02_24.pdf,5,tested k/c,0.19557220834592715
300,15_9_19_ST2_1993_02_24.pdf,6,jnt,0.1944966847855337
300,15_9_19_ST2_1993_02_24.pdf,7,lines,0.17145534558434997
300,15_9_19_ST2_1993_02_24.pdf,8,bop/wellhead quipment,0.15192939888769094
300,15_9_19_ST2_1993_02_24.pdf,9,test plug,0.1481640308757771
300,15_9_19_ST2_1993_02_24.pdf,10,quipment,0.14478416464723154
300,15_9_19_ST2_1993_02_24.pdf,11,test,0.13268491413889016
300,15_9_19_ST2_1993_02_24.pdf,12,bop,0.13043363049847637
301,15_9_19_ST2_1993_02_25.pdf,1,wor,0.3232505888737815
301,15_9_19_ST2_1993_02_25.pdf,2,cmt,0.20700507221074763
301,15_9_19_ST2_1993_02_25.pdf,3,ret,0.19973118665276696
301,15_9_19_ST2_1993_02_25.pdf,4,bop/wellhead equipm,0.1939503533242689
301,15_9_19_ST2_1993_02_25.pdf,5,press,0.18783188744220172
301,15_9_19_ST2_1993_02_25.pdf,6,retainer,0.16092918251173602
301,15_9_19_ST2_1993_02_25.pdf,7,equipm ent,0.15911687205574604
301,15_9_19_ST2_1993_02_25.pdf,8,equipm,0.15911687205574604
301,15_9_19_ST2_1993_02_25.pdf,9,circ hole,0.15577622714719674
301,15_9_19_ST2_1993_02_25.pdf,10,ent,0.15422924711865138
301,15_9_19_ST2_1993_02_25.pdf,11,drilling casing,0.15421776860041458
301,15_9_19_ST2_1993_02_25.pdf,12,kos,0.14395188871803602
302,15_9_19_ST2_1993_02_26.pdf,1,equal,0.4041701877168911
302,15_9_19_ST2_1993_02_26.pdf,2,bar equal,0.2621671486279495
302,15_9_19_ST2_1993_02_26.pdf,3,press tested,0.2548121951929015
302,15_9_19_ST2_1993_02_26.pdf,4,press,0.22805466831390578
302,15_9_19_ST2_1993_02_26.pdf,5,drilling casing,0.22469080758463128
302,15_9_19_ST2_1993_02_26.pdf,6,casing,0.18395946646386774
302,15_9_19_ST2_1993_02_26.pdf,7,drilling,0.1821593485960423
302,15_9_19_ST2_1993_02_26.pdf,8,casing press,0.16739491645246987
302,15_9_19_ST2_1993_02_26.pdf,9,cmt drilling,0.156988904986794
302,15_9_19_ST2_1993_02_26.pdf,10,bit change,0.15303272303760324
302,15_9_19_ST2_1993_02_26.pdf,11,drilled,0.1509018649232908
302,15_9_19_ST2_1993_02_26.pdf,12,tested csg,0.14960572235396422
303,15_9_19_ST2_1993_02_27.pdf,1,mwd-tool,0.38943511821098686
303,15_9_19_ST2_1993_02_27.pdf,2,heimdal,0.21787087435849842
303,15_9_19_ST2_1993_02_27.pdf,3,mwd-tool drilling,0.21787087435849842
303,15_9_19_ST2_1993_02_27.pdf,4,drilling trip,0.1774698128035771
303,15_9_19_ST2_1993_02_27.pdf,5,cont,0.16916144913218825
303,15_9_19_ST2_1993_02_27.pdf,6,drilling,0.16596114251608188
303,15_9_19_ST2_1993_02_27.pdf,7,cont pooh,0.15944204882942048
303,15_9_19_ST2_1993_02_27.pdf,8,core,0.13854148635262095
303,15_9_19_ST2_1993_02_27.pdf,9,trip,0.13643771379733852
303,15_9_19_ST2_1993_02_27.pdf,10,bit,0.13497315460560824
303,15_9_19_ST2_1993_02_27.pdf,11,pooh,0.12310808426361194
303,15_9_19_ST2_1993_02_27.pdf,12,interruption repair,0.11822408191614026
304,15_9_19_ST2_1993_02_28.pdf,1,core,0.5091240844563711
304,15_9_19_ST2_1993_02_28.pdf,2,formation evaluation,0.31351719689773044
304,15_9_19_ST2_1993_02_28.pdf,3,evaluation,0.31258573169907977
304,15_9_19_ST2_1993_02_28.pdf,4,formation,0.24277034186770313
304,15_9_19_ST2_1993_02_28.pdf,5,evaluation trip,0.1990327665614183
304,15_9_19_ST2_1993_02_28.pdf,6,core head,0.1718353312391412
304,15_9_19_ST2_1993_02_28.pdf,7,head formation,0.1718353312391412
304,15_9_19_ST2_1993_02_28.pdf,8,recovered core,0.16265690452170456
304,15_9_19_ST2_1993_02_28.pdf,9,pooh broke,0.15032747022036158
304,15_9_19_ST2_1993_02_28.pdf,10,trip,0.13927582261771176
304,15_9_19_ST2_1993_02_28.pdf,11,evaluation rig,0.12119847857817005
304,15_9_19_ST2_1993_02_28.pdf,12,rig up/down,0.1179855449578953
305,15_9_19_ST2_1993_03_01.pdf,1,core,0.2698024963626277
305,15_9_19_ST2_1993_03_01.pdf,2,pipe broke,0.22011263032260628
305,15_9_19_ST2_1993_03_01.pdf,3,drilled/surveyed hole,0.21763382309073565
305,15_9_19_ST2_1993_03_01.pdf,4,drilled/surveyed,0.2130646198777573
305,15_9_19_ST2_1993_03_01.pdf,5,drilling trip,0.1728067158220852
305,15_9_19_ST2_1993_03_01.pdf,6,filled pipe,0.16542074904190898
305,15_9_19_ST2_1993_03_01.pdf,7,drilling,0.1539051817922794
305,15_9_19_ST2_1993_03_01.pdf,8,rih bha,0.1478368138917128
305,15_9_19_ST2_1993_03_01.pdf,9,hole drill/survey,0.14143081453839004
305,15_9_19_ST2_1993_03_01.pdf,10,motor tested,0.13659224562453073
305,15_9_19_ST2_1993_03_01.pdf,11,rig continued,0.13659224562453073
305,15_9_19_ST2_1993_03_01.pdf,12,trip,0.13285275317040537
306,15_9_19_ST2_1993_03_02.pdf,1,steering,0.2548334967472137
306,15_9_19_ST2_1993_03_02.pdf,2,hole steered,0.25107277878490225
306,15_9_19_ST2_1993_03_02.pdf,3,steered,0.23083292062051616
306,15_9_19_ST2_1993_03_02.pdf,4,impossible,0.21331133453517945
306,15_9_19_ST2_1993_03_02.pdf,5,sticking,0.1973109504507144
306,15_9_19_ST2_1993_03_02.pdf,6,hole,0.18463690009260034
306,15_9_19_ST2_1993_03_02.pdf,7,tendencies,0.17261441994575488
306,15_9_19_ST2_1993_03_02.pdf,8,drill drilled/surveyed,0.17261441994575488
306,15_9_19_ST2_1993_03_02.pdf,9,drilling circulatin,0.1650605985316642
306,15_9_19_ST2_1993_03_02.pdf,10,wiper trip,0.16087804881230122
306,15_9_19_ST2_1993_03_02.pdf,11,circulatin conditioning,0.1571887784987985
306,15_9_19_ST2_1993_03_02.pdf,12,drilled/surveyed hole,0.1571887784987985
307,15_9_19_ST2_1993_03_03.pdf,1,drilled/surveyed hole,0.4166965883179835
307,15_9_19_ST2_1993_03_03.pdf,2,drilled/surveyed,0.4079480796388622
307,15_9_19_ST2_1993_03_03.pdf,3,drill drilled/surveyed,0.30505926514100595
307,15_9_19_ST2_1993_03_03.pdf,4,steering,0.30024266136223526
307,15_9_19_ST2_1993_03_03.pdf,5,circ b/u,0.17435256442562538
307,15_9_19_ST2_1993_03_03.pdf,6,hole attempted,0.1693062662874533
307,15_9_19_ST2_1993_03_03.pdf,7,motor stalling,0.1693062662874533
307,15_9_19_ST2_1993_03_03.pdf,8,hole circ,0.16503968200477645
307,15_9_19_ST2_1993_03_03.pdf,9,drill core,0.16134379858957407
307,15_9_19_ST2_1993_03_03.pdf,10,point operations,0.14215886298323843
307,15_9_19_ST2_1993_03_03.pdf,11,b/u,0.14215886298323843
307,15_9_19_ST2_1993_03_03.pdf,12,hole,0.1398456176270024
308,15_9_19_ST2_1993_03_04.pdf,1,cont,0.21908282464987808
308,15_9_19_ST2_1993_03_04.pdf,2,maintain fail,0.21777983464585826
308,15_9_19_ST2_1993_03_04.pdf,3,oil pump,0.19846963443844137
308,15_9_19_ST2_1993_03_04.pdf,4,oil,0.1954978247408086
308,15_9_19_ST2_1993_03_04.pdf,5,drilling trip,0.17238230731005777
308,15_9_19_ST2_1993_03_04.pdf,6,interruption maintain,0.1692657206501915
308,15_9_19_ST2_1993_03_04.pdf,7,trip cont,0.1646790298452366
308,15_9_19_ST2_1993_03_04.pdf,8,maintain,0.16276695973814478
308,15_9_19_ST2_1993_03_04.pdf,9,drilling,0.16120355467101094
308,15_9_19_ST2_1993_03_04.pdf,10,cont pooh,0.15487134304851424
308,15_9_19_ST2_1993_03_04.pdf,11,fail,0.14104687488688025
308,15_9_19_ST2_1993_03_04.pdf,12,trip,0.13252647048501567
309,15_9_19_ST2_1993_03_05.pdf,1,trip cont,0.28535702992387213
309,15_9_19_ST2_1993_03_05.pdf,2,cont,0.2530855495411256
309,15_9_19_ST2_1993_03_05.pdf,3,cont rih,0.24638691742106716
309,15_9_19_ST2_1993_03_05.pdf,4,drilling,0.21282643890942807
309,15_9_19_ST2_1993_03_05.pdf,5,pipe broke,0.1902380199492481
309,15_9_19_ST2_1993_03_05.pdf,6,core,0.15545584582512434
309,15_9_19_ST2_1993_03_05.pdf,7,drilling trip,0.14935266278788176
309,15_9_19_ST2_1993_03_05.pdf,8,circulating conditioning,0.14691820219875734
309,15_9_19_ST2_1993_03_05.pdf,9,filled pipe,0.14296915043053868
309,15_9_19_ST2_1993_03_05.pdf,10,drilling circulating,0.1265427747705628
309,15_9_19_ST2_1993_03_05.pdf,11,riser volume,0.12223523056427431
309,15_9_19_ST2_1993_03_05.pdf,12,mwd-tool drilling,0.12223523056427431
310,15_9_19_ST2_1993_03_06.pdf,1,drilling/surveying hole,0.3316818704529613
310,15_9_19_ST2_1993_03_06.pdf,2,drilling/surveying,0.3222551710698505
310,15_9_19_ST2_1993_03_06.pdf,3,circ b/u,0.1926094860223475
310,15_9_19_ST2_1993_03_06.pdf,4,sample pooh,0.1926094860223475
310,15_9_19_ST2_1993_03_06.pdf,5,checked drilling,0.1823214268683255
310,15_9_19_ST2_1993_03_06.pdf,6,cont drilling/surveying,0.1823214268683255
310,15_9_19_ST2_1993_03_06.pdf,7,continued drilling/surveying,0.1823214268683255
310,15_9_19_ST2_1993_03_06.pdf,8,hole circ,0.1823214268683255
310,15_9_19_ST2_1993_03_06.pdf,9,drill cont,0.17823853765275385
310,15_9_19_ST2_1993_03_06.pdf,10,core pooh,0.16850141682380773
310,15_9_19_ST2_1993_03_06.pdf,11,drilling break,0.16850141682380773
310,15_9_19_ST2_1993_03_06.pdf,12,hole flow,0.16112758553492526
311,15_9_19_ST2_1993_03_07.pdf,1,drilling,0.2245662546621955
311,15_9_19_ST2_1993_03_07.pdf,2,formation evaluation,0.21644966603410543
311,15_9_19_ST2_1993_03_07.pdf,3,evaluation,0.21580659020552145
311,15_9_19_ST2_1993_03_07.pdf,4,formation,0.16760662553828268
311,15_9_19_ST2_1993_03_07.pdf,5,arm drilling,0.16608715757428275
311,15_9_19_ST2_1993_03_07.pdf,6,core,0.1640310162646121
311,15_9_19_ST2_1993_03_07.pdf,7,trip,0.1615401815022778
311,15_9_19_ST2_1993_03_07.pdf,8,drilling trip,0.14008104247016165
311,15_9_19_ST2_1993_03_07.pdf,9,upper racking,0.13382121711715633
311,15_9_19_ST2_1993_03_07.pdf,10,trip continued,0.13352305818019394
311,15_9_19_ST2_1993_03_07.pdf,11,racking arm,0.13088865316217024
311,15_9_19_ST2_1993_03_07.pdf,12,evaluation trip,0.1282498627181895
312,15_9_19_ST2_1993_03_08.pdf,1,core,0.3715029060295938
312,15_9_19_ST2_1993_03_08.pdf,2,formation evaluation,0.3476122536409235
312,15_9_19_ST2_1993_03_08.pdf,3,evaluation,0.3465794914189626
312,15_9_19_ST2_1993_03_08.pdf,4,formation,0.26917166423039246
312,15_9_19_ST2_1993_03_08.pdf,5,h2s,0.21174326264120022
312,15_9_19_ST2_1993_03_08.pdf,6,inner barrel,0.1898693202556139
312,15_9_19_ST2_1993_03_08.pdf,7,barrel,0.15547212881301153
312,15_9_19_ST2_1993_03_08.pdf,8,evaluation log,0.15147879055711888
312,15_9_19_ST2_1993_03_08.pdf,9,inner,0.14574977241735773
312,15_9_19_ST2_1993_03_08.pdf,10,personnel,0.13083747404986484
312,15_9_19_ST2_1993_03_08.pdf,11,cut core,0.12001828588659963
312,15_9_19_ST2_1993_03_08.pdf,12,evaluation trip,0.11882641024082874
313,15_9_19_ST2_1993_03_09.pdf,1,core,0.4441209916495475
313,15_9_19_ST2_1993_03_09.pdf,2,barrel,0.3538534886714395
313,15_9_19_ST2_1993_03_09.pdf,3,core barrel,0.3306889035120074
313,15_9_19_ST2_1993_03_09.pdf,4,formation evaluation,0.2434347945782626
313,15_9_19_ST2_1993_03_09.pdf,5,evaluation,0.24271154545019544
313,15_9_19_ST2_1993_03_09.pdf,6,formation,0.18850241354236447
313,15_9_19_ST2_1993_03_09.pdf,7,pooh core,0.17870361659459663
313,15_9_19_ST2_1993_03_09.pdf,8,conditioning,0.15992474039680957
313,15_9_19_ST2_1993_03_09.pdf,9,circulati conditioning,0.13021852338020642
313,15_9_19_ST2_1993_03_09.pdf,10,circulati,0.12691885372394224
313,15_9_19_ST2_1993_03_09.pdf,11,evaluation trip,0.12019914975126174
313,15_9_19_ST2_1993_03_09.pdf,12,inner,0.11057515761121663
314,15_9_19_ST2_1993_03_10.pdf,1,h2s,0.32523543735656746
314,15_9_19_ST2_1993_03_10.pdf,2,evalu,0.2626260917069366
314,15_9_19_ST2_1993_03_10.pdf,3,formation evalu,0.2626260917069366
314,15_9_19_ST2_1993_03_10.pdf,4,evalu ation,0.2626260917069366
314,15_9_19_ST2_1993_03_10.pdf,5,ation,0.22612674776828218
314,15_9_19_ST2_1993_03_10.pdf,6,bop ctivities,0.20716513311336793
314,15_9_19_ST2_1993_03_10.pdf,7,ctivities,0.20716513311336793
314,15_9_19_ST2_1993_03_10.pdf,8,ation trip,0.20055156910902905
314,15_9_19_ST2_1993_03_10.pdf,9,ppm,0.18565805923103548
314,15_9_19_ST2_1993_03_10.pdf,10,core,0.17291653912103336
314,15_9_19_ST2_1993_03_10.pdf,11,barrel,0.1326686467704342
314,15_9_19_ST2_1993_03_10.pdf,12,bop,0.13136557679135186
315,15_9_19_ST2_1993_03_11.pdf,1,mwd-tool,0.2568688276568187
315,15_9_19_ST2_1993_03_11.pdf,2,trip cont,0.22365385510273977
315,15_9_19_ST2_1993_03_11.pdf,3,triple,0.2000593948133767
315,15_9_19_ST2_1993_03_11.pdf,4,triple combo,0.2000593948133767
315,15_9_19_ST2_1993_03_11.pdf,5,cont rih,0.1931103079633368
315,15_9_19_ST2_1993_03_11.pdf,6,mwd-tool drilling,0.1916082498641478
315,15_9_19_ST2_1993_03_11.pdf,7,combo,0.18505303256968755
315,15_9_19_ST2_1993_03_11.pdf,8,rotary assembly,0.18505303256968755
315,15_9_19_ST2_1993_03_11.pdf,9,rih rotary,0.1796970300537747
315,15_9_19_ST2_1993_03_11.pdf,10,circulation drilling,0.16189077090375878
315,15_9_19_ST2_1993_03_11.pdf,11,rih filled,0.15698327607164406
315,15_9_19_ST2_1993_03_11.pdf,12,drilling trip,0.15607721929392865
316,15_9_19_ST2_1993_03_12.pdf,1,drilled/surveyed hole,0.32493208661109513
316,15_9_19_ST2_1993_03_12.pdf,2,drilled/surveyed,0.3181101656750089
316,15_9_19_ST2_1993_03_12.pdf,3,hole,0.25444756631891297
316,15_9_19_ST2_1993_03_12.pdf,4,drill drilled/surveyed,0.237879421961268
316,15_9_19_ST2_1993_03_12.pdf,5,clean pooh,0.17803922808563108
316,15_9_19_ST2_1993_03_12.pdf,6,clean,0.15303776375715383
316,15_9_19_ST2_1993_03_12.pdf,7,circulated hole,0.15064415357233515
316,15_9_19_ST2_1993_03_12.pdf,8,drilling drill,0.1503137215174196
316,15_9_19_ST2_1993_03_12.pdf,9,cleaning drilling,0.1407728787325066
316,15_9_19_ST2_1993_03_12.pdf,10,hole clean,0.13656822542952268
316,15_9_19_ST2_1993_03_12.pdf,11,drill,0.13616606073655957
316,15_9_19_ST2_1993_03_12.pdf,12,pooh worked,0.13595681882948804
317,15_9_19_ST2_1993_03_13.pdf,1,worked tight,0.2150859201207938
317,15_9_19_ST2_1993_03_13.pdf,2,drilling trip,0.19766357178935107
317,15_9_19_ST2_1993_03_13.pdf,3,drilling,0.19012666046945653
317,15_9_19_ST2_1993_03_13.pdf,4,trip,0.18235506361278975
317,15_9_19_ST2_1993_03_13.pdf,5,circulating conditioni,0.17349911002833998
317,15_9_19_ST2_1993_03_13.pdf,6,rih worked,0.16999350807665828
317,15_9_19_ST2_1993_03_13.pdf,7,tight,0.15974013833891573
317,15_9_19_ST2_1993_03_13.pdf,8,conditioni,0.1590488359538424
317,15_9_19_ST2_1993_03_13.pdf,9,trip pooh,0.148389899910217
317,15_9_19_ST2_1993_03_13.pdf,10,hole clean,0.1412483062371003
317,15_9_19_ST2_1993_03_13.pdf,11,tight spots,0.13958588114356787
317,15_9_19_ST2_1993_03_13.pdf,12,atlas wireline,0.13841854657955133
318,15_9_19_ST2_1993_03_14.pdf,1,formation evalu,0.28222085818104886
318,15_9_19_ST2_1993_03_14.pdf,2,evalu ation,0.28222085818104886
318,15_9_19_ST2_1993_03_14.pdf,3,evalu,0.28222085818104886
318,15_9_19_ST2_1993_03_14.pdf,4,ation,0.2429982657019016
318,15_9_19_ST2_1993_03_14.pdf,5,log,0.23617093017934626
318,15_9_19_ST2_1993_03_14.pdf,6,rih overshot,0.22883008173677308
318,15_9_19_ST2_1993_03_14.pdf,7,ation log,0.21916357149212617
318,15_9_19_ST2_1993_03_14.pdf,8,catcher,0.18517240029089263
318,15_9_19_ST2_1993_03_14.pdf,9,overshot,0.1603880691733898
318,15_9_19_ST2_1993_03_14.pdf,10,atlas wireline,0.15626846383120546
318,15_9_19_ST2_1993_03_14.pdf,11,logging tools,0.15626846383120546
318,15_9_19_ST2_1993_03_14.pdf,12,stuck,0.15377833482897493
319,15_9_19_ST2_1993_03_15.pdf,1,fish,0.4468674654852186
319,15_9_19_ST2_1993_03_15.pdf,2,interruption fish,0.39330549350672955
319,15_9_19_ST2_1993_03_15.pdf,3,cable,0.25887834314665864
319,15_9_19_ST2_1993_03_15.pdf,4,overshot,0.2363555317963586
319,15_9_19_ST2_1993_03_15.pdf,5,rih overshot,0.20232897349027715
319,15_9_19_ST2_1993_03_15.pdf,6,fish continued,0.20232897349027715
319,15_9_19_ST2_1993_03_15.pdf,7,interruption,0.14888517481065003
319,15_9_19_ST2_1993_03_15.pdf,8,atlas unit,0.13488598232685142
319,15_9_19_ST2_1993_03_15.pdf,9,pooh overshot,0.13488598232685142
319,15_9_19_ST2_1993_03_15.pdf,10,circulation,0.12950813321314472
319,15_9_19_ST2_1993_03_15.pdf,11,transmission,0.1291879695475629
319,15_9_19_ST2_1993_03_15.pdf,12,reterminated,0.12115707159182339
320,15_9_19_ST2_1993_03_16.pdf,1,interruption fish,0.32278216655789405
320,15_9_19_ST2_1993_03_16.pdf,2,fish,0.2667199851790356
320,15_9_19_ST2_1993_03_16.pdf,3,rigged atlas,0.21499121845427696
320,15_9_19_ST2_1993_03_16.pdf,4,pooh run,0.20037357103521583
320,15_9_19_ST2_1993_03_16.pdf,5,overshot,0.18621579869865665
320,15_9_19_ST2_1993_03_16.pdf,6,atlas wireline,0.1814328020389189
320,15_9_19_ST2_1993_03_16.pdf,7,logging tools,0.1814328020389189
320,15_9_19_ST2_1993_03_16.pdf,8,pooh overshot,0.17711947718017193
320,15_9_19_ST2_1993_03_16.pdf,9,atlas,0.15833553755249233
320,15_9_19_ST2_1993_03_16.pdf,10,pooh,0.15336595186839191
320,15_9_19_ST2_1993_03_16.pdf,11,tools interruption,0.14106447057838734
320,15_9_19_ST2_1993_03_16.pdf,12,run liner,0.13051905716573844
321,15_9_19_ST2_1993_03_17.pdf,1,drilling casing,0.30450424271952503
321,15_9_19_ST2_1993_03_17.pdf,2,casing,0.28491947224889824
321,15_9_19_ST2_1993_03_17.pdf,3,tight spot,0.2369329750059581
321,15_9_19_ST2_1993_03_17.pdf,4,spot,0.2085139511451206
321,15_9_19_ST2_1993_03_17.pdf,5,backreaming,0.19167178833751858
321,15_9_19_ST2_1993_03_17.pdf,6,tight,0.1866693663078286
321,15_9_19_ST2_1993_03_17.pdf,7,rigged run,0.18328399281223162
321,15_9_19_ST2_1993_03_17.pdf,8,scr,0.15563574111228323
321,15_9_19_ST2_1993_03_17.pdf,9,drilling,0.14811899541807647
321,15_9_19_ST2_1993_03_17.pdf,10,btm,0.14116137327963865
321,15_9_19_ST2_1993_03_17.pdf,11,work tight,0.109547460586864
321,15_9_19_ST2_1993_03_17.pdf,12,pooh rigged,0.109547460586864
322,15_9_19_ST2_1993_03_18.pdf,1,drilling casi,0.3539543791104213
322,15_9_19_ST2_1993_03_18.pdf,2,casi,0.3504393347064855
322,15_9_19_ST2_1993_03_18.pdf,3,liner,0.31638263927449045
322,15_9_19_ST2_1993_03_18.pdf,4,casing,0.17213477258357845
322,15_9_19_ST2_1993_03_18.pdf,5,circ,0.16535790350611065
322,15_9_19_ST2_1993_03_18.pdf,6,casing mud,0.15663497198092055
322,15_9_19_ST2_1993_03_18.pdf,7,joints rih,0.15663497198092055
322,15_9_19_ST2_1993_03_18.pdf,8,hanger,0.14049314839186638
322,15_9_19_ST2_1993_03_18.pdf,9,running liner,0.13998924594434903
322,15_9_19_ST2_1993_03_18.pdf,10,running,0.1396009987137606
322,15_9_19_ST2_1993_03_18.pdf,11,stands,0.12984834673940573
322,15_9_19_ST2_1993_03_18.pdf,12,filled casing,0.1265502370975006
323,15_9_19_ST2_1993_03_19.pdf,1,drilling casi,0.43349061882658424
323,15_9_19_ST2_1993_03_19.pdf,2,casi,0.4291857172240257
323,15_9_19_ST2_1993_03_19.pdf,3,liner,0.2906071675743441
323,15_9_19_ST2_1993_03_19.pdf,4,rig pumps,0.1578236299239815
323,15_9_19_ST2_1993_03_19.pdf,5,mud stands,0.13866442371062881
323,15_9_19_ST2_1993_03_19.pdf,6,rih liner,0.12958738649039295
323,15_9_19_ST2_1993_03_19.pdf,7,liner filled,0.1282632697210589
323,15_9_19_ST2_1993_03_19.pdf,8,drilling,0.1252511140217099
323,15_9_19_ST2_1993_03_19.pdf,9,casi circulated,0.12455093717624367
323,15_9_19_ST2_1993_03_19.pdf,10,casi continued,0.12455093717624367
323,15_9_19_ST2_1993_03_19.pdf,11,ftlbs,0.12455093717624367
323,15_9_19_ST2_1993_03_19.pdf,12,stands,0.12232789026727603
324,15_9_19_ST2_1993_03_20.pdf,1,laid joints,0.2753355529328101
324,15_9_19_ST2_1993_03_20.pdf,2,pbr,0.25989897959607144
324,15_9_19_ST2_1993_03_20.pdf,3,drilling casing,0.24301044557808274
324,15_9_19_ST2_1993_03_20.pdf,4,laid,0.2243159314094011
324,15_9_19_ST2_1993_03_20.pdf,5,scraper rih,0.2098191628838357
324,15_9_19_ST2_1993_03_20.pdf,6,cement drilling,0.17107665565988706
324,15_9_19_ST2_1993_03_20.pdf,7,casing,0.1705355743651778
324,15_9_19_ST2_1993_03_20.pdf,8,joints,0.17031894668881112
324,15_9_19_ST2_1993_03_20.pdf,9,running tool,0.16976687078256592
324,15_9_19_ST2_1993_03_20.pdf,10,hanger running,0.16905735615988088
324,15_9_19_ST2_1993_03_20.pdf,11,liner,0.1645577445304708
324,15_9_19_ST2_1993_03_20.pdf,12,scraper,0.15621161739333136
325,15_9_19_ST2_1993_03_21.pdf,1,scraper,0.3318171624948444
325,15_9_19_ST2_1993_03_21.pdf,2,joints drillpipe,0.2890977160878822
325,15_9_19_ST2_1993_03_21.pdf,3,picked joints,0.27688530934023187
325,15_9_19_ST2_1993_03_21.pdf,4,drilling casing,0.24777169694454088
325,15_9_19_ST2_1993_03_21.pdf,5,casing,0.2318357882345721
325,15_9_19_ST2_1993_03_21.pdf,6,joints,0.19295107684457305
325,15_9_19_ST2_1993_03_21.pdf,7,bit scraper,0.18459020622682126
325,15_9_19_ST2_1993_03_21.pdf,8,drillpipe,0.18021291637310402
325,15_9_19_ST2_1993_03_21.pdf,9,casing scraper,0.168752686781764
325,15_9_19_ST2_1993_03_21.pdf,10,washed tagged,0.1512334428437825
325,15_9_19_ST2_1993_03_21.pdf,11,drilling,0.14060989846799807
325,15_9_19_ST2_1993_03_21.pdf,12,picked,0.1367316326901376
326,15_9_19_ST2_1993_03_22.pdf,1,drilled excess,0.30910082609122697
326,15_9_19_ST2_1993_03_22.pdf,2,drill fail,0.2706706657432155
326,15_9_19_ST2_1993_03_22.pdf,3,excess,0.2530145190699219
326,15_9_19_ST2_1993_03_22.pdf,4,excess cement,0.24053101895754994
326,15_9_19_ST2_1993_03_22.pdf,5,cement liner,0.2030029993074116
326,15_9_19_ST2_1993_03_22.pdf,6,liner,0.19510756027990475
326,15_9_19_ST2_1993_03_22.pdf,7,drilling,0.1850001390633337
326,15_9_19_ST2_1993_03_22.pdf,8,liner drilling,0.17644500883321784
326,15_9_19_ST2_1993_03_22.pdf,9,remainder mud,0.15455041304561348
326,15_9_19_ST2_1993_03_22.pdf,10,oning circulated,0.15455041304561348
326,15_9_19_ST2_1993_03_22.pdf,11,remainder,0.1492630021894479
326,15_9_19_ST2_1993_03_22.pdf,12,circulating conditi,0.14494287295861064
327,15_9_19_ST2_1993_03_23.pdf,1,basket,0.2846773031663221
327,15_9_19_ST2_1993_03_23.pdf,2,fail,0.25278697962326585
327,15_9_19_ST2_1993_03_23.pdf,3,drill fail,0.2135079773747416
327,15_9_19_ST2_1993_03_23.pdf,4,rigged,0.2077579621371258
327,15_9_19_ST2_1993_03_23.pdf,5,rigged run,0.19699141982518567
327,15_9_19_ST2_1993_03_23.pdf,6,torque increase,0.16254807172494354
327,15_9_19_ST2_1993_03_23.pdf,7,pbr dress,0.16254807172494354
327,15_9_19_ST2_1993_03_23.pdf,8,conditioning fail,0.16254807172494354
327,15_9_19_ST2_1993_03_23.pdf,9,run,0.1563793178934414
327,15_9_19_ST2_1993_03_23.pdf,10,pbr,0.14584263830910413
327,15_9_19_ST2_1993_03_23.pdf,11,float,0.14516907193912162
327,15_9_19_ST2_1993_03_23.pdf,12,falling,0.14233865158316106
328,15_9_19_ST2_1993_03_24.pdf,1,vsp,0.28772123455069354
328,15_9_19_ST2_1993_03_24.pdf,2,cbl/vdl/gr/ccl,0.28257074239761804
328,15_9_19_ST2_1993_03_24.pdf,3,evaluation log,0.2572907402323874
328,15_9_19_ST2_1993_03_24.pdf,4,log,0.1944237242673954
328,15_9_19_ST2_1993_03_24.pdf,5,atlas unit,0.18838049493174536
328,15_9_19_ST2_1993_03_24.pdf,6,rih vsp,0.18838049493174536
328,15_9_19_ST2_1993_03_24.pdf,7,formation evaluation,0.18167034621035355
328,15_9_19_ST2_1993_03_24.pdf,8,evaluation,0.1811306003629289
328,15_9_19_ST2_1993_03_24.pdf,9,logged,0.18063430683047654
328,15_9_19_ST2_1993_03_24.pdf,10,pbr dress,0.18042270384794862
328,15_9_19_ST2_1993_03_24.pdf,11,repaired hydraulic,0.1478190377911
328,15_9_19_ST2_1993_03_24.pdf,12,formation,0.1406754477684946
329,15_9_19_ST2_1993_03_25.pdf,1,evaluati log,0.328330756991573
329,15_9_19_ST2_1993_03_25.pdf,2,formation evaluati,0.2976943491532075
329,15_9_19_ST2_1993_03_25.pdf,3,evaluati,0.2976943491532075
329,15_9_19_ST2_1993_03_25.pdf,4,log,0.29307422386834064
329,15_9_19_ST2_1993_03_25.pdf,5,vsp,0.2710692773738257
329,15_9_19_ST2_1993_03_25.pdf,6,detergent,0.13598454637599094
329,15_9_19_ST2_1993_03_25.pdf,7,formation,0.1325338118696505
329,15_9_19_ST2_1993_03_25.pdf,8,log rigged,0.1313323027966292
329,15_9_19_ST2_1993_03_25.pdf,9,swept hole,0.127531143018637
329,15_9_19_ST2_1993_03_25.pdf,10,ester,0.12431730821921319
329,15_9_19_ST2_1993_03_25.pdf,11,gyro,0.12376319177129315
329,15_9_19_ST2_1993_03_25.pdf,12,drilling circulati,0.119077739661283
330,15_9_19_ST2_1993_03_26.pdf,1,pbr packer,0.3404602364539172
330,15_9_19_ST2_1993_03_26.pdf,2,detergent pill,0.24099661992261232
330,15_9_19_ST2_1993_03_26.pdf,3,detergent,0.2308161564200603
330,15_9_19_ST2_1993_03_26.pdf,4,scraper rih,0.22291957544571087
330,15_9_19_ST2_1993_03_26.pdf,5,scraper,0.22128660350747498
330,15_9_19_ST2_1993_03_26.pdf,6,pbr,0.18408413986605449
330,15_9_19_ST2_1993_03_26.pdf,7,packer,0.15312652890693118
330,15_9_19_ST2_1993_03_26.pdf,8,csg,0.14497113739994053
330,15_9_19_ST2_1993_03_26.pdf,9,ester,0.14067502043115965
330,15_9_19_ST2_1993_03_26.pdf,10,ntu,0.13752475699978844
330,15_9_19_ST2_1993_03_26.pdf,11,csg scraper,0.13752475699978844
330,15_9_19_ST2_1993_03_26.pdf,12,drilling drill,0.1369220318660814
331,15_9_19_ST2_1993_03_27.pdf,1,press,0.3157678329865843
331,15_9_19_ST2_1993_03_27.pdf,2,detergent,0.2648885169856877
331,15_9_19_ST2_1993_03_27.pdf,3,ntu,0.2367385985593317
331,15_9_19_ST2_1993_03_27.pdf,4,final,0.227160164791069
331,15_9_19_ST2_1993_03_27.pdf,5,torque readings,0.22380563597220307
331,15_9_19_ST2_1993_03_27.pdf,6,detergent pill,0.20742884155069954
331,15_9_19_ST2_1993_03_27.pdf,7,sea water,0.1734596224275334
331,15_9_19_ST2_1993_03_27.pdf,8,pill followed,0.17075726171182518
331,15_9_19_ST2_1993_03_27.pdf,9,readings,0.16151004318230747
331,15_9_19_ST2_1993_03_27.pdf,10,sea,0.148073474081625
331,15_9_19_ST2_1993_03_27.pdf,11,followed,0.13439180315105195
331,15_9_19_ST2_1993_03_27.pdf,12,rev,0.13244425849284386
332,15_9_19_ST2_1993_03_28.pdf,1,brine,0.430427472420935
332,15_9_19_ST2_1993_03_28.pdf,2,press,0.2432816792888827
332,15_9_19_ST2_1993_03_28.pdf,3,press tested,0.21746062628979101
332,15_9_19_ST2_1993_03_28.pdf,4,nacl,0.20695501347266596
332,15_9_19_ST2_1993_03_28.pdf,5,circulating conditi,0.2009651004328839
332,15_9_19_ST2_1993_03_28.pdf,6,ntu,0.191513718888145
332,15_9_19_ST2_1993_03_28.pdf,7,conditi,0.18418265781525828
332,15_9_19_ST2_1993_03_28.pdf,8,conditi oning,0.18418265781525828
332,15_9_19_ST2_1993_03_28.pdf,9,oning,0.18418265781525828
332,15_9_19_ST2_1993_03_28.pdf,10,evaluation circulating,0.16874136323073732
332,15_9_19_ST2_1993_03_28.pdf,11,formation evaluation,0.14384525716732408
332,15_9_19_ST2_1993_03_28.pdf,12,evaluation,0.1434178903358771
333,15_9_19_ST2_1993_03_29.pdf,1,pits,0.23310604712870844
333,15_9_19_ST2_1993_03_29.pdf,2,completion fluid,0.2275642592242874
333,15_9_19_ST2_1993_03_29.pdf,3,press,0.22269848995282185
333,15_9_19_ST2_1993_03_29.pdf,4,fluid,0.19740850924058567
333,15_9_19_ST2_1993_03_29.pdf,5,underneath,0.17856588521208933
333,15_9_19_ST2_1993_03_29.pdf,6,press tested,0.16588505294386824
333,15_9_19_ST2_1993_03_29.pdf,7,rigfloor,0.1529276770977812
333,15_9_19_ST2_1993_03_29.pdf,8,interruption wait,0.1418552155030769
333,15_9_19_ST2_1993_03_29.pdf,9,prepare,0.1393788611817192
333,15_9_19_ST2_1993_03_29.pdf,10,cleaning,0.13707343046375006
333,15_9_19_ST2_1993_03_29.pdf,11,connections,0.13355275703729963
333,15_9_19_ST2_1993_03_29.pdf,12,m/u,0.1253874389968567
334,15_9_19_ST2_1993_03_30.pdf,1,sstt,0.280263910914837
334,15_9_19_ST2_1993_03_30.pdf,2,m/u sstt,0.27157415379445
334,15_9_19_ST2_1993_03_30.pdf,3,m/u,0.2156949087849862
334,15_9_19_ST2_1993_03_30.pdf,4,tcp,0.20970524422617812
334,15_9_19_ST2_1993_03_30.pdf,5,evaluation rig,0.19154602271656673
334,15_9_19_ST2_1993_03_30.pdf,6,rig up/down,0.1864681977848038
334,15_9_19_ST2_1993_03_30.pdf,7,tcp guns,0.1727853352375458
334,15_9_19_ST2_1993_03_30.pdf,8,rih test,0.1588565027491386
334,15_9_19_ST2_1993_03_30.pdf,9,x-overs/pup,0.14679835315482473
334,15_9_19_ST2_1993_03_30.pdf,10,formation evaluation,0.14156936815783142
334,15_9_19_ST2_1993_03_30.pdf,11,string,0.14151065046002625
334,15_9_19_ST2_1993_03_30.pdf,12,up/down,0.14114876303333165
335,15_9_19_ST2_1993_03_31.pdf,1,test tubing,0.3437918403872135
335,15_9_19_ST2_1993_03_31.pdf,2,tubing,0.2972860588915158
335,15_9_19_ST2_1993_03_31.pdf,3,cont rih,0.29333774830933423
335,15_9_19_ST2_1993_03_31.pdf,4,test,0.24148324468013221
335,15_9_19_ST2_1993_03_31.pdf,5,up/down cont,0.22807199061932593
335,15_9_19_ST2_1993_03_31.pdf,6,cont,0.22598464036490812
335,15_9_19_ST2_1993_03_31.pdf,7,evaluation rig,0.2124254911791071
335,15_9_19_ST2_1993_03_31.pdf,8,rig up/down,0.20679415809292048
335,15_9_19_ST2_1993_03_31.pdf,9,formation evaluation,0.15700113288879158
335,15_9_19_ST2_1993_03_31.pdf,10,up/down,0.15653467971530796
335,15_9_19_ST2_1993_03_31.pdf,11,evaluation,0.15653467971530796
335,15_9_19_ST2_1993_03_31.pdf,12,flowhead,0.14560024330534185
336,15_9_19_ST2_1993_04_01.pdf,1,press,0.31501003226825064
336,15_9_19_ST2_1993_04_01.pdf,2,sstt,0.25527457902622236
336,15_9_19_ST2_1993_04_01.pdf,3,formation evaluation,0.1970016543003214
336,15_9_19_ST2_1993_04_01.pdf,4,evaluation,0.19641635886238976
336,15_9_19_ST2_1993_04_01.pdf,5,press tested,0.18952229877585583
336,15_9_19_ST2_1993_04_01.pdf,6,test,0.18010964812889277
336,15_9_19_ST2_1993_04_01.pdf,7,evaluation rig,0.1696207866059811
336,15_9_19_ST2_1993_04_01.pdf,8,tubing,0.1695582594169596
336,15_9_19_ST2_1993_04_01.pdf,9,rig up/down,0.1651241928007024
336,15_9_19_ST2_1993_04_01.pdf,10,gr/ccl logs,0.157411251963998
336,15_9_19_ST2_1993_04_01.pdf,11,formation,0.15254716307824423
336,15_9_19_ST2_1993_04_01.pdf,12,test tubing,0.14005929477766785
337,15_9_19_ST2_1993_04_02.pdf,1,sstt,0.5227807891687224
337,15_9_19_ST2_1993_04_02.pdf,2,press,0.3870683729499232
337,15_9_19_ST2_1993_04_02.pdf,3,press tested,0.23287540176634997
337,15_9_19_ST2_1993_04_02.pdf,4,evaluation rig,0.17864694136150303
337,15_9_19_ST2_1993_04_02.pdf,5,rig up/down,0.17391106702716125
337,15_9_19_ST2_1993_04_02.pdf,6,new sstt,0.13691266681543574
337,15_9_19_ST2_1993_04_02.pdf,7,sstt m/u,0.13691266681543574
337,15_9_19_ST2_1993_04_02.pdf,8,formation evaluation,0.1320358118283692
337,15_9_19_ST2_1993_04_02.pdf,9,up/down,0.1316435310702141
337,15_9_19_ST2_1993_04_02.pdf,10,evaluation,0.1316435310702141
337,15_9_19_ST2_1993_04_02.pdf,11,tested tubing,0.11719385051976275
337,15_9_19_ST2_1993_04_02.pdf,12,tubing,0.11574700074746785
338,15_9_19_ST2_1993_04_03.pdf,1,sstt,0.532853325344514
338,15_9_19_ST2_1993_04_03.pdf,2,press,0.2655464182978779
338,15_9_19_ST2_1993_04_03.pdf,3,press tested,0.2543167125134525
338,15_9_19_ST2_1993_04_03.pdf,4,new sstt,0.17443824282065648
338,15_9_19_ST2_1993_04_03.pdf,5,neg,0.15282511222170475
338,15_9_19_ST2_1993_04_03.pdf,6,evaluation rig,0.15174081045593021
338,15_9_19_ST2_1993_04_03.pdf,7,rig up/down,0.14771820920547682
338,15_9_19_ST2_1993_04_03.pdf,8,leak,0.14548257844003065
338,15_9_19_ST2_1993_04_03.pdf,9,formation evaluation,0.14018726645521565
338,15_9_19_ST2_1993_04_03.pdf,10,evaluation,0.13977076757959064
338,15_9_19_ST2_1993_04_03.pdf,11,manifold,0.1275384976225962
338,15_9_19_ST2_1993_04_03.pdf,12,tested,0.12171218348169892
339,15_9_19_ST2_1993_04_04.pdf,1,press,0.26458506986926
339,15_9_19_ST2_1993_04_04.pdf,2,evaluation rig,0.23151193613560248
339,15_9_19_ST2_1993_04_04.pdf,3,rig up/down,0.22537462738526845
339,15_9_19_ST2_1993_04_04.pdf,4,press tested,0.22172151627209996
339,15_9_19_ST2_1993_04_04.pdf,5,formation evaluation,0.21999560843617333
339,15_9_19_ST2_1993_04_04.pdf,6,evaluation,0.21934199754930025
339,15_9_19_ST2_1993_04_04.pdf,7,bha lpr-n,0.21484739247417986
339,15_9_19_ST2_1993_04_04.pdf,8,tested bha,0.20277451849592643
339,15_9_19_ST2_1993_04_04.pdf,9,lpr-n,0.18890766089957622
339,15_9_19_ST2_1993_04_04.pdf,10,valve,0.1838310500260353
339,15_9_19_ST2_1993_04_04.pdf,11,up/down,0.17059933142723352
339,15_9_19_ST2_1993_04_04.pdf,12,formation,0.17035240681507183
340,15_9_19_ST2_1993_04_05.pdf,1,tubing,0.35815929219766673
340,15_9_19_ST2_1993_04_05.pdf,2,uation,0.2862918326019025
340,15_9_19_ST2_1993_04_05.pdf,3,eval uation,0.2862918326019025
340,15_9_19_ST2_1993_04_05.pdf,4,formation eval,0.2862918326019025
340,15_9_19_ST2_1993_04_05.pdf,5,eval,0.28050721960327774
340,15_9_19_ST2_1993_04_05.pdf,6,press,0.24245280601459815
340,15_9_19_ST2_1993_04_05.pdf,7,uation rig,0.20624990702918813
340,15_9_19_ST2_1993_04_05.pdf,8,press tested,0.1896297608446894
340,15_9_19_ST2_1993_04_05.pdf,9,rih tubing,0.1535542851350104
340,15_9_19_ST2_1993_04_05.pdf,10,ez-tree,0.14237066053168207
340,15_9_19_ST2_1993_04_05.pdf,11,tested tubing,0.12724081448973446
340,15_9_19_ST2_1993_04_05.pdf,12,formation,0.12488208518814267
341,15_9_19_ST2_1993_04_06.pdf,1,evalu ation,0.31494137740299827
341,15_9_19_ST2_1993_04_06.pdf,2,evalu,0.31494137740299827
341,15_9_19_ST2_1993_04_06.pdf,3,formation evalu,0.31494137740299827
341,15_9_19_ST2_1993_04_06.pdf,4,ation,0.27117134077170646
341,15_9_19_ST2_1993_04_06.pdf,5,ation rig,0.2383364722155822
341,15_9_19_ST2_1993_04_06.pdf,6,press,0.22213368756763616
341,15_9_19_ST2_1993_04_06.pdf,7,rig up/d,0.19988802894534988
341,15_9_19_ST2_1993_04_06.pdf,8,up/d,0.19988802894534988
341,15_9_19_ST2_1993_04_06.pdf,9,flowhead,0.17763015119360556
341,15_9_19_ST2_1993_04_06.pdf,10,coflexip hoses,0.14430094208464037
341,15_9_19_ST2_1993_04_06.pdf,11,valve bar,0.1406854396100426
341,15_9_19_ST2_1993_04_06.pdf,12,formation,0.1271290623064256
342,15_9_19_ST2_1993_04_07.pdf,1,atlas wireline,0.2972198901327822
342,15_9_19_ST2_1993_04_07.pdf,2,atlas,0.25938237488815225
342,15_9_19_ST2_1993_04_07.pdf,3,locking,0.20798030663803704
342,15_9_19_ST2_1993_04_07.pdf,4,wireline,0.2033186464029251
342,15_9_19_ST2_1993_04_07.pdf,5,test tubing,0.19694898639935576
342,15_9_19_ST2_1993_04_07.pdf,6,pooh test,0.17414462984747736
342,15_9_19_ST2_1993_04_07.pdf,7,rih electro-magnet,0.17409232825464732
342,15_9_19_ST2_1993_04_07.pdf,8,electro-magnet,0.17409232825464732
342,15_9_19_ST2_1993_04_07.pdf,9,evaluation rig,0.17036989352738877
342,15_9_19_ST2_1993_04_07.pdf,10,segments,0.1667381147621931
342,15_9_19_ST2_1993_04_07.pdf,11,wireline pooh,0.1667381147621931
342,15_9_19_ST2_1993_04_07.pdf,12,rig up/down,0.16585344113278444
343,15_9_19_ST2_1993_04_08.pdf,1,pbr,0.269206228328168
343,15_9_19_ST2_1993_04_08.pdf,2,cup iron,0.23495701888064385
343,15_9_19_ST2_1993_04_08.pdf,3,iron junk,0.23495701888064385
343,15_9_19_ST2_1993_04_08.pdf,4,fis,0.1991567904071816
343,15_9_19_ST2_1993_04_08.pdf,5,interruption fis,0.1991567904071816
343,15_9_19_ST2_1993_04_08.pdf,6,junk,0.19705374907305828
343,15_9_19_ST2_1993_04_08.pdf,7,electro-magnet,0.1879656151045151
343,15_9_19_ST2_1993_04_08.pdf,8,tion rig,0.1879656151045151
343,15_9_19_ST2_1993_04_08.pdf,9,cup,0.187128417522139
343,15_9_19_ST2_1993_04_08.pdf,10,liner,0.18181410768584289
343,15_9_19_ST2_1993_04_08.pdf,11,evalua,0.17386640165719142
343,15_9_19_ST2_1993_04_08.pdf,12,evalua tion,0.17386640165719142
344,15_9_19_ST2_1993_04_09.pdf,1,evaluation rig,0.3505448578222637
344,15_9_19_ST2_1993_04_09.pdf,2,rig up/down,0.3412520236850335
344,15_9_19_ST2_1993_04_09.pdf,3,formation evaluation,0.2590835002943789
344,15_9_19_ST2_1993_04_09.pdf,4,up/down,0.2583137585817814
344,15_9_19_ST2_1993_04_09.pdf,5,evaluation,0.2583137585817814
344,15_9_19_ST2_1993_04_09.pdf,6,up/down cont,0.23522795887489162
344,15_9_19_ST2_1993_04_09.pdf,7,formation,0.20061990398333662
344,15_9_19_ST2_1993_04_09.pdf,8,test tool,0.18662118456448545
344,15_9_19_ST2_1993_04_09.pdf,9,press,0.17527242891113184
344,15_9_19_ST2_1993_04_09.pdf,10,test,0.15326769437166743
344,15_9_19_ST2_1993_04_09.pdf,11,bop,0.13811158148136954
344,15_9_19_ST2_1993_04_09.pdf,12,rig,0.1378778240864797
345,15_9_19_ST2_1993_04_10.pdf,1,bop ctivities,0.28133563670341627
345,15_9_19_ST2_1993_04_10.pdf,2,ctivities,0.28133563670341627
345,15_9_19_ST2_1993_04_10.pdf,3,bop,0.26016355831760285
345,15_9_19_ST2_1993_04_10.pdf,4,test tool,0.22320131515369576
345,15_9_19_ST2_1993_04_10.pdf,5,shear ram,0.19909982316154898
345,15_9_19_ST2_1993_04_10.pdf,6,shear,0.1784223214526785
345,15_9_19_ST2_1993_04_10.pdf,7,ram,0.1747630117449328
345,15_9_19_ST2_1993_04_10.pdf,8,drilling bop,0.1675906671474293
345,15_9_19_ST2_1993_04_10.pdf,9,tool,0.15978552975022284
345,15_9_19_ST2_1993_04_10.pdf,10,jet tool,0.15386955961536017
345,15_9_19_ST2_1993_04_10.pdf,11,testing shear,0.15386955961536017
345,15_9_19_ST2_1993_04_10.pdf,12,epair fail,0.1443043444014885
346,15_9_19_ST2_1993_04_11.pdf,1,pull bop,0.2871822715559782
346,15_9_19_ST2_1993_04_11.pdf,2,pulled bop,0.2727172878946806
346,15_9_19_ST2_1993_04_11.pdf,3,repair,0.2523204152120676
346,15_9_19_ST2_1993_04_11.pdf,4,bop,0.24644944016951198
346,15_9_19_ST2_1993_04_11.pdf,5,interruption repair,0.23728053418069767
346,15_9_19_ST2_1993_04_11.pdf,6,bop splash,0.21863784692728677
346,15_9_19_ST2_1993_04_11.pdf,7,bop interruption,0.18472821297043418
346,15_9_19_ST2_1993_04_11.pdf,8,splash zone,0.1630527773158893
346,15_9_19_ST2_1993_04_11.pdf,9,splash,0.1600033339398036
346,15_9_19_ST2_1993_04_11.pdf,10,interruption,0.13998523139919192
346,15_9_19_ST2_1993_04_11.pdf,11,zone,0.13676851188728786
346,15_9_19_ST2_1993_04_11.pdf,12,pull,0.1333083555795863
347,15_9_19_ST2_1993_04_12.pdf,1,interruption repair,0.26860774904576173
347,15_9_19_ST2_1993_04_12.pdf,2,cont interruption,0.24750374118184915
347,15_9_19_ST2_1993_04_12.pdf,3,bop,0.23913187679877598
347,15_9_19_ST2_1993_04_12.pdf,4,waiting eather,0.23211780937986823
347,15_9_19_ST2_1993_04_12.pdf,5,eather,0.23211780937986823
347,15_9_19_ST2_1993_04_12.pdf,6,repair,0.22850662909176422
347,15_9_19_ST2_1993_04_12.pdf,7,shear ram,0.21350530594143907
347,15_9_19_ST2_1993_04_12.pdf,8,bop carrier,0.19996592544413822
347,15_9_19_ST2_1993_04_12.pdf,9,shear,0.19133172357278522
347,15_9_19_ST2_1993_04_12.pdf,10,interruption,0.19016031653309962
347,15_9_19_ST2_1993_04_12.pdf,11,ram,0.18740765158577602
347,15_9_19_ST2_1993_04_12.pdf,12,carrier,0.1795129610929684
348,15_9_19_ST2_1993_04_13.pdf,1,interruption epair,0.3311907515225665
348,15_9_19_ST2_1993_04_13.pdf,2,epair,0.3311907515225665
348,15_9_19_ST2_1993_04_13.pdf,3,seal seat,0.28909495279247804
348,15_9_19_ST2_1993_04_13.pdf,4,upper seal,0.27284990139753423
348,15_9_19_ST2_1993_04_13.pdf,5,ram,0.2597071564749101
348,15_9_19_ST2_1993_04_13.pdf,6,seal,0.21654566299125
348,15_9_19_ST2_1993_04_13.pdf,7,o-rings,0.1892876678088072
348,15_9_19_ST2_1993_04_13.pdf,8,shear ram,0.16907026071368603
348,15_9_19_ST2_1993_04_13.pdf,9,seat,0.16347066683608913
348,15_9_19_ST2_1993_04_13.pdf,10,lap,0.15433624232081586
348,15_9_19_ST2_1993_04_13.pdf,11,shear,0.15151147764038406
348,15_9_19_ST2_1993_04_13.pdf,12,doors,0.13642495069876712
349,15_9_19_ST2_1993_04_14.pdf,1,interruptio repair,0.4020780068413724
349,15_9_19_ST2_1993_04_14.pdf,2,interruptio,0.31899385720543955
349,15_9_19_ST2_1993_04_14.pdf,3,seal assembly,0.20419091126545044
349,15_9_19_ST2_1993_04_14.pdf,4,repair,0.20302771055412608
349,15_9_19_ST2_1993_04_14.pdf,5,uap,0.18580019636253228
349,15_9_19_ST2_1993_04_14.pdf,6,lap,0.1731673000965974
349,15_9_19_ST2_1993_04_14.pdf,7,bar mins,0.169196211534595
349,15_9_19_ST2_1993_04_14.pdf,8,seal,0.15619312982553316
349,15_9_19_ST2_1993_04_14.pdf,9,bop,0.14164548211704864
349,15_9_19_ST2_1993_04_14.pdf,10,pressure,0.1413828979803191
349,15_9_19_ST2_1993_04_14.pdf,11,mins,0.13342861151181554
349,15_9_19_ST2_1993_04_14.pdf,12,assembly,0.13101598342551965
350,15_9_19_ST2_1993_04_15.pdf,1,mins,0.267943990859844
350,15_9_19_ST2_1993_04_15.pdf,2,drilling casing,0.23051644413962466
350,15_9_19_ST2_1993_04_15.pdf,3,seal assembly,0.227802747193011
350,15_9_19_ST2_1993_04_15.pdf,4,dst-string,0.22080217185199444
350,15_9_19_ST2_1993_04_15.pdf,5,pressure,0.21030914886742705
350,15_9_19_ST2_1993_04_15.pdf,6,seal,0.17425469060508328
350,15_9_19_ST2_1993_04_15.pdf,7,lap,0.1738725186021956
350,15_9_19_ST2_1993_04_15.pdf,8,build-up,0.16805494248369943
350,15_9_19_ST2_1993_04_15.pdf,9,casing,0.1617677549146259
350,15_9_19_ST2_1993_04_15.pdf,10,assembly,0.14616615776657904
350,15_9_19_ST2_1993_04_15.pdf,11,bop lpm,0.14216545661318553
350,15_9_19_ST2_1993_04_15.pdf,12,metal-to-metal seal,0.13805075212700327
351,15_9_19_ST2_1993_04_16.pdf,1,uation,0.31636005334594003
351,15_9_19_ST2_1993_04_16.pdf,2,formation eval,0.31636005334594003
351,15_9_19_ST2_1993_04_16.pdf,3,eval uation,0.31636005334594003
351,15_9_19_ST2_1993_04_16.pdf,4,eval,0.3099679028601969
351,15_9_19_ST2_1993_04_16.pdf,5,dst-string,0.235985022789646
351,15_9_19_ST2_1993_04_16.pdf,6,uation rig,0.22791160682910636
351,15_9_19_ST2_1993_04_16.pdf,7,cont rih,0.1585566399427095
351,15_9_19_ST2_1993_04_16.pdf,8,dst,0.1414012914587734
351,15_9_19_ST2_1993_04_16.pdf,9,formation,0.13799800983847732
351,15_9_19_ST2_1993_04_16.pdf,10,joints,0.12333689093586703
351,15_9_19_ST2_1993_04_16.pdf,11,lpr-n,0.12242330700115252
351,15_9_19_ST2_1993_04_16.pdf,12,cont,0.12215054305638187
352,15_9_19_ST2_1993_04_17.pdf,1,uation,0.2947447946766798
352,15_9_19_ST2_1993_04_17.pdf,2,eval uation,0.2947447946766798
352,15_9_19_ST2_1993_04_17.pdf,3,formation eval,0.2947447946766798
352,15_9_19_ST2_1993_04_17.pdf,4,eval,0.2887893870247454
352,15_9_19_ST2_1993_04_17.pdf,5,valve bar/10,0.23085444628968155
352,15_9_19_ST2_1993_04_17.pdf,6,dst string,0.20080667228904486
352,15_9_19_ST2_1993_04_17.pdf,7,bar/10 mins,0.198423465343123
352,15_9_19_ST2_1993_04_17.pdf,8,dst,0.1897056964532165
352,15_9_19_ST2_1993_04_17.pdf,9,mins,0.18009157575307302
352,15_9_19_ST2_1993_04_17.pdf,10,valve,0.16649038866316906
352,15_9_19_ST2_1993_04_17.pdf,11,tem test,0.16489603306405826
352,15_9_19_ST2_1993_04_17.pdf,12,drill tem,0.16489603306405826
353,15_9_19_ST2_1993_04_18.pdf,1,formation evaluation,0.2514584313634069
353,15_9_19_ST2_1993_04_18.pdf,2,evaluation,0.2507113438669634
353,15_9_19_ST2_1993_04_18.pdf,3,diesel,0.21868267140316372
353,15_9_19_ST2_1993_04_18.pdf,4,formation,0.19471547319148852
353,15_9_19_ST2_1993_04_18.pdf,5,shut-in,0.17661908045182076
353,15_9_19_ST2_1993_04_18.pdf,6,evaluation rig,0.17011399793954263
353,15_9_19_ST2_1993_04_18.pdf,7,rig up/down,0.16560432925664093
353,15_9_19_ST2_1993_04_18.pdf,8,cycled omni,0.16079187091721467
353,15_9_19_ST2_1993_04_18.pdf,9,clean-up,0.16079187091721467
353,15_9_19_ST2_1993_04_18.pdf,10,pos,0.15613806085416354
353,15_9_19_ST2_1993_04_18.pdf,11,omni,0.15613806085416354
353,15_9_19_ST2_1993_04_18.pdf,12,flowed,0.14879489339071028
354,15_9_19_ST2_1993_04_19.pdf,1,evaluatio drill,0.264647440506622
354,15_9_19_ST2_1993_04_19.pdf,2,evaluatio,0.22653165192509547
354,15_9_19_ST2_1993_04_19.pdf,3,formation evaluatio,0.22653165192509547
354,15_9_19_ST2_1993_04_19.pdf,4,lub valve,0.22653165192509547
354,15_9_19_ST2_1993_04_19.pdf,5,lub,0.22195451143730516
354,15_9_19_ST2_1993_04_19.pdf,6,stem test,0.19501827222035745
354,15_9_19_ST2_1993_04_19.pdf,7,drill stem,0.1929171778975683
354,15_9_19_ST2_1993_04_19.pdf,8,shut-in,0.1792615823679884
354,15_9_19_ST2_1993_04_19.pdf,9,stem,0.1778483073946239
354,15_9_19_ST2_1993_04_19.pdf,10,valve,0.1777212743527399
354,15_9_19_ST2_1993_04_19.pdf,11,blind box,0.17643162700441462
354,15_9_19_ST2_1993_04_19.pdf,12,build-up formation,0.16897859409469546
355,15_9_19_ST2_1993_04_20.pdf,1,bhs,0.33605022592309297
355,15_9_19_ST2_1993_04_20.pdf,2,valve,0.25094186010436476
355,15_9_19_ST2_1993_04_20.pdf,3,lubricator valve,0.2378078202175037
355,15_9_19_ST2_1993_04_20.pdf,4,lubricator,0.23156750703012963
355,15_9_19_ST2_1993_04_20.pdf,5,bhs flowing,0.2076007352101077
355,15_9_19_ST2_1993_04_20.pdf,6,flowing,0.18916557387408495
355,15_9_19_ST2_1993_04_20.pdf,7,valve opened,0.18647080077911982
355,15_9_19_ST2_1993_04_20.pdf,8,workover wire,0.1700598562632412
355,15_9_19_ST2_1993_04_20.pdf,9,wire line,0.16937223311853483
355,15_9_19_ST2_1993_04_20.pdf,10,flowing choke,0.15570055140758077
355,15_9_19_ST2_1993_04_20.pdf,11,rih bhs,0.15570055140758077
355,15_9_19_ST2_1993_04_20.pdf,12,workover,0.1524527449804072
356,15_9_19_ST2_1993_04_21.pdf,1,period,0.44976741751779664
356,15_9_19_ST2_1993_04_21.pdf,2,main flow,0.37959401304068546
356,15_9_19_ST2_1993_04_21.pdf,3,continued main,0.2889928311662045
356,15_9_19_ST2_1993_04_21.pdf,4,flow period,0.2710277532633308
356,15_9_19_ST2_1993_04_21.pdf,5,test continued,0.24417149186597073
356,15_9_19_ST2_1993_04_21.pdf,6,evaluation drill,0.22488370875889832
356,15_9_19_ST2_1993_04_21.pdf,7,stem test,0.2223511718354858
356,15_9_19_ST2_1993_04_21.pdf,8,drill stem,0.21995559741320211
356,15_9_19_ST2_1993_04_21.pdf,9,build-up,0.21995559741320211
356,15_9_19_ST2_1993_04_21.pdf,10,stem,0.20277474058158715
356,15_9_19_ST2_1993_04_21.pdf,11,flow,0.15208629116923356
356,15_9_19_ST2_1993_04_21.pdf,12,formation evaluation,0.1454956238060822
357,15_9_19_ST2_1993_04_22.pdf,1,lpr-n,0.32612412084550446
357,15_9_19_ST2_1993_04_22.pdf,2,build-up,0.31897742271910967
357,15_9_19_ST2_1993_04_22.pdf,3,evaluation drill,0.24459309063412835
357,15_9_19_ST2_1993_04_22.pdf,4,stem test,0.24183859571468258
357,15_9_19_ST2_1993_04_22.pdf,5,drill stem,0.23923306703933225
357,15_9_19_ST2_1993_04_22.pdf,6,shut-in,0.22229901255858206
357,15_9_19_ST2_1993_04_22.pdf,7,stem,0.22054643608958854
357,15_9_19_ST2_1993_04_22.pdf,8,shut-in build-up,0.18727850801792234
357,15_9_19_ST2_1993_04_22.pdf,9,lpr-n valve,0.16929971608216202
357,15_9_19_ST2_1993_04_22.pdf,10,period,0.16306206042275223
357,15_9_19_ST2_1993_04_22.pdf,11,formation evaluation,0.15824723141071895
357,15_9_19_ST2_1993_04_22.pdf,12,brine,0.15784081026853006
358,15_9_19_ST2_1993_04_23.pdf,1,evaluation drill,0.2738939369712839
358,15_9_19_ST2_1993_04_23.pdf,2,stem test,0.27080946939332223
358,15_9_19_ST2_1993_04_23.pdf,3,drill stem,0.2678918133592409
358,15_9_19_ST2_1993_04_23.pdf,4,choke manifold,0.25758180571899214
358,15_9_19_ST2_1993_04_23.pdf,5,stem,0.2469666314324518
358,15_9_19_ST2_1993_04_23.pdf,6,flow head,0.24133193652766782
358,15_9_19_ST2_1993_04_23.pdf,7,manifold,0.20151950925810605
358,15_9_19_ST2_1993_04_23.pdf,8,build-up,0.20091886001943066
358,15_9_19_ST2_1993_04_23.pdf,9,formation evaluation,0.17720434012881287
358,15_9_19_ST2_1993_04_23.pdf,10,evaluation,0.1766778628653226
358,15_9_19_ST2_1993_04_23.pdf,11,burner,0.17598736858580316
358,15_9_19_ST2_1993_04_23.pdf,12,build-up formation,0.17598736858580316
359,15_9_19_ST2_1993_04_24.pdf,1,tem test,0.3290859576678885
359,15_9_19_ST2_1993_04_24.pdf,2,drill tem,0.3290859576678885
359,15_9_19_ST2_1993_04_24.pdf,3,uation drill,0.31782741341106213
359,15_9_19_ST2_1993_04_24.pdf,4,eval uation,0.3151218481474048
359,15_9_19_ST2_1993_04_24.pdf,5,uation,0.3151218481474048
359,15_9_19_ST2_1993_04_24.pdf,6,formation eval,0.3151218481474048
359,15_9_19_ST2_1993_04_24.pdf,7,eval,0.30875471597189885
359,15_9_19_ST2_1993_04_24.pdf,8,tem,0.30862851295416377
359,15_9_19_ST2_1993_04_24.pdf,9,formation,0.14662175772122543
359,15_9_19_ST2_1993_04_24.pdf,10,test,0.11901562082570076
359,15_9_19_ST2_1993_04_24.pdf,11,valve,0.08900031471610681
359,15_9_19_ST2_1993_04_24.pdf,12,min formation,0.0823345909258397
360,15_9_19_ST2_1993_04_25.pdf,1,service broke,0.2822856565932332
360,15_9_19_ST2_1993_04_25.pdf,2,evaluation rig,0.2733805160288591
360,15_9_19_ST2_1993_04_25.pdf,3,rig up/down,0.2661332843690106
360,15_9_19_ST2_1993_04_25.pdf,4,service,0.21855863827627572
360,15_9_19_ST2_1993_04_25.pdf,5,testing string,0.20951523278056397
360,15_9_19_ST2_1993_04_25.pdf,6,laid testing,0.20951523278056397
360,15_9_19_ST2_1993_04_25.pdf,7,laid,0.20718954125285236
360,15_9_19_ST2_1993_04_25.pdf,8,pooh laid,0.20650051846206455
360,15_9_19_ST2_1993_04_25.pdf,9,formation evaluation,0.20205226071509622
360,15_9_19_ST2_1993_04_25.pdf,10,up/down,0.20145195983518563
360,15_9_19_ST2_1993_04_25.pdf,11,evaluation,0.20145195983518563
360,15_9_19_ST2_1993_04_25.pdf,12,up/down pooh,0.17571623228798905
361,15_9_19_ST2_1993_04_26.pdf,1,evaluation rig,0.24073941108619767
361,15_9_19_ST2_1993_04_26.pdf,2,rig up/down,0.23435748487162797
361,15_9_19_ST2_1993_04_26.pdf,3,service broke,0.19886503607056402
361,15_9_19_ST2_1993_04_26.pdf,4,formation evaluation,0.1779276115202457
361,15_9_19_ST2_1993_04_26.pdf,5,up/down,0.17739898540451715
361,15_9_19_ST2_1993_04_26.pdf,6,evaluation,0.17739898540451715
361,15_9_19_ST2_1993_04_26.pdf,7,broke,0.1693134469982965
361,15_9_19_ST2_1993_04_26.pdf,8,drill pipe,0.15684223957731447
361,15_9_19_ST2_1993_04_26.pdf,9,pipe,0.1542802909920462
361,15_9_19_ST2_1993_04_26.pdf,10,rigged drill,0.14759961532256705
361,15_9_19_ST2_1993_04_26.pdf,11,laid testing,0.14759961532256705
361,15_9_19_ST2_1993_04_26.pdf,12,testing string,0.14759961532256705
362,15_9_19_ST2_1993_04_27.pdf,1,ezsv,0.3916084404381709
362,15_9_19_ST2_1993_04_27.pdf,2,plug,0.24604031384739736
362,15_9_19_ST2_1993_04_27.pdf,3,cement,0.23241529023253976
362,15_9_19_ST2_1993_04_27.pdf,4,plug abandon,0.22755072573466112
362,15_9_19_ST2_1993_04_27.pdf,5,abandon,0.22755072573466112
362,15_9_19_ST2_1993_04_27.pdf,6,abandon tri,0.1942812082269379
362,15_9_19_ST2_1993_04_27.pdf,7,tri,0.1641491668248767
362,15_9_19_ST2_1993_04_27.pdf,8,set ezsv,0.14948002045777192
362,15_9_19_ST2_1993_04_27.pdf,9,bar lpm,0.14634170041150335
362,15_9_19_ST2_1993_04_27.pdf,10,bar,0.13274419533870385
362,15_9_19_ST2_1993_04_27.pdf,11,retainer rih,0.12952080548462527
362,15_9_19_ST2_1993_04_27.pdf,12,cir culating,0.12508969656991406
363,15_9_19_ST2_1993_04_28.pdf,1,plug,0.3651613285827985
363,15_9_19_ST2_1993_04_28.pdf,2,cement,0.3066130815435199
363,15_9_19_ST2_1993_04_28.pdf,3,abandon,0.29483488705665895
363,15_9_19_ST2_1993_04_28.pdf,4,plug abandon,0.29483488705665895
363,15_9_19_ST2_1993_04_28.pdf,5,ezsv,0.23678788089696617
363,15_9_19_ST2_1993_04_28.pdf,6,bridge plug,0.23159164908007415
363,15_9_19_ST2_1993_04_28.pdf,7,bridge,0.2132975826322284
363,15_9_19_ST2_1993_04_28.pdf,8,abandon trip,0.165512314157908
363,15_9_19_ST2_1993_04_28.pdf,9,ezsv bridge,0.12265435400885688
363,15_9_19_ST2_1993_04_28.pdf,10,squeeze,0.11798159436511459
363,15_9_19_ST2_1993_04_28.pdf,11,cement plug,0.11303476044945053
363,15_9_19_ST2_1993_04_28.pdf,12,abandon cement,0.11262301277395104
364,15_9_19_ST2_1993_04_29.pdf,1,packoff,0.28554340325870475
364,15_9_19_ST2_1993_04_29.pdf,2,air fail,0.2642384842214731
364,15_9_19_ST2_1993_04_29.pdf,3,interruption rep,0.2458590489083251
364,15_9_19_ST2_1993_04_29.pdf,4,rep air,0.22502878619714212
364,15_9_19_ST2_1993_04_29.pdf,5,rep,0.22270369886572433
364,15_9_19_ST2_1993_04_29.pdf,6,air,0.18594482823942823
364,15_9_19_ST2_1993_04_29.pdf,7,wear bushing,0.17522949868750387
364,15_9_19_ST2_1993_04_29.pdf,8,gas,0.16949793958444695
364,15_9_19_ST2_1993_04_29.pdf,9,wear,0.1692761342526897
364,15_9_19_ST2_1993_04_29.pdf,10,fail,0.14779082925037934
364,15_9_19_ST2_1993_04_29.pdf,11,riser lpm,0.13863945055240767
364,15_9_19_ST2_1993_04_29.pdf,12,lpm max,0.13514568204840227
365,15_9_19_ST2_1993_04_30.pdf,1,rov,0.2827315751609628
365,15_9_19_ST2_1993_04_30.pdf,2,vx-ring,0.2807223169103183
365,15_9_19_ST2_1993_04_30.pdf,3,launched,0.19589724613617687
365,15_9_19_ST2_1993_04_30.pdf,4,template,0.18616073660701163
365,15_9_19_ST2_1993_04_30.pdf,5,fail,0.17445597435925914
365,15_9_19_ST2_1993_04_30.pdf,6,sea owl,0.16397806229738246
365,15_9_19_ST2_1993_04_30.pdf,7,closed hatch,0.16397806229738246
365,15_9_19_ST2_1993_04_30.pdf,8,owl,0.16397806229738246
365,15_9_19_ST2_1993_04_30.pdf,9,abandon,0.1576673045743731
365,15_9_19_ST2_1993_04_30.pdf,10,plug abandon,0.1576673045743731
365,15_9_19_ST2_1993_04_30.pdf,11,scorpion,0.15705110755845808
365,15_9_19_ST2_1993_04_30.pdf,12,cover slot,0.15705110755845808
366,15_9_19_ST2_1997_07_17.pdf,1,anchor,0.48774022915521686
366,15_9_19_ST2_1997_07_17.pdf,2,anchor handling,0.28021720214499685
366,15_9_19_ST2_1997_07_17.pdf,3,remove,0.23464680149844885
366,15_9_19_ST2_1997_07_17.pdf,4,template,0.2027088445023219
366,15_9_19_ST2_1997_07_17.pdf,5,moving,0.1950212862699839
366,15_9_19_ST2_1997_07_17.pdf,6,cover slot,0.17101161674166818
366,15_9_19_ST2_1997_07_17.pdf,7,bop stack,0.160380775122993
366,15_9_19_ST2_1997_07_17.pdf,8,transit rig,0.1563391167166733
366,15_9_19_ST2_1997_07_17.pdf,9,hatch cover,0.14448857232105555
366,15_9_19_ST2_1997_07_17.pdf,10,stack,0.14010860107249842
366,15_9_19_ST2_1997_07_17.pdf,11,moving transit,0.13816557293297907
366,15_9_19_ST2_1997_07_17.pdf,12,moving anchor,0.13816557293297907
367,15_9_19_ST2_1997_07_18.pdf,1,anchor,0.5511266254257237
367,15_9_19_ST2_1997_07_18.pdf,2,anchor hrs,0.3864723457676454
367,15_9_19_ST2_1997_07_18.pdf,3,server anchor,0.24431032954115736
367,15_9_19_ST2_1997_07_18.pdf,4,hrs far,0.24431032954115736
367,15_9_19_ST2_1997_07_18.pdf,5,far server,0.24431032954115736
367,15_9_19_ST2_1997_07_18.pdf,6,hrs,0.23778355167707504
367,15_9_19_ST2_1997_07_18.pdf,7,server,0.23058185098635975
367,15_9_19_ST2_1997_07_18.pdf,8,far,0.23058185098635975
367,15_9_19_ST2_1997_07_18.pdf,9,moving,0.1888852483878065
367,15_9_19_ST2_1997_07_18.pdf,10,moving anchor,0.1784245474685297
367,15_9_19_ST2_1997_07_18.pdf,11,hatch slot,0.11529092549317987
367,15_9_19_ST2_1997_07_18.pdf,12,red,0.09490851219272532
368,15_9_19_ST2_1997_07_19.pdf,1,retr,0.40982555217122957
368,15_9_19_ST2_1997_07_19.pdf,2,retr frame,0.24589533130273772
368,15_9_19_ST2_1997_07_19.pdf,3,hatch slot,0.23207778707996762
368,15_9_19_ST2_1997_07_19.pdf,4,hatch,0.21210122718178132
368,15_9_19_ST2_1997_07_19.pdf,5,location drilling,0.20320335270413578
368,15_9_19_ST2_1997_07_19.pdf,6,cap,0.16968098174542506
368,15_9_19_ST2_1997_07_19.pdf,7,frame,0.165764560613792
368,15_9_19_ST2_1997_07_19.pdf,8,rig location,0.16417923955798458
368,15_9_19_ST2_1997_07_19.pdf,9,moved rig,0.16266440096196236
368,15_9_19_ST2_1997_07_19.pdf,10,location,0.15720020289927994
368,15_9_19_ST2_1997_07_19.pdf,11,corr cap,0.1547185247199784
368,15_9_19_ST2_1997_07_19.pdf,12,corr,0.1547185247199784
369,15_9_19_ST2_1997_07_20.pdf,1,bop,0.29814040388570506
369,15_9_19_ST2_1997_07_20.pdf,2,conn,0.23677816505420676
369,15_9_19_ST2_1997_07_20.pdf,3,ellhead equipm,0.22108332151998983
369,15_9_19_ST2_1997_07_20.pdf,4,bop/w,0.21331571068443358
369,15_9_19_ST2_1997_07_20.pdf,5,bop/w ellhead,0.21331571068443358
369,15_9_19_ST2_1997_07_20.pdf,6,ellhead,0.21331571068443358
369,15_9_19_ST2_1997_07_20.pdf,7,drilling bop/w,0.21331571068443358
369,15_9_19_ST2_1997_07_20.pdf,8,run bop,0.1964653112804327
369,15_9_19_ST2_1997_07_20.pdf,9,equipm,0.19425280928225166
369,15_9_19_ST2_1997_07_20.pdf,10,equipm ent,0.19425280928225166
369,15_9_19_ST2_1997_07_20.pdf,11,ent,0.1882859067000039
369,15_9_19_ST2_1997_07_20.pdf,12,p/u,0.17889379812945172
370,15_9_19_ST2_1997_07_21.pdf,1,bop/wellhead equi,0.4258925637277378
370,15_9_19_ST2_1997_07_21.pdf,2,equi pment,0.35983876222942685
370,15_9_19_ST2_1997_07_21.pdf,3,pment,0.35983876222942685
370,15_9_19_ST2_1997_07_21.pdf,4,equi,0.35983876222942685
370,15_9_19_ST2_1997_07_21.pdf,5,drilling bop/wellhead,0.23807521826287167
370,15_9_19_ST2_1997_07_21.pdf,6,bop/wellhead,0.22259151899528729
370,15_9_19_ST2_1997_07_21.pdf,7,drilling,0.13903703940000708
370,15_9_19_ST2_1997_07_21.pdf,8,bop,0.10287166528528123
370,15_9_19_ST2_1997_07_21.pdf,9,pment installed,0.10283052859490108
370,15_9_19_ST2_1997_07_21.pdf,10,r/t,0.10283052859490108
370,15_9_19_ST2_1997_07_21.pdf,11,m/u,0.10209007915374375
370,15_9_19_ST2_1997_07_21.pdf,12,conn,0.09985429760738923
371,15_9_19_ST2_1997_07_22.pdf,1,cmt inside,0.2748112524528019
371,15_9_19_ST2_1997_07_22.pdf,2,hard cmt,0.2748112524528019
371,15_9_19_ST2_1997_07_22.pdf,3,cmt,0.2634552588596486
371,15_9_19_ST2_1997_07_22.pdf,4,drilled hard,0.24062004624333222
371,15_9_19_ST2_1997_07_22.pdf,5,bridge-plug,0.22622705987088082
371,15_9_19_ST2_1997_07_22.pdf,6,inside csg,0.20250796885646394
371,15_9_19_ST2_1997_07_22.pdf,7,inside,0.19530702789018897
371,15_9_19_ST2_1997_07_22.pdf,8,drilled,0.1898156838371108
371,15_9_19_ST2_1997_07_22.pdf,9,hard,0.1745372406249454
371,15_9_19_ST2_1997_07_22.pdf,10,drilled bridge-plug,0.13740562622640096
371,15_9_19_ST2_1997_07_22.pdf,11,kill-/choke,0.13160117567729213
371,15_9_19_ST2_1997_07_22.pdf,12,kill-/choke lines,0.13160117567729213
372,15_9_19_ST2_1997_07_23.pdf,1,bridge-plug,0.5443657698498647
372,15_9_19_ST2_1997_07_23.pdf,2,drilled bridge-plug,0.2834026999692725
372,15_9_19_ST2_1997_07_23.pdf,3,circulating conditionin,0.16970501365758772
372,15_9_19_ST2_1997_07_23.pdf,4,conditionin,0.1654283807848647
372,15_9_19_ST2_1997_07_23.pdf,5,pooh bit,0.1442841782172531
372,15_9_19_ST2_1997_07_23.pdf,6,drilling,0.1378399850662336
372,15_9_19_ST2_1997_07_23.pdf,7,cmt,0.13584584149215528
372,15_9_19_ST2_1997_07_23.pdf,8,drilled,0.1304999384506402
372,15_9_19_ST2_1997_07_23.pdf,9,drilling drill,0.12881200915958674
372,15_9_19_ST2_1997_07_23.pdf,10,drill drilled,0.11613695221122002
372,15_9_19_ST2_1997_07_23.pdf,11,ran hole,0.11380515967928423
372,15_9_19_ST2_1997_07_23.pdf,12,bit,0.11210273280311175
373,15_9_19_ST2_1997_07_24.pdf,1,abandon,0.3560398625701723
373,15_9_19_ST2_1997_07_24.pdf,2,plug abandon,0.3560398625701723
373,15_9_19_ST2_1997_07_24.pdf,3,plug,0.30622598479909835
373,15_9_19_ST2_1997_07_24.pdf,4,cmt stinger,0.29491309260548787
373,15_9_19_ST2_1997_07_24.pdf,5,abandon trip,0.26768454704946554
373,15_9_19_ST2_1997_07_24.pdf,6,cmt,0.24405504789484192
373,15_9_19_ST2_1997_07_24.pdf,7,stinger,0.22133141876168094
373,15_9_19_ST2_1997_07_24.pdf,8,abandon circulatin,0.21407206817797617
373,15_9_19_ST2_1997_07_24.pdf,9,pooh cmt,0.19051658531691676
373,15_9_19_ST2_1997_07_24.pdf,10,circulatin conditioning,0.17054160871833027
373,15_9_19_ST2_1997_07_24.pdf,11,circulatin,0.1669611024558574
373,15_9_19_ST2_1997_07_24.pdf,12,stinger plug,0.16211008389621526
374,15_9_19_ST2_1997_07_25.pdf,1,bridge-plug,0.4508626722541564
374,15_9_19_ST2_1997_07_25.pdf,2,atlas,0.3590440600484784
374,15_9_19_ST2_1997_07_25.pdf,3,rih bridge-plug,0.2901489168130241
374,15_9_19_ST2_1997_07_25.pdf,4,e/line,0.27384464024131117
374,15_9_19_ST2_1997_07_25.pdf,5,bridge-plug atlas,0.21907571219304894
374,15_9_19_ST2_1997_07_25.pdf,6,ccl,0.20912705955536526
374,15_9_19_ST2_1997_07_25.pdf,7,atlas e/line,0.16430678414478672
374,15_9_19_ST2_1997_07_25.pdf,8,ire line,0.15198220861424308
374,15_9_19_ST2_1997_07_25.pdf,9,workover ire,0.15198220861424308
374,15_9_19_ST2_1997_07_25.pdf,10,ire,0.15198220861424308
374,15_9_19_ST2_1997_07_25.pdf,11,repair fail,0.15086888027023404
374,15_9_19_ST2_1997_07_25.pdf,12,atlas wireline,0.14960718777575618
375,15_9_19_ST2_1997_07_26.pdf,1,bridge-plug,0.311589592532771
375,15_9_19_ST2_1997_07_26.pdf,2,line pressure,0.289053937193986
375,15_9_19_ST2_1997_07_26.pdf,3,tested casing,0.2789205479514196
375,15_9_19_ST2_1997_07_26.pdf,4,bar minutes,0.2419613214074697
375,15_9_19_ST2_1997_07_26.pdf,5,time,0.22343232667572488
375,15_9_19_ST2_1997_07_26.pdf,6,end,0.22343232667572488
375,15_9_19_ST2_1997_07_26.pdf,7,minutes,0.21108532796009627
375,15_9_19_ST2_1997_07_26.pdf,8,workover wire,0.20670670529915175
375,15_9_19_ST2_1997_07_26.pdf,9,wire line,0.20587090361230528
375,15_9_19_ST2_1997_07_26.pdf,10,remark workover,0.20264798547134158
375,15_9_19_ST2_1997_07_26.pdf,11,workover,0.1853053702452374
375,15_9_19_ST2_1997_07_26.pdf,12,wire,0.18037388244953842
376,15_9_F_10_2009_04_07.pdf,1,stopped rotation,0.19661343333863393
376,15_9_F_10_2009_04_07.pdf,2,rpm,0.18966256054630878
376,15_9_F_10_2009_04_07.pdf,3,drill,0.17152533014821872
376,15_9_F_10_2009_04_07.pdf,4,drilled,0.17051376656137712
376,15_9_F_10_2009_04_07.pdf,5,drilling drill,0.16830828520618354
376,15_9_F_10_2009_04_07.pdf,6,rotation pumps,0.16457755510301106
376,15_9_F_10_2009_04_07.pdf,7,stopped,0.15871527158292378
376,15_9_F_10_2009_04_07.pdf,8,rov moved,0.1576252758818192
376,15_9_F_10_2009_04_07.pdf,9,tagged seabed,0.1522326691687097
376,15_9_F_10_2009_04_07.pdf,10,bha ran,0.14410130067837154
376,15_9_F_10_2009_04_07.pdf,11,lpm,0.14368180899575175
376,15_9_F_10_2009_04_07.pdf,12,template,0.1401309958373925
377,15_9_F_10_2009_04_08.pdf,1,conductor,0.36676774961035824
377,15_9_F_10_2009_04_08.pdf,2,inclination deg,0.21665069982211424
377,15_9_F_10_2009_04_08.pdf,3,survey inclination,0.21119101725417805
377,15_9_F_10_2009_04_08.pdf,4,run conductor,0.1985583647350708
377,15_9_F_10_2009_04_08.pdf,5,inclination,0.18191185610899652
377,15_9_F_10_2009_04_08.pdf,6,deg took,0.180900351605712
377,15_9_F_10_2009_04_08.pdf,7,took survey,0.1706329160068157
377,15_9_F_10_2009_04_08.pdf,8,deg,0.15035552858247697
377,15_9_F_10_2009_04_08.pdf,9,pooh bha,0.14538053916574475
377,15_9_F_10_2009_04_08.pdf,10,drilling,0.138262781664004
377,15_9_F_10_2009_04_08.pdf,11,trip pooh,0.11772133347185088
377,15_9_F_10_2009_04_08.pdf,12,deck crew,0.11550569704
378,15_9_F_10_2009_04_09.pdf,1,weather,0.359260610237119
378,15_9_F_10_2009_04_09.pdf,2,ting weather,0.32783888559605867
378,15_9_F_10_2009_04_09.pdf,3,wai ting,0.32783888559605867
378,15_9_F_10_2009_04_09.pdf,4,interruption wai,0.309416704598689
378,15_9_F_10_2009_04_09.pdf,5,weather waiting,0.2779237781723652
378,15_9_F_10_2009_04_09.pdf,6,wai,0.2779237781723652
378,15_9_F_10_2009_04_09.pdf,7,ting,0.25471457493655686
378,15_9_F_10_2009_04_09.pdf,8,waiting weather,0.20967444732993035
378,15_9_F_10_2009_04_09.pdf,9,conductor,0.17108977516205745
378,15_9_F_10_2009_04_09.pdf,10,waiting,0.15745374004936166
378,15_9_F_10_2009_04_09.pdf,11,jar,0.09825787216117396
378,15_9_F_10_2009_04_09.pdf,12,run conductor,0.09551796560120883
379,15_9_F_10_2009_04_10.pdf,1,conductor,0.3696966480598192
379,15_9_F_10_2009_04_10.pdf,2,drilling casing,0.2865116281982963
379,15_9_F_10_2009_04_10.pdf,3,weather,0.2218007530320307
379,15_9_F_10_2009_04_10.pdf,4,waiting weather,0.2013652131870449
379,15_9_F_10_2009_04_10.pdf,5,casing,0.20106306525576567
379,15_9_F_10_2009_04_10.pdf,6,housing,0.1516564119170283
379,15_9_F_10_2009_04_10.pdf,7,waiting,0.15121397163979253
379,15_9_F_10_2009_04_10.pdf,8,drilling,0.14932168631115644
379,15_9_F_10_2009_04_10.pdf,9,weather waiting,0.12868869045395404
379,15_9_F_10_2009_04_10.pdf,10,c-plate,0.12643934464435394
379,15_9_F_10_2009_04_10.pdf,11,cart,0.12643934464435394
379,15_9_F_10_2009_04_10.pdf,12,lcm,0.12292845296342451
380,15_9_F_10_2009_04_11.pdf,1,drilling asing,0.3252566414314426
380,15_9_F_10_2009_04_11.pdf,2,asing,0.31327293007541857
380,15_9_F_10_2009_04_11.pdf,3,cart,0.20866183413009295
380,15_9_F_10_2009_04_11.pdf,4,drilling,0.16428291910098164
380,15_9_F_10_2009_04_11.pdf,5,liners,0.15096741248488504
380,15_9_F_10_2009_04_11.pdf,6,conductor,0.14526366824325293
380,15_9_F_10_2009_04_11.pdf,7,rov,0.12941875750295898
380,15_9_F_10_2009_04_11.pdf,8,liner,0.12705620537769227
380,15_9_F_10_2009_04_11.pdf,9,tds,0.12598739837765102
380,15_9_F_10_2009_04_11.pdf,10,aluminium,0.1255391777528433
380,15_9_F_10_2009_04_11.pdf,11,rigged c-plate,0.10508402499955459
380,15_9_F_10_2009_04_11.pdf,12,c-plate,0.10433091706504648
381,15_9_F_10_2009_04_12.pdf,1,survey,0.2528518872337315
381,15_9_F_10_2009_04_12.pdf,2,drilling drill,0.17673234590114167
381,15_9_F_10_2009_04_12.pdf,3,knm secured,0.1728148876354956
381,15_9_F_10_2009_04_12.pdf,4,drilling,0.168105678128559
381,15_9_F_10_2009_04_12.pdf,5,torque knm,0.1670759901585117
381,15_9_F_10_2009_04_12.pdf,6,gmwd,0.1605754932050429
381,15_9_F_10_2009_04_12.pdf,7,wob torque,0.1596860924905564
381,15_9_F_10_2009_04_12.pdf,8,flow lpm,0.15963937169742434
381,15_9_F_10_2009_04_12.pdf,9,parameters flow,0.15665778086173743
381,15_9_F_10_2009_04_12.pdf,10,singel,0.15601179214814914
381,15_9_F_10_2009_04_12.pdf,11,shot survey,0.15522551233419477
381,15_9_F_10_2009_04_12.pdf,12,rpm wob,0.15368607964543846
382,15_9_F_10_2009_04_13.pdf,1,hole slided,0.2601203857596927
382,15_9_F_10_2009_04_13.pdf,2,slided drilling,0.2439501472958504
382,15_9_F_10_2009_04_13.pdf,3,slided,0.21977701799519048
382,15_9_F_10_2009_04_13.pdf,4,gyro,0.18413309968791583
382,15_9_F_10_2009_04_13.pdf,5,survey,0.16731719231118142
382,15_9_F_10_2009_04_13.pdf,6,wob torque,0.16730688659950177
382,15_9_F_10_2009_04_13.pdf,7,rpm wob,0.1610205315824982
382,15_9_F_10_2009_04_13.pdf,8,drilled hole,0.15340113124341054
382,15_9_F_10_2009_04_13.pdf,9,pumped hivis,0.15185327255467204
382,15_9_F_10_2009_04_13.pdf,10,drilling,0.15096710152880785
382,15_9_F_10_2009_04_13.pdf,11,parameters flow,0.14772064775273328
382,15_9_F_10_2009_04_13.pdf,12,hivis,0.14651801199679368
383,15_9_F_10_2009_04_14.pdf,1,hole slided,0.2695084116142696
383,15_9_F_10_2009_04_14.pdf,2,pills stand,0.2310072099550882
383,15_9_F_10_2009_04_14.pdf,3,slided,0.22770900810490366
383,15_9_F_10_2009_04_14.pdf,4,slided drilling,0.21664677580099012
383,15_9_F_10_2009_04_14.pdf,5,hivis pills,0.21118719211992454
383,15_9_F_10_2009_04_14.pdf,6,pumped hivis,0.202286341646892
383,15_9_F_10_2009_04_14.pdf,7,connection pumped,0.2009967501134416
383,15_9_F_10_2009_04_14.pdf,8,hivis,0.19517914980420312
383,15_9_F_10_2009_04_14.pdf,9,knm rop,0.17062982546906333
383,15_9_F_10_2009_04_14.pdf,10,pills,0.16754812713071052
383,15_9_F_10_2009_04_14.pdf,11,m/hr performed,0.16079740009075327
383,15_9_F_10_2009_04_14.pdf,12,survey connection,0.15553155648732064
384,15_9_F_10_2009_04_15.pdf,1,skade,0.3531101039988068
384,15_9_F_10_2009_04_15.pdf,2,torque,0.18065098629032472
384,15_9_F_10_2009_04_15.pdf,3,flow lpm,0.1697848081574415
384,15_9_F_10_2009_04_15.pdf,4,utsira,0.16942324865919517
384,15_9_F_10_2009_04_15.pdf,5,kcl mud,0.16375454003726045
384,15_9_F_10_2009_04_15.pdf,6,kcl,0.1620625626998845
384,15_9_F_10_2009_04_15.pdf,7,spp bar,0.15965168522717474
384,15_9_F_10_2009_04_15.pdf,8,lpm spp,0.15829599797953842
384,15_9_F_10_2009_04_15.pdf,9,parameters flow,0.1527292530547813
384,15_9_F_10_2009_04_15.pdf,10,drilling,0.15218363632998413
384,15_9_F_10_2009_04_15.pdf,11,spp,0.15047802843932206
384,15_9_F_10_2009_04_15.pdf,12,hivis pills,0.1475192532643565
385,15_9_F_10_2009_04_16.pdf,1,drilling,0.29918003115654773
385,15_9_F_10_2009_04_16.pdf,2,casing,0.27747235077615867
385,15_9_F_10_2009_04_16.pdf,3,drilling trip,0.1799588482997544
385,15_9_F_10_2009_04_16.pdf,4,drilling bha,0.17676597838289332
385,15_9_F_10_2009_04_16.pdf,5,drilling casing,0.17573050171487886
385,15_9_F_10_2009_04_16.pdf,6,bha,0.13887150171605908
385,15_9_F_10_2009_04_16.pdf,7,trip,0.1383512691637079
385,15_9_F_10_2009_04_16.pdf,8,pooh drilling,0.13566312363632738
385,15_9_F_10_2009_04_16.pdf,9,threadlock,0.10252035910324439
385,15_9_F_10_2009_04_16.pdf,10,applied threadlock,0.10252035910324439
385,15_9_F_10_2009_04_16.pdf,11,trip pooh,0.10007305078061986
385,15_9_F_10_2009_04_16.pdf,12,toolbox talk,0.09742770884852481
386,15_9_F_10_2009_04_17.pdf,1,drilling casi,0.3204329078491639
386,15_9_F_10_2009_04_17.pdf,2,casi,0.31725075792802754
386,15_9_F_10_2009_04_17.pdf,3,n80,0.27071053955034696
386,15_9_F_10_2009_04_17.pdf,4,rih n80,0.27071053955034696
386,15_9_F_10_2009_04_17.pdf,5,tenaris casing,0.27071053955034696
386,15_9_F_10_2009_04_17.pdf,6,tenaris,0.27071053955034696
386,15_9_F_10_2009_04_17.pdf,7,n80 tenaris,0.27071053955034696
386,15_9_F_10_2009_04_17.pdf,8,casi rih,0.2370534006343025
386,15_9_F_10_2009_04_17.pdf,9,casing,0.20642765442627772
386,15_9_F_10_2009_04_17.pdf,10,mud joint,0.20189328542721857
386,15_9_F_10_2009_04_17.pdf,11,casing kcl,0.20189328542721857
386,15_9_F_10_2009_04_17.pdf,12,filled casing,0.1562252967230154
387,15_9_F_10_2009_04_18.pdf,1,casing,0.4403307204359945
387,15_9_F_10_2009_04_18.pdf,2,drilling casing,0.2745155793785189
387,15_9_F_10_2009_04_18.pdf,3,cart,0.24229082895904222
387,15_9_F_10_2009_04_18.pdf,4,interruptio fish,0.17529808299278826
387,15_9_F_10_2009_04_18.pdf,5,drilling,0.15260766711356183
387,15_9_F_10_2009_04_18.pdf,6,interruptio,0.12714263550802476
387,15_9_F_10_2009_04_18.pdf,7,rih casing,0.11700245048538618
387,15_9_F_10_2009_04_18.pdf,8,wellhead,0.11178924052932081
387,15_9_F_10_2009_04_18.pdf,9,fish,0.11024810708099021
387,15_9_F_10_2009_04_18.pdf,10,free,0.10717691428457155
387,15_9_F_10_2009_04_18.pdf,11,lpm,0.10652752458632968
387,15_9_F_10_2009_04_18.pdf,12,cement,0.10008700314584908
388,15_9_F_10_2009_04_19.pdf,1,wellhead equip,0.28603759559434044
388,15_9_F_10_2009_04_19.pdf,2,drilling casin,0.24082540369037994
388,15_9_F_10_2009_04_19.pdf,3,casin,0.2366185498288644
388,15_9_F_10_2009_04_19.pdf,4,equip ment,0.2254182453832655
388,15_9_F_10_2009_04_19.pdf,5,bop wellhead,0.2230891340039245
388,15_9_F_10_2009_04_19.pdf,6,brought,0.22087368405235105
388,15_9_F_10_2009_04_19.pdf,7,ment,0.21295669484597796
388,15_9_F_10_2009_04_19.pdf,8,tbc,0.1642478225227527
388,15_9_F_10_2009_04_19.pdf,9,drilling bop,0.16129029626552005
388,15_9_F_10_2009_04_19.pdf,10,drilling,0.13607909211239871
388,15_9_F_10_2009_04_19.pdf,11,wells,0.13119562224716264
388,15_9_F_10_2009_04_19.pdf,12,double,0.1301033058640162
389,15_9_F_10_2009_04_20.pdf,1,ellhead equipm,0.3198080920094227
389,15_9_F_10_2009_04_20.pdf,2,ellhead,0.30857185408920335
389,15_9_F_10_2009_04_20.pdf,3,drilling bop/w,0.30857185408920335
389,15_9_F_10_2009_04_20.pdf,4,bop/w,0.30857185408920335
389,15_9_F_10_2009_04_20.pdf,5,bop/w ellhead,0.30857185408920335
389,15_9_F_10_2009_04_20.pdf,6,equipm,0.28099641292213035
389,15_9_F_10_2009_04_20.pdf,7,equipm ent,0.28099641292213035
389,15_9_F_10_2009_04_20.pdf,8,ent,0.27236498963377426
389,15_9_F_10_2009_04_20.pdf,9,double,0.1443903429895084
389,15_9_F_10_2009_04_20.pdf,10,hpdr,0.14177114313106384
389,15_9_F_10_2009_04_20.pdf,11,flange,0.12027202601679776
389,15_9_F_10_2009_04_20.pdf,12,bolt,0.09114218609528603
390,15_9_F_10_2009_04_21.pdf,1,bop/wellhead equipme,0.3782503062431132
390,15_9_F_10_2009_04_21.pdf,2,equipme,0.3547365872659968
390,15_9_F_10_2009_04_21.pdf,3,drilling bop/wellhead,0.21144305368617605
390,15_9_F_10_2009_04_21.pdf,4,nsp,0.2029498738248172
390,15_9_F_10_2009_04_21.pdf,5,bop/wellhead,0.19769143065130168
390,15_9_F_10_2009_04_21.pdf,6,tension,0.19578988434373737
390,15_9_F_10_2009_04_21.pdf,7,cylinders,0.1522661377850831
390,15_9_F_10_2009_04_21.pdf,8,bop,0.1488894459170373
390,15_9_F_10_2009_04_21.pdf,9,hubs,0.13948242477871955
390,15_9_F_10_2009_04_21.pdf,10,half hubs,0.13948242477871955
390,15_9_F_10_2009_04_21.pdf,11,tension cylinders,0.13595492700307474
390,15_9_F_10_2009_04_21.pdf,12,tensioning,0.13081805734131344
391,15_9_F_10_2009_04_22.pdf,1,drilling,0.3239290925012889
391,15_9_F_10_2009_04_22.pdf,2,ps-21,0.2246808563579481
391,15_9_F_10_2009_04_22.pdf,3,ps-21 slips,0.16900649629338493
391,15_9_F_10_2009_04_22.pdf,4,drilling drill,0.15135650664167902
391,15_9_F_10_2009_04_22.pdf,5,drill,0.14139540731259145
391,15_9_F_10_2009_04_22.pdf,6,drilling bha,0.13670613247558916
391,15_9_F_10_2009_04_22.pdf,7,slips,0.13559246557242374
391,15_9_F_10_2009_04_22.pdf,8,repairs,0.1271524447979055
391,15_9_F_10_2009_04_22.pdf,9,broke laid,0.12659417954438268
391,15_9_F_10_2009_04_22.pdf,10,plugs,0.11670183167768232
391,15_9_F_10_2009_04_22.pdf,11,obm,0.11337651412979509
391,15_9_F_10_2009_04_22.pdf,12,laid,0.1097689967778505
392,15_9_F_10_2009_04_23.pdf,1,powerdrive,0.21515643501319556
392,15_9_F_10_2009_04_23.pdf,2,spp bar,0.2140087758331768
392,15_9_F_10_2009_04_23.pdf,3,lpm spp,0.2121915136610521
392,15_9_F_10_2009_04_23.pdf,4,flow lpm,0.208625957538207
392,15_9_F_10_2009_04_23.pdf,5,knm ecd,0.20189314145677792
392,15_9_F_10_2009_04_23.pdf,6,spp,0.20171173646094287
392,15_9_F_10_2009_04_23.pdf,7,torque knm,0.19849505486727645
392,15_9_F_10_2009_04_23.pdf,8,drilling,0.1961519786657752
392,15_9_F_10_2009_04_23.pdf,9,wob torque,0.18549956886308658
392,15_9_F_10_2009_04_23.pdf,10,rpm wob,0.17852964569330157
392,15_9_F_10_2009_04_23.pdf,11,torque,0.16648346841531883
392,15_9_F_10_2009_04_23.pdf,12,bar rpm,0.15801590954763778
393,15_9_F_10_2009_04_24.pdf,1,drilling trip,0.41517047689005965
393,15_9_F_10_2009_04_24.pdf,2,trip,0.3336887464737126
393,15_9_F_10_2009_04_24.pdf,3,drilling,0.26219294768898876
393,15_9_F_10_2009_04_24.pdf,4,power drive,0.17899893895055857
393,15_9_F_10_2009_04_24.pdf,5,l/min bar,0.17121547268478696
393,15_9_F_10_2009_04_24.pdf,6,float,0.16552390847993353
393,15_9_F_10_2009_04_24.pdf,7,l/min,0.15917150287008106
393,15_9_F_10_2009_04_24.pdf,8,rpm,0.12743424647030227
393,15_9_F_10_2009_04_24.pdf,9,rpm knm,0.12586386908796476
393,15_9_F_10_2009_04_24.pdf,10,trip rih,0.12571446196352806
393,15_9_F_10_2009_04_24.pdf,11,parameters l/min,0.12423262391749648
393,15_9_F_10_2009_04_24.pdf,12,knm,0.12264433168565274
394,15_9_F_10_2009_04_25.pdf,1,ton rop,0.2669737358596817
394,15_9_F_10_2009_04_25.pdf,2,wob ton,0.24982931419206633
394,15_9_F_10_2009_04_25.pdf,3,l/min bar,0.23067607649226016
394,15_9_F_10_2009_04_25.pdf,4,hole l/min,0.22247811321640146
394,15_9_F_10_2009_04_25.pdf,5,l/min,0.21444941392092573
394,15_9_F_10_2009_04_25.pdf,6,rop m/hr,0.199723717519557
394,15_9_F_10_2009_04_25.pdf,7,m/hr,0.17782334248152729
394,15_9_F_10_2009_04_25.pdf,8,knm wob,0.17298185331847743
394,15_9_F_10_2009_04_25.pdf,9,rop,0.17290450151510903
394,15_9_F_10_2009_04_25.pdf,10,rpm knm,0.1695745310752334
394,15_9_F_10_2009_04_25.pdf,11,ton,0.1677957769746097
394,15_9_F_10_2009_04_25.pdf,12,drilled steared,0.16760509688379657
395,15_9_F_10_2009_04_26.pdf,1,hole l/min,0.2626664736455915
395,15_9_F_10_2009_04_26.pdf,2,ton rop,0.2626664736455915
395,15_9_F_10_2009_04_26.pdf,3,l/min bar,0.25937648937215974
395,15_9_F_10_2009_04_26.pdf,4,wob ton,0.24579865416655303
395,15_9_F_10_2009_04_26.pdf,5,l/min,0.24113092686745602
395,15_9_F_10_2009_04_26.pdf,6,conveyers,0.21058009450443496
395,15_9_F_10_2009_04_26.pdf,7,rpm knm,0.190672770345563
395,15_9_F_10_2009_04_26.pdf,8,bar rpm,0.18460125014197537
395,15_9_F_10_2009_04_26.pdf,9,cri,0.17511098243039433
395,15_9_F_10_2009_04_26.pdf,10,knm wob,0.1701910237332272
395,15_9_F_10_2009_04_26.pdf,11,rop m/hr,0.1684298090714159
395,15_9_F_10_2009_04_26.pdf,12,ton,0.16508861775717074
396,15_9_F_10_2009_04_27.pdf,1,ton rop,0.2826538218823389
396,15_9_F_10_2009_04_27.pdf,2,hole l/min,0.2826538218823389
396,15_9_F_10_2009_04_27.pdf,3,wob ton,0.26450246218881146
396,15_9_F_10_2009_04_27.pdf,4,steered hole,0.24278997931938895
396,15_9_F_10_2009_04_27.pdf,5,drilled steered,0.24278997931938895
396,15_9_F_10_2009_04_27.pdf,6,l/min bar,0.23924013383620585
396,15_9_F_10_2009_04_27.pdf,7,l/min,0.2224110417850791
396,15_9_F_10_2009_04_27.pdf,8,knm wob,0.18314154311589625
396,15_9_F_10_2009_04_27.pdf,9,steered,0.18288077751179377
396,15_9_F_10_2009_04_27.pdf,10,rop m/hr,0.18124631054811954
396,15_9_F_10_2009_04_27.pdf,11,ton,0.1776508745508871
396,15_9_F_10_2009_04_27.pdf,12,rpm knm,0.1758701384493675
397,15_9_F_10_2009_04_28.pdf,1,drilled steered,0.27819373324857044
397,15_9_F_10_2009_04_28.pdf,2,steered hole,0.27819373324857044
397,15_9_F_10_2009_04_28.pdf,3,l/min,0.2654615927525098
397,15_9_F_10_2009_04_28.pdf,4,l/min bar,0.2569933570828187
397,15_9_F_10_2009_04_28.pdf,5,ton rop,0.23133610064036825
397,15_9_F_10_2009_04_28.pdf,6,wob ton,0.21648024358930265
397,15_9_F_10_2009_04_28.pdf,7,steered,0.20954854223402536
397,15_9_F_10_2009_04_28.pdf,8,hole l/min,0.19278008386697357
397,15_9_F_10_2009_04_28.pdf,9,rpm knm,0.1889208828217225
397,15_9_F_10_2009_04_28.pdf,10,bar rpm,0.1829051473034685
397,15_9_F_10_2009_04_28.pdf,11,knm,0.1577900376450623
397,15_9_F_10_2009_04_28.pdf,12,knm wob,0.14989095200463148
398,15_9_F_10_2009_04_29.pdf,1,circulating condit,0.33550752914592014
398,15_9_F_10_2009_04_29.pdf,2,condit ioning,0.3257969118960431
398,15_9_F_10_2009_04_29.pdf,3,condit,0.3257969118960431
398,15_9_F_10_2009_04_29.pdf,4,ioning,0.3257969118960431
398,15_9_F_10_2009_04_29.pdf,5,l/min bar,0.2941753387929269
398,15_9_F_10_2009_04_29.pdf,6,l/min,0.2734818883407255
398,15_9_F_10_2009_04_29.pdf,7,drilling circulating,0.17981719954880854
398,15_9_F_10_2009_04_29.pdf,8,rpm knm,0.1769351649820918
398,15_9_F_10_2009_04_29.pdf,9,bar rpm,0.17130108609937061
398,15_9_F_10_2009_04_29.pdf,10,knm,0.16419928412046375
398,15_9_F_10_2009_04_29.pdf,11,circulating,0.14232988895633344
398,15_9_F_10_2009_04_29.pdf,12,rpm,0.13435706124586816
399,15_9_F_10_2009_04_30.pdf,1,circulating conditioning,0.33707679888038017
399,15_9_F_10_2009_04_30.pdf,2,l/min,0.298195144428952
399,15_9_F_10_2009_04_30.pdf,3,l/min bar,0.296084827816972
399,15_9_F_10_2009_04_30.pdf,4,drilling circulating,0.29032912738339395
399,15_9_F_10_2009_04_30.pdf,5,conditioning,0.2782702441730867
399,15_9_F_10_2009_04_30.pdf,6,circulating,0.22980289185324182
399,15_9_F_10_2009_04_30.pdf,7,drilling,0.17438968873998084
399,15_9_F_10_2009_04_30.pdf,8,static loss,0.16025500531151746
399,15_9_F_10_2009_04_30.pdf,9,drilling ream,0.13645464441395708
399,15_9_F_10_2009_04_30.pdf,10,l/hr,0.13540025739738212
399,15_9_F_10_2009_04_30.pdf,11,ream,0.13037899130235436
399,15_9_F_10_2009_04_30.pdf,12,knm drilling,0.12336867825707167
400,15_9_F_10_2009_05_01.pdf,1,casing,0.31087986344160057
400,15_9_F_10_2009_05_01.pdf,2,drilling casing,0.2879492174657664
400,15_9_F_10_2009_05_01.pdf,3,drilling,0.23703508913469798
400,15_9_F_10_2009_05_01.pdf,4,wear bushing,0.2347241858420851
400,15_9_F_10_2009_05_01.pdf,5,wear,0.22674950902996321
400,15_9_F_10_2009_05_01.pdf,6,bushing,0.18743944592424702
400,15_9_F_10_2009_05_01.pdf,7,casing tally,0.15506606496447217
400,15_9_F_10_2009_05_01.pdf,8,box talk,0.14610398807790825
400,15_9_F_10_2009_05_01.pdf,9,tool box,0.13352348066394187
400,15_9_F_10_2009_05_01.pdf,10,talk prior,0.1322842275501649
400,15_9_F_10_2009_05_01.pdf,11,prior,0.12592916796490905
400,15_9_F_10_2009_05_01.pdf,12,washpipe,0.12548155922159276
401,15_9_F_10_2009_05_02.pdf,1,casing,0.4626855743343362
401,15_9_F_10_2009_05_02.pdf,2,drilling casing,0.2441924029744805
401,15_9_F_10_2009_05_02.pdf,3,cds tool,0.2183083536010413
401,15_9_F_10_2009_05_02.pdf,4,cds,0.2183083536010413
401,15_9_F_10_2009_05_02.pdf,5,tesco cds,0.2183083536010413
401,15_9_F_10_2009_05_02.pdf,6,tesco,0.1951085470726464
401,15_9_F_10_2009_05_02.pdf,7,casing obm,0.163731265200781
401,15_9_F_10_2009_05_02.pdf,8,casing rih,0.16247307003046607
401,15_9_F_10_2009_05_02.pdf,9,rih stands,0.14633141030448482
401,15_9_F_10_2009_05_02.pdf,10,stands casing,0.14337473993613567
401,15_9_F_10_2009_05_02.pdf,11,filled casing,0.13228355181087198
401,15_9_F_10_2009_05_02.pdf,12,drilling,0.1306598765380212
402,15_9_F_10_2009_05_03.pdf,1,drilling casin,0.3435137570267246
402,15_9_F_10_2009_05_03.pdf,2,casin,0.33751309367025617
402,15_9_F_10_2009_05_03.pdf,3,casing,0.30610659617188735
402,15_9_F_10_2009_05_03.pdf,4,casing string,0.2366607644209296
402,15_9_F_10_2009_05_03.pdf,5,gradually increased,0.21664483639730486
402,15_9_F_10_2009_05_03.pdf,6,casing lpm,0.1897096259463955
402,15_9_F_10_2009_05_03.pdf,7,gradually,0.1774955733156972
402,15_9_F_10_2009_05_03.pdf,8,increased pump,0.16318703199910217
402,15_9_F_10_2009_05_03.pdf,9,lpm bar,0.1512733782787083
402,15_9_F_10_2009_05_03.pdf,10,casing stand,0.14442989093153658
402,15_9_F_10_2009_05_03.pdf,11,worked casing,0.13545148744790014
402,15_9_F_10_2009_05_03.pdf,12,pump rate,0.13209450254743665
403,15_9_F_10_2009_05_04.pdf,1,drilling asing,0.4319309426294663
403,15_9_F_10_2009_05_04.pdf,2,asing,0.41601693786256305
403,15_9_F_10_2009_05_04.pdf,3,casing,0.2038322063241034
403,15_9_F_10_2009_05_04.pdf,4,cementing,0.19318293243781515
403,15_9_F_10_2009_05_04.pdf,5,drilling,0.16621922112346182
403,15_9_F_10_2009_05_04.pdf,6,washed casing,0.16411067918216843
403,15_9_F_10_2009_05_04.pdf,7,lpm bar,0.1279874695913111
403,15_9_F_10_2009_05_04.pdf,8,asing m/u,0.11961290920548286
403,15_9_F_10_2009_05_04.pdf,9,m/u,0.117167052563925
403,15_9_F_10_2009_05_04.pdf,10,lpm,0.11602904690085905
403,15_9_F_10_2009_05_04.pdf,11,circulation gradually,0.11456007959736839
403,15_9_F_10_2009_05_04.pdf,12,gradually increased,0.11456007959736839
404,15_9_F_10_2009_05_05.pdf,1,prior operations,0.2231977700012671
404,15_9_F_10_2009_05_05.pdf,2,casing,0.21024367434556157
404,15_9_F_10_2009_05_05.pdf,3,drilling,0.20402262776345476
404,15_9_F_10_2009_05_05.pdf,4,personnel prior,0.19544784063700282
404,15_9_F_10_2009_05_05.pdf,5,drilling casing,0.17975630893276223
404,15_9_F_10_2009_05_05.pdf,6,pre-job safety,0.17796745244391945
404,15_9_F_10_2009_05_05.pdf,7,safety meeting,0.16334037235561152
404,15_9_F_10_2009_05_05.pdf,8,meeting involved,0.15785346716366316
404,15_9_F_10_2009_05_05.pdf,9,involved personnel,0.15660897098297422
404,15_9_F_10_2009_05_05.pdf,10,ies,0.14815030727548475
404,15_9_F_10_2009_05_05.pdf,11,activit ies,0.14815030727548475
404,15_9_F_10_2009_05_05.pdf,12,activit,0.14815030727548475
405,15_9_F_10_2009_05_06.pdf,1,personnel prior,0.2258522820798396
405,15_9_F_10_2009_05_06.pdf,2,pre-job safety,0.2056525932412108
405,15_9_F_10_2009_05_06.pdf,3,drilling,0.20208084714332325
405,15_9_F_10_2009_05_06.pdf,4,casing,0.1943598393884977
405,15_9_F_10_2009_05_06.pdf,5,safety meeting,0.188750081515617
405,15_9_F_10_2009_05_06.pdf,6,meeting involved,0.18240961719982635
405,15_9_F_10_2009_05_06.pdf,7,involved personnel,0.18097152352975981
405,15_9_F_10_2009_05_06.pdf,8,drilling trip,0.1680733125504367
405,15_9_F_10_2009_05_06.pdf,9,involved,0.16220992836119755
405,15_9_F_10_2009_05_06.pdf,10,personnel,0.15884251460859025
405,15_9_F_10_2009_05_06.pdf,11,safety,0.1542747633679403
405,15_9_F_10_2009_05_06.pdf,12,held pre-job,0.15083405354674248
406,15_9_F_10_2009_05_07.pdf,1,tons,0.2612535263676684
406,15_9_F_10_2009_05_07.pdf,2,emw,0.22856539451679142
406,15_9_F_10_2009_05_07.pdf,3,knm tons,0.21080880400927351
406,15_9_F_10_2009_05_07.pdf,4,drilling drill,0.1868425244784935
406,15_9_F_10_2009_05_07.pdf,5,tons wob,0.18458059383112344
406,15_9_F_10_2009_05_07.pdf,6,rotating torq,0.1786880213073823
406,15_9_F_10_2009_05_07.pdf,7,lpm bar,0.16917625512958093
406,15_9_F_10_2009_05_07.pdf,8,knm,0.16796069254561016
406,15_9_F_10_2009_05_07.pdf,9,rpm knm,0.1645348378468591
406,15_9_F_10_2009_05_07.pdf,10,torq,0.15599690686136805
406,15_9_F_10_2009_05_07.pdf,11,free rotating,0.1514818777693186
406,15_9_F_10_2009_05_07.pdf,12,drilling,0.14061549218849873
407,15_9_F_10_2009_05_08.pdf,1,drilling trip,0.3829672572557416
407,15_9_F_10_2009_05_08.pdf,2,trip,0.3224631767528411
407,15_9_F_10_2009_05_08.pdf,3,problem drawwork,0.24767290029197517
407,15_9_F_10_2009_05_08.pdf,4,drilling,0.23388236002501578
407,15_9_F_10_2009_05_08.pdf,5,xceed tool,0.23375546951183243
407,15_9_F_10_2009_05_08.pdf,6,xceed,0.2234057512575839
407,15_9_F_10_2009_05_08.pdf,7,drawwork,0.20467230283166482
407,15_9_F_10_2009_05_08.pdf,8,problem,0.17871930979426995
407,15_9_F_10_2009_05_08.pdf,9,bha,0.13932128488951293
407,15_9_F_10_2009_05_08.pdf,10,stands,0.12372955942971492
407,15_9_F_10_2009_05_08.pdf,11,stands derrick,0.12280338169899888
407,15_9_F_10_2009_05_08.pdf,12,bha drilling,0.11857118176268137
408,15_9_F_10_2009_05_09.pdf,1,xceed,0.21895441685869993
408,15_9_F_10_2009_05_09.pdf,2,stringers,0.20994637220350404
408,15_9_F_10_2009_05_09.pdf,3,note hard,0.175536074910268
408,15_9_F_10_2009_05_09.pdf,4,m/hr note,0.16953071180680404
408,15_9_F_10_2009_05_09.pdf,5,tons rpm,0.16462397287714178
408,15_9_F_10_2009_05_09.pdf,6,wob tons,0.16462397287714178
408,15_9_F_10_2009_05_09.pdf,7,drilling,0.15281485358530414
408,15_9_F_10_2009_05_09.pdf,8,bar wob,0.12731524960112484
408,15_9_F_10_2009_05_09.pdf,9,note,0.12414540717288082
408,15_9_F_10_2009_05_09.pdf,10,ecd rop,0.12222226387260293
408,15_9_F_10_2009_05_09.pdf,11,rop,0.12154712259159477
408,15_9_F_10_2009_05_09.pdf,12,rpm,0.12069355628214819
409,15_9_F_10_2009_05_10.pdf,1,stringers,0.25936686443619467
409,15_9_F_10_2009_05_10.pdf,2,wob parameters,0.21685652801269656
409,15_9_F_10_2009_05_10.pdf,3,different rpm,0.21685652801269656
409,15_9_F_10_2009_05_10.pdf,4,m/hr note,0.2094375277146754
409,15_9_F_10_2009_05_10.pdf,5,tons rpm,0.20337576309623312
409,15_9_F_10_2009_05_10.pdf,6,wob tons,0.20337576309623312
409,15_9_F_10_2009_05_10.pdf,7,rop,0.20021173811799756
409,15_9_F_10_2009_05_10.pdf,8,wob,0.18718461442318474
409,15_9_F_10_2009_05_10.pdf,9,different,0.1803302432554843
409,15_9_F_10_2009_05_10.pdf,10,hrs drilling,0.16334648803317775
409,15_9_F_10_2009_05_10.pdf,11,bar wob,0.15728472341473546
409,15_9_F_10_2009_05_10.pdf,12,note,0.15336871342255737
410,15_9_F_10_2009_05_11.pdf,1,drilling trip,0.2533664491472726
410,15_9_F_10_2009_05_11.pdf,2,trip,0.2124944581954794
410,15_9_F_10_2009_05_11.pdf,3,drilling,0.19693380792179116
410,15_9_F_10_2009_05_11.pdf,4,pooh bha,0.17083435495531302
410,15_9_F_10_2009_05_11.pdf,5,bha,0.15997011462736602
410,15_9_F_10_2009_05_11.pdf,6,rop,0.15663881574533975
410,15_9_F_10_2009_05_11.pdf,7,drawwork,0.1551044994227248
410,15_9_F_10_2009_05_11.pdf,8,pooh,0.15338741722944313
410,15_9_F_10_2009_05_11.pdf,9,trip pooh,0.14409631571870168
410,15_9_F_10_2009_05_11.pdf,10,prior pooh,0.12913093748089796
410,15_9_F_10_2009_05_11.pdf,11,note,0.11999043546955872
410,15_9_F_10_2009_05_11.pdf,12,rop using,0.11809617808351398
411,15_9_F_10_2009_05_12.pdf,1,drilling trip,0.2555857058360916
411,15_9_F_10_2009_05_12.pdf,2,drilling,0.2048668531183672
411,15_9_F_10_2009_05_12.pdf,3,trip,0.19649273773760662
411,15_9_F_10_2009_05_12.pdf,4,rih bha,0.16399092006054122
411,15_9_F_10_2009_05_12.pdf,5,rea,0.16380456374041522
411,15_9_F_10_2009_05_12.pdf,6,trip rih,0.1418850946442555
411,15_9_F_10_2009_05_12.pdf,7,flowrate,0.13484536938599656
411,15_9_F_10_2009_05_12.pdf,8,weight,0.13353665029000683
411,15_9_F_10_2009_05_12.pdf,9,bha,0.13313132700793767
411,15_9_F_10_2009_05_12.pdf,10,took weight,0.13301501071323665
411,15_9_F_10_2009_05_12.pdf,11,reamed,0.12825174290334632
411,15_9_F_10_2009_05_12.pdf,12,loss,0.12180072635235084
412,15_9_F_10_2009_05_13.pdf,1,bar spm,0.34950526966140055
412,15_9_F_10_2009_05_13.pdf,2,spm bar,0.330836766031721
412,15_9_F_10_2009_05_13.pdf,3,spm,0.2725894397782187
412,15_9_F_10_2009_05_13.pdf,4,reamed hole,0.23084073329844407
412,15_9_F_10_2009_05_13.pdf,5,washed reamed,0.2227481294534297
412,15_9_F_10_2009_05_13.pdf,6,parameters lpm,0.20157917034927003
412,15_9_F_10_2009_05_13.pdf,7,bar,0.18132508739651867
412,15_9_F_10_2009_05_13.pdf,8,hole parameters,0.16896389073560988
412,15_9_F_10_2009_05_13.pdf,9,parameters,0.16873615879305479
412,15_9_F_10_2009_05_13.pdf,10,hole,0.16819980983029442
412,15_9_F_10_2009_05_13.pdf,11,claystone,0.14475438118075484
412,15_9_F_10_2009_05_13.pdf,12,reamed,0.14200217229534462
413,15_9_F_10_2009_05_14.pdf,1,ton,0.25100470228631205
413,15_9_F_10_2009_05_14.pdf,2,drilling,0.1995441988186566
413,15_9_F_10_2009_05_14.pdf,3,knm,0.18159934580892123
413,15_9_F_10_2009_05_14.pdf,4,rpm,0.18011486954572756
413,15_9_F_10_2009_05_14.pdf,5,rpm knm,0.17789530671084078
413,15_9_F_10_2009_05_14.pdf,6,drilling trip,0.17781808778398822
413,15_9_F_10_2009_05_14.pdf,7,trip,0.17771710513206013
413,15_9_F_10_2009_05_14.pdf,8,lpm bar,0.16462225246322498
413,15_9_F_10_2009_05_14.pdf,9,lpm,0.1591902758437103
413,15_9_F_10_2009_05_14.pdf,10,bar rpm,0.15309391502377984
413,15_9_F_10_2009_05_14.pdf,11,ream,0.14208120167233446
413,15_9_F_10_2009_05_14.pdf,12,note hard,0.1309790605520023
414,15_9_F_10_2009_05_15.pdf,1,liner,0.40069438487965836
414,15_9_F_10_2009_05_15.pdf,2,rih liner,0.19356720195152854
414,15_9_F_10_2009_05_15.pdf,3,drilling casing,0.18935197983044538
414,15_9_F_10_2009_05_15.pdf,4,drilling,0.17269848678313102
414,15_9_F_10_2009_05_15.pdf,5,drilling trip,0.15081739568212238
414,15_9_F_10_2009_05_15.pdf,6,drill collar,0.14883532765086477
414,15_9_F_10_2009_05_15.pdf,7,focus,0.1450846190469429
414,15_9_F_10_2009_05_15.pdf,8,tbt prior,0.1450846190469429
414,15_9_F_10_2009_05_15.pdf,9,casing,0.1328800848899844
414,15_9_F_10_2009_05_15.pdf,10,trip,0.13251142565870538
414,15_9_F_10_2009_05_15.pdf,11,initial losses,0.11046706621610883
414,15_9_F_10_2009_05_15.pdf,12,injuries,0.11046706621610883
415,15_9_F_10_2009_05_16.pdf,1,drilling casin,0.4961079027830003
415,15_9_F_10_2009_05_16.pdf,2,casin,0.48744165157125413
415,15_9_F_10_2009_05_16.pdf,3,liner,0.23340220410113036
415,15_9_F_10_2009_05_16.pdf,4,rih liner,0.202953232956682
415,15_9_F_10_2009_05_16.pdf,5,ton,0.16104911043345227
415,15_9_F_10_2009_05_16.pdf,6,drilling,0.1542470282533869
415,15_9_F_10_2009_05_16.pdf,7,lpm bar,0.12909671404908665
415,15_9_F_10_2009_05_16.pdf,8,weight,0.11240670466840039
415,15_9_F_10_2009_05_16.pdf,9,lpm,0.1123532638585626
415,15_9_F_10_2009_05_16.pdf,10,ball,0.10765418451068808
415,15_9_F_10_2009_05_16.pdf,11,casin rih,0.10594111809442994
415,15_9_F_10_2009_05_16.pdf,12,flowrate,0.10594111809442994
416,15_9_F_10_2009_05_17.pdf,1,drilling casi,0.44698867989165814
416,15_9_F_10_2009_05_17.pdf,2,casi,0.4425497319633273
416,15_9_F_10_2009_05_17.pdf,3,cement,0.18221862060030158
416,15_9_F_10_2009_05_17.pdf,4,drilling,0.16713683661409107
416,15_9_F_10_2009_05_17.pdf,5,cement head,0.16100776320592558
416,15_9_F_10_2009_05_17.pdf,6,liner,0.12338781155974618
416,15_9_F_10_2009_05_17.pdf,7,backflow,0.1062718502520819
416,15_9_F_10_2009_05_17.pdf,8,head,0.1056876807618623
416,15_9_F_10_2009_05_17.pdf,9,bar,0.10335158542140618
416,15_9_F_10_2009_05_17.pdf,10,bop,0.10117827273340474
416,15_9_F_10_2009_05_17.pdf,11,liner hanger,0.09874942317203696
416,15_9_F_10_2009_05_17.pdf,12,l/d cement,0.09821057459219076
417,15_9_F_10_2009_05_18.pdf,1,interruption ther,0.3098719176271731
417,15_9_F_10_2009_05_18.pdf,2,rtts,0.30510137639202733
417,15_9_F_10_2009_05_18.pdf,3,ther,0.27817752134150336
417,15_9_F_10_2009_05_18.pdf,4,entire,0.22390188850702955
417,15_9_F_10_2009_05_18.pdf,5,rtts assy,0.22247449614137865
417,15_9_F_10_2009_05_18.pdf,6,drilling casin,0.2183067735144984
417,15_9_F_10_2009_05_18.pdf,7,casin,0.21449328590446542
417,15_9_F_10_2009_05_18.pdf,8,entire bar,0.18857622049367084
417,15_9_F_10_2009_05_18.pdf,9,bar,0.1455862061406194
417,15_9_F_10_2009_05_18.pdf,10,assy,0.12834748862761577
417,15_9_F_10_2009_05_18.pdf,11,tbt prior,0.11687692495494414
417,15_9_F_10_2009_05_18.pdf,12,bar pressured,0.11687692495494414
418,15_9_F_10_2009_05_19.pdf,1,rih bha,0.26277856714042624
418,15_9_F_10_2009_05_19.pdf,2,drilling,0.2188520278933262
418,15_9_F_10_2009_05_19.pdf,3,bha,0.18488534666697573
418,15_9_F_10_2009_05_19.pdf,4,drilling drill,0.17895332208602524
418,15_9_F_10_2009_05_19.pdf,5,drill,0.17021558053446556
418,15_9_F_10_2009_05_19.pdf,6,drill rih,0.16670542359419224
418,15_9_F_10_2009_05_19.pdf,7,ton,0.15766714028425574
418,15_9_F_10_2009_05_19.pdf,8,plug cement,0.13789378103133296
418,15_9_F_10_2009_05_19.pdf,9,rih,0.12936373403074036
418,15_9_F_10_2009_05_19.pdf,10,pooh rtts,0.12744139772311175
418,15_9_F_10_2009_05_19.pdf,11,lpm bar,0.12638573208775644
418,15_9_F_10_2009_05_19.pdf,12,ton rop,0.12542921586867364
419,15_9_F_10_2009_05_20.pdf,1,parameters lpm,0.2765735324779462
419,15_9_F_10_2009_05_20.pdf,2,wob ton,0.2747546674905237
419,15_9_F_10_2009_05_20.pdf,3,ton rop,0.25690838254626347
419,15_9_F_10_2009_05_20.pdf,4,parameters,0.20578826192229946
419,15_9_F_10_2009_05_20.pdf,5,knm wob,0.19024017155118184
419,15_9_F_10_2009_05_20.pdf,6,ton,0.18453668280708513
419,15_9_F_10_2009_05_20.pdf,7,shoe,0.1783519203077464
419,15_9_F_10_2009_05_20.pdf,8,casing drilled,0.16978781672576881
419,15_9_F_10_2009_05_20.pdf,9,rpm knm,0.15985105917309222
419,15_9_F_10_2009_05_20.pdf,10,fit,0.1591419336321182
419,15_9_F_10_2009_05_20.pdf,11,bar rpm,0.1547609829468153
419,15_9_F_10_2009_05_20.pdf,12,wob,0.15238485525493986
420,15_9_F_10_2009_05_21.pdf,1,bar spm,0.33347319169655987
420,15_9_F_10_2009_05_21.pdf,2,spm bar,0.315661026816702
420,15_9_F_10_2009_05_21.pdf,3,spm,0.26008555062326993
420,15_9_F_10_2009_05_21.pdf,4,bar,0.20970613928985274
420,15_9_F_10_2009_05_21.pdf,5,ton rop,0.19141842258485775
420,15_9_F_10_2009_05_21.pdf,6,m/hr ecd,0.19141842258485775
420,15_9_F_10_2009_05_21.pdf,7,hole parameters,0.1791259843748705
420,15_9_F_10_2009_05_21.pdf,8,wob ton,0.1791259843748705
420,15_9_F_10_2009_05_21.pdf,9,parameters,0.1609961002357725
420,15_9_F_10_2009_05_21.pdf,10,parameters lpm,0.1602771478024717
420,15_9_F_10_2009_05_21.pdf,11,rop,0.15939179585876617
420,15_9_F_10_2009_05_21.pdf,12,drilled hole,0.12726621089036685
421,15_9_F_10_2009_05_22.pdf,1,hole section,0.24737713317774074
421,15_9_F_10_2009_05_22.pdf,2,section,0.20113718150773816
421,15_9_F_10_2009_05_22.pdf,3,parameters,0.2006277620449234
421,15_9_F_10_2009_05_22.pdf,4,rop,0.1986285335150007
421,15_9_F_10_2009_05_22.pdf,5,drilled hole,0.19031369110789106
421,15_9_F_10_2009_05_22.pdf,6,drilling parameters,0.1556575214638501
421,15_9_F_10_2009_05_22.pdf,7,drilled,0.15515541224394955
421,15_9_F_10_2009_05_22.pdf,8,hole,0.14814077158271363
421,15_9_F_10_2009_05_22.pdf,9,torque stick/slip,0.14342780147728865
421,15_9_F_10_2009_05_22.pdf,10,penetration limited,0.14342780147728865
421,15_9_F_10_2009_05_22.pdf,11,m/hrs penetration,0.14342780147728865
421,15_9_F_10_2009_05_22.pdf,12,ecd,0.13952795430921575
422,15_9_F_10_2009_05_23.pdf,1,hole section,0.2659772930108689
422,15_9_F_10_2009_05_23.pdf,2,penetration limited,0.23131809651957472
422,15_9_F_10_2009_05_23.pdf,3,torque stick/slip,0.23131809651957472
422,15_9_F_10_2009_05_23.pdf,4,m/hrs penetration,0.23131809651957472
422,15_9_F_10_2009_05_23.pdf,5,stick/slip,0.2169383362758729
422,15_9_F_10_2009_05_23.pdf,6,limited torque,0.2169383362758729
422,15_9_F_10_2009_05_23.pdf,7,section,0.21626058307833038
422,15_9_F_10_2009_05_23.pdf,8,torque,0.19422473881394298
422,15_9_F_10_2009_05_23.pdf,9,penetration,0.18951727095282142
422,15_9_F_10_2009_05_23.pdf,10,limited,0.17797621352863596
422,15_9_F_10_2009_05_23.pdf,11,rop m/hrs,0.17085945691757667
422,15_9_F_10_2009_05_23.pdf,12,ecd rop,0.16106217166913483
423,15_9_F_10_2009_05_24.pdf,1,drilling,0.295713375869004
423,15_9_F_10_2009_05_24.pdf,2,drilling bha,0.21503724030417745
423,15_9_F_10_2009_05_24.pdf,3,bha,0.1921673201115226
423,15_9_F_10_2009_05_24.pdf,4,exceed,0.15141248357534218
423,15_9_F_10_2009_05_24.pdf,5,drilling drill,0.14880132341593813
423,15_9_F_10_2009_05_24.pdf,6,powerdrive,0.13861708384215296
423,15_9_F_10_2009_05_24.pdf,7,drill,0.12637126020536188
423,15_9_F_10_2009_05_24.pdf,8,pooh drilling,0.1155246998844232
423,15_9_F_10_2009_05_24.pdf,9,drill pooh,0.11473168470922727
423,15_9_F_10_2009_05_24.pdf,10,drilling trip,0.1064201212785118
423,15_9_F_10_2009_05_24.pdf,11,m/hrs penetration,0.10451735765540617
423,15_9_F_10_2009_05_24.pdf,12,torque stick/slip,0.10451735765540617
424,15_9_F_10_2009_05_25.pdf,1,drilling othe,0.33907565864027284
424,15_9_F_10_2009_05_25.pdf,2,drilling,0.327474148513634
424,15_9_F_10_2009_05_25.pdf,3,othe,0.28365395349236705
424,15_9_F_10_2009_05_25.pdf,4,tds filled,0.24655113489984642
424,15_9_F_10_2009_05_25.pdf,5,drill rih,0.23281606918750583
424,15_9_F_10_2009_05_25.pdf,6,othe tds,0.2219412449899115
424,15_9_F_10_2009_05_25.pdf,7,drilling drill,0.21421811746655242
424,15_9_F_10_2009_05_25.pdf,8,drill,0.16979875347997725
424,15_9_F_10_2009_05_25.pdf,9,rih drilling,0.1650818427783519
424,15_9_F_10_2009_05_25.pdf,10,drilling bha,0.15478650238345104
424,15_9_F_10_2009_05_25.pdf,11,tds,0.14350719298476608
424,15_9_F_10_2009_05_25.pdf,12,filled,0.12113700633821935
425,15_9_F_10_2009_05_26.pdf,1,blower hose,0.18950547657245215
425,15_9_F_10_2009_05_26.pdf,2,blower,0.18950547657245215
425,15_9_F_10_2009_05_26.pdf,3,powerdrive,0.17866198196111344
425,15_9_F_10_2009_05_26.pdf,4,hole section,0.15489548638490608
425,15_9_F_10_2009_05_26.pdf,5,knm rop,0.14925348541855107
425,15_9_F_10_2009_05_26.pdf,6,drilled hole,0.1489564302649341
425,15_9_F_10_2009_05_26.pdf,7,drilling drill,0.1438412493416109
425,15_9_F_10_2009_05_26.pdf,8,hose tds,0.13471123291929288
425,15_9_F_10_2009_05_26.pdf,9,air blower,0.13471123291929288
425,15_9_F_10_2009_05_26.pdf,10,spp bar,0.13328174002237728
425,15_9_F_10_2009_05_26.pdf,11,section drilling,0.13232147545409034
425,15_9_F_10_2009_05_26.pdf,12,right,0.13232147545409034
426,15_9_F_10_2009_05_27.pdf,1,knm rop,0.18141504753163348
426,15_9_F_10_2009_05_27.pdf,2,rop m/hrs,0.18141504753163348
426,15_9_F_10_2009_05_27.pdf,3,hole section,0.1694455225051281
426,15_9_F_10_2009_05_27.pdf,4,powerdrive,0.16287042740749966
426,15_9_F_10_2009_05_27.pdf,5,drilling,0.16036306387106294
426,15_9_F_10_2009_05_27.pdf,6,m/hrs,0.15446776754963767
426,15_9_F_10_2009_05_27.pdf,7,m/hrs performed,0.15386501808937533
426,15_9_F_10_2009_05_27.pdf,8,dci,0.14800322661102475
426,15_9_F_10_2009_05_27.pdf,9,downlinked powerdrive,0.1451320380253068
426,15_9_F_10_2009_05_27.pdf,10,downlinked,0.14009958732521194
426,15_9_F_10_2009_05_27.pdf,11,parameters flow,0.13947960511928553
426,15_9_F_10_2009_05_27.pdf,12,section,0.13777261615890612
427,15_9_F_10_2009_05_28.pdf,1,dci,0.30499062032630353
427,15_9_F_10_2009_05_28.pdf,2,dci manifold,0.18118287355963777
427,15_9_F_10_2009_05_28.pdf,3,flange,0.16932255897453444
427,15_9_F_10_2009_05_28.pdf,4,parameters flow,0.16424341265014775
427,15_9_F_10_2009_05_28.pdf,5,flow lpm,0.15215397918305473
427,15_9_F_10_2009_05_28.pdf,6,spare,0.1519544496812551
427,15_9_F_10_2009_05_28.pdf,7,parts,0.13836400652548758
427,15_9_F_10_2009_05_28.pdf,8,parameters,0.13485205805593875
427,15_9_F_10_2009_05_28.pdf,9,torque knm,0.1273935193217832
427,15_9_F_10_2009_05_28.pdf,10,bar rpm,0.12676765952410116
427,15_9_F_10_2009_05_28.pdf,11,torque,0.1214188420582713
427,15_9_F_10_2009_05_28.pdf,12,alarm mudpump,0.12078858237309184
428,15_9_F_10_2009_05_29.pdf,1,mwd survey,0.18808603771738344
428,15_9_F_10_2009_05_29.pdf,2,gyro,0.1813881903967646
428,15_9_F_10_2009_05_29.pdf,3,dds,0.17081278809164013
428,15_9_F_10_2009_05_29.pdf,4,dds instructions,0.17081278809164013
428,15_9_F_10_2009_05_29.pdf,5,according dds,0.17081278809164013
428,15_9_F_10_2009_05_29.pdf,6,downlinked powerdrive,0.16561093081862638
428,15_9_F_10_2009_05_29.pdf,7,survey,0.16224760237830094
428,15_9_F_10_2009_05_29.pdf,8,downlinked,0.1598683748945083
428,15_9_F_10_2009_05_29.pdf,9,connections downlinked,0.1578651357629677
428,15_9_F_10_2009_05_29.pdf,10,survey connections,0.14898037834784245
428,15_9_F_10_2009_05_29.pdf,11,powerdrive,0.1486818400831949
428,15_9_F_10_2009_05_29.pdf,12,drilling,0.14639290752319017
429,15_9_F_10_2009_05_30.pdf,1,drilling bha,0.27579141215017583
429,15_9_F_10_2009_05_30.pdf,2,drilling,0.25673043092935277
429,15_9_F_10_2009_05_30.pdf,3,drill pooh,0.23543466833609158
429,15_9_F_10_2009_05_30.pdf,4,pooh drilling,0.20742922530067429
429,15_9_F_10_2009_05_30.pdf,5,drilling drill,0.1717577585676886
429,15_9_F_10_2009_05_30.pdf,6,gyro ewl,0.16795056726063604
429,15_9_F_10_2009_05_30.pdf,7,bha,0.16683451926308784
429,15_9_F_10_2009_05_30.pdf,8,workover,0.16444723392709729
429,15_9_F_10_2009_05_30.pdf,9,gyro,0.16266576617237177
429,15_9_F_10_2009_05_30.pdf,10,up/do,0.15085629025688255
429,15_9_F_10_2009_05_30.pdf,11,rig up/do,0.15085629025688255
429,15_9_F_10_2009_05_30.pdf,12,pooh gyro,0.15085629025688255
430,15_9_F_10_2009_05_31.pdf,1,test plug,0.2637434253638752
430,15_9_F_10_2009_05_31.pdf,2,bop/wellhead quipment,0.23181091836004997
430,15_9_F_10_2009_05_31.pdf,3,quipment,0.22090885909235705
430,15_9_F_10_2009_05_31.pdf,4,bop test,0.21496360191071354
430,15_9_F_10_2009_05_31.pdf,5,drilling,0.2017333289706166
430,15_9_F_10_2009_05_31.pdf,6,bop,0.1990130935306221
430,15_9_F_10_2009_05_31.pdf,7,tds gearbox,0.17904016031506365
430,15_9_F_10_2009_05_31.pdf,8,gearbox,0.17904016031506365
430,15_9_F_10_2009_05_31.pdf,9,telescope,0.16947689425633358
430,15_9_F_10_2009_05_31.pdf,10,broke,0.16916874054703396
430,15_9_F_10_2009_05_31.pdf,11,xceed,0.1541574521740022
430,15_9_F_10_2009_05_31.pdf,12,plug,0.14939954923591706
431,15_9_F_10_2009_06_01.pdf,1,drilling ill,0.4394118979808895
431,15_9_F_10_2009_06_01.pdf,2,ill,0.42833854589146714
431,15_9_F_10_2009_06_01.pdf,3,ill rih,0.3887477024249839
431,15_9_F_10_2009_06_01.pdf,4,drilling,0.2804251791523451
431,15_9_F_10_2009_06_01.pdf,5,rih drilling,0.2088334064961127
431,15_9_F_10_2009_06_01.pdf,6,drilling bha,0.1958094968430632
431,15_9_F_10_2009_06_01.pdf,7,tds filled,0.16794317457723007
431,15_9_F_10_2009_06_01.pdf,8,drilling tds,0.16197820934374332
431,15_9_F_10_2009_06_01.pdf,9,bha drilling,0.15509123266250968
431,15_9_F_10_2009_06_01.pdf,10,tds,0.11520860831227489
431,15_9_F_10_2009_06_01.pdf,11,bha,0.10768277576905928
431,15_9_F_10_2009_06_01.pdf,12,filled pipe,0.10275248395278118
432,15_9_F_10_2009_06_02.pdf,1,link,0.22684369870120705
432,15_9_F_10_2009_06_02.pdf,2,cylinder,0.20212773084187635
432,15_9_F_10_2009_06_02.pdf,3,m/hrs ecd,0.14403535920119087
432,15_9_F_10_2009_06_02.pdf,4,adviced,0.14403535920119087
432,15_9_F_10_2009_06_02.pdf,5,spp bar,0.1425069230164657
432,15_9_F_10_2009_06_02.pdf,6,lpm spp,0.14129682105006047
432,15_9_F_10_2009_06_02.pdf,7,drilling,0.14106550537275228
432,15_9_F_10_2009_06_02.pdf,8,ecd,0.14011899234694417
432,15_9_F_10_2009_06_02.pdf,9,tilt cylinder,0.13910768474918334
432,15_9_F_10_2009_06_02.pdf,10,rpm torque,0.1381649816728688
432,15_9_F_10_2009_06_02.pdf,11,spp,0.13431841188496227
432,15_9_F_10_2009_06_02.pdf,12,dds instructions,0.13167737527152554
433,15_9_F_10_2009_06_03.pdf,1,rpm torque,0.19229613333536932
433,15_9_F_10_2009_06_03.pdf,2,flow lpm,0.17797034312385052
433,15_9_F_10_2009_06_03.pdf,3,p/u weight,0.17181259819250694
433,15_9_F_10_2009_06_03.pdf,4,parameters flow,0.17076535325667766
433,15_9_F_10_2009_06_03.pdf,5,geologist drilling,0.1663276326588711
433,15_9_F_10_2009_06_03.pdf,6,section adviced,0.1663276326588711
433,15_9_F_10_2009_06_03.pdf,7,evaluatio log,0.1663276326588711
433,15_9_F_10_2009_06_03.pdf,8,torque knm,0.16556523469174378
433,15_9_F_10_2009_06_03.pdf,9,adviced geologist,0.1569812192578655
433,15_9_F_10_2009_06_03.pdf,10,adviced,0.15034983341621347
433,15_9_F_10_2009_06_03.pdf,11,spp bar,0.1487543909704474
433,15_9_F_10_2009_06_03.pdf,12,lpm spp,0.1474912384357179
434,15_9_F_10_2009_06_04.pdf,1,drilling bha,0.23174900980977703
434,15_9_F_10_2009_06_04.pdf,2,drilling,0.2206349637693075
434,15_9_F_10_2009_06_04.pdf,3,pooh drilling,0.21787986976396578
434,15_9_F_10_2009_06_04.pdf,4,drill pooh,0.1648641837575667
434,15_9_F_10_2009_06_04.pdf,5,bha,0.1593090290587955
434,15_9_F_10_2009_06_04.pdf,6,bha tripping,0.1544635212848547
434,15_9_F_10_2009_06_04.pdf,7,claw,0.15100447943724662
434,15_9_F_10_2009_06_04.pdf,8,syst,0.12512309379974
434,15_9_F_10_2009_06_04.pdf,9,speed m/hr,0.11429632739206783
434,15_9_F_10_2009_06_04.pdf,10,exhaust fumes,0.11263999719449594
434,15_9_F_10_2009_06_04.pdf,11,level settle,0.11263999719449594
434,15_9_F_10_2009_06_04.pdf,12,settle drilling,0.11263999719449594
435,15_9_F_10_2009_06_05.pdf,1,abandon trip,0.34966389940531123
435,15_9_F_10_2009_06_05.pdf,2,plug abandon,0.31709887303301737
435,15_9_F_10_2009_06_05.pdf,3,abandon,0.31709887303301737
435,15_9_F_10_2009_06_05.pdf,4,l/min bar,0.22694684231309595
435,15_9_F_10_2009_06_05.pdf,5,plug,0.21818661308820536
435,15_9_F_10_2009_06_05.pdf,6,l/min,0.21098250874264868
435,15_9_F_10_2009_06_05.pdf,7,trip,0.19780137952513582
435,15_9_F_10_2009_06_05.pdf,8,spacer,0.1801028009205596
435,15_9_F_10_2009_06_05.pdf,9,trip rih,0.17139605938311592
435,15_9_F_10_2009_06_05.pdf,10,cement string,0.13132884704651687
435,15_9_F_10_2009_06_05.pdf,11,cement,0.1202273621645919
435,15_9_F_10_2009_06_05.pdf,12,string plug,0.1202020880450381
436,15_9_F_10_2009_06_06.pdf,1,plug,0.31291750048918066
436,15_9_F_10_2009_06_06.pdf,2,abandon,0.29235526813391105
436,15_9_F_10_2009_06_06.pdf,3,plug abandon,0.29235526813391105
436,15_9_F_10_2009_06_06.pdf,4,ent plug,0.2702729043592154
436,15_9_F_10_2009_06_06.pdf,5,abandon cem,0.2702729043592154
436,15_9_F_10_2009_06_06.pdf,6,cem ent,0.2588557175146809
436,15_9_F_10_2009_06_06.pdf,7,cem,0.2588557175146809
436,15_9_F_10_2009_06_06.pdf,8,l/min bar,0.2391290381251659
436,15_9_F_10_2009_06_06.pdf,9,l/min,0.23465819214908343
436,15_9_F_10_2009_06_06.pdf,10,ent,0.1930459170634945
436,15_9_F_10_2009_06_06.pdf,11,cement,0.14779450277433293
436,15_9_F_10_2009_06_06.pdf,12,abandon trip,0.13025422484461172
437,15_9_F_10_2009_06_07.pdf,1,plug,0.3430177372471028
437,15_9_F_10_2009_06_07.pdf,2,abandon trip,0.3389560192336009
437,15_9_F_10_2009_06_07.pdf,3,abandon,0.30344736816880874
437,15_9_F_10_2009_06_07.pdf,4,plug abandon,0.30344736816880874
437,15_9_F_10_2009_06_07.pdf,5,ezsv,0.20308728270976767
437,15_9_F_10_2009_06_07.pdf,6,trip,0.18928578163320195
437,15_9_F_10_2009_06_07.pdf,7,l/d deck,0.17953567884154237
437,15_9_F_10_2009_06_07.pdf,8,deck plug,0.1721493678668283
437,15_9_F_10_2009_06_07.pdf,9,ezsv plug,0.17001306778482858
437,15_9_F_10_2009_06_07.pdf,10,l/d,0.13016845805868815
437,15_9_F_10_2009_06_07.pdf,11,deck,0.11591982888968827
437,15_9_F_10_2009_06_07.pdf,12,box talk,0.10619761302055038
438,15_9_F_10_2009_06_08.pdf,1,plug,0.44220653701963386
438,15_9_F_10_2009_06_08.pdf,2,ezsv plug,0.3003162926695124
438,15_9_F_10_2009_06_08.pdf,3,ezsv,0.27454561179394354
438,15_9_F_10_2009_06_08.pdf,4,abandon,0.2734789437315524
438,15_9_F_10_2009_06_08.pdf,5,plug abandon,0.2734789437315524
438,15_9_F_10_2009_06_08.pdf,6,mec hanical,0.22754012263122705
438,15_9_F_10_2009_06_08.pdf,7,mec,0.22754012263122705
438,15_9_F_10_2009_06_08.pdf,8,abandon mec,0.22754012263122705
438,15_9_F_10_2009_06_08.pdf,9,hanical plug,0.22754012263122705
438,15_9_F_10_2009_06_08.pdf,10,hanical,0.22754012263122705
438,15_9_F_10_2009_06_08.pdf,11,abandon trip,0.1973875711158097
438,15_9_F_10_2009_06_08.pdf,12,rih ezsv,0.17607085396244862
439,15_9_F_10_2009_06_09.pdf,1,plug,0.40287663437975657
439,15_9_F_10_2009_06_09.pdf,2,plug abandon,0.2927579399234502
439,15_9_F_10_2009_06_09.pdf,3,abandon,0.2927579399234502
439,15_9_F_10_2009_06_09.pdf,4,ezsv,0.28301462523951676
439,15_9_F_10_2009_06_09.pdf,5,ezsv plug,0.25514856936277314
439,15_9_F_10_2009_06_09.pdf,6,abandon trip,0.23478053190360917
439,15_9_F_10_2009_06_09.pdf,7,abandon mechani,0.20298387096557088
439,15_9_F_10_2009_06_09.pdf,8,cal plug,0.20298387096557088
439,15_9_F_10_2009_06_09.pdf,9,cal,0.20298387096557088
439,15_9_F_10_2009_06_09.pdf,10,mechani cal,0.20298387096557088
439,15_9_F_10_2009_06_09.pdf,11,mechani,0.19440918684495834
439,15_9_F_10_2009_06_09.pdf,12,trip,0.1318906921135174
440,15_9_F_10_2009_06_10.pdf,1,plug abandon,0.39216955272469584
440,15_9_F_10_2009_06_10.pdf,2,abandon,0.39216955272469584
440,15_9_F_10_2009_06_10.pdf,3,abandon tri,0.3182967101594203
440,15_9_F_10_2009_06_10.pdf,4,plug,0.27983468421797536
440,15_9_F_10_2009_06_10.pdf,5,tri,0.2689304861370719
440,15_9_F_10_2009_06_10.pdf,6,wear bushing,0.2572455159691928
440,15_9_F_10_2009_06_10.pdf,7,wear,0.24850568439256096
440,15_9_F_10_2009_06_10.pdf,8,bushing,0.20694555551315993
440,15_9_F_10_2009_06_10.pdf,9,ms-seal,0.16843547787744392
440,15_9_F_10_2009_06_10.pdf,10,ton,0.09074010366983375
440,15_9_F_10_2009_06_10.pdf,11,tri pooh,0.09063698825465394
440,15_9_F_10_2009_06_10.pdf,12,l/min bar,0.08910308996047142
441,15_9_F_10_2009_06_11.pdf,1,plug abandon,0.42192728220958325
441,15_9_F_10_2009_06_11.pdf,2,abandon,0.42192728220958325
441,15_9_F_10_2009_06_11.pdf,3,casing,0.3104987602627182
441,15_9_F_10_2009_06_11.pdf,4,plug,0.30739343931681085
441,15_9_F_10_2009_06_11.pdf,5,spear,0.1563344760116983
441,15_9_F_10_2009_06_11.pdf,6,abandon trip,0.14928059242748307
441,15_9_F_10_2009_06_11.pdf,7,wheels,0.1356067596873126
441,15_9_F_10_2009_06_11.pdf,8,wear bushing,0.11721822040965714
441,15_9_F_10_2009_06_11.pdf,9,wear,0.11323577002472761
441,15_9_F_10_2009_06_11.pdf,10,tong,0.10474665129690755
441,15_9_F_10_2009_06_11.pdf,11,ton,0.10336811345274824
441,15_9_F_10_2009_06_11.pdf,12,slug plug,0.09550586468147379
442,15_9_F_10_2009_06_12.pdf,1,abandon,0.363710582366791
442,15_9_F_10_2009_06_12.pdf,2,plug abandon,0.363710582366791
442,15_9_F_10_2009_06_12.pdf,3,abandon trip,0.2692447419484291
442,15_9_F_10_2009_06_12.pdf,4,plug,0.2502587894807371
442,15_9_F_10_2009_06_12.pdf,5,seat protector,0.23111227077299426
442,15_9_F_10_2009_06_12.pdf,6,protector,0.2198084100763084
442,15_9_F_10_2009_06_12.pdf,7,seat,0.20919628653141478
442,15_9_F_10_2009_06_12.pdf,8,casing equipment,0.1952283832266803
442,15_9_F_10_2009_06_12.pdf,9,casing,0.17500633627001297
442,15_9_F_10_2009_06_12.pdf,10,set seat,0.17458540806608364
442,15_9_F_10_2009_06_12.pdf,11,trip,0.13961664240444296
442,15_9_F_10_2009_06_12.pdf,12,rigged casing,0.12236772496449128
443,15_9_F_10_2009_06_13.pdf,1,plug abandon,0.4674003995928383
443,15_9_F_10_2009_06_13.pdf,2,abandon,0.4674003995928383
443,15_9_F_10_2009_06_13.pdf,3,plug,0.335004968796622
443,15_9_F_10_2009_06_13.pdf,4,abandon trip,0.16399119721556876
443,15_9_F_10_2009_06_13.pdf,5,l/min bar,0.14336453814485225
443,15_9_F_10_2009_06_13.pdf,6,l/min,0.1332797126157091
443,15_9_F_10_2009_06_13.pdf,7,cement,0.11392319941593199
443,15_9_F_10_2009_06_13.pdf,8,abandon pumped,0.1040242010326064
443,15_9_F_10_2009_06_13.pdf,9,syst,0.10343399013130479
443,15_9_F_10_2009_06_13.pdf,10,l/d,0.10024932771400495
443,15_9_F_10_2009_06_13.pdf,11,trip,0.09718571681419662
443,15_9_F_10_2009_06_13.pdf,12,trip pooh,0.07908405999289106
444,15_9_F_10_2009_06_14.pdf,1,plug abandon,0.4147935420439046
444,15_9_F_10_2009_06_14.pdf,2,abandon,0.4147935420439046
444,15_9_F_10_2009_06_14.pdf,3,plug,0.3424890055411692
444,15_9_F_10_2009_06_14.pdf,4,jetting tool,0.13963658689790048
444,15_9_F_10_2009_06_14.pdf,5,sea water,0.1352809410672504
444,15_9_F_10_2009_06_14.pdf,6,l/min bar,0.12722857026308565
444,15_9_F_10_2009_06_14.pdf,7,abandon trip,0.12474313479343316
444,15_9_F_10_2009_06_14.pdf,8,treated sea,0.12395173246973752
444,15_9_F_10_2009_06_14.pdf,9,jetting,0.12094697980548899
444,15_9_F_10_2009_06_14.pdf,10,l/min,0.11827881218463283
444,15_9_F_10_2009_06_14.pdf,11,sea,0.1154823159448992
444,15_9_F_10_2009_06_14.pdf,12,bar plug,0.11338363291093938
445,15_9_F_10_2009_06_15.pdf,1,bop/wellhead equipment,0.40298087294637075
445,15_9_F_10_2009_06_15.pdf,2,drilling bop/wellhead,0.3712683109150318
445,15_9_F_10_2009_06_15.pdf,3,bop/wellhead,0.3471221317547758
445,15_9_F_10_2009_06_15.pdf,4,bop joint,0.23612464841168257
445,15_9_F_10_2009_06_15.pdf,5,equipment,0.18211297384809386
445,15_9_F_10_2009_06_15.pdf,6,plug abandon,0.14817054356672868
445,15_9_F_10_2009_06_15.pdf,7,abandon,0.14817054356672868
445,15_9_F_10_2009_06_15.pdf,8,drilling,0.14454828505969874
445,15_9_F_10_2009_06_15.pdf,9,bop,0.14259915067612303
445,15_9_F_10_2009_06_15.pdf,10,claxton tool,0.13047746838635615
445,15_9_F_10_2009_06_15.pdf,11,claxton,0.12944880101534154
445,15_9_F_10_2009_06_15.pdf,12,joint,0.12290717329343433
446,15_9_F_10_2009_06_16.pdf,1,camera,0.27223924285755224
446,15_9_F_10_2009_06_16.pdf,2,rigfloor,0.2089466785445822
446,15_9_F_10_2009_06_16.pdf,3,general,0.19153498642819844
446,15_9_F_10_2009_06_16.pdf,4,blower hose,0.1861847574484196
446,15_9_F_10_2009_06_16.pdf,5,blower,0.1861847574484196
446,15_9_F_10_2009_06_16.pdf,6,cleared rigfloor,0.16265095294068488
446,15_9_F_10_2009_06_16.pdf,7,rig maintenance,0.1544857243040187
446,15_9_F_10_2009_06_16.pdf,8,head,0.12880262465682005
446,15_9_F_10_2009_06_16.pdf,9,hose,0.12554009888998038
446,15_9_F_10_2009_06_16.pdf,10,bop/wellhead equipment,0.12045591006537153
446,15_9_F_10_2009_06_16.pdf,11,cap,0.11366402518210143
446,15_9_F_10_2009_06_16.pdf,12,cleaned,0.11260292324782091
447,15_9_F_11_2013_03_08.pdf,1,drilling,0.19491873340459595
447,15_9_F_11_2013_03_08.pdf,2,drilling trip,0.17278204626549643
447,15_9_F_11_2013_03_08.pdf,3,deck hatch,0.1476477338882502
447,15_9_F_11_2013_03_08.pdf,4,hole,0.14605731075246198
447,15_9_F_11_2013_03_08.pdf,5,wells f-7,0.1414106241455222
447,15_9_F_11_2013_03_08.pdf,6,assembly stand,0.1414106241455222
447,15_9_F_11_2013_03_08.pdf,7,opener assembly,0.1414106241455222
447,15_9_F_11_2013_03_08.pdf,8,f-7 f-12,0.1414106241455222
447,15_9_F_11_2013_03_08.pdf,9,cement assembly,0.13657274597651653
447,15_9_F_11_2013_03_08.pdf,10,trip,0.13283378736518928
447,15_9_F_11_2013_03_08.pdf,11,f-12 f-14,0.12638280195218937
447,15_9_F_11_2013_03_08.pdf,12,hole opener,0.11947854527731293
448,15_9_F_11_2013_03_09.pdf,1,sensor degrees,0.3623954095584464
448,15_9_F_11_2013_03_09.pdf,2,degrees,0.2804220569769097
448,15_9_F_11_2013_03_09.pdf,3,sensor,0.27009022493841733
448,15_9_F_11_2013_03_09.pdf,4,bit depth,0.24956755410192127
448,15_9_F_11_2013_03_09.pdf,5,degrees bit,0.21743724573506787
448,15_9_F_11_2013_03_09.pdf,6,depth gyro,0.19198592941008225
448,15_9_F_11_2013_03_09.pdf,7,gyro sensor,0.19198592941008225
448,15_9_F_11_2013_03_09.pdf,8,depth ontrack,0.1811977047792232
448,15_9_F_11_2013_03_09.pdf,9,ontrack sensor,0.1811977047792232
448,15_9_F_11_2013_03_09.pdf,10,opener assy,0.14495816382337856
448,15_9_F_11_2013_03_09.pdf,11,bit,0.1433490780829171
448,15_9_F_11_2013_03_09.pdf,12,ontrack,0.14218282195364873
449,15_9_F_11_2013_03_10.pdf,1,fish,0.236212886931587
449,15_9_F_11_2013_03_10.pdf,2,fishing equipment,0.20727817037108154
449,15_9_F_11_2013_03_10.pdf,3,f-11,0.1827461697652861
449,15_9_F_11_2013_03_10.pdf,4,fishing,0.1813340874608921
449,15_9_F_11_2013_03_10.pdf,5,bha,0.16694830470454222
449,15_9_F_11_2013_03_10.pdf,6,rov,0.16558770540023565
449,15_9_F_11_2013_03_10.pdf,7,parted,0.16096550908273766
449,15_9_F_11_2013_03_10.pdf,8,template,0.1590005646623198
449,15_9_F_11_2013_03_10.pdf,9,rih observed,0.15545862777831115
449,15_9_F_11_2013_03_10.pdf,10,sea,0.14996700252384634
449,15_9_F_11_2013_03_10.pdf,11,observed string,0.14715494766568787
449,15_9_F_11_2013_03_10.pdf,12,funnel,0.1396875064572285
450,15_9_F_11_2013_03_11.pdf,1,fish,0.45262598483101874
450,15_9_F_11_2013_03_11.pdf,2,fishing,0.3378165248554311
450,15_9_F_11_2013_03_11.pdf,3,interruption fish,0.18258798758066747
450,15_9_F_11_2013_03_11.pdf,4,additional,0.16966354127612207
450,15_9_F_11_2013_03_11.pdf,5,evaluated situation,0.1683259360089449
450,15_9_F_11_2013_03_11.pdf,6,installation,0.16703527406803909
450,15_9_F_11_2013_03_11.pdf,7,fish evaluated,0.1669851076580831
450,15_9_F_11_2013_03_11.pdf,8,enviro,0.1599311257618693
450,15_9_F_11_2013_03_11.pdf,9,enviro unit,0.1599311257618693
450,15_9_F_11_2013_03_11.pdf,10,evaluated,0.15520739906327585
450,15_9_F_11_2013_03_11.pdf,11,fishing equipment,0.1544596323253392
450,15_9_F_11_2013_03_11.pdf,12,fish remaining,0.1544596323253392
451,15_9_F_11_2013_03_12.pdf,1,fish,0.4818478090393665
451,15_9_F_11_2013_03_12.pdf,2,fishing,0.3625031860223612
451,15_9_F_11_2013_03_12.pdf,3,interruption fish,0.27990141882799
451,15_9_F_11_2013_03_12.pdf,4,tof,0.22398487451970828
451,15_9_F_11_2013_03_12.pdf,5,taper tap,0.1919870353026071
451,15_9_F_11_2013_03_12.pdf,6,tap,0.1919870353026071
451,15_9_F_11_2013_03_12.pdf,7,taper,0.1681005741224792
451,15_9_F_11_2013_03_12.pdf,8,tap assembly,0.1599891960855059
451,15_9_F_11_2013_03_12.pdf,9,rov,0.1576308328225624
451,15_9_F_11_2013_03_12.pdf,10,itco spear,0.14370524015668024
451,15_9_F_11_2013_03_12.pdf,11,itco,0.14370524015668024
451,15_9_F_11_2013_03_12.pdf,12,spear,0.13565651641046872
452,15_9_F_11_2013_03_13.pdf,1,interrupti,0.2684439108188011
452,15_9_F_11_2013_03_13.pdf,2,conductor,0.22761434258416813
452,15_9_F_11_2013_03_13.pdf,3,interrupti rep,0.17617753273745587
452,15_9_F_11_2013_03_13.pdf,4,wiper trip,0.1552287596801839
452,15_9_F_11_2013_03_13.pdf,5,fish,0.1549703346629813
452,15_9_F_11_2013_03_13.pdf,6,air held,0.15436562413303354
452,15_9_F_11_2013_03_13.pdf,7,rep air,0.15003498246640048
452,15_9_F_11_2013_03_13.pdf,8,rep,0.14848476107962863
452,15_9_F_11_2013_03_13.pdf,9,held,0.13811143406083284
452,15_9_F_11_2013_03_13.pdf,10,interrupti fish,0.13515990806690367
452,15_9_F_11_2013_03_13.pdf,11,drilling,0.1287078492550556
452,15_9_F_11_2013_03_13.pdf,12,air,0.12397626773038505
453,15_9_F_11_2013_03_14.pdf,1,conductor,0.5408928929913354
453,15_9_F_11_2013_03_14.pdf,2,drilling asing,0.2717214274365575
453,15_9_F_11_2013_03_14.pdf,3,asing,0.26171016020672944
453,15_9_F_11_2013_03_14.pdf,4,housing,0.14337138233760333
453,15_9_F_11_2013_03_14.pdf,5,auto slips,0.11708563158843169
453,15_9_F_11_2013_03_14.pdf,6,auto,0.1145476986845893
453,15_9_F_11_2013_03_14.pdf,7,conductor running,0.11264666067134514
453,15_9_F_11_2013_03_14.pdf,8,asing held,0.10734889221576602
453,15_9_F_11_2013_03_14.pdf,9,conductor housing,0.10646387870187679
453,15_9_F_11_2013_03_14.pdf,10,slips run,0.10630239972546031
453,15_9_F_11_2013_03_14.pdf,11,bushing weatherford,0.10630239972546031
453,15_9_F_11_2013_03_14.pdf,12,re-installed bushing,0.10630239972546031
454,15_9_F_11_2013_03_15.pdf,1,conductor,0.3570155514262128
454,15_9_F_11_2013_03_15.pdf,2,conductor running,0.20712415627718286
454,15_9_F_11_2013_03_15.pdf,3,rov,0.20447575811738877
454,15_9_F_11_2013_03_15.pdf,4,cement,0.15852187771226653
454,15_9_F_11_2013_03_15.pdf,5,running,0.1574685525886942
454,15_9_F_11_2013_03_15.pdf,6,cts,0.15262787946236978
454,15_9_F_11_2013_03_15.pdf,7,running string,0.1518619004740673
454,15_9_F_11_2013_03_15.pdf,8,inner cement,0.14659419144443833
454,15_9_F_11_2013_03_15.pdf,9,interruptio wait,0.14659419144443833
454,15_9_F_11_2013_03_15.pdf,10,running tool,0.13806507721253658
454,15_9_F_11_2013_03_15.pdf,11,roll pitch,0.1325120300885872
454,15_9_F_11_2013_03_15.pdf,12,conductor housing,0.13050388958833956
455,15_9_F_11_2013_03_16.pdf,1,boat l/o,0.2665762056893167
455,15_9_F_11_2013_03_16.pdf,2,l/o cantilever,0.2665762056893167
455,15_9_F_11_2013_03_16.pdf,3,casing spud,0.2665762056893167
455,15_9_F_11_2013_03_16.pdf,4,cantilever deck,0.25125381066361113
455,15_9_F_11_2013_03_16.pdf,5,spud boat,0.24096830741477743
455,15_9_F_11_2013_03_16.pdf,6,spud,0.22598864720188996
455,15_9_F_11_2013_03_16.pdf,7,p/u casing,0.22598864720188996
455,15_9_F_11_2013_03_16.pdf,8,l/o,0.1697547829118735
455,15_9_F_11_2013_03_16.pdf,9,knm lpm,0.16773103031761952
455,15_9_F_11_2013_03_16.pdf,10,cantilever,0.15901313723759256
455,15_9_F_11_2013_03_16.pdf,11,p/u,0.1536677618924223
455,15_9_F_11_2013_03_16.pdf,12,boat,0.14916495237827201
456,15_9_F_11_2013_03_17.pdf,1,interruption oth,0.3398365450900804
456,15_9_F_11_2013_03_17.pdf,2,oth,0.27230514011056584
456,15_9_F_11_2013_03_17.pdf,3,interruption pair,0.26431731284784027
456,15_9_F_11_2013_03_17.pdf,4,pair,0.26431731284784027
456,15_9_F_11_2013_03_17.pdf,5,interruption,0.17669464862005438
456,15_9_F_11_2013_03_17.pdf,6,onshore,0.16240292640638423
456,15_9_F_11_2013_03_17.pdf,7,mwd,0.133811230955888
456,15_9_F_11_2013_03_17.pdf,8,motor steerable,0.12936232122396182
456,15_9_F_11_2013_03_17.pdf,9,stabbing guide,0.12493663430317384
456,15_9_F_11_2013_03_17.pdf,10,management,0.121320584793661
456,15_9_F_11_2013_03_17.pdf,11,personal,0.121320584793661
456,15_9_F_11_2013_03_17.pdf,12,floor,0.10640586293870888
457,15_9_F_11_2013_03_18.pdf,1,ontrack,0.5259658082759394
457,15_9_F_11_2013_03_18.pdf,2,interruption repair,0.28501973158288785
457,15_9_F_11_2013_03_18.pdf,3,repair,0.24246842587385437
457,15_9_F_11_2013_03_18.pdf,4,temperature,0.1828065046672823
457,15_9_F_11_2013_03_18.pdf,5,lithium,0.17508417665541232
457,15_9_F_11_2013_03_18.pdf,6,batteries,0.1642001666248451
457,15_9_F_11_2013_03_18.pdf,7,interruption,0.13451943107505632
457,15_9_F_11_2013_03_18.pdf,8,pumping hi-vis,0.11672278443694153
457,15_9_F_11_2013_03_18.pdf,9,rov interruption,0.10946677774989673
457,15_9_F_11_2013_03_18.pdf,10,ontrack tool,0.10946677774989673
457,15_9_F_11_2013_03_18.pdf,11,hi-vis sweeps,0.10670817203692201
457,15_9_F_11_2013_03_18.pdf,12,repair m/u,0.10670817203692201
458,15_9_F_11_2013_03_19.pdf,1,conductor shoe,0.3204357810687467
458,15_9_F_11_2013_03_19.pdf,2,orientated,0.2573238947587225
458,15_9_F_11_2013_03_19.pdf,3,reamed,0.23951235573183394
458,15_9_F_11_2013_03_19.pdf,4,conductor,0.23492998268708704
458,15_9_F_11_2013_03_19.pdf,5,interruption,0.18758701596957997
458,15_9_F_11_2013_03_19.pdf,6,interruption reamed,0.16994881426575456
458,15_9_F_11_2013_03_19.pdf,7,shoe,0.16443983186720398
458,15_9_F_11_2013_03_19.pdf,8,drive,0.16012658565255655
458,15_9_F_11_2013_03_19.pdf,9,inclination survey,0.1572010326775098
458,15_9_F_11_2013_03_19.pdf,10,survey data,0.15265115249001393
458,15_9_F_11_2013_03_19.pdf,11,shoe lpm,0.14253266900104794
458,15_9_F_11_2013_03_19.pdf,12,lpm bar,0.13638568890096395
459,15_9_F_11_2013_03_20.pdf,1,inclination survey,0.28248178699631654
459,15_9_F_11_2013_03_20.pdf,2,survey data,0.27430589741027545
459,15_9_F_11_2013_03_20.pdf,3,stinger plug,0.2673932812608578
459,15_9_F_11_2013_03_20.pdf,4,ontrack,0.23963355659440297
459,15_9_F_11_2013_03_20.pdf,5,conductor shoe,0.23032233443288322
459,15_9_F_11_2013_03_20.pdf,6,inclination,0.23032233443288322
459,15_9_F_11_2013_03_20.pdf,7,racked bha,0.22261601187469543
459,15_9_F_11_2013_03_20.pdf,8,survey,0.21165432665266654
459,15_9_F_11_2013_03_20.pdf,9,rih cement,0.2052273485561657
459,15_9_F_11_2013_03_20.pdf,10,data,0.2052273485561657
459,15_9_F_11_2013_03_20.pdf,11,cement stinger,0.17922640779801965
459,15_9_F_11_2013_03_20.pdf,12,conductor,0.16886260910156592
460,15_9_F_11_2013_03_21.pdf,1,interruptio repair,0.5136952999856244
460,15_9_F_11_2013_03_21.pdf,2,interruptio,0.44459661797653804
460,15_9_F_11_2013_03_21.pdf,3,repair,0.2593884243950763
460,15_9_F_11_2013_03_21.pdf,4,rih cement,0.17921223457941
460,15_9_F_11_2013_03_21.pdf,5,cement stinger,0.15650723581966153
460,15_9_F_11_2013_03_21.pdf,6,cement,0.1499946764207524
460,15_9_F_11_2013_03_21.pdf,7,stinger,0.1416881176404054
460,15_9_F_11_2013_03_21.pdf,8,drive,0.12563218865274467
460,15_9_F_11_2013_03_21.pdf,9,l/min,0.11698669202723962
460,15_9_F_11_2013_03_21.pdf,10,cement stand,0.1166380013830434
460,15_9_F_11_2013_03_21.pdf,11,performed tool,0.09866948558610884
460,15_9_F_11_2013_03_21.pdf,12,rih,0.09857420607113
461,15_9_F_11_2013_03_22.pdf,1,interrupti,0.37511508079808814
461,15_9_F_11_2013_03_22.pdf,2,interrupti rep,0.3590197114969431
461,15_9_F_11_2013_03_22.pdf,3,rep air,0.3057456605423562
461,15_9_F_11_2013_03_22.pdf,4,rep,0.3025865742139955
461,15_9_F_11_2013_03_22.pdf,5,air,0.2526424520847412
461,15_9_F_11_2013_03_22.pdf,6,cement,0.19659210924531062
461,15_9_F_11_2013_03_22.pdf,7,m/u steering,0.1677710764595649
461,15_9_F_11_2013_03_22.pdf,8,steering bha,0.1606838927420965
461,15_9_F_11_2013_03_22.pdf,9,steering,0.1336190601729264
461,15_9_F_11_2013_03_22.pdf,10,bha interrupti,0.12582830734467368
461,15_9_F_11_2013_03_22.pdf,11,prs,0.11153977306004921
461,15_9_F_11_2013_03_22.pdf,12,m/u,0.09244151821871643
462,15_9_F_11_2013_03_23.pdf,1,interruption rep,0.33675817676847847
462,15_9_F_11_2013_03_23.pdf,2,rep air,0.3082265391355596
462,15_9_F_11_2013_03_23.pdf,3,rep,0.30504181937831487
462,15_9_F_11_2013_03_23.pdf,4,steering,0.2619230263754832
462,15_9_F_11_2013_03_23.pdf,5,air,0.2546924411181084
462,15_9_F_11_2013_03_23.pdf,6,l/min bar,0.16627008473002192
462,15_9_F_11_2013_03_23.pdf,7,interruption othe,0.16085905151048072
462,15_9_F_11_2013_03_23.pdf,8,l/min,0.15457399295644877
462,15_9_F_11_2013_03_23.pdf,9,interruption,0.1498096512662198
462,15_9_F_11_2013_03_23.pdf,10,washed steering,0.14933523218230996
462,15_9_F_11_2013_03_23.pdf,11,othe,0.1454165351817308
462,15_9_F_11_2013_03_23.pdf,12,air washed,0.14094366913894227
463,15_9_F_11_2013_03_24.pdf,1,equ,0.34134671203796035
463,15_9_F_11_2013_03_24.pdf,2,purpose,0.21108421022648122
463,15_9_F_11_2013_03_24.pdf,3,service equ,0.17337607465403004
463,15_9_F_11_2013_03_24.pdf,4,ontrack,0.1656342651604033
463,15_9_F_11_2013_03_24.pdf,5,fit,0.16199400830510138
463,15_9_F_11_2013_03_24.pdf,6,hoisting equ,0.14794990524960622
463,15_9_F_11_2013_03_24.pdf,7,service,0.1467968921605544
463,15_9_F_11_2013_03_24.pdf,8,hoisting,0.1466307459795215
463,15_9_F_11_2013_03_24.pdf,9,casing running,0.14297999431114594
463,15_9_F_11_2013_03_24.pdf,10,cylinder,0.1418527586537203
463,15_9_F_11_2013_03_24.pdf,11,transferred f-11,0.14072280681765412
463,15_9_F_11_2013_03_24.pdf,12,running equipment,0.13971428566155
464,15_9_F_11_A_2013_05_15.pdf,1,hydraulic leak,0.2741826146273781
464,15_9_F_11_A_2013_05_15.pdf,2,hydraulic,0.25764662402748856
464,15_9_F_11_A_2013_05_15.pdf,3,leak drive,0.25201977050987595
464,15_9_F_11_A_2013_05_15.pdf,4,drive,0.1859456086172243
464,15_9_F_11_A_2013_05_15.pdf,5,oriented hole,0.184432860399211
464,15_9_F_11_A_2013_05_15.pdf,6,drilled oriented,0.17683221891819495
464,15_9_F_11_A_2013_05_15.pdf,7,leak,0.16459244935974052
464,15_9_F_11_A_2013_05_15.pdf,8,hole,0.1626881385307263
464,15_9_F_11_A_2013_05_15.pdf,9,oriented,0.14803347996560362
464,15_9_F_11_A_2013_05_15.pdf,10,power,0.14674540208597062
464,15_9_F_11_A_2013_05_15.pdf,11,hose performed,0.12600988525493798
464,15_9_F_11_A_2013_05_15.pdf,12,connection hydraulic,0.12600988525493798
465,15_9_F_11_A_2013_05_16.pdf,1,liter/min bar,0.25278914993547297
465,15_9_F_11_A_2013_05_16.pdf,2,liter/min,0.2506751144061594
465,15_9_F_11_A_2013_05_16.pdf,3,hole liter/min,0.20947052896424534
465,15_9_F_11_A_2013_05_16.pdf,4,ecd average,0.19490054666794068
465,15_9_F_11_A_2013_05_16.pdf,5,hole,0.1815597237311649
465,15_9_F_11_A_2013_05_16.pdf,6,oriented hole,0.17152233450783586
465,15_9_F_11_A_2013_05_16.pdf,7,drilled oriented,0.1644537472302807
465,15_9_F_11_A_2013_05_16.pdf,8,average rop,0.16319277582193997
465,15_9_F_11_A_2013_05_16.pdf,9,rpm knm,0.1591657473131906
465,15_9_F_11_A_2013_05_16.pdf,10,bar rpm,0.1540974932107314
465,15_9_F_11_A_2013_05_16.pdf,11,knm ecd,0.14584198132675683
465,15_9_F_11_A_2013_05_16.pdf,12,oriented,0.1376709552411621
466,15_9_F_11_A_2013_05_17.pdf,1,hole liter/min,0.28280124929094175
466,15_9_F_11_A_2013_05_17.pdf,2,liter/min bar,0.22752313579205044
466,15_9_F_11_A_2013_05_17.pdf,3,liter/min,0.22562039592790675
466,15_9_F_11_A_2013_05_17.pdf,4,knm ecd,0.19689783914811732
466,15_9_F_11_A_2013_05_17.pdf,5,wireline job,0.16519242710875165
466,15_9_F_11_A_2013_05_17.pdf,6,hole,0.16341301708319977
466,15_9_F_11_A_2013_05_17.pdf,7,gyro logging,0.15821417373897967
466,15_9_F_11_A_2013_05_17.pdf,8,run pooh,0.15821417373897967
466,15_9_F_11_A_2013_05_17.pdf,9,prepared rigged,0.15821417373897967
466,15_9_F_11_A_2013_05_17.pdf,10,perform gyro,0.15821417373897967
466,15_9_F_11_A_2013_05_17.pdf,11,ecd,0.15391228044458474
466,15_9_F_11_A_2013_05_17.pdf,12,bottoms clean,0.15280141991101126
467,15_9_F_11_A_2013_05_18.pdf,1,evaluation log,0.3200806838562196
467,15_9_F_11_A_2013_05_18.pdf,2,log,0.2418714274954984
467,15_9_F_11_A_2013_05_18.pdf,3,formation evaluation,0.226005679795881
467,15_9_F_11_A_2013_05_18.pdf,4,evaluation,0.22533421287951938
467,15_9_F_11_A_2013_05_18.pdf,5,wireline job,0.1874827134111873
467,15_9_F_11_A_2013_05_18.pdf,6,rigged logging,0.1874827134111873
467,15_9_F_11_A_2013_05_18.pdf,7,logging equipment,0.1795628474734206
467,15_9_F_11_A_2013_05_18.pdf,8,inside string,0.1795628474734206
467,15_9_F_11_A_2013_05_18.pdf,9,tank formation,0.1795628474734206
467,15_9_F_11_A_2013_05_18.pdf,10,formation,0.1750062729923759
467,15_9_F_11_A_2013_05_18.pdf,11,gyro inside,0.17341972219549104
467,15_9_F_11_A_2013_05_18.pdf,12,log rigged,0.17341972219549104
468,15_9_F_11_A_2013_05_20.pdf,1,oriented hole,0.3642252501092473
468,15_9_F_11_A_2013_05_20.pdf,2,drilled oriented,0.34921520505316767
468,15_9_F_11_A_2013_05_20.pdf,3,oriented,0.2923423252684361
468,15_9_F_11_A_2013_05_20.pdf,4,hole liter/min,0.22240385201564855
468,15_9_F_11_A_2013_05_20.pdf,5,ecd average,0.20693427640269407
468,15_9_F_11_A_2013_05_20.pdf,6,hole,0.19276975204278235
468,15_9_F_11_A_2013_05_20.pdf,7,drilled,0.17946455794454125
468,15_9_F_11_A_2013_05_20.pdf,8,liter/min bar,0.1789313942201609
468,15_9_F_11_A_2013_05_20.pdf,9,liter/min,0.17743501937659034
468,15_9_F_11_A_2013_05_20.pdf,10,average rop,0.1732687750558018
468,15_9_F_11_A_2013_05_20.pdf,11,knm ecd,0.15484669176637014
468,15_9_F_11_A_2013_05_20.pdf,12,time,0.15337487283717094
469,15_9_F_11_A_2013_05_21.pdf,1,oriented hole,0.27153061762511105
469,15_9_F_11_A_2013_05_21.pdf,2,drilled oriented,0.2603406004491037
469,15_9_F_11_A_2013_05_21.pdf,3,hole liter/min,0.24870374287024052
469,15_9_F_11_A_2013_05_21.pdf,4,meter,0.23864621213918333
469,15_9_F_11_A_2013_05_21.pdf,5,ecd average,0.23140484574823708
469,15_9_F_11_A_2013_05_21.pdf,6,oriented,0.21794176025492473
469,15_9_F_11_A_2013_05_21.pdf,7,liter/min bar,0.20009054275019214
469,15_9_F_11_A_2013_05_21.pdf,8,liter/min,0.19841721730659018
469,15_9_F_11_A_2013_05_21.pdf,9,average rop,0.19375830269292113
469,15_9_F_11_A_2013_05_21.pdf,10,wob ecd,0.1822265469049588
469,15_9_F_11_A_2013_05_21.pdf,11,ecd,0.18047331976661782
469,15_9_F_11_A_2013_05_21.pdf,12,rop,0.17127822650928762
470,15_9_F_11_A_2013_05_22.pdf,1,pressure points,0.42703448809703076
470,15_9_F_11_A_2013_05_22.pdf,2,points,0.41274640128665113
470,15_9_F_11_A_2013_05_22.pdf,3,prior new,0.27114734170054866
470,15_9_F_11_A_2013_05_22.pdf,4,new pressure,0.26187096792790276
470,15_9_F_11_A_2013_05_22.pdf,5,liter/min,0.2416675492132481
470,15_9_F_11_A_2013_05_22.pdf,6,liter/min bar,0.19496449650322362
470,15_9_F_11_A_2013_05_22.pdf,7,pressure,0.1549570808269005
470,15_9_F_11_A_2013_05_22.pdf,8,waited prior,0.13557367085027433
470,15_9_F_11_A_2013_05_22.pdf,9,ooh bha,0.13557367085027433
470,15_9_F_11_A_2013_05_22.pdf,10,recorded pressure,0.13093548396395138
470,15_9_F_11_A_2013_05_22.pdf,11,recorded,0.11035026697901625
470,15_9_F_11_A_2013_05_22.pdf,12,prior,0.10777076015742225
471,15_9_F_11_A_2013_05_23.pdf,1,prior new,0.363826068440474
471,15_9_F_11_A_2013_05_23.pdf,2,new pressure,0.3513790107709455
471,15_9_F_11_A_2013_05_23.pdf,3,waited prior,0.2910608547523792
471,15_9_F_11_A_2013_05_23.pdf,4,pressure points,0.286497883251272
471,15_9_F_11_A_2013_05_23.pdf,5,points,0.27691199091474006
471,15_9_F_11_A_2013_05_23.pdf,6,maintenance,0.20032263102536188
471,15_9_F_11_A_2013_05_23.pdf,7,tidied drillfloor,0.16279757165428727
471,15_9_F_11_A_2013_05_23.pdf,8,wait waited,0.156962260747329
471,15_9_F_11_A_2013_05_23.pdf,9,wait,0.15212211552211058
471,15_9_F_11_A_2013_05_23.pdf,10,cleaned tidied,0.1497628492518283
471,15_9_F_11_A_2013_05_23.pdf,11,new,0.14369256152956694
471,15_9_F_11_A_2013_05_23.pdf,12,interruption wait,0.14207938370392587
472,15_9_F_11_A_2013_05_24.pdf,1,pressure points,0.3623875974920335
472,15_9_F_11_A_2013_05_24.pdf,2,points,0.35026252189206325
472,15_9_F_11_A_2013_05_24.pdf,3,interruption wait,0.29952406587507696
472,15_9_F_11_A_2013_05_24.pdf,4,wait,0.24052170710592183
472,15_9_F_11_A_2013_05_24.pdf,5,liter/min,0.21875472198402215
472,15_9_F_11_A_2013_05_24.pdf,6,liter/min bar,0.16544967081907788
472,15_9_F_11_A_2013_05_24.pdf,7,prior new,0.15339968466885132
472,15_9_F_11_A_2013_05_24.pdf,8,ooh bha,0.15339968466885132
472,15_9_F_11_A_2013_05_24.pdf,9,waited prior,0.15339968466885132
472,15_9_F_11_A_2013_05_24.pdf,10,pumped ooh,0.14815164202653835
472,15_9_F_11_A_2013_05_24.pdf,11,recorded pressure,0.14815164202653835
472,15_9_F_11_A_2013_05_24.pdf,12,new pressure,0.14815164202653835
473,15_9_F_11_A_2013_05_25.pdf,1,stinger,0.24680565413320127
473,15_9_F_11_A_2013_05_25.pdf,2,drilling trip,0.21139983952925268
473,15_9_F_11_A_2013_05_25.pdf,3,drilling,0.20979437593437678
473,15_9_F_11_A_2013_05_25.pdf,4,equipment drilling,0.1782462899115561
473,15_9_F_11_A_2013_05_25.pdf,5,woc,0.16589580627360667
473,15_9_F_11_A_2013_05_25.pdf,6,trip,0.16252291218912077
473,15_9_F_11_A_2013_05_25.pdf,7,liter/min bar,0.15994944234489436
473,15_9_F_11_A_2013_05_25.pdf,8,liter/min,0.15861181055137272
473,15_9_F_11_A_2013_05_25.pdf,9,stinger woc,0.15484102457632426
473,15_9_F_11_A_2013_05_25.pdf,10,ooh bha,0.14830004736302055
473,15_9_F_11_A_2013_05_25.pdf,11,rih stinger,0.14830004736302055
473,15_9_F_11_A_2013_05_25.pdf,12,drilling rih,0.14322647127257246
474,15_9_F_11_A_2013_05_26.pdf,1,waited cement,0.3226943368640593
474,15_9_F_11_A_2013_05_26.pdf,2,wait waited,0.2981745688577479
474,15_9_F_11_A_2013_05_26.pdf,3,interruption wait,0.2699021967305191
474,15_9_F_11_A_2013_05_26.pdf,4,liter/min,0.22997409732512403
474,15_9_F_11_A_2013_05_26.pdf,5,cement,0.22549225939108314
474,15_9_F_11_A_2013_05_26.pdf,6,wait,0.2167349622461989
474,15_9_F_11_A_2013_05_26.pdf,7,waited,0.20005428621998828
474,15_9_F_11_A_2013_05_26.pdf,8,liter/min bar,0.19878304590516527
474,15_9_F_11_A_2013_05_26.pdf,9,stinger,0.15336339707088864
474,15_9_F_11_A_2013_05_26.pdf,10,woc,0.13744873876189292
474,15_9_F_11_A_2013_05_26.pdf,11,test tool,0.13367553875571198
474,15_9_F_11_A_2013_05_26.pdf,12,bop test,0.13357168129703953
475,15_9_F_11_A_2013_05_27.pdf,1,liter/min,0.3026587297227384
475,15_9_F_11_A_2013_05_27.pdf,2,liter/min bar,0.26160956761586307
475,15_9_F_11_A_2013_05_27.pdf,3,cement,0.25719233037817874
475,15_9_F_11_A_2013_05_27.pdf,4,stinger,0.23547390799170764
475,15_9_F_11_A_2013_05_27.pdf,5,cement stinger,0.22294461784599792
475,15_9_F_11_A_2013_05_27.pdf,6,drilling pooh,0.21239936198464904
475,15_9_F_11_A_2013_05_27.pdf,7,pooh cement,0.1866227288047389
475,15_9_F_11_A_2013_05_27.pdf,8,mud liter/min,0.17569340038696085
475,15_9_F_11_A_2013_05_27.pdf,9,drilling,0.17156738770644442
475,15_9_F_11_A_2013_05_27.pdf,10,drillng bha,0.11712893359130724
475,15_9_F_11_A_2013_05_27.pdf,11,spotted hi-vis,0.11373886289487059
475,15_9_F_11_A_2013_05_27.pdf,12,circulated reduced,0.11373886289487059
476,15_9_F_11_A_2013_05_28.pdf,1,leak tds,0.29943317296488886
476,15_9_F_11_A_2013_05_28.pdf,2,tds stopped,0.25648612794250253
476,15_9_F_11_A_2013_05_28.pdf,3,stopped operation,0.24565133837048278
476,15_9_F_11_A_2013_05_28.pdf,4,picked drilling,0.21954577058240118
476,15_9_F_11_A_2013_05_28.pdf,5,trip picked,0.17515482625092255
476,15_9_F_11_A_2013_05_28.pdf,6,drilling trip,0.16674898669499172
476,15_9_F_11_A_2013_05_28.pdf,7,operation interruption,0.1637675589136552
476,15_9_F_11_A_2013_05_28.pdf,8,bha,0.16213384247311438
476,15_9_F_11_A_2013_05_28.pdf,9,drilling,0.1603908483995765
476,15_9_F_11_A_2013_05_28.pdf,10,cooler,0.15816481511100852
476,15_9_F_11_A_2013_05_28.pdf,11,observed hydraulic,0.14971658648244443
476,15_9_F_11_A_2013_05_28.pdf,12,tds,0.14643166324948148
477,15_9_F_11_A_2013_05_29.pdf,1,cooler,0.2583007405475245
477,15_9_F_11_A_2013_05_29.pdf,2,new formation,0.22427267349247199
477,15_9_F_11_A_2013_05_29.pdf,3,equ drive,0.2014563449311129
477,15_9_F_11_A_2013_05_29.pdf,4,drilled cement,0.19945572553019691
477,15_9_F_11_A_2013_05_29.pdf,5,hoisting equ,0.19572546744411676
477,15_9_F_11_A_2013_05_29.pdf,6,hoisting,0.1939803290181409
477,15_9_F_11_A_2013_05_29.pdf,7,liter/min bar,0.1923064409382054
477,15_9_F_11_A_2013_05_29.pdf,8,liter/min,0.19069821270229032
477,15_9_F_11_A_2013_05_29.pdf,9,cement new,0.16300256216285477
477,15_9_F_11_A_2013_05_29.pdf,10,new,0.14083897602126164
477,15_9_F_11_A_2013_05_29.pdf,11,formation,0.13902071219154027
477,15_9_F_11_A_2013_05_29.pdf,12,hydraulic,0.1367110118392832
478,15_9_F_11_B_2013_05_29.pdf,1,hole liter/min,0.3407727713538181
478,15_9_F_11_B_2013_05_29.pdf,2,liter/min bar,0.27416317900067905
478,15_9_F_11_B_2013_05_29.pdf,3,liter/min,0.2718703958595319
478,15_9_F_11_B_2013_05_29.pdf,4,drilled,0.20623507939369964
478,15_9_F_11_B_2013_05_29.pdf,5,knm wob,0.20544095303748347
478,15_9_F_11_B_2013_05_29.pdf,6,hole,0.19691110575484466
478,15_9_F_11_B_2013_05_29.pdf,7,emw average,0.18412423375225037
478,15_9_F_11_B_2013_05_29.pdf,8,rop meter/hour,0.1742894065708293
478,15_9_F_11_B_2013_05_29.pdf,9,rpm knm,0.17262365604909077
478,15_9_F_11_B_2013_05_29.pdf,10,drilled hole,0.16864535426209737
478,15_9_F_11_B_2013_05_29.pdf,11,bar rpm,0.16712686689865397
478,15_9_F_11_B_2013_05_29.pdf,12,wob,0.16456087921278653
479,15_9_F_11_B_2013_05_30.pdf,1,drilled orientated,0.20829983122429183
479,15_9_F_11_B_2013_05_30.pdf,2,orientated hole,0.20466114969023927
479,15_9_F_11_B_2013_05_30.pdf,3,average,0.19049983706827617
479,15_9_F_11_B_2013_05_30.pdf,4,emw average,0.1832634978089774
479,15_9_F_11_B_2013_05_30.pdf,5,orientated,0.17999147799514204
479,15_9_F_11_B_2013_05_30.pdf,6,rop meter/hour,0.17347464604903354
479,15_9_F_11_B_2013_05_30.pdf,7,hole liter/min,0.16958987082708313
479,15_9_F_11_B_2013_05_30.pdf,8,meter/hour,0.16032522421723613
479,15_9_F_11_B_2013_05_30.pdf,9,bha average,0.15779383714253098
479,15_9_F_11_B_2013_05_30.pdf,10,change bit,0.155465186767841
479,15_9_F_11_B_2013_05_30.pdf,11,drilling trip,0.154567891911378
479,15_9_F_11_B_2013_05_30.pdf,12,min static,0.14942441805017911
480,15_9_F_11_B_2013_05_31.pdf,1,drilling trip,0.3431816054526488
480,15_9_F_11_B_2013_05_31.pdf,2,autotrack,0.3107197670676462
480,15_9_F_11_B_2013_05_31.pdf,3,copilot,0.2808713409248034
480,15_9_F_11_B_2013_05_31.pdf,4,trip,0.2638359331402635
480,15_9_F_11_B_2013_05_31.pdf,5,drilling,0.22923339722514707
480,15_9_F_11_B_2013_05_31.pdf,6,mud motor,0.1725869186906345
480,15_9_F_11_B_2013_05_31.pdf,7,motor,0.16646560642336758
480,15_9_F_11_B_2013_05_31.pdf,8,bit,0.14500213729252442
480,15_9_F_11_B_2013_05_31.pdf,9,pooh bha,0.14140679819702037
480,15_9_F_11_B_2013_05_31.pdf,10,p/u back-up,0.1404356704624017
480,15_9_F_11_B_2013_05_31.pdf,11,bha,0.1191726075842591
480,15_9_F_11_B_2013_05_31.pdf,12,trip removed,0.11505794579375635
481,15_9_F_11_B_2013_06_01.pdf,1,pooh bha,0.2083437631203154
481,15_9_F_11_B_2013_06_01.pdf,2,drilling trip,0.20225264421603398
481,15_9_F_11_B_2013_06_01.pdf,3,gyro,0.20087149646665145
481,15_9_F_11_B_2013_06_01.pdf,4,drilling,0.19814335809086464
481,15_9_F_11_B_2013_06_01.pdf,5,min static,0.19552239011203174
481,15_9_F_11_B_2013_06_01.pdf,6,flowchecked min,0.18898043399101028
481,15_9_F_11_B_2013_06_01.pdf,7,trip,0.15549060400961878
481,15_9_F_11_B_2013_06_01.pdf,8,l/o,0.14992850003762492
481,15_9_F_11_B_2013_06_01.pdf,9,flowchecked,0.1367115148186195
481,15_9_F_11_B_2013_06_01.pdf,10,trip pooh,0.12652917176437672
481,15_9_F_11_B_2013_06_01.pdf,11,average,0.12463486204454831
481,15_9_F_11_B_2013_06_01.pdf,12,average tripping,0.12226637773203834
482,15_9_F_11_B_2013_06_02.pdf,1,casing,0.2669306322299044
482,15_9_F_11_B_2013_06_02.pdf,2,wearbushing,0.2556445758932996
482,15_9_F_11_B_2013_06_02.pdf,3,joint,0.227555353528732
482,15_9_F_11_B_2013_06_02.pdf,4,wearbushing retrieval,0.19020614725177792
482,15_9_F_11_B_2013_06_02.pdf,5,drilling casing,0.1901859248960133
482,15_9_F_11_B_2013_06_02.pdf,6,intermediate,0.18487001965753838
482,15_9_F_11_B_2013_06_02.pdf,7,drilling,0.15859116474513002
482,15_9_F_11_B_2013_06_02.pdf,8,bop/wellhead uipment,0.156579387045033
482,15_9_F_11_B_2013_06_02.pdf,9,uipment,0.15391738957297535
482,15_9_F_11_B_2013_06_02.pdf,10,lpm bar,0.15264240905833273
482,15_9_F_11_B_2013_06_02.pdf,11,retrieval tool,0.15148717628345917
482,15_9_F_11_B_2013_06_02.pdf,12,intermediate joint,0.14925159676906682
483,15_9_F_11_B_2013_06_03.pdf,1,casing,0.46066261765679556
483,15_9_F_11_B_2013_06_03.pdf,2,ppf casing,0.2836756939055299
483,15_9_F_11_B_2013_06_03.pdf,3,rih ppf,0.2623973119207833
483,15_9_F_11_B_2013_06_03.pdf,4,ppf,0.2548027286637527
483,15_9_F_11_B_2013_06_03.pdf,5,drilling casing,0.2188122691207089
483,15_9_F_11_B_2013_06_03.pdf,6,joints/hr,0.1807438107375804
483,15_9_F_11_B_2013_06_03.pdf,7,filled casing,0.17560690781655483
483,15_9_F_11_B_2013_06_03.pdf,8,rate joints/hr,0.17020541634331796
483,15_9_F_11_B_2013_06_03.pdf,9,running rate,0.17020541634331796
483,15_9_F_11_B_2013_06_03.pdf,10,joints/hr drilling,0.17020541634331796
483,15_9_F_11_B_2013_06_03.pdf,11,joint average,0.15743838715247
483,15_9_F_11_B_2013_06_03.pdf,12,average running,0.14233202592907934
484,15_9_F_11_B_2013_06_04.pdf,1,cement,0.2997150477140446
484,15_9_F_11_B_2013_06_04.pdf,2,pressure build-up,0.2069772904248949
484,15_9_F_11_B_2013_06_04.pdf,3,build-up,0.18645015934687156
484,15_9_F_11_B_2013_06_04.pdf,4,wait,0.1600417822824483
484,15_9_F_11_B_2013_06_04.pdf,5,interruption wait,0.15944129422970504
484,15_9_F_11_B_2013_06_04.pdf,6,pressure,0.1399976950594242
484,15_9_F_11_B_2013_06_04.pdf,7,drilling equipment,0.13100233824735802
484,15_9_F_11_B_2013_06_04.pdf,8,strokes,0.12993924761470818
484,15_9_F_11_B_2013_06_04.pdf,9,wait performed,0.12788793095294224
484,15_9_F_11_B_2013_06_04.pdf,10,bar,0.12553384096741907
484,15_9_F_11_B_2013_06_04.pdf,11,performed general,0.12428664341131862
484,15_9_F_11_B_2013_06_04.pdf,12,floor maintenance,0.12248553811481282
485,15_9_F_11_B_2013_06_05.pdf,1,bar return,0.21526112205033882
485,15_9_F_11_B_2013_06_05.pdf,2,bleed bar,0.21526112205033882
485,15_9_F_11_B_2013_06_05.pdf,3,casing,0.1942021080446089
485,15_9_F_11_B_2013_06_05.pdf,4,bar bleed,0.19335150121079236
485,15_9_F_11_B_2013_06_05.pdf,5,estab,0.18246194291719378
485,15_9_F_11_B_2013_06_05.pdf,6,return pressure,0.18246194291719378
485,15_9_F_11_B_2013_06_05.pdf,7,estab bar,0.18246194291719378
485,15_9_F_11_B_2013_06_05.pdf,8,pressure estab,0.18246194291719378
485,15_9_F_11_B_2013_06_05.pdf,9,bar,0.1784300259179247
485,15_9_F_11_B_2013_06_05.pdf,10,bleed,0.16806558036953262
485,15_9_F_11_B_2013_06_05.pdf,11,drilling casing,0.1660409248350703
485,15_9_F_11_B_2013_06_05.pdf,12,bop/wellhead quipment,0.1546812009686339
486,15_9_F_11_B_2013_06_06.pdf,1,clean bha,0.33262496437964756
486,15_9_F_11_B_2013_06_06.pdf,2,drilling,0.20987952142791014
486,15_9_F_11_B_2013_06_06.pdf,3,drilling trip,0.16832530260286493
486,15_9_F_11_B_2013_06_06.pdf,4,cement lpm,0.16695457271376996
486,15_9_F_11_B_2013_06_06.pdf,5,lpm bar,0.14429067080507504
486,15_9_F_11_B_2013_06_06.pdf,6,held tbt,0.14076373931677863
486,15_9_F_11_B_2013_06_06.pdf,7,drilled excess,0.13776307559165848
486,15_9_F_11_B_2013_06_06.pdf,8,m/u clean,0.13776307559165848
486,15_9_F_11_B_2013_06_06.pdf,9,bop activities,0.13369410455707945
486,15_9_F_11_B_2013_06_06.pdf,10,trip,0.12940746991601706
486,15_9_F_11_B_2013_06_06.pdf,11,exhaust,0.12919911095919237
486,15_9_F_11_B_2013_06_06.pdf,12,min drilling,0.12858480655064744
487,15_9_F_11_B_2013_06_07.pdf,1,cbl tool,0.3651412280239419
487,15_9_F_11_B_2013_06_07.pdf,2,cbl,0.28902834907571834
487,15_9_F_11_B_2013_06_07.pdf,3,drilling trip,0.2419731850975425
487,15_9_F_11_B_2013_06_07.pdf,4,drilling,0.22987333172636434
487,15_9_F_11_B_2013_06_07.pdf,5,tool string,0.21887580564897996
487,15_9_F_11_B_2013_06_07.pdf,6,trip,0.18602751450191132
487,15_9_F_11_B_2013_06_07.pdf,7,min static,0.15594744773030061
487,15_9_F_11_B_2013_06_07.pdf,8,wireline equipment,0.141206159406889
487,15_9_F_11_B_2013_06_07.pdf,9,wireline,0.1287928394542653
487,15_9_F_11_B_2013_06_07.pdf,10,clean bha,0.12750916759285452
487,15_9_F_11_B_2013_06_07.pdf,11,string surface,0.12381866107725821
487,15_9_F_11_B_2013_06_07.pdf,12,pooh logging,0.11561133963028733
488,15_9_F_11_B_2013_06_08.pdf,1,rotary steerable,0.27398202977084357
488,15_9_F_11_B_2013_06_08.pdf,2,drilling trip,0.2541897748135511
488,15_9_F_11_B_2013_06_08.pdf,3,drilling,0.23461883190546334
488,15_9_F_11_B_2013_06_08.pdf,4,steerable bha,0.2207552301312939
488,15_9_F_11_B_2013_06_08.pdf,5,steerable,0.21591759044527212
488,15_9_F_11_B_2013_06_08.pdf,6,trip,0.1954195544489929
488,15_9_F_11_B_2013_06_08.pdf,7,lpm bar,0.16639241529288532
488,15_9_F_11_B_2013_06_08.pdf,8,m/u rotary,0.16438921786250615
488,15_9_F_11_B_2013_06_08.pdf,9,rotary,0.13798693437346726
488,15_9_F_11_B_2013_06_08.pdf,10,rpm knm,0.12843442361431087
488,15_9_F_11_B_2013_06_08.pdf,11,drilled,0.12275343557060978
488,15_9_F_11_B_2013_06_08.pdf,12,lpm,0.1206765219727484
489,15_9_F_11_B_2013_06_09.pdf,1,emw rpm,0.30033499032258304
489,15_9_F_11_B_2013_06_09.pdf,2,bar emw,0.30033499032258304
489,15_9_F_11_B_2013_06_09.pdf,3,drilled orientated,0.29294962077780606
489,15_9_F_11_B_2013_06_09.pdf,4,orientated hole,0.28783223604798297
489,15_9_F_11_B_2013_06_09.pdf,5,wob average,0.2862102463811731
489,15_9_F_11_B_2013_06_09.pdf,6,orientated,0.25313719608892565
489,15_9_F_11_B_2013_06_09.pdf,7,hole lpm,0.2014063744746037
489,15_9_F_11_B_2013_06_09.pdf,8,emw,0.2014063744746037
489,15_9_F_11_B_2013_06_09.pdf,9,knm wob,0.17254696011082093
489,15_9_F_11_B_2013_06_09.pdf,10,average rop,0.16723394744326125
489,15_9_F_11_B_2013_06_09.pdf,11,average,0.1607495926406987
489,15_9_F_11_B_2013_06_09.pdf,12,m/hr max,0.15464334811028863
490,15_9_F_11_B_2013_06_10.pdf,1,bar emw,0.26083906641951443
490,15_9_F_11_B_2013_06_10.pdf,2,emw rpm,0.26083906641951443
490,15_9_F_11_B_2013_06_10.pdf,3,wob average,0.24857181437826925
490,15_9_F_11_B_2013_06_10.pdf,4,drilled orientated,0.244247922259002
490,15_9_F_11_B_2013_06_10.pdf,5,orientated hole,0.2399812821987056
490,15_9_F_11_B_2013_06_10.pdf,6,orientated,0.2110541533627197
490,15_9_F_11_B_2013_06_10.pdf,7,rop,0.20542484340069941
490,15_9_F_11_B_2013_06_10.pdf,8,gas drilling,0.20341265575231518
490,15_9_F_11_B_2013_06_10.pdf,9,average rop,0.1936555208031668
490,15_9_F_11_B_2013_06_10.pdf,10,geosteering,0.1846114558831068
490,15_9_F_11_B_2013_06_10.pdf,11,geosteering drilled,0.1846114558831068
490,15_9_F_11_B_2013_06_10.pdf,12,rop enable,0.1846114558831068
491,15_9_F_11_B_2013_06_11.pdf,1,bar emw,0.28237708947876095
491,15_9_F_11_B_2013_06_11.pdf,2,emw rpm,0.28237708947876095
491,15_9_F_11_B_2013_06_11.pdf,3,drilled orientated,0.2754333126163339
491,15_9_F_11_B_2013_06_11.pdf,4,orientated hole,0.2706219111735702
491,15_9_F_11_B_2013_06_11.pdf,5,wob average,0.26909690497703465
491,15_9_F_11_B_2013_06_11.pdf,6,orientated,0.23800138836180895
491,15_9_F_11_B_2013_06_11.pdf,7,average rop,0.20964605906824685
491,15_9_F_11_B_2013_06_11.pdf,8,gas drilling,0.2064458070938333
491,15_9_F_11_B_2013_06_11.pdf,9,max gas,0.20510179839123688
491,15_9_F_11_B_2013_06_11.pdf,10,hole lpm,0.18936370272915082
491,15_9_F_11_B_2013_06_11.pdf,11,emw,0.18936370272915082
491,15_9_F_11_B_2013_06_11.pdf,12,knm wob,0.16222987651944543
492,15_9_F_11_B_2013_06_12.pdf,1,m/hr max,0.23719080308196944
492,15_9_F_11_B_2013_06_12.pdf,2,bar emw,0.2303257735257528
492,15_9_F_11_B_2013_06_12.pdf,3,emw rpm,0.2303257735257528
492,15_9_F_11_B_2013_06_12.pdf,4,wob average,0.21949356056693595
492,15_9_F_11_B_2013_06_12.pdf,5,emw,0.20594372057261823
492,15_9_F_11_B_2013_06_12.pdf,6,rpm knm,0.1853130301156835
492,15_9_F_11_B_2013_06_12.pdf,7,drilled orientated,0.17972956913812005
492,15_9_F_11_B_2013_06_12.pdf,8,orientated hole,0.17658996666939833
492,15_9_F_11_B_2013_06_12.pdf,9,lpm bar,0.1714865276238916
492,15_9_F_11_B_2013_06_12.pdf,10,average rop,0.1710014463661066
492,15_9_F_11_B_2013_06_12.pdf,11,max gas,0.16729484128186617
492,15_9_F_11_B_2013_06_12.pdf,12,average,0.16437100998078233
493,15_9_F_11_B_2013_06_13.pdf,1,average tripping,0.2362324633542265
493,15_9_F_11_B_2013_06_13.pdf,2,drilling trip,0.22795206713492855
493,15_9_F_11_B_2013_06_13.pdf,3,speed m/hr,0.2163508235193793
493,15_9_F_11_B_2013_06_13.pdf,4,drilling,0.20881929103861507
493,15_9_F_11_B_2013_06_13.pdf,5,tripping speed,0.19405321932397687
493,15_9_F_11_B_2013_06_13.pdf,6,m/hr,0.18979715104008307
493,15_9_F_11_B_2013_06_13.pdf,7,tripping,0.18869872407974211
493,15_9_F_11_B_2013_06_13.pdf,8,trip,0.17524816420294437
493,15_9_F_11_B_2013_06_13.pdf,9,wet average,0.16696479859238128
493,15_9_F_11_B_2013_06_13.pdf,10,pooh bha,0.1610174810094328
493,15_9_F_11_B_2013_06_13.pdf,11,average,0.16053909519385787
493,15_9_F_11_B_2013_06_13.pdf,12,speed,0.14113584117458552
494,15_9_F_11_B_2013_06_14.pdf,1,liner,0.5199098756537808
494,15_9_F_11_B_2013_06_14.pdf,2,liner hanger,0.27306100809775974
494,15_9_F_11_B_2013_06_14.pdf,3,joints/hrs,0.268750265917303
494,15_9_F_11_B_2013_06_14.pdf,4,rih ppf,0.24859143335057982
494,15_9_F_11_B_2013_06_14.pdf,5,ppf,0.2413964345766003
494,15_9_F_11_B_2013_06_14.pdf,6,set liner,0.20795931845120985
494,15_9_F_11_B_2013_06_14.pdf,7,rih liner,0.18836831203816512
494,15_9_F_11_B_2013_06_14.pdf,8,hanger,0.17315372173578247
494,15_9_F_11_B_2013_06_14.pdf,9,casing rih,0.15325165576980446
494,15_9_F_11_B_2013_06_14.pdf,10,average,0.1292036551632784
494,15_9_F_11_B_2013_06_14.pdf,11,hanger packer,0.12869870008098122
494,15_9_F_11_B_2013_06_14.pdf,12,helicopters,0.12869870008098122
495,15_9_F_11_B_2013_06_15.pdf,1,liner,0.4033193203331804
495,15_9_F_11_B_2013_06_15.pdf,2,liner hanger,0.24208762843091564
495,15_9_F_11_B_2013_06_15.pdf,3,m/hr losses,0.23826585483345541
495,15_9_F_11_B_2013_06_15.pdf,4,liner landing,0.22820074753105732
495,15_9_F_11_B_2013_06_15.pdf,5,losses formation,0.22039364377699164
495,15_9_F_11_B_2013_06_15.pdf,6,hole liner,0.2140147755457118
495,15_9_F_11_B_2013_06_15.pdf,7,drilling casing,0.20420616245228584
495,15_9_F_11_B_2013_06_15.pdf,8,casing,0.1791302382078047
495,15_9_F_11_B_2013_06_15.pdf,9,average tripping,0.1685568763447006
495,15_9_F_11_B_2013_06_15.pdf,10,speed m/hr,0.1543709043593551
495,15_9_F_11_B_2013_06_15.pdf,11,hanger,0.15351285099626852
495,15_9_F_11_B_2013_06_15.pdf,12,average,0.1431850645803561
496,15_9_F_11_B_2013_06_16.pdf,1,drilling casing,0.28072514788262476
496,15_9_F_11_B_2013_06_16.pdf,2,liner,0.2715667930514319
496,15_9_F_11_B_2013_06_16.pdf,3,viper plug,0.24789225459311365
496,15_9_F_11_B_2013_06_16.pdf,4,viper,0.23396249768322955
496,15_9_F_11_B_2013_06_16.pdf,5,strokes,0.22186756258380805
496,15_9_F_11_B_2013_06_16.pdf,6,casing,0.19700233139785103
496,15_9_F_11_B_2013_06_16.pdf,7,plug strokes,0.1602128809173264
496,15_9_F_11_B_2013_06_16.pdf,8,circulation lpm,0.15055718835107662
496,15_9_F_11_B_2013_06_16.pdf,9,cement head,0.147652218634542
496,15_9_F_11_B_2013_06_16.pdf,10,cement,0.1462156866748766
496,15_9_F_11_B_2013_06_16.pdf,11,drilling,0.13655220867075016
496,15_9_F_11_B_2013_06_16.pdf,12,lpm,0.1361714841502336
497,15_9_F_11_B_2013_06_17.pdf,1,drilling casing,0.2975140866984233
497,15_9_F_11_B_2013_06_17.pdf,2,liner,0.2238506751184282
497,15_9_F_11_B_2013_06_17.pdf,3,hanger running,0.2155983494090342
497,15_9_F_11_B_2013_06_17.pdf,4,casing,0.20878417607174207
497,15_9_F_11_B_2013_06_17.pdf,5,liner hanger,0.19594707298817338
497,15_9_F_11_B_2013_06_17.pdf,6,hole liner,0.1559022747448378
497,15_9_F_11_B_2013_06_17.pdf,7,drilling,0.14471879685790442
497,15_9_F_11_B_2013_06_17.pdf,8,running tool,0.14433546088126956
497,15_9_F_11_B_2013_06_17.pdf,9,tool drill,0.14045384855018767
497,15_9_F_11_B_2013_06_17.pdf,10,hanger,0.1242541554632662
497,15_9_F_11_B_2013_06_17.pdf,11,pulled hole,0.11756824379290402
497,15_9_F_11_B_2013_06_17.pdf,12,brake release,0.11082417260785593
498,15_9_F_11_B_2013_06_18.pdf,1,brake,0.26711100050285735
498,15_9_F_11_B_2013_06_18.pdf,2,brake release,0.23396590093270936
498,15_9_F_11_B_2013_06_18.pdf,3,release failure,0.23396590093270936
498,15_9_F_11_B_2013_06_18.pdf,4,troubleshot brake,0.23396590093270936
498,15_9_F_11_B_2013_06_18.pdf,5,drive,0.172625075233552
498,15_9_F_11_B_2013_06_18.pdf,6,syst,0.15593681514992727
498,15_9_F_11_B_2013_06_18.pdf,7,troubleshot,0.14714534956090114
498,15_9_F_11_B_2013_06_18.pdf,8,failure,0.14582868774794677
498,15_9_F_11_B_2013_06_18.pdf,9,release,0.12787760058630585
498,15_9_F_11_B_2013_06_18.pdf,10,cleanout run,0.11698295046635468
498,15_9_F_11_B_2013_06_18.pdf,11,hydraulic connections,0.11698295046635468
498,15_9_F_11_B_2013_06_18.pdf,12,ther troubleshot,0.11698295046635468
499,15_9_F_11_B_2013_06_19.pdf,1,completion circulating,0.4159578334798022
499,15_9_F_11_B_2013_06_19.pdf,2,nditioning,0.40828466529587853
499,15_9_F_11_B_2013_06_19.pdf,3,circulating nditioning,0.40828466529587853
499,15_9_F_11_B_2013_06_19.pdf,4,completion,0.29848555060999116
499,15_9_F_11_B_2013_06_19.pdf,5,cleanout assembly,0.23987758347220084
499,15_9_F_11_B_2013_06_19.pdf,6,cleanout,0.23617240179137808
499,15_9_F_11_B_2013_06_19.pdf,7,circulating,0.1946185015602949
499,15_9_F_11_B_2013_06_19.pdf,8,hole cleanout,0.1764480798348488
499,15_9_F_11_B_2013_06_19.pdf,9,nditioning ran,0.16169119700403092
499,15_9_F_11_B_2013_06_19.pdf,10,ran hole,0.1378828193134986
499,15_9_F_11_B_2013_06_19.pdf,11,assembly,0.1306177443677134
499,15_9_F_11_B_2013_06_19.pdf,12,assembly completion,0.1028046786309432
500,15_9_F_11_B_2013_06_20.pdf,1,completion circulatin,0.550289212716097
500,15_9_F_11_B_2013_06_20.pdf,2,circulatin conditioning,0.3827206516109471
500,15_9_F_11_B_2013_06_20.pdf,3,circulatin,0.3746854647719748
500,15_9_F_11_B_2013_06_20.pdf,4,completion,0.32507076540120206
500,15_9_F_11_B_2013_06_20.pdf,5,conditioning,0.2467838108197708
500,15_9_F_11_B_2013_06_20.pdf,6,bar,0.10762586095210878
500,15_9_F_11_B_2013_06_20.pdf,7,pbr,0.10413794899934758
500,15_9_F_11_B_2013_06_20.pdf,8,mfctc,0.103873385529144
500,15_9_F_11_B_2013_06_20.pdf,9,base oil,0.09915629379594894
500,15_9_F_11_B_2013_06_20.pdf,10,hole cleanout,0.09608189114727413
500,15_9_F_11_B_2013_06_20.pdf,11,commissioner,0.09608189114727413
500,15_9_F_11_B_2013_06_20.pdf,12,cleanout assembly,0.09330098643270442
501,15_9_F_11_B_2013_06_21.pdf,1,completion circulati,0.49629728932498024
501,15_9_F_11_B_2013_06_21.pdf,2,circulati conditioning,0.40097392581379254
501,15_9_F_11_B_2013_06_21.pdf,3,circulati,0.39081345507878174
501,15_9_F_11_B_2013_06_21.pdf,4,completion,0.2702769606586018
501,15_9_F_11_B_2013_06_21.pdf,5,conditioning,0.24622323048629968
501,15_9_F_11_B_2013_06_21.pdf,6,hole cleanout,0.20542207903921444
501,15_9_F_11_B_2013_06_21.pdf,7,cleanout,0.17184596820591108
501,15_9_F_11_B_2013_06_21.pdf,8,pulled hole,0.1504282461438911
501,15_9_F_11_B_2013_06_21.pdf,9,cleanout string,0.14179922552142293
501,15_9_F_11_B_2013_06_21.pdf,10,conditioning pulled,0.13298435588337834
501,15_9_F_11_B_2013_06_21.pdf,11,string drill,0.12187893351478127
501,15_9_F_11_B_2013_06_21.pdf,12,mfctc,0.11104010629605503
502,15_9_F_11_B_2013_06_22.pdf,1,completion,0.41048848510851765
502,15_9_F_11_B_2013_06_22.pdf,2,safelock,0.29960431278419475
502,15_9_F_11_B_2013_06_22.pdf,3,safelock plug,0.2396834502273558
502,15_9_F_11_B_2013_06_22.pdf,4,bop/wellhead uipment,0.225346487506736
502,15_9_F_11_B_2013_06_22.pdf,5,uipment,0.2215153843749587
502,15_9_F_11_B_2013_06_22.pdf,6,completion bop/wellhead,0.19748463329895163
502,15_9_F_11_B_2013_06_22.pdf,7,pulled hole,0.139066186061652
502,15_9_F_11_B_2013_06_22.pdf,8,wearbushing,0.13796980635884024
502,15_9_F_11_B_2013_06_22.pdf,9,bop/wellhead,0.13702649926693955
502,15_9_F_11_B_2013_06_22.pdf,10,circulating condit,0.12660417085726022
502,15_9_F_11_B_2013_06_22.pdf,11,ioning,0.12293985772377404
502,15_9_F_11_B_2013_06_22.pdf,12,condit ioning,0.12293985772377404
503,15_9_F_11_B_2013_06_23.pdf,1,completion,0.35526078468199523
503,15_9_F_11_B_2013_06_23.pdf,2,claxton tool,0.25631375698108216
503,15_9_F_11_B_2013_06_23.pdf,3,claxton,0.2542930126961925
503,15_9_F_11_B_2013_06_23.pdf,4,completion removed,0.24055830092291045
503,15_9_F_11_B_2013_06_23.pdf,5,tool nt-2,0.20393209835881593
503,15_9_F_11_B_2013_06_23.pdf,6,nt-2 connector,0.20393209835881593
503,15_9_F_11_B_2013_06_23.pdf,7,nt-2,0.18690188400206093
503,15_9_F_11_B_2013_06_23.pdf,8,tensioning,0.1692114776502478
503,15_9_F_11_B_2013_06_23.pdf,9,guide wires,0.1621667269696659
503,15_9_F_11_B_2013_06_23.pdf,10,wires,0.14918251444434788
503,15_9_F_11_B_2013_06_23.pdf,11,bushings,0.14239480903323865
503,15_9_F_11_B_2013_06_23.pdf,12,tensioning cylinders,0.14000696330672224
504,15_9_F_11_B_2013_06_24.pdf,1,bop/wellhead uipment,0.43411738747163575
504,15_9_F_11_B_2013_06_24.pdf,2,uipment,0.42673698185225883
504,15_9_F_11_B_2013_06_24.pdf,3,completion bop/wellhead,0.3804430857657465
504,15_9_F_11_B_2013_06_24.pdf,4,completion,0.27505498324381167
504,15_9_F_11_B_2013_06_24.pdf,5,bop/wellhead,0.2639738765591794
504,15_9_F_11_B_2013_06_24.pdf,6,riser,0.17749143469744807
504,15_9_F_11_B_2013_06_24.pdf,7,drilling riser,0.1382112648029481
504,15_9_F_11_B_2013_06_24.pdf,8,joint,0.1314372342833063
504,15_9_F_11_B_2013_06_24.pdf,9,high pressure,0.13124974981683857
504,15_9_F_11_B_2013_06_24.pdf,10,riser joint,0.12751951296686487
504,15_9_F_11_B_2013_06_24.pdf,11,pressure drilling,0.12282120141531497
504,15_9_F_11_B_2013_06_24.pdf,12,joint laid,0.11543418579996423
505,15_9_F_11_B_2013_06_25.pdf,1,completion bop/wellhead,0.3997330647651516
505,15_9_F_11_B_2013_06_25.pdf,2,bop/wellhead equipment,0.32199079554267096
505,15_9_F_11_B_2013_06_25.pdf,3,completion,0.28900136589333586
505,15_9_F_11_B_2013_06_25.pdf,4,bop/wellhead,0.27735840298569864
505,15_9_F_11_B_2013_06_25.pdf,5,riser,0.26523158333631913
505,15_9_F_11_B_2013_06_25.pdf,6,stressjoint,0.1565535641226086
505,15_9_F_11_B_2013_06_25.pdf,7,production riser,0.1494580818933738
505,15_9_F_11_B_2013_06_25.pdf,8,equipment,0.14551236861257458
505,15_9_F_11_B_2013_06_25.pdf,9,tieback connector,0.13271750222124384
505,15_9_F_11_B_2013_06_25.pdf,10,equipment picked,0.13192113404421107
505,15_9_F_11_B_2013_06_25.pdf,11,riser pup,0.12937296913673363
505,15_9_F_11_B_2013_06_25.pdf,12,laid cantilever,0.12647580279952444
506,15_9_F_11_B_2013_06_26.pdf,1,completion bop/wellh,0.3638410760566434
506,15_9_F_11_B_2013_06_26.pdf,2,ead equipment,0.35139350495314153
506,15_9_F_11_B_2013_06_26.pdf,3,bop/wellh ead,0.31272781748694795
506,15_9_F_11_B_2013_06_26.pdf,4,bop/wellh,0.31272781748694795
506,15_9_F_11_B_2013_06_26.pdf,5,ead,0.3074111492121326
506,15_9_F_11_B_2013_06_26.pdf,6,riser,0.20730465042096044
506,15_9_F_11_B_2013_06_26.pdf,7,completion,0.19814305319518313
506,15_9_F_11_B_2013_06_26.pdf,8,flange connection,0.13007015543617992
506,15_9_F_11_B_2013_06_26.pdf,9,flange,0.12780759271784004
506,15_9_F_11_B_2013_06_26.pdf,10,lowered riser,0.1228403155767538
506,15_9_F_11_B_2013_06_26.pdf,11,spider completion,0.10187550129586015
506,15_9_F_11_B_2013_06_26.pdf,12,equipment,0.09976515130104895
507,15_9_F_11_B_2013_06_27.pdf,1,multibowl,0.3179573429031748
507,15_9_F_11_B_2013_06_27.pdf,2,completion bop/wellhead,0.26681301951894665
507,15_9_F_11_B_2013_06_27.pdf,3,tension,0.2444665336418077
507,15_9_F_11_B_2013_06_27.pdf,4,bop/wellhead equipment,0.21492176652067013
507,15_9_F_11_B_2013_06_27.pdf,5,riser tension,0.19951995787443572
507,15_9_F_11_B_2013_06_27.pdf,6,riser,0.19916577234171887
507,15_9_F_11_B_2013_06_27.pdf,7,completion,0.19290204858185447
507,15_9_F_11_B_2013_06_27.pdf,8,tension joint,0.1859542298496201
507,15_9_F_11_B_2013_06_27.pdf,9,bop/wellhead,0.18513062719253584
507,15_9_F_11_B_2013_06_27.pdf,10,joint,0.14748767074375635
507,15_9_F_11_B_2013_06_27.pdf,11,ring tension,0.12328016539398434
507,15_9_F_11_B_2013_06_27.pdf,12,stump,0.11980863121202924
508,15_9_F_11_B_2013_06_28.pdf,1,annular preventer,0.351342668888759
508,15_9_F_11_B_2013_06_28.pdf,2,preventer,0.351342668888759
508,15_9_F_11_B_2013_06_28.pdf,3,annular,0.3012244875524935
508,15_9_F_11_B_2013_06_28.pdf,4,replacing annular,0.255571227481016
508,15_9_F_11_B_2013_06_28.pdf,5,completion bop/wellhead,0.243621627888717
508,15_9_F_11_B_2013_06_28.pdf,6,replacing,0.2231169200828486
508,15_9_F_11_B_2013_06_28.pdf,7,preventer completion,0.20445698198481282
508,15_9_F_11_B_2013_06_28.pdf,8,bop/wellhead equipment,0.19624076337386645
508,15_9_F_11_B_2013_06_28.pdf,9,completion,0.17613499964623203
508,15_9_F_11_B_2013_06_28.pdf,10,bop/wellhead,0.16903907031981266
508,15_9_F_11_B_2013_06_28.pdf,11,claxton tool,0.1633859764737487
508,15_9_F_11_B_2013_06_28.pdf,12,claxton,0.1620978627100586
509,15_9_F_11_B_2013_06_29.pdf,1,annulus insert,0.2775160229930777
509,15_9_F_11_B_2013_06_29.pdf,2,insert,0.23026731299383404
509,15_9_F_11_B_2013_06_29.pdf,3,completion bop/wellhead,0.22289414942430502
509,15_9_F_11_B_2013_06_29.pdf,4,tie-back,0.20762906710509452
509,15_9_F_11_B_2013_06_29.pdf,5,annulus,0.19224415592614477
509,15_9_F_11_B_2013_06_29.pdf,6,bowl protector,0.18214176198832144
509,15_9_F_11_B_2013_06_29.pdf,7,bop/wellhead equipment,0.1795444781059197
509,15_9_F_11_B_2013_06_29.pdf,8,bowl,0.16917615569872624
509,15_9_F_11_B_2013_06_29.pdf,9,completion,0.16114932516554042
509,15_9_F_11_B_2013_06_29.pdf,10,bop/wellhead,0.1546571218858312
509,15_9_F_11_B_2013_06_29.pdf,11,liter/min bar,0.14184704415372237
509,15_9_F_11_B_2013_06_29.pdf,12,liter/min,0.14066079984242333
510,15_9_F_11_B_2013_06_30.pdf,1,tie-back,0.35049045967895204
510,15_9_F_11_B_2013_06_30.pdf,2,ms-t seal,0.25561840416927634
510,15_9_F_11_B_2013_06_30.pdf,3,ms-t,0.25561840416927634
510,15_9_F_11_B_2013_06_30.pdf,4,drilling casing,0.2234967446223645
510,15_9_F_11_B_2013_06_30.pdf,5,casing,0.21716528439773586
510,15_9_F_11_B_2013_06_30.pdf,6,seal assembly,0.19028428274187167
510,15_9_F_11_B_2013_06_30.pdf,7,seal,0.18194429843783466
510,15_9_F_11_B_2013_06_30.pdf,8,tie-back connector,0.17563784884557102
510,15_9_F_11_B_2013_06_30.pdf,9,chrt,0.17003076556148902
510,15_9_F_11_B_2013_06_30.pdf,10,meter,0.14828483641875295
510,15_9_F_11_B_2013_06_30.pdf,11,adjustable,0.1405102790764568
510,15_9_F_11_B_2013_06_30.pdf,12,turns,0.13424162636511927
511,15_9_F_11_B_2013_07_01.pdf,1,completion,0.4188813228067944
511,15_9_F_11_B_2013_07_01.pdf,2,safe lock,0.28363777722593786
511,15_9_F_11_B_2013_07_01.pdf,3,lock plug,0.28363777722593786
511,15_9_F_11_B_2013_07_01.pdf,4,plug,0.2066252774877474
511,15_9_F_11_B_2013_07_01.pdf,5,bowl protector,0.1893790920232614
511,15_9_F_11_B_2013_07_01.pdf,6,safe,0.1893790920232614
511,15_9_F_11_B_2013_07_01.pdf,7,bowl,0.17589830255548372
511,15_9_F_11_B_2013_07_01.pdf,8,meter,0.1649081222026133
511,15_9_F_11_B_2013_07_01.pdf,9,lock,0.1630359148016384
511,15_9_F_11_B_2013_07_01.pdf,10,protector,0.1444464730742739
511,15_9_F_11_B_2013_07_01.pdf,11,completion string,0.10660281940328517
511,15_9_F_11_B_2013_07_01.pdf,12,minutes,0.0995270771214968
512,15_9_F_11_B_2013_07_02.pdf,1,completion,0.5770509731002141
512,15_9_F_11_B_2013_07_02.pdf,2,completion string,0.33042613498333845
512,15_9_F_11_B_2013_07_02.pdf,3,completion completion,0.2846111188455743
512,15_9_F_11_B_2013_07_02.pdf,4,run completion,0.1816311645929767
512,15_9_F_11_B_2013_07_02.pdf,5,tubing,0.140297255875304
512,15_9_F_11_B_2013_07_02.pdf,6,dhpg,0.13833506137855253
512,15_9_F_11_B_2013_07_02.pdf,7,assembly,0.13152000493531366
512,15_9_F_11_B_2013_07_02.pdf,8,rejected joints,0.1279201823534045
512,15_9_F_11_B_2013_07_02.pdf,9,total rejected,0.1279201823534045
512,15_9_F_11_B_2013_07_02.pdf,10,joints/hr total,0.1279201823534045
512,15_9_F_11_B_2013_07_02.pdf,11,tubing average,0.11837582203141864
512,15_9_F_11_B_2013_07_02.pdf,12,rejected,0.11837582203141864
513,15_9_F_11_B_2013_07_03.pdf,1,completion,0.37284678002776594
513,15_9_F_11_B_2013_07_03.pdf,2,completion string,0.26568444143603276
513,15_9_F_11_B_2013_07_03.pdf,3,completion completion,0.23538460298229408
513,15_9_F_11_B_2013_07_03.pdf,4,total rejected,0.2204063086942053
513,15_9_F_11_B_2013_07_03.pdf,5,rejected joints,0.2204063086942053
513,15_9_F_11_B_2013_07_03.pdf,6,tubing average,0.20396138820773638
513,15_9_F_11_B_2013_07_03.pdf,7,rejected,0.20396138820773638
513,15_9_F_11_B_2013_07_03.pdf,8,speed joints/hr,0.19984028671936588
513,15_9_F_11_B_2013_07_03.pdf,9,rih tubing,0.1969125726645522
513,15_9_F_11_B_2013_07_03.pdf,10,tubing,0.19338559228737176
513,15_9_F_11_B_2013_07_03.pdf,11,joints/hr,0.1897746010257377
513,15_9_F_11_B_2013_07_03.pdf,12,joints/hr total,0.17632504695536425
514,15_9_F_11_B_2013_07_04.pdf,1,dhsv,0.36657195299442125
514,15_9_F_11_B_2013_07_04.pdf,2,completion,0.36657195299442125
514,15_9_F_11_B_2013_07_04.pdf,3,completion string,0.3109679804733783
514,15_9_F_11_B_2013_07_04.pdf,4,dhsv control,0.2385395108570672
514,15_9_F_11_B_2013_07_04.pdf,5,string,0.1935694232195339
514,15_9_F_11_B_2013_07_04.pdf,6,rih completion,0.19285266370815543
514,15_9_F_11_B_2013_07_04.pdf,7,completion completion,0.19285266370815543
514,15_9_F_11_B_2013_07_04.pdf,8,control lines,0.1507546957595981
514,15_9_F_11_B_2013_07_04.pdf,9,string taking,0.14958208972864778
514,15_9_F_11_B_2013_07_04.pdf,10,multi-bowl,0.14446465296783007
514,15_9_F_11_B_2013_07_04.pdf,11,control,0.14020207450003103
514,15_9_F_11_B_2013_07_04.pdf,12,marks,0.1243871921893513
515,15_9_F_11_B_2013_07_05.pdf,1,completion,0.4946827149757275
515,15_9_F_11_B_2013_07_05.pdf,2,completion string,0.3554649188420211
515,15_9_F_11_B_2013_07_05.pdf,3,completion completion,0.3214870751081305
515,15_9_F_11_B_2013_07_05.pdf,4,tubing,0.1980937824038468
515,15_9_F_11_B_2013_07_05.pdf,5,string,0.16902386258214702
515,15_9_F_11_B_2013_07_05.pdf,6,space,0.15239603090136253
515,15_9_F_11_B_2013_07_05.pdf,7,pbr,0.12784451898268928
515,15_9_F_11_B_2013_07_05.pdf,8,ton,0.11170670412999444
515,15_9_F_11_B_2013_07_05.pdf,9,sat ton,0.1002229961795912
515,15_9_F_11_B_2013_07_05.pdf,10,dhsv assembly,0.09769733738597859
515,15_9_F_11_B_2013_07_05.pdf,11,hanger,0.09585330632545325
515,15_9_F_11_B_2013_07_05.pdf,12,tubing average,0.09550951222436793
516,15_9_F_11_B_2013_07_06.pdf,1,completion bop/wellhead,0.3468463928071044
516,15_9_F_11_B_2013_07_06.pdf,2,completion,0.2963586933966407
516,15_9_F_11_B_2013_07_06.pdf,3,bop/wellhead equipment,0.27938981234059174
516,15_9_F_11_B_2013_07_06.pdf,4,bop/wellhead,0.2406625072330406
516,15_9_F_11_B_2013_07_06.pdf,5,bar,0.18114413847803065
516,15_9_F_11_B_2013_07_06.pdf,6,hanger,0.16896086363653498
516,15_9_F_11_B_2013_07_06.pdf,7,pressure,0.167460086427692
516,15_9_F_11_B_2013_07_06.pdf,8,equipment,0.16069500204737827
516,15_9_F_11_B_2013_07_06.pdf,9,evo plug,0.13923975657858445
516,15_9_F_11_B_2013_07_06.pdf,10,evo,0.1352824364945795
516,15_9_F_11_B_2013_07_06.pdf,11,production packer,0.13185444991372025
516,15_9_F_11_B_2013_07_06.pdf,12,wireline tool,0.13112128511226873
517,15_9_F_11_B_2013_07_07.pdf,1,completion bop/wellhead,0.3233386502005718
517,15_9_F_11_B_2013_07_07.pdf,2,completion,0.26716489374934854
517,15_9_F_11_B_2013_07_07.pdf,3,bop/wellhead equipment,0.2604539838828262
517,15_9_F_11_B_2013_07_07.pdf,4,equipment,0.2354059596361901
517,15_9_F_11_B_2013_07_07.pdf,5,bop/wellhead,0.22435144737368826
517,15_9_F_11_B_2013_07_07.pdf,6,xmt,0.18514312369212976
517,15_9_F_11_B_2013_07_07.pdf,7,rigfloor,0.1721111695485731
517,15_9_F_11_B_2013_07_07.pdf,8,spacer spool,0.16109592681683638
517,15_9_F_11_B_2013_07_07.pdf,9,bpv,0.14154544147858308
517,15_9_F_11_B_2013_07_07.pdf,10,riser,0.13792000343532773
517,15_9_F_11_B_2013_07_07.pdf,11,spool,0.13719756170590622
517,15_9_F_11_B_2013_07_07.pdf,12,install xmt,0.12264568560292685
518,15_9_F_11_B_2013_07_08.pdf,1,xmt,0.3903956099325491
518,15_9_F_11_B_2013_07_08.pdf,2,completion bop/wellhead,0.20871330659288667
518,15_9_F_11_B_2013_07_08.pdf,3,completion,0.20119570117255356
518,15_9_F_11_B_2013_07_08.pdf,4,f-6,0.1928707302446259
518,15_9_F_11_B_2013_07_08.pdf,5,installation new,0.1928707302446259
518,15_9_F_11_B_2013_07_08.pdf,6,flowline valve,0.18472325734398323
518,15_9_F_11_B_2013_07_08.pdf,7,xmt spool,0.18472325734398323
518,15_9_F_11_B_2013_07_08.pdf,8,flowlines,0.1784035863898941
518,15_9_F_11_B_2013_07_08.pdf,9,termination,0.17324003924730771
518,15_9_F_11_B_2013_07_08.pdf,10,worked installation,0.1688743223439065
518,15_9_F_11_B_2013_07_08.pdf,11,bop/wellhead equipment,0.16812160302442847
518,15_9_F_11_B_2013_07_08.pdf,12,house,0.16509256634666505
519,15_9_F_11_B_2013_07_09.pdf,1,xmt,0.26016030086858816
519,15_9_F_11_B_2013_07_09.pdf,2,rig wireline,0.25152171738266577
519,15_9_F_11_B_2013_07_09.pdf,3,tested xmt,0.24268467438961186
519,15_9_F_11_B_2013_07_09.pdf,4,wireline,0.21014934350116474
519,15_9_F_11_B_2013_07_09.pdf,5,aft prs,0.17344020057905876
519,15_9_F_11_B_2013_07_09.pdf,6,completion,0.15642335182207093
519,15_9_F_11_B_2013_07_09.pdf,7,aft,0.1496349356963148
519,15_9_F_11_B_2013_07_09.pdf,8,access aft,0.1436165430217383
519,15_9_F_11_B_2013_07_09.pdf,9,junction,0.13870319692492783
519,15_9_F_11_B_2013_07_09.pdf,10,erected scaffolding,0.13870319692492783
519,15_9_F_11_B_2013_07_09.pdf,11,flowlines,0.13870319692492783
519,15_9_F_11_B_2013_07_09.pdf,12,junction box,0.13870319692492783
520,15_9_F_11_B_2013_07_10.pdf,1,completion wire,0.4076922459758101
520,15_9_F_11_B_2013_07_10.pdf,2,completion,0.297702762007359
520,15_9_F_11_B_2013_07_10.pdf,3,wire line,0.22174534868947154
520,15_9_F_11_B_2013_07_10.pdf,4,lubricator,0.20211505607538097
520,15_9_F_11_B_2013_07_10.pdf,5,wire,0.1942822844629315
520,15_9_F_11_B_2013_07_10.pdf,6,tractor,0.14502598437704645
520,15_9_F_11_B_2013_07_10.pdf,7,tested rig,0.12988044398751084
520,15_9_F_11_B_2013_07_10.pdf,8,stabbed lubricator,0.1279637268961885
520,15_9_F_11_B_2013_07_10.pdf,9,line,0.12557459361777815
520,15_9_F_11_B_2013_07_10.pdf,10,using cement,0.12299155727737697
520,15_9_F_11_B_2013_07_10.pdf,11,cement pump,0.12299155727737697
520,15_9_F_11_B_2013_07_10.pdf,12,rigged wireline,0.12153982916662326
521,15_9_F_11_B_2013_07_11.pdf,1,tractor,0.2967406201238191
521,15_9_F_11_B_2013_07_11.pdf,2,perforate,0.24463825095133654
521,15_9_F_11_B_2013_07_11.pdf,3,bha,0.23245082651557003
521,15_9_F_11_B_2013_07_11.pdf,4,completion perforate,0.22131268850738672
521,15_9_F_11_B_2013_07_11.pdf,5,completion,0.14917608591022963
521,15_9_F_11_B_2013_07_11.pdf,6,rih perforate,0.1430035555275869
521,15_9_F_11_B_2013_07_11.pdf,7,interruption,0.14030687413662257
521,15_9_F_11_B_2013_07_11.pdf,8,held tbt,0.13994585961097702
521,15_9_F_11_B_2013_07_11.pdf,9,communication failure,0.13696263064552316
521,15_9_F_11_B_2013_07_11.pdf,10,tbt pooh,0.13227692527668405
521,15_9_F_11_B_2013_07_11.pdf,11,situation onshore,0.13227692527668405
521,15_9_F_11_B_2013_07_11.pdf,12,passed restriction,0.13227692527668405
522,15_9_F_11_B_2013_07_12.pdf,1,interruption oth,0.37151081015758397
522,15_9_F_11_B_2013_07_12.pdf,2,completion perf,0.31007961529794215
522,15_9_F_11_B_2013_07_12.pdf,3,oth,0.2976851803437889
522,15_9_F_11_B_2013_07_12.pdf,4,orate,0.2868206874386164
522,15_9_F_11_B_2013_07_12.pdf,5,perf orate,0.2868206874386164
522,15_9_F_11_B_2013_07_12.pdf,6,perf,0.26113962122759504
522,15_9_F_11_B_2013_07_12.pdf,7,completion,0.16173186449819918
522,15_9_F_11_B_2013_07_12.pdf,8,perforating,0.15978563597592163
522,15_9_F_11_B_2013_07_12.pdf,9,guns,0.1475870185433262
522,15_9_F_11_B_2013_07_12.pdf,10,rih bha,0.13304245073758855
522,15_9_F_11_B_2013_07_12.pdf,11,perforating bha,0.13289126369911805
522,15_9_F_11_B_2013_07_12.pdf,12,bha,0.13200818821350277
523,15_9_F_11_B_2013_07_13.pdf,1,completion perforate,0.4734084945801058
523,15_9_F_11_B_2013_07_13.pdf,2,perforate,0.3737886067790488
523,15_9_F_11_B_2013_07_13.pdf,3,completion,0.319101569523237
523,15_9_F_11_B_2013_07_13.pdf,4,perforation,0.2577609224012144
523,15_9_F_11_B_2013_07_13.pdf,5,perforation bha,0.2279831482717971
523,15_9_F_11_B_2013_07_13.pdf,6,wireline,0.16331500274126176
523,15_9_F_11_B_2013_07_13.pdf,7,wireline tractor,0.14389594614951573
523,15_9_F_11_B_2013_07_13.pdf,8,bar completion,0.13716173077899504
523,15_9_F_11_B_2013_07_13.pdf,9,lubricator,0.12998582448422866
523,15_9_F_11_B_2013_07_13.pdf,10,tractor,0.1295420162388461
523,15_9_F_11_B_2013_07_13.pdf,11,rih perforation,0.12880897536328878
523,15_9_F_11_B_2013_07_13.pdf,12,perforate held,0.10995020954957305
524,15_9_F_11_B_2013_07_14.pdf,1,perforation bha,0.4231868167116068
524,15_9_F_11_B_2013_07_14.pdf,2,perforation,0.40190716306190066
524,15_9_F_11_B_2013_07_14.pdf,3,completion perforate,0.2636250556379902
524,15_9_F_11_B_2013_07_14.pdf,4,perforate,0.2266523696867922
524,15_9_F_11_B_2013_07_14.pdf,5,bha,0.2153609685342608
524,15_9_F_11_B_2013_07_14.pdf,6,cablehead,0.20921054068446715
524,15_9_F_11_B_2013_07_14.pdf,7,m/u perforation,0.17822161709808484
524,15_9_F_11_B_2013_07_14.pdf,8,completion,0.17769678825545196
524,15_9_F_11_B_2013_07_14.pdf,9,communication failure,0.16314826487251505
524,15_9_F_11_B_2013_07_14.pdf,10,communication,0.13072853958860822
524,15_9_F_11_B_2013_07_14.pdf,11,p/u m/u,0.12113403527660437
524,15_9_F_11_B_2013_07_14.pdf,12,p/u,0.11560131882791794
525,15_9_F_11_B_2013_07_15.pdf,1,perforation bha,0.4057050843984326
525,15_9_F_11_B_2013_07_15.pdf,2,perforation,0.40135884109793524
525,15_9_F_11_B_2013_07_15.pdf,3,completion perforate,0.35102052261406164
525,15_9_F_11_B_2013_07_15.pdf,4,perforate,0.2586778832534401
525,15_9_F_11_B_2013_07_15.pdf,5,completion,0.2366058086903645
525,15_9_F_11_B_2013_07_15.pdf,6,rih perforation,0.20056811014336481
525,15_9_F_11_B_2013_07_15.pdf,7,bha wireline,0.14937332793309513
525,15_9_F_11_B_2013_07_15.pdf,8,bha,0.14747461820806101
525,15_9_F_11_B_2013_07_15.pdf,9,whp,0.11676650026068659
525,15_9_F_11_B_2013_07_15.pdf,10,l/o perforation,0.11202999594982137
525,15_9_F_11_B_2013_07_15.pdf,11,m/u perforation,0.10678708160183298
525,15_9_F_11_B_2013_07_15.pdf,12,bar completion,0.10678708160183298
526,15_9_F_11_B_2013_07_16.pdf,1,wireline,0.363792291617838
526,15_9_F_11_B_2013_07_16.pdf,2,perforation bha,0.31251926293609517
526,15_9_F_11_B_2013_07_16.pdf,3,wench,0.2995177585364646
526,15_9_F_11_B_2013_07_16.pdf,4,perforation,0.24733704164205764
526,15_9_F_11_B_2013_07_16.pdf,5,lubricator,0.207881971814756
526,15_9_F_11_B_2013_07_16.pdf,6,interruption,0.16162829071969234
526,15_9_F_11_B_2013_07_16.pdf,7,m/u perforation,0.14101595884727522
526,15_9_F_11_B_2013_07_16.pdf,8,slipped cut,0.1339368269726122
526,15_9_F_11_B_2013_07_16.pdf,9,m/u,0.13202693535438265
526,15_9_F_11_B_2013_07_16.pdf,10,bha,0.12983015286303815
526,15_9_F_11_B_2013_07_16.pdf,11,p/u m/u,0.1277946892691398
526,15_9_F_11_B_2013_07_16.pdf,12,slipped,0.12375970407425343
527,15_9_F_11_B_2013_07_17.pdf,1,perforation bha,0.4953235179586071
527,15_9_F_11_B_2013_07_17.pdf,2,perforation,0.4246815811384377
527,15_9_F_11_B_2013_07_17.pdf,3,rih perforation,0.24487270612797044
527,15_9_F_11_B_2013_07_17.pdf,4,bha,0.1950553582769606
527,15_9_F_11_B_2013_07_17.pdf,5,lubricator,0.1921966346502152
527,15_9_F_11_B_2013_07_17.pdf,6,m/u perforation,0.17383449198484532
527,15_9_F_11_B_2013_07_17.pdf,7,interruption,0.1494329367256196
527,15_9_F_11_B_2013_07_17.pdf,8,m/u,0.14240927761189717
527,15_9_F_11_B_2013_07_17.pdf,9,interruption rih,0.13037586898863399
527,15_9_F_11_B_2013_07_17.pdf,10,wireline,0.1293627073209224
527,15_9_F_11_B_2013_07_17.pdf,11,tested in-situ,0.12243635306398522
527,15_9_F_11_B_2013_07_17.pdf,12,sub bar,0.11986581246574339
528,15_9_F_11_B_2013_07_18.pdf,1,perforation bha,0.3894782329824902
528,15_9_F_11_B_2013_07_18.pdf,2,perforation,0.3698935919334874
528,15_9_F_11_B_2013_07_18.pdf,3,bha wireline,0.17207867109980154
528,15_9_F_11_B_2013_07_18.pdf,4,gun assembly,0.17207867109980154
528,15_9_F_11_B_2013_07_18.pdf,5,tractor,0.15491345380089824
528,15_9_F_11_B_2013_07_18.pdf,6,rih perforation,0.15403684328404135
528,15_9_F_11_B_2013_07_18.pdf,7,bha,0.1415761249199293
528,15_9_F_11_B_2013_07_18.pdf,8,whp,0.13451547523151736
528,15_9_F_11_B_2013_07_18.pdf,9,tractor interruption,0.13148449593414005
528,15_9_F_11_B_2013_07_18.pdf,10,gun,0.1280294446501959
528,15_9_F_11_B_2013_07_18.pdf,11,pooh perforation,0.12486179922275703
528,15_9_F_11_B_2013_07_18.pdf,12,interruption rih,0.12301914503036354
529,15_9_F_11_B_2013_07_19.pdf,1,completion perforate,0.43765781843730694
529,15_9_F_11_B_2013_07_19.pdf,2,perforation bha,0.3891072124051021
529,15_9_F_11_B_2013_07_19.pdf,3,perforation,0.35927619375941044
529,15_9_F_11_B_2013_07_19.pdf,4,perforate,0.3473330936879487
529,15_9_F_11_B_2013_07_19.pdf,5,completion,0.2950037829408424
529,15_9_F_11_B_2013_07_19.pdf,6,bha,0.1532280297059692
529,15_9_F_11_B_2013_07_19.pdf,7,l/o perforation,0.14326228946798075
529,15_9_F_11_B_2013_07_19.pdf,8,lubricator,0.1294134220754514
529,15_9_F_11_B_2013_07_19.pdf,9,l/o,0.12580630776092813
529,15_9_F_11_B_2013_07_19.pdf,10,m/u perforation,0.10241829654310815
529,15_9_F_11_B_2013_07_19.pdf,11,interval,0.10064504620874251
529,15_9_F_11_B_2013_07_19.pdf,12,tools removed,0.08333877359749735
530,15_9_F_11_B_2013_07_20.pdf,1,perforation bha,0.42815147673804765
530,15_9_F_11_B_2013_07_20.pdf,2,completion perforate,0.414894356048969
530,15_9_F_11_B_2013_07_20.pdf,3,perforation,0.33885181552063637
530,15_9_F_11_B_2013_07_20.pdf,4,perforate,0.3275876649522035
530,15_9_F_11_B_2013_07_20.pdf,5,completion,0.27966004352960827
530,15_9_F_11_B_2013_07_20.pdf,6,rih perforation,0.16933193267079064
530,15_9_F_11_B_2013_07_20.pdf,7,bha,0.16600952233937222
530,15_9_F_11_B_2013_07_20.pdf,8,bha completion,0.13413351155116912
530,15_9_F_11_B_2013_07_20.pdf,9,interval,0.13289291111606374
530,15_9_F_11_B_2013_07_20.pdf,10,bha wireline,0.12611014926699482
530,15_9_F_11_B_2013_07_20.pdf,11,perforate rih,0.1169892577907982
530,15_9_F_11_B_2013_07_20.pdf,12,perforate m/u,0.09834730354969028
531,15_9_F_11_B_2013_07_21.pdf,1,completion perforate,0.43335940320117466
531,15_9_F_11_B_2013_07_21.pdf,2,perforation bha,0.3852856323948032
531,15_9_F_11_B_2013_07_21.pdf,3,perforation,0.35574759630227104
531,15_9_F_11_B_2013_07_21.pdf,4,perforate,0.319355951820816
531,15_9_F_11_B_2013_07_21.pdf,5,completion,0.29210643094142597
531,15_9_F_11_B_2013_07_21.pdf,6,interval,0.14948485548335888
531,15_9_F_11_B_2013_07_21.pdf,7,whp bar,0.14052945216252297
531,15_9_F_11_B_2013_07_21.pdf,8,bha,0.1400521061320336
531,15_9_F_11_B_2013_07_21.pdf,9,whp,0.13861193951443238
531,15_9_F_11_B_2013_07_21.pdf,10,perforated interval,0.13159559939724255
531,15_9_F_11_B_2013_07_21.pdf,11,rih perforation,0.12698224092080646
531,15_9_F_11_B_2013_07_21.pdf,12,perforated,0.11405660687718736
532,15_9_F_11_B_2013_07_22.pdf,1,wireline equipment,0.23911074777593666
532,15_9_F_11_B_2013_07_22.pdf,2,cantiliver,0.19215852270152908
532,15_9_F_11_B_2013_07_22.pdf,3,f-1,0.18889164631812186
532,15_9_F_11_B_2013_07_22.pdf,4,r/d wireline,0.18590922184721276
532,15_9_F_11_B_2013_07_22.pdf,5,completion,0.18262626918604377
532,15_9_F_11_B_2013_07_22.pdf,6,completion perforate,0.1806255132607036
532,15_9_F_11_B_2013_07_22.pdf,7,r/d,0.18005501401316965
532,15_9_F_11_B_2013_07_22.pdf,8,prepared skidding,0.17397057147404615
532,15_9_F_11_B_2013_07_22.pdf,9,wireline,0.16356803562667274
532,15_9_F_11_B_2013_07_22.pdf,10,slot,0.15337829119052282
532,15_9_F_11_B_2013_07_22.pdf,11,equipment,0.15325406806754735
532,15_9_F_11_B_2013_07_22.pdf,12,deck,0.1500437498315061
533,15_9_F_11_B_2013_07_23.pdf,1,tree,0.33944144454457714
533,15_9_F_11_B_2013_07_23.pdf,2,meg,0.33719619438720133
533,15_9_F_11_B_2013_07_23.pdf,3,meg injection,0.2637422000657494
533,15_9_F_11_B_2013_07_23.pdf,4,injection pump,0.2637422000657494
533,15_9_F_11_B_2013_07_23.pdf,5,xmas tree,0.23689809766681702
533,15_9_F_11_B_2013_07_23.pdf,6,xmas,0.23689809766681702
533,15_9_F_11_B_2013_07_23.pdf,7,good test,0.1865796567218397
533,15_9_F_11_B_2013_07_23.pdf,8,handover production,0.17582813337716624
533,15_9_F_11_B_2013_07_23.pdf,9,bar good,0.16840059395714083
533,15_9_F_11_B_2013_07_23.pdf,10,using meg,0.16263934679430778
533,15_9_F_11_B_2013_07_23.pdf,11,injection,0.15252821251834234
533,15_9_F_11_B_2013_07_23.pdf,12,f-1,0.1422825060805147
534,15_9_F_11_B_2013_07_24.pdf,1,perf,0.6074898579619028
534,15_9_F_11_B_2013_07_24.pdf,2,tvd,0.21562772861579207
534,15_9_F_11_B_2013_07_24.pdf,3,perf perf,0.18512001755436433
534,15_9_F_11_B_2013_07_24.pdf,4,mmd perf,0.18512001755436433
534,15_9_F_11_B_2013_07_24.pdf,5,min good,0.18512001755436433
534,15_9_F_11_B_2013_07_24.pdf,6,perf time,0.18512001755436433
534,15_9_F_11_B_2013_07_24.pdf,7,perf tvd,0.18512001755436433
534,15_9_F_11_B_2013_07_24.pdf,8,perf mmd,0.18512001755436433
534,15_9_F_11_B_2013_07_24.pdf,9,good test,0.14579952168384297
534,15_9_F_11_B_2013_07_24.pdf,10,kwv,0.13641323268710331
534,15_9_F_11_B_2013_07_24.pdf,11,tree,0.13262539208134114
534,15_9_F_11_B_2013_07_24.pdf,12,f-11b,0.12709177080829673
535,15_9_F_11_B_2015_10_25.pdf,1,vessel,0.5375973243528063
535,15_9_F_11_B_2015_10_25.pdf,2,spotting equipment,0.22756645261942654
535,15_9_F_11_B_2015_10_25.pdf,3,vessel arrived,0.22756645261942654
535,15_9_F_11_B_2015_10_25.pdf,4,unloaded,0.2134199112229121
535,15_9_F_11_B_2015_10_25.pdf,5,xmt operations,0.2134199112229121
535,15_9_F_11_B_2015_10_25.pdf,6,arrived rig,0.2033827803685143
535,15_9_F_11_B_2015_10_25.pdf,7,equipment,0.187196029288504
535,15_9_F_11_B_2015_10_25.pdf,8,spotting,0.18385797354331238
535,15_9_F_11_B_2015_10_25.pdf,9,arrived,0.18385797354331238
535,15_9_F_11_B_2015_10_25.pdf,10,wireline equipment,0.16225990354255654
535,15_9_F_11_B_2015_10_25.pdf,11,prepare,0.1455277598958857
535,15_9_F_11_B_2015_10_25.pdf,12,time,0.14025749911065533
536,15_9_F_11_B_2015_10_26.pdf,1,workover,0.33739183841255205
536,15_9_F_11_B_2015_10_26.pdf,2,workover wire,0.3010863860913922
536,15_9_F_11_B_2015_10_26.pdf,3,wire line,0.29986896787064554
536,15_9_F_11_B_2015_10_26.pdf,4,wire,0.26273032765632287
536,15_9_F_11_B_2015_10_26.pdf,5,containers,0.19123966799200715
536,15_9_F_11_B_2015_10_26.pdf,6,line,0.16981607055790657
536,15_9_F_11_B_2015_10_26.pdf,7,gih,0.15592781126332572
536,15_9_F_11_B_2015_10_26.pdf,8,winch,0.1449104378572484
536,15_9_F_11_B_2015_10_26.pdf,9,equipment,0.14478775991817047
536,15_9_F_11_B_2015_10_26.pdf,10,units,0.12749311199467142
536,15_9_F_11_B_2015_10_26.pdf,11,altus schlumberger,0.12749311199467142
536,15_9_F_11_B_2015_10_26.pdf,12,general,0.1273606910208887
537,15_9_F_11_B_2015_10_27.pdf,1,wire,0.34660794792312416
537,15_9_F_11_B_2015_10_27.pdf,2,wire line,0.34615283077826015
537,15_9_F_11_B_2015_10_27.pdf,3,workover wire,0.2979069889694234
537,15_9_F_11_B_2015_10_27.pdf,4,workover,0.28931852280202824
537,15_9_F_11_B_2015_10_27.pdf,5,line,0.21002856902324835
537,15_9_F_11_B_2015_10_27.pdf,6,wing manifold,0.18183512350659864
537,15_9_F_11_B_2015_10_27.pdf,7,wing,0.16749251167585383
537,15_9_F_11_B_2015_10_27.pdf,8,kill wing,0.15564636040726365
537,15_9_F_11_B_2015_10_27.pdf,9,altus,0.14268299381584076
537,15_9_F_11_B_2015_10_27.pdf,10,hoses,0.12730896487895157
537,15_9_F_11_B_2015_10_27.pdf,11,service equ,0.11201403902018317
537,15_9_F_11_B_2015_10_27.pdf,12,swab,0.11035758286679252
538,15_9_F_11_B_2015_10_28.pdf,1,workover wire,0.35954873311803603
538,15_9_F_11_B_2015_10_28.pdf,2,wire line,0.3580949271700932
538,15_9_F_11_B_2015_10_28.pdf,3,workover,0.34128310342338164
538,15_9_F_11_B_2015_10_28.pdf,4,wire,0.3137450274216103
538,15_9_F_11_B_2015_10_28.pdf,5,lbs,0.2723283843012055
538,15_9_F_11_B_2015_10_28.pdf,6,lbs lbs,0.265202956252941
538,15_9_F_11_B_2015_10_28.pdf,7,line,0.21471827772957391
538,15_9_F_11_B_2015_10_28.pdf,8,tractor,0.20664828698190665
538,15_9_F_11_B_2015_10_28.pdf,9,pass,0.12848686407600918
538,15_9_F_11_B_2015_10_28.pdf,10,sigma,0.11618456459178021
538,15_9_F_11_B_2015_10_28.pdf,11,gravity,0.11127655916097236
538,15_9_F_11_B_2015_10_28.pdf,12,line continued,0.08219267213402576
539,15_9_F_11_B_2015_10_29.pdf,1,rst,0.3265206024008628
539,15_9_F_11_B_2015_10_29.pdf,2,pass,0.27415164829327887
539,15_9_F_11_B_2015_10_29.pdf,3,logging,0.24124538984535257
539,15_9_F_11_B_2015_10_29.pdf,4,pass m/min,0.2407270828162169
539,15_9_F_11_B_2015_10_29.pdf,5,workover wire,0.21661184953562931
539,15_9_F_11_B_2015_10_29.pdf,6,wire line,0.21573599720674236
539,15_9_F_11_B_2015_10_29.pdf,7,workover,0.1941849874662492
539,15_9_F_11_B_2015_10_29.pdf,8,m/min,0.19273715836171426
539,15_9_F_11_B_2015_10_29.pdf,9,continued log,0.18994409945183666
539,15_9_F_11_B_2015_10_29.pdf,10,logging passes,0.18994409945183666
539,15_9_F_11_B_2015_10_29.pdf,11,wire,0.18901718852696084
539,15_9_F_11_B_2015_10_29.pdf,12,log rst,0.18344581534042623
540,15_9_F_11_B_2015_10_30.pdf,1,workover wire,0.25371926889162366
540,15_9_F_11_B_2015_10_30.pdf,2,wire line,0.25269337574210937
540,15_9_F_11_B_2015_10_30.pdf,3,dhpg bar,0.2472034560462386
540,15_9_F_11_B_2015_10_30.pdf,4,workover,0.22745049800039652
540,15_9_F_11_B_2015_10_30.pdf,5,wire,0.22139741193208573
540,15_9_F_11_B_2015_10_30.pdf,6,plt,0.21151382449431463
540,15_9_F_11_B_2015_10_30.pdf,7,stepwise whp,0.2064853631195944
540,15_9_F_11_B_2015_10_30.pdf,8,choke stepwise,0.2064853631195944
540,15_9_F_11_B_2015_10_30.pdf,9,opened choke,0.20253203300946399
540,15_9_F_11_B_2015_10_30.pdf,10,bar dhpg,0.1997233157981072
540,15_9_F_11_B_2015_10_30.pdf,11,stepwise,0.17674635475896278
540,15_9_F_11_B_2015_10_30.pdf,12,line opened,0.17317514124614164
541,15_9_F_11_B_2015_10_31.pdf,1,workover wire,0.2801094142047257
541,15_9_F_11_B_2015_10_31.pdf,2,wire line,0.2789768146571925
541,15_9_F_11_B_2015_10_31.pdf,3,plt flowing,0.27172697660102774
541,15_9_F_11_B_2015_10_31.pdf,4,workover,0.26904465556608553
541,15_9_F_11_B_2015_10_31.pdf,5,wire,0.24442565845966097
541,15_9_F_11_B_2015_10_31.pdf,6,flowing pass,0.23290883708659518
541,15_9_F_11_B_2015_10_31.pdf,7,plt,0.22517426034650945
541,15_9_F_11_B_2015_10_31.pdf,8,flowing,0.21365408324822951
541,15_9_F_11_B_2015_10_31.pdf,9,line switched,0.19744730358983575
541,15_9_F_11_B_2015_10_31.pdf,10,switched,0.17248991015471604
541,15_9_F_11_B_2015_10_31.pdf,11,pass,0.16206464952218552
541,15_9_F_11_B_2015_10_31.pdf,12,line,0.15798482509961437
542,15_9_F_11_B_2015_11_01.pdf,1,workover perfor,0.40499304808254866
542,15_9_F_11_B_2015_11_01.pdf,2,perfor ate,0.38788485400864153
542,15_9_F_11_B_2015_11_01.pdf,3,perfor,0.3637722087520455
542,15_9_F_11_B_2015_11_01.pdf,4,ate,0.3637722087520455
542,15_9_F_11_B_2015_11_01.pdf,5,tractor,0.21009597941546912
542,15_9_F_11_B_2015_11_01.pdf,6,workover,0.19827258580652804
542,15_9_F_11_B_2015_11_01.pdf,7,lbs,0.1941698861606108
542,15_9_F_11_B_2015_11_01.pdf,8,lbs lbs,0.17333200733906923
542,15_9_F_11_B_2015_11_01.pdf,9,vpm,0.16091463500217926
542,15_9_F_11_B_2015_11_01.pdf,10,perforation,0.11944174014899028
542,15_9_F_11_B_2015_11_01.pdf,11,altus,0.1191717380984781
542,15_9_F_11_B_2015_11_01.pdf,12,perforation gun,0.09365367693332866
543,15_9_F_11_B_2015_11_02.pdf,1,perf,0.5256256990124057
543,15_9_F_11_B_2015_11_02.pdf,2,workover perf,0.4318646375259277
543,15_9_F_11_B_2015_11_02.pdf,3,orate,0.3770233009685654
543,15_9_F_11_B_2015_11_02.pdf,4,perf orate,0.3770233009685654
543,15_9_F_11_B_2015_11_02.pdf,5,workover,0.19954738361625324
543,15_9_F_11_B_2015_11_02.pdf,6,tractor,0.13593008313386182
543,15_9_F_11_B_2015_11_02.pdf,7,lubricator,0.08840467012427775
543,15_9_F_11_B_2015_11_02.pdf,8,tvd,0.07995863688305453
543,15_9_F_11_B_2015_11_02.pdf,9,perforation,0.07513105834938966
543,15_9_F_11_B_2015_11_02.pdf,10,toolstring,0.07165748272038687
543,15_9_F_11_B_2015_11_02.pdf,11,mmd perf,0.06864582935800603
543,15_9_F_11_B_2015_11_02.pdf,12,perf perf,0.06864582935800603
544,15_9_F_11_B_2015_11_03.pdf,1,perf,0.37069026510878994
544,15_9_F_11_B_2015_11_03.pdf,2,rforate,0.35532766660594556
544,15_9_F_11_B_2015_11_03.pdf,3,workover rforate,0.35532766660594556
544,15_9_F_11_B_2015_11_03.pdf,4,workover,0.3078425797543501
544,15_9_F_11_B_2015_11_03.pdf,5,workover line,0.16059705362350807
544,15_9_F_11_B_2015_11_03.pdf,6,rforate switched,0.13324787497722956
544,15_9_F_11_B_2015_11_03.pdf,7,workover scsssv,0.13324787497722956
544,15_9_F_11_B_2015_11_03.pdf,8,tvd,0.13157602359578296
544,15_9_F_11_B_2015_11_03.pdf,9,lubricator,0.12469234539633947
544,15_9_F_11_B_2015_11_03.pdf,10,xmt,0.12121682070363501
544,15_9_F_11_B_2015_11_03.pdf,11,perf perf,0.11296022062721353
544,15_9_F_11_B_2015_11_03.pdf,12,perf tvd,0.11296022062721353
545,15_9_F_11_B_2016_04_15.pdf,1,vessel,0.33373828505690506
545,15_9_F_11_B_2016_04_15.pdf,2,workover wire,0.24166003486004567
545,15_9_F_11_B_2016_04_15.pdf,3,wire line,0.2406829022387933
545,15_9_F_11_B_2016_04_15.pdf,4,workover,0.21663981421603892
545,15_9_F_11_B_2016_04_15.pdf,5,vessel arrived,0.21190852574960667
545,15_9_F_11_B_2016_04_15.pdf,6,wire,0.2108744303070081
545,15_9_F_11_B_2016_04_15.pdf,7,crew workover,0.19873535062961428
545,15_9_F_11_B_2016_04_15.pdf,8,unloaded,0.19873535062961428
545,15_9_F_11_B_2016_04_15.pdf,9,r/u equipment,0.19372714188458795
545,15_9_F_11_B_2016_04_15.pdf,10,arrived rig,0.1893888341390296
545,15_9_F_11_B_2016_04_15.pdf,11,recieved,0.18556217550962187
545,15_9_F_11_B_2016_04_15.pdf,12,equipment r/u,0.18556217550962187
546,15_9_F_11_B_2016_04_16.pdf,1,workover wire,0.4054764515048617
546,15_9_F_11_B_2016_04_16.pdf,2,wire line,0.40383694057727076
546,15_9_F_11_B_2016_04_16.pdf,3,workover,0.36349553277961216
546,15_9_F_11_B_2016_04_16.pdf,4,wire,0.35382191252067724
546,15_9_F_11_B_2016_04_16.pdf,5,line,0.22869322851886897
546,15_9_F_11_B_2016_04_16.pdf,6,rig workover,0.12929345462045677
546,15_9_F_11_B_2016_04_16.pdf,7,hookup,0.12929345462045677
546,15_9_F_11_B_2016_04_16.pdf,8,equipment,0.12408283915565832
546,15_9_F_11_B_2016_04_16.pdf,9,line held,0.10061146318393124
546,15_9_F_11_B_2016_04_16.pdf,10,maersk,0.09840665921675988
546,15_9_F_11_B_2016_04_16.pdf,11,built,0.0800356370851945
546,15_9_F_11_B_2016_04_16.pdf,12,schlumberger,0.07733711567227512
547,15_9_F_11_B_2016_04_17.pdf,1,workover,0.3932678527233827
547,15_9_F_11_B_2016_04_17.pdf,2,workover wire,0.3623938101059089
547,15_9_F_11_B_2016_04_17.pdf,3,wire line,0.36092850032144447
547,15_9_F_11_B_2016_04_17.pdf,4,wire,0.31622766378034756
547,15_9_F_11_B_2016_04_17.pdf,5,lubricator,0.2250894167961655
547,15_9_F_11_B_2016_04_17.pdf,6,line,0.21515172588169668
547,15_9_F_11_B_2016_04_17.pdf,7,line lifted,0.15685467300355357
547,15_9_F_11_B_2016_04_17.pdf,8,middle riser,0.13970292528641312
547,15_9_F_11_B_2016_04_17.pdf,9,middle,0.10962255938398384
547,15_9_F_11_B_2016_04_17.pdf,10,lubricator workover,0.10962255938398384
547,15_9_F_11_B_2016_04_17.pdf,11,riser,0.10031005726453178
547,15_9_F_11_B_2016_04_17.pdf,12,schlumberger,0.1000419613498334
548,15_9_F_11_B_2016_04_18.pdf,1,workover perforate,0.49519065260005085
548,15_9_F_11_B_2016_04_18.pdf,2,perforate,0.3545499180322076
548,15_9_F_11_B_2016_04_18.pdf,3,workover,0.3530971465035272
548,15_9_F_11_B_2016_04_18.pdf,4,tractor,0.23591915852964832
548,15_9_F_11_B_2016_04_18.pdf,5,perf,0.21992265010621953
548,15_9_F_11_B_2016_04_18.pdf,6,mmd workover,0.1740921335993073
548,15_9_F_11_B_2016_04_18.pdf,7,rih mmd,0.12435152399950522
548,15_9_F_11_B_2016_04_18.pdf,8,correlation pass,0.1190985202355097
548,15_9_F_11_B_2016_04_18.pdf,9,puw,0.11502397396651569
548,15_9_F_11_B_2016_04_18.pdf,10,lbs,0.11128898770807306
548,15_9_F_11_B_2016_04_18.pdf,11,perforate activated,0.10540417358020579
548,15_9_F_11_B_2016_04_18.pdf,12,activated,0.10190384839083433
549,15_9_F_11_B_2016_04_19.pdf,1,workover wire,0.37499700549660303
549,15_9_F_11_B_2016_04_19.pdf,2,wire line,0.3734807357205315
549,15_9_F_11_B_2016_04_19.pdf,3,workover,0.336171769773201
549,15_9_F_11_B_2016_04_19.pdf,4,wire,0.3272253103279023
549,15_9_F_11_B_2016_04_19.pdf,5,line,0.21150248196570778
549,15_9_F_11_B_2016_04_19.pdf,6,xmt,0.14891826309921535
549,15_9_F_11_B_2016_04_19.pdf,7,cap,0.1412011594958016
549,15_9_F_11_B_2016_04_19.pdf,8,riser section,0.13109681265283163
549,15_9_F_11_B_2016_04_19.pdf,9,bleed,0.09573512114029774
549,15_9_F_11_B_2016_04_19.pdf,10,hatch,0.0941341063305344
549,15_9_F_11_B_2016_04_19.pdf,11,riser,0.09244563047874038
549,15_9_F_11_B_2016_04_19.pdf,12,middle riser,0.08583336746097382
550,15_9_F_11_B_2016_04_21.pdf,1,workover wire,0.36544741615077575
550,15_9_F_11_B_2016_04_21.pdf,2,wire line,0.36396975935957265
550,15_9_F_11_B_2016_04_21.pdf,3,workover,0.32761089514236846
550,15_9_F_11_B_2016_04_21.pdf,4,wire,0.3188922642198297
550,15_9_F_11_B_2016_04_21.pdf,5,line,0.2061164073603359
550,15_9_F_11_B_2016_04_21.pdf,6,straddle,0.1464807440771053
550,15_9_F_11_B_2016_04_21.pdf,7,received,0.14320046780593915
550,15_9_F_11_B_2016_04_21.pdf,8,lubricator,0.1382286948322127
550,15_9_F_11_B_2016_04_21.pdf,9,xmt workover,0.13537746680878918
550,15_9_F_11_B_2016_04_21.pdf,10,xmt,0.12900083922347222
550,15_9_F_11_B_2016_04_21.pdf,11,gih,0.1261729044432924
550,15_9_F_11_B_2016_04_21.pdf,12,test rig-up,0.10681868744572391
551,15_9_F_11_B_2016_04_22.pdf,1,grease pump,0.31182947091439556
551,15_9_F_11_B_2016_04_22.pdf,2,grease,0.28688605477086937
551,15_9_F_11_B_2016_04_22.pdf,3,lubricator,0.23875258196505583
551,15_9_F_11_B_2016_04_22.pdf,4,hmv,0.21486070340484692
551,15_9_F_11_B_2016_04_22.pdf,5,x-over,0.19312859746634187
551,15_9_F_11_B_2016_04_22.pdf,6,interruption,0.18900529319147213
551,15_9_F_11_B_2016_04_22.pdf,7,pump,0.18447049808757635
551,15_9_F_11_B_2016_04_22.pdf,8,o-ring x-over,0.1444784642924685
551,15_9_F_11_B_2016_04_22.pdf,9,riser,0.13831867869582934
551,15_9_F_11_B_2016_04_22.pdf,10,workover wire,0.13150235419094963
551,15_9_F_11_B_2016_04_22.pdf,11,wire line,0.13097063515794577
551,15_9_F_11_B_2016_04_22.pdf,12,interruption closed,0.12977321542087852
552,15_9_F_11_B_2016_04_23.pdf,1,workover wir,0.4510106722071548
552,15_9_F_11_B_2016_04_23.pdf,2,wir line,0.4510106722071548
552,15_9_F_11_B_2016_04_23.pdf,3,wir,0.43964502646022496
552,15_9_F_11_B_2016_04_23.pdf,4,workover,0.24582156100276906
552,15_9_F_11_B_2016_04_23.pdf,5,straddle,0.16486688492258433
552,15_9_F_11_B_2016_04_23.pdf,6,line,0.15465864462041745
552,15_9_F_11_B_2016_04_23.pdf,7,bar workover,0.11320026574353573
552,15_9_F_11_B_2016_04_23.pdf,8,whp bar,0.10237097773016848
552,15_9_F_11_B_2016_04_23.pdf,9,whp,0.10097413428152273
552,15_9_F_11_B_2016_04_23.pdf,10,tractor,0.0930287127733618
552,15_9_F_11_B_2016_04_23.pdf,11,interval mmd,0.09016986001292553
552,15_9_F_11_B_2016_04_23.pdf,12,l/d bha,0.08644707706115592
553,15_9_F_11_B_2016_04_24.pdf,1,workover,0.44685554084134366
553,15_9_F_11_B_2016_04_24.pdf,2,workover wire,0.4459940111956893
553,15_9_F_11_B_2016_04_24.pdf,3,wire,0.38917785096611235
553,15_9_F_11_B_2016_04_24.pdf,4,straddle,0.1682502546076096
553,15_9_F_11_B_2016_04_24.pdf,5,drillfloor workover,0.1333082277536084
553,15_9_F_11_B_2016_04_24.pdf,6,lbs,0.12283764446378738
553,15_9_F_11_B_2016_04_24.pdf,7,lubricator,0.11907885868955177
553,15_9_F_11_B_2016_04_24.pdf,8,cap,0.10537056106907876
553,15_9_F_11_B_2016_04_24.pdf,9,drillfloor,0.10368549679748434
553,15_9_F_11_B_2016_04_24.pdf,10,l/d bha,0.09924877014574171
553,15_9_F_11_B_2016_04_24.pdf,11,performed tool-box,0.09607899241167499
553,15_9_F_11_B_2016_04_24.pdf,12,wire performed,0.09607899241167499
554,15_9_F_11_B_2016_04_25.pdf,1,personell,0.35618679003687476
554,15_9_F_11_B_2016_04_25.pdf,2,packed equipment,0.34400108400509666
554,15_9_F_11_B_2016_04_25.pdf,3,end operation,0.31190248440088575
554,15_9_F_11_B_2016_04_25.pdf,4,packed,0.25834011670449814
554,15_9_F_11_B_2016_04_25.pdf,5,workover wire,0.20309733124826548
554,15_9_F_11_B_2016_04_25.pdf,6,wire line,0.20227612377071583
554,15_9_F_11_B_2016_04_25.pdf,7,cleaned,0.2020272935421387
554,15_9_F_11_B_2016_04_25.pdf,8,workover,0.18206969197401215
554,15_9_F_11_B_2016_04_25.pdf,9,wire,0.17722431451545145
554,15_9_F_11_B_2016_04_25.pdf,10,end,0.16464817576947
554,15_9_F_11_B_2016_04_25.pdf,11,cleaned drillfloor,0.16281329070361306
554,15_9_F_11_B_2016_04_25.pdf,12,engineer,0.16281329070361306
555,15_9_F_11_B_2016_09_19.pdf,1,lower riser,0.24210381955608623
555,15_9_F_11_B_2016_09_19.pdf,2,abandon,0.2344667201974076
555,15_9_F_11_B_2016_09_19.pdf,3,plug abandon,0.2344667201974076
555,15_9_F_11_B_2016_09_19.pdf,4,lower,0.20701060626216344
555,15_9_F_11_B_2016_09_19.pdf,5,r/u,0.18914060352506473
555,15_9_F_11_B_2016_09_19.pdf,6,plug,0.18149603136874376
555,15_9_F_11_B_2016_09_19.pdf,7,skid,0.17979345482332518
555,15_9_F_11_B_2016_09_19.pdf,8,riser,0.17509118971445223
555,15_9_F_11_B_2016_09_19.pdf,9,moon pool,0.1725082940698513
555,15_9_F_11_B_2016_09_19.pdf,10,pool,0.1725082940698513
555,15_9_F_11_B_2016_09_19.pdf,11,bop,0.1692378644759568
555,15_9_F_11_B_2016_09_19.pdf,12,moon,0.16793095209665915
556,15_9_F_11_B_2016_09_20.pdf,1,plug,0.332591477250749
556,15_9_F_11_B_2016_09_20.pdf,2,abandon,0.30759768933033954
556,15_9_F_11_B_2016_09_20.pdf,3,plug abandon,0.30759768933033954
556,15_9_F_11_B_2016_09_20.pdf,4,barrier plug,0.19559616429167542
556,15_9_F_11_B_2016_09_20.pdf,5,x-over,0.18327104672034839
556,15_9_F_11_B_2016_09_20.pdf,6,barrier,0.179305486019761
556,15_9_F_11_B_2016_09_20.pdf,7,set barrier,0.15647693143334035
556,15_9_F_11_B_2016_09_20.pdf,8,bleed manifold,0.14792864098855724
556,15_9_F_11_B_2016_09_20.pdf,9,bleed,0.1274336974452324
556,15_9_F_11_B_2016_09_20.pdf,10,deep set,0.12314941100628374
556,15_9_F_11_B_2016_09_20.pdf,11,deep,0.12004599757131829
556,15_9_F_11_B_2016_09_20.pdf,12,tree,0.11763711733298039
557,15_9_F_11_B_2016_09_21.pdf,1,plug,0.44204688338521053
557,15_9_F_11_B_2016_09_21.pdf,2,plug abandon,0.31375147044034235
557,15_9_F_11_B_2016_09_21.pdf,3,abandon,0.31375147044034235
557,15_9_F_11_B_2016_09_21.pdf,4,mechanical plug,0.25148015432888504
557,15_9_F_11_B_2016_09_21.pdf,5,abandon mechanical,0.24750951517761569
557,15_9_F_11_B_2016_09_21.pdf,6,mechanical,0.2219722528778858
557,15_9_F_11_B_2016_09_21.pdf,7,pressure,0.15308915146324586
557,15_9_F_11_B_2016_09_21.pdf,8,tubing,0.12610953713160988
557,15_9_F_11_B_2016_09_21.pdf,9,m/min plug,0.11905724329441605
557,15_9_F_11_B_2016_09_21.pdf,10,speed m/min,0.11450334881659732
557,15_9_F_11_B_2016_09_21.pdf,11,barrier plug,0.10640493308881466
557,15_9_F_11_B_2016_09_21.pdf,12,m/min,0.10067328063523028
558,15_9_F_11_B_2016_09_22.pdf,1,abandon ther,0.5457570048846944
558,15_9_F_11_B_2016_09_22.pdf,2,ther,0.3958342428129156
558,15_9_F_11_B_2016_09_22.pdf,3,plug abandon,0.2739491534013017
558,15_9_F_11_B_2016_09_22.pdf,4,abandon,0.2739491534013017
558,15_9_F_11_B_2016_09_22.pdf,5,plug,0.2079961734890702
558,15_9_F_11_B_2016_09_22.pdf,6,moon pool,0.1390050993468824
558,15_9_F_11_B_2016_09_22.pdf,7,pool,0.1390050993468824
558,15_9_F_11_B_2016_09_22.pdf,8,moon,0.13531673248221096
558,15_9_F_11_B_2016_09_22.pdf,9,x-tree,0.12491483715734861
558,15_9_F_11_B_2016_09_22.pdf,10,kill/choke manifolds,0.12491483715734861
558,15_9_F_11_B_2016_09_22.pdf,11,tests kill/choke,0.12491483715734861
558,15_9_F_11_B_2016_09_22.pdf,12,manifolds plug,0.12491483715734861
559,15_9_F_11_B_2016_09_23.pdf,1,aban don,0.40738434470961643
559,15_9_F_11_B_2016_09_23.pdf,2,aban,0.40738434470961643
559,15_9_F_11_B_2016_09_23.pdf,3,plug aban,0.40738434470961643
559,15_9_F_11_B_2016_09_23.pdf,4,don,0.40738434470961643
559,15_9_F_11_B_2016_09_23.pdf,5,don oth,0.32297470175635157
559,15_9_F_11_B_2016_09_23.pdf,6,oth,0.21704537904727378
559,15_9_F_11_B_2016_09_23.pdf,7,plug,0.20882071585074038
559,15_9_F_11_B_2016_09_23.pdf,8,don ment,0.12443785616417363
559,15_9_F_11_B_2016_09_23.pdf,9,ment plug,0.11744534609321876
559,15_9_F_11_B_2016_09_23.pdf,10,tubing,0.09680695151351158
559,15_9_F_11_B_2016_09_23.pdf,11,ment,0.08088001942643563
559,15_9_F_11_B_2016_09_23.pdf,12,control line,0.058301824006927905
560,15_9_F_11_B_2016_09_24.pdf,1,abandon,0.37020477085777487
560,15_9_F_11_B_2016_09_24.pdf,2,plug abandon,0.37020477085777487
560,15_9_F_11_B_2016_09_24.pdf,3,plug,0.3566181552836981
560,15_9_F_11_B_2016_09_24.pdf,4,spear,0.1865512115020148
560,15_9_F_11_B_2016_09_24.pdf,5,tubing,0.17577050259933844
560,15_9_F_11_B_2016_09_24.pdf,6,cement plug,0.17031637473666003
560,15_9_F_11_B_2016_09_24.pdf,7,cement,0.16843482022596676
560,15_9_F_11_B_2016_09_24.pdf,8,abandon cement,0.15908997128938993
560,15_9_F_11_B_2016_09_24.pdf,9,tieback,0.11348898604155343
560,15_9_F_11_B_2016_09_24.pdf,10,casing,0.10420671682028414
560,15_9_F_11_B_2016_09_24.pdf,11,l/min,0.08445142197031992
560,15_9_F_11_B_2016_09_24.pdf,12,fosv,0.08419970598263082
561,15_9_F_11_B_2016_09_25.pdf,1,abandon,0.39608537261345056
561,15_9_F_11_B_2016_09_25.pdf,2,plug abandon,0.39608537261345056
561,15_9_F_11_B_2016_09_25.pdf,3,abandon ther,0.3861429750975016
561,15_9_F_11_B_2016_09_25.pdf,4,ther,0.28006715589026554
561,15_9_F_11_B_2016_09_25.pdf,5,plug,0.27253495137874617
561,15_9_F_11_B_2016_09_25.pdf,6,abandon erforate,0.1671568839929444
561,15_9_F_11_B_2016_09_25.pdf,7,spear,0.15924957302496018
561,15_9_F_11_B_2016_09_25.pdf,8,erforate,0.14593007786810472
561,15_9_F_11_B_2016_09_25.pdf,9,tieback,0.1420905974797427
561,15_9_F_11_B_2016_09_25.pdf,10,bha run,0.13167883068292724
561,15_9_F_11_B_2016_09_25.pdf,11,tieback casing,0.1007329500254352
561,15_9_F_11_B_2016_09_25.pdf,12,casing,0.09488654631672663
562,15_9_F_11_B_2016_09_26.pdf,1,plug abandon,0.3177335178523368
562,15_9_F_11_B_2016_09_26.pdf,2,abandon,0.3177335178523368
562,15_9_F_11_B_2016_09_26.pdf,3,batch,0.2968172156511632
562,15_9_F_11_B_2016_09_26.pdf,4,drilling slop,0.25863882988354114
562,15_9_F_11_B_2016_09_26.pdf,5,plug,0.21862329393262722
562,15_9_F_11_B_2016_09_26.pdf,6,slop,0.21353174877595393
562,15_9_F_11_B_2016_09_26.pdf,7,casing,0.1834603057442323
562,15_9_F_11_B_2016_09_26.pdf,8,f-4 total,0.14107572539102245
562,15_9_F_11_B_2016_09_26.pdf,9,f-4,0.12836729229447813
562,15_9_F_11_B_2016_09_26.pdf,10,slop batch,0.11756310449251871
562,15_9_F_11_B_2016_09_26.pdf,11,postflush,0.11756310449251871
562,15_9_F_11_B_2016_09_26.pdf,12,pumped batch,0.11756310449251871
563,15_9_F_11_B_2016_09_27.pdf,1,plug abandon,0.37548728830589456
563,15_9_F_11_B_2016_09_27.pdf,2,abandon,0.37548728830589456
563,15_9_F_11_B_2016_09_27.pdf,3,plug,0.33517232701867516
563,15_9_F_11_B_2016_09_27.pdf,4,equipment ecovery,0.18998098150807863
563,15_9_F_11_B_2016_09_27.pdf,5,ecovery,0.18998098150807863
563,15_9_F_11_B_2016_09_27.pdf,6,batch,0.1706444137529709
563,15_9_F_11_B_2016_09_27.pdf,7,abandon equipment,0.16634410762957622
563,15_9_F_11_B_2016_09_27.pdf,8,abandon perforate,0.15620497454515606
563,15_9_F_11_B_2016_09_27.pdf,9,bha run,0.12973834520394362
563,15_9_F_11_B_2016_09_27.pdf,10,cement plu,0.12665398767205244
563,15_9_F_11_B_2016_09_27.pdf,11,plu,0.12665398767205244
563,15_9_F_11_B_2016_09_27.pdf,12,ezsv,0.12225464636114826
564,15_9_F_11_B_2016_09_28.pdf,1,plug,0.29261802738473125
564,15_9_F_11_B_2016_09_28.pdf,2,interruption ait,0.2606835766989196
564,15_9_F_11_B_2016_09_28.pdf,3,ait woc,0.2523383036094203
564,15_9_F_11_B_2016_09_28.pdf,4,ait,0.251765184659067
564,15_9_F_11_B_2016_09_28.pdf,5,cement plug,0.2257511523903413
564,15_9_F_11_B_2016_09_28.pdf,6,abandon,0.21263643401286847
564,15_9_F_11_B_2016_09_28.pdf,7,plug abandon,0.21263643401286847
564,15_9_F_11_B_2016_09_28.pdf,8,abandon cement,0.21087076570210458
564,15_9_F_11_B_2016_09_28.pdf,9,woc,0.19440907317173955
564,15_9_F_11_B_2016_09_28.pdf,10,batch,0.18335874583872624
564,15_9_F_11_B_2016_09_28.pdf,11,cement,0.180732008737352
564,15_9_F_11_B_2016_09_28.pdf,12,drilling slop,0.1258825923295335
565,15_9_F_11_B_2016_09_29.pdf,1,plug,0.41973166961415914
565,15_9_F_11_B_2016_09_29.pdf,2,plug abandon,0.3791966121460932
565,15_9_F_11_B_2016_09_29.pdf,3,abandon,0.3791966121460932
565,15_9_F_11_B_2016_09_29.pdf,4,cement plug,0.26547220069850797
565,15_9_F_11_B_2016_09_29.pdf,5,abandon cement,0.23616533447886612
565,15_9_F_11_B_2016_09_29.pdf,6,cement,0.20360199991120592
565,15_9_F_11_B_2016_09_29.pdf,7,batch,0.15401487516459
565,15_9_F_11_B_2016_09_29.pdf,8,drilling slop,0.12688432168976985
565,15_9_F_11_B_2016_09_29.pdf,9,slop,0.10475546581643197
565,15_9_F_11_B_2016_09_29.pdf,10,pumped batch,0.09516324126732739
565,15_9_F_11_B_2016_09_29.pdf,11,diverter,0.08786972495715628
565,15_9_F_11_B_2016_09_29.pdf,12,bop,0.08462338729672533
566,15_9_F_11_B_2016_10_21.pdf,1,abandon,0.33601356029097984
566,15_9_F_11_B_2016_10_21.pdf,2,plug abandon,0.33601356029097984
566,15_9_F_11_B_2016_10_21.pdf,3,plug,0.23120126530366045
566,15_9_F_11_B_2016_10_21.pdf,4,cutting machine,0.21285818388623126
566,15_9_F_11_B_2016_10_21.pdf,5,riser,0.20728393975653908
566,15_9_F_11_B_2016_10_21.pdf,6,multibowl,0.20153625618289375
566,15_9_F_11_B_2016_10_21.pdf,7,machine,0.18811461614825706
566,15_9_F_11_B_2016_10_21.pdf,8,cut riser,0.1529151799254098
566,15_9_F_11_B_2016_10_21.pdf,9,cutting,0.15063867225222552
566,15_9_F_11_B_2016_10_21.pdf,10,abandon r/u,0.11757163509266066
566,15_9_F_11_B_2016_10_21.pdf,11,cut,0.11304945865408972
566,15_9_F_11_B_2016_10_21.pdf,12,lift cleaned,0.11243468773307401
567,15_9_F_11_B_2016_10_22.pdf,1,riser,0.2637359400507678
567,15_9_F_11_B_2016_10_22.pdf,2,l/o riser,0.2399438309668071
567,15_9_F_11_B_2016_10_22.pdf,3,lift,0.2363510022412849
567,15_9_F_11_B_2016_10_22.pdf,4,cutting machine,0.23389715236254263
567,15_9_F_11_B_2016_10_22.pdf,5,plug abandon,0.2247458007656248
567,15_9_F_11_B_2016_10_22.pdf,6,abandon,0.2247458007656248
567,15_9_F_11_B_2016_10_22.pdf,7,riser joint,0.2067079227659248
567,15_9_F_11_B_2016_10_22.pdf,8,machine,0.2067079227659248
567,15_9_F_11_B_2016_10_22.pdf,9,lift pulled,0.18532165036412404
567,15_9_F_11_B_2016_10_22.pdf,10,joint lift,0.17995787322510534
567,15_9_F_11_B_2016_10_22.pdf,11,riser lift,0.17995787322510534
567,15_9_F_11_B_2016_10_22.pdf,12,abandon l/o,0.17542286427190695
568,15_9_F_11_T2_2013_03_24.pdf,1,interruption ther,0.3335410537480433
568,15_9_F_11_T2_2013_03_24.pdf,2,ther,0.2994257250148683
568,15_9_F_11_T2_2013_03_24.pdf,3,l/min bar,0.25424847868146855
568,15_9_F_11_T2_2013_03_24.pdf,4,l/min,0.2363636406194785
568,15_9_F_11_T2_2013_03_24.pdf,5,transferred f-11,0.17241688914296902
568,15_9_F_11_T2_2013_03_24.pdf,6,shoe l/min,0.16513345152584724
568,15_9_F_11_T2_2013_03_24.pdf,7,tons,0.16025606890199837
568,15_9_F_11_T2_2013_03_24.pdf,8,knm interruption,0.15096528787822455
568,15_9_F_11_T2_2013_03_24.pdf,9,gyro,0.15029239405292713
568,15_9_F_11_T2_2013_03_24.pdf,10,oriented,0.14549620118282272
568,15_9_F_11_T2_2013_03_24.pdf,11,tons overpull,0.13529266212663255
568,15_9_F_11_T2_2013_03_24.pdf,12,conductor shoe,0.13003571876783282
569,15_9_F_11_T2_2013_03_25.pdf,1,crown block,0.2600244935716072
569,15_9_F_11_T2_2013_03_25.pdf,2,interruption ther,0.25263436178720267
569,15_9_F_11_T2_2013_03_25.pdf,3,crown,0.2433263358020997
569,15_9_F_11_T2_2013_03_25.pdf,4,ther,0.22679435137524045
569,15_9_F_11_T2_2013_03_25.pdf,5,gyro,0.1897268848235685
569,15_9_F_11_T2_2013_03_25.pdf,6,block,0.18703790187044322
569,15_9_F_11_T2_2013_03_25.pdf,7,gyro surveys,0.1632423889821703
569,15_9_F_11_T2_2013_03_25.pdf,8,knm tons,0.1632423889821703
569,15_9_F_11_T2_2013_03_25.pdf,9,wob pumped,0.15634651142324008
569,15_9_F_11_T2_2013_03_25.pdf,10,hole recorded,0.15099765323818382
569,15_9_F_11_T2_2013_03_25.pdf,11,tons wob,0.1429322519917847
569,15_9_F_11_T2_2013_03_25.pdf,12,hi-vis sweeps,0.1429322519917847
570,15_9_F_11_T2_2013_03_26.pdf,1,interrupti,0.4041562666098246
570,15_9_F_11_T2_2013_03_26.pdf,2,fast-line sheave,0.25566726206091245
570,15_9_F_11_T2_2013_03_26.pdf,3,fast-line,0.25566726206091245
570,15_9_F_11_T2_2013_03_26.pdf,4,crown block,0.23255685618123886
570,15_9_F_11_T2_2013_03_26.pdf,5,sheave crown,0.23150922028579626
570,15_9_F_11_T2_2013_03_26.pdf,6,crown,0.21762260509759784
570,15_9_F_11_T2_2013_03_26.pdf,7,interrupti rep,0.2142358911236695
570,15_9_F_11_T2_2013_03_26.pdf,8,sheave,0.18790272258385918
570,15_9_F_11_T2_2013_03_26.pdf,9,rep air,0.18244595476492198
570,15_9_F_11_T2_2013_03_26.pdf,10,rep,0.18056085026224422
570,15_9_F_11_T2_2013_03_26.pdf,11,block,0.16728018906321562
570,15_9_F_11_T2_2013_03_26.pdf,12,air,0.1507579643256004
571,15_9_F_11_T2_2013_03_27.pdf,1,fast-line,0.33351512579329334
571,15_9_F_11_T2_2013_03_27.pdf,2,fast-line sheave,0.33351512579329334
571,15_9_F_11_T2_2013_03_27.pdf,3,sheave crown,0.3020012265298518
571,15_9_F_11_T2_2013_03_27.pdf,4,sheave,0.2801337495318535
571,15_9_F_11_T2_2013_03_27.pdf,5,crown block,0.26002959086575744
571,15_9_F_11_T2_2013_03_27.pdf,6,crown,0.24333110576007966
571,15_9_F_11_T2_2013_03_27.pdf,7,block,0.18704156839889213
571,15_9_F_11_T2_2013_03_27.pdf,8,general rig,0.17918028861244145
571,15_9_F_11_T2_2013_03_27.pdf,9,changing fast-line,0.16324558904406838
571,15_9_F_11_T2_2013_03_27.pdf,10,maintain prepared,0.16324558904406838
571,15_9_F_11_T2_2013_03_27.pdf,11,rig maintenance,0.16222073717338645
571,15_9_F_11_T2_2013_03_27.pdf,12,prepared changing,0.1510006132649259
572,15_9_F_11_T2_2013_03_28.pdf,1,sheave,0.351124975737968
572,15_9_F_11_T2_2013_03_28.pdf,2,intain,0.326619226698255
572,15_9_F_11_T2_2013_03_28.pdf,3,interruption intain,0.326619226698255
572,15_9_F_11_T2_2013_03_28.pdf,4,fast-line sheave,0.29859586370570884
572,15_9_F_11_T2_2013_03_28.pdf,5,fast-line,0.29859586370570884
572,15_9_F_11_T2_2013_03_28.pdf,6,intain transferred,0.21679759075170418
572,15_9_F_11_T2_2013_03_28.pdf,7,bop annular,0.1892670438948185
572,15_9_F_11_T2_2013_03_28.pdf,8,performed general,0.13256881746112806
572,15_9_F_11_T2_2013_03_28.pdf,9,annular function,0.13064769067930201
572,15_9_F_11_T2_2013_03_28.pdf,10,transferred,0.126788879696565
572,15_9_F_11_T2_2013_03_28.pdf,11,sheave derrick,0.12617802926321234
572,15_9_F_11_T2_2013_03_28.pdf,12,leakage bop,0.12617802926321234
573,15_9_F_11_T2_2013_03_29.pdf,1,hole assembly,0.32853525504385317
573,15_9_F_11_T2_2013_03_29.pdf,2,interruption repai,0.26247854087637756
573,15_9_F_11_T2_2013_03_29.pdf,3,repai,0.26247854087637756
573,15_9_F_11_T2_2013_03_29.pdf,4,picked hole,0.22026684238360203
573,15_9_F_11_T2_2013_03_29.pdf,5,sheave,0.19732761006767124
573,15_9_F_11_T2_2013_03_29.pdf,6,hole,0.18958725603116836
573,15_9_F_11_T2_2013_03_29.pdf,7,interruption,0.18803761766456645
573,15_9_F_11_T2_2013_03_29.pdf,8,assembly,0.17497413778793117
573,15_9_F_11_T2_2013_03_29.pdf,9,hole hole,0.169473375248983
573,15_9_F_11_T2_2013_03_29.pdf,10,derrick,0.1577538525658277
573,15_9_F_11_T2_2013_03_29.pdf,11,interruption maintain,0.1566023387590518
573,15_9_F_11_T2_2013_03_29.pdf,12,maintain,0.15058977369890195
574,15_9_F_11_T2_2013_03_30.pdf,1,attempted pass,0.27240147701454887
574,15_9_F_11_T2_2013_03_30.pdf,2,pass restriction,0.2561074449597916
574,15_9_F_11_T2_2013_03_30.pdf,3,assembly drill,0.25175337649698665
574,15_9_F_11_T2_2013_03_30.pdf,4,lpm bar,0.2496679678864348
574,15_9_F_11_T2_2013_03_30.pdf,5,hole,0.23081814223627012
574,15_9_F_11_T2_2013_03_30.pdf,6,hole assembly,0.22221341600406389
574,15_9_F_11_T2_2013_03_30.pdf,7,restriction,0.21245668008677926
574,15_9_F_11_T2_2013_03_30.pdf,8,lpm,0.18107232808361712
574,15_9_F_11_T2_2013_03_30.pdf,9,pass,0.1720253549935789
574,15_9_F_11_T2_2013_03_30.pdf,10,drill pipe,0.16529509915279136
574,15_9_F_11_T2_2013_03_30.pdf,11,interruption repair,0.16168666035479942
574,15_9_F_11_T2_2013_03_30.pdf,12,gyrotrak,0.14898324221537668
575,15_9_F_11_T2_2013_03_31.pdf,1,pill single,0.2883654116735273
575,15_9_F_11_T2_2013_03_31.pdf,2,pumped hi-visc,0.2883654116735273
575,15_9_F_11_T2_2013_03_31.pdf,3,hi-visc pill,0.26673525613816645
575,15_9_F_11_T2_2013_03_31.pdf,4,bar ecd,0.25901511946642247
575,15_9_F_11_T2_2013_03_31.pdf,5,oriented hole,0.25264582372472594
575,15_9_F_11_T2_2013_03_31.pdf,6,hi-visc,0.2524878369155521
575,15_9_F_11_T2_2013_03_31.pdf,7,slided oriented,0.2162740587551455
575,15_9_F_11_T2_2013_03_31.pdf,8,drill slided,0.20713795484459036
575,15_9_F_11_T2_2013_03_31.pdf,9,oriented,0.2027840396976657
575,15_9_F_11_T2_2013_03_31.pdf,10,average rop,0.19230136246344062
575,15_9_F_11_T2_2013_03_31.pdf,11,slided,0.17501189649712084
575,15_9_F_11_T2_2013_03_31.pdf,12,utsira,0.16311251653393313
576,15_9_F_11_T2_2013_04_01.pdf,1,hole,0.3497304459413536
576,15_9_F_11_T2_2013_04_01.pdf,2,volume kcl,0.28283093834300327
576,15_9_F_11_T2_2013_04_01.pdf,3,clean displace,0.25404395367171073
576,15_9_F_11_T2_2013_04_01.pdf,4,rig run,0.23282893640917812
576,15_9_F_11_T2_2013_04_01.pdf,5,hole circulate,0.22525696900041817
576,15_9_F_11_T2_2013_04_01.pdf,6,hole volume,0.22193272811266695
576,15_9_F_11_T2_2013_04_01.pdf,7,pull hole,0.21079149940028527
576,15_9_F_11_T2_2013_04_01.pdf,8,hole hole,0.2084176624588773
576,15_9_F_11_T2_2013_04_01.pdf,9,kcl mud,0.20617220534157432
576,15_9_F_11_T2_2013_04_01.pdf,10,kcl,0.2040419517378856
576,15_9_F_11_T2_2013_04_01.pdf,11,hole assembly,0.20201565523485335
576,15_9_F_11_T2_2013_04_01.pdf,12,oriented hole,0.19823752086718133
577,15_9_F_11_T2_2013_04_02.pdf,1,hole,0.3373019727924125
577,15_9_F_11_T2_2013_04_02.pdf,2,hole assembly,0.2727711921310164
577,15_9_F_11_T2_2013_04_02.pdf,3,hole hole,0.24121327563440448
577,15_9_F_11_T2_2013_04_02.pdf,4,volume kcl,0.16366793553768277
577,15_9_F_11_T2_2013_04_02.pdf,5,kcl mud,0.1590763227021692
577,15_9_F_11_T2_2013_04_02.pdf,6,kcl,0.15743268257552642
577,15_9_F_11_T2_2013_04_02.pdf,7,pulled hole,0.1478161438791763
577,15_9_F_11_T2_2013_04_02.pdf,8,assembly,0.14527483252943418
577,15_9_F_11_T2_2013_04_02.pdf,9,lpm,0.1428876801452989
577,15_9_F_11_T2_2013_04_02.pdf,10,drilling,0.1364639834378925
577,15_9_F_11_T2_2013_04_02.pdf,11,circulating onditioning,0.13473289583797504
577,15_9_F_11_T2_2013_04_02.pdf,12,onditioning,0.13473289583797504
578,15_9_F_11_T2_2013_04_03.pdf,1,drilling casin,0.2713557104802271
578,15_9_F_11_T2_2013_04_03.pdf,2,casin,0.2666155385507504
578,15_9_F_11_T2_2013_04_03.pdf,3,run casing,0.19191699289018796
578,15_9_F_11_T2_2013_04_03.pdf,4,casing,0.1862803691971736
578,15_9_F_11_T2_2013_04_03.pdf,5,joint,0.1852688995127606
578,15_9_F_11_T2_2013_04_03.pdf,6,machine,0.1797466293520062
578,15_9_F_11_T2_2013_04_03.pdf,7,pdm,0.1751919432498081
578,15_9_F_11_T2_2013_04_03.pdf,8,shoe joint,0.16432965270666014
578,15_9_F_11_T2_2013_04_03.pdf,9,joint thread,0.15486027041525766
578,15_9_F_11_T2_2013_04_03.pdf,10,drilling,0.14526031303060813
578,15_9_F_11_T2_2013_04_03.pdf,11,bails elevators,0.13255655451486417
578,15_9_F_11_T2_2013_04_03.pdf,12,float,0.13246085230702978
579,15_9_F_11_T2_2013_04_04.pdf,1,casing,0.3158244558994448
579,15_9_F_11_T2_2013_04_04.pdf,2,hole casing,0.23667097206484672
579,15_9_F_11_T2_2013_04_04.pdf,3,drilling casing,0.18531254851523818
579,15_9_F_11_T2_2013_04_04.pdf,4,ran hole,0.1488466172915348
579,15_9_F_11_T2_2013_04_04.pdf,5,deck,0.132366106082313
579,15_9_F_11_T2_2013_04_04.pdf,6,syst,0.13144977350368967
579,15_9_F_11_T2_2013_04_04.pdf,7,casing ran,0.12553664912473733
579,15_9_F_11_T2_2013_04_04.pdf,8,joints,0.12369540034440005
579,15_9_F_11_T2_2013_04_04.pdf,9,joints/hour filled,0.12355483512520261
579,15_9_F_11_T2_2013_04_04.pdf,10,repaired pdm,0.12355483512520261
579,15_9_F_11_T2_2013_04_04.pdf,11,joint,0.12318022924658159
579,15_9_F_11_T2_2013_04_04.pdf,12,troubleshoot repaired,0.11833548603242336
580,15_9_F_11_T2_2013_04_05.pdf,1,casing,0.45517272344607945
580,15_9_F_11_T2_2013_04_05.pdf,2,hole casing,0.2521137614862452
580,15_9_F_11_T2_2013_04_05.pdf,3,drilling casing,0.22560479880772677
580,15_9_F_11_T2_2013_04_05.pdf,4,backup,0.20102371030636318
580,15_9_F_11_T2_2013_04_05.pdf,5,wellhead,0.18757121022717252
580,15_9_F_11_T2_2013_04_05.pdf,6,ran hole,0.1585588644119415
580,15_9_F_11_T2_2013_04_05.pdf,7,string,0.14500106555427245
580,15_9_F_11_T2_2013_04_05.pdf,8,drilling,0.13717524862074384
580,15_9_F_11_T2_2013_04_05.pdf,9,ran,0.13525549626826264
580,15_9_F_11_T2_2013_04_05.pdf,10,casing ran,0.13372791998566122
580,15_9_F_11_T2_2013_04_05.pdf,11,meter,0.12161782816434251
580,15_9_F_11_T2_2013_04_05.pdf,12,weight observed,0.11524141907394124
581,15_9_F_11_T2_2013_04_06.pdf,1,cement,0.19160063529399052
581,15_9_F_11_T2_2013_04_06.pdf,2,hpdr,0.18997333496992166
581,15_9_F_11_T2_2013_04_06.pdf,3,liter/min,0.16749330021721054
581,15_9_F_11_T2_2013_04_06.pdf,4,cart,0.1623395281441683
581,15_9_F_11_T2_2013_04_06.pdf,5,drilling,0.1533751201613942
581,15_9_F_11_T2_2013_04_06.pdf,6,bop/wellhead equipment,0.14252962781114195
581,15_9_F_11_T2_2013_04_06.pdf,7,cement stand,0.1340922499912702
581,15_9_F_11_T2_2013_04_06.pdf,8,cantilever,0.13286810935226914
581,15_9_F_11_T2_2013_04_06.pdf,9,drilling bop/wellhead,0.13131326503387933
581,15_9_F_11_T2_2013_04_06.pdf,10,casing,0.129075657710231
581,15_9_F_11_T2_2013_04_06.pdf,11,liter/min bar,0.126679374662196
581,15_9_F_11_T2_2013_04_06.pdf,12,bop/wellhead,0.12277304350026211
582,15_9_F_11_T2_2013_04_07.pdf,1,bop/wellhead equipment,0.28176197687572485
582,15_9_F_11_T2_2013_04_07.pdf,2,drilling bop/wellhead,0.2595887305268014
582,15_9_F_11_T2_2013_04_07.pdf,3,tbc,0.24833385928629687
582,15_9_F_11_T2_2013_04_07.pdf,4,bop/wellhead,0.24270585684486715
582,15_9_F_11_T2_2013_04_07.pdf,5,joint,0.21752552400622074
582,15_9_F_11_T2_2013_04_07.pdf,6,hpdr,0.18777591451275447
582,15_9_F_11_T2_2013_04_07.pdf,7,tbc stress,0.1818225377190401
582,15_9_F_11_T2_2013_04_07.pdf,8,riser,0.17407060143932632
582,15_9_F_11_T2_2013_04_07.pdf,9,stress joint,0.1633163494042885
582,15_9_F_11_T2_2013_04_07.pdf,10,stress,0.15920071337526256
582,15_9_F_11_T2_2013_04_07.pdf,11,equipment,0.12733237473775796
582,15_9_F_11_T2_2013_04_07.pdf,12,hpdr picked,0.12121502514602674
583,15_9_F_11_T2_2013_04_08.pdf,1,connection riser,0.30905409508062875
583,15_9_F_11_T2_2013_04_08.pdf,2,riser joints,0.2544160715658987
583,15_9_F_11_T2_2013_04_08.pdf,3,riser,0.2034159109589171
583,15_9_F_11_T2_2013_04_08.pdf,4,nubbin,0.19733244495378469
583,15_9_F_11_T2_2013_04_08.pdf,5,joints,0.18048665724167043
583,15_9_F_11_T2_2013_04_08.pdf,6,bop/wellhead equipment,0.17959756368187857
583,15_9_F_11_T2_2013_04_08.pdf,7,drilling bop/wellhead,0.16546414132538653
583,15_9_F_11_T2_2013_04_08.pdf,8,bop/wellhead,0.15470284906428894
583,15_9_F_11_T2_2013_04_08.pdf,9,faces connection,0.15452704754031438
583,15_9_F_11_T2_2013_04_08.pdf,10,connection,0.15308919040509925
583,15_9_F_11_T2_2013_04_08.pdf,11,lift nubbin,0.14799933371533852
583,15_9_F_11_T2_2013_04_08.pdf,12,fairings anti,0.14799933371533852
584,15_9_F_11_T2_2013_04_09.pdf,1,bop/wellhead equipment,0.27325324893713393
584,15_9_F_11_T2_2013_04_09.pdf,2,drilling bop/wellhead,0.25174959655823564
584,15_9_F_11_T2_2013_04_09.pdf,3,bop/wellhead,0.23537655667493532
584,15_9_F_11_T2_2013_04_09.pdf,4,riser,0.18991571415899655
584,15_9_F_11_T2_2013_04_09.pdf,5,joint,0.1875170014714433
584,15_9_F_11_T2_2013_04_09.pdf,6,tension joint,0.17731776874885896
584,15_9_F_11_T2_2013_04_09.pdf,7,tension,0.17483439465529496
584,15_9_F_11_T2_2013_04_09.pdf,8,equipment,0.16979483900542108
584,15_9_F_11_T2_2013_04_09.pdf,9,bop joint,0.15439312516637813
584,15_9_F_11_T2_2013_04_09.pdf,10,hpdr,0.1456843234327046
584,15_9_F_11_T2_2013_04_09.pdf,11,drilling,0.12251911682576974
584,15_9_F_11_T2_2013_04_09.pdf,12,connection riser,0.11755453950323927
585,15_9_F_11_T2_2013_04_10.pdf,1,riser,0.24900778235961177
585,15_9_F_11_T2_2013_04_10.pdf,2,test riser,0.20766563376248715
585,15_9_F_11_T2_2013_04_10.pdf,3,bop/wellhead equipment,0.2015300815730783
585,15_9_F_11_T2_2013_04_10.pdf,4,riser guide,0.1978991263729378
585,15_9_F_11_T2_2013_04_10.pdf,5,drilling bop/wellhead,0.1856706806880205
585,15_9_F_11_T2_2013_04_10.pdf,6,guide funnel,0.17890075194661392
585,15_9_F_11_T2_2013_04_10.pdf,7,bop/wellhead,0.1735952156162771
585,15_9_F_11_T2_2013_04_10.pdf,8,new washpipe,0.17339794514812076
585,15_9_F_11_T2_2013_04_10.pdf,9,whh,0.16039144585509152
585,15_9_F_11_T2_2013_04_10.pdf,10,tbc,0.15788501415039272
585,15_9_F_11_T2_2013_04_10.pdf,11,installation,0.15417781167225286
585,15_9_F_11_T2_2013_04_10.pdf,12,worked installation,0.15182428378621582
586,15_9_F_11_T2_2013_04_11.pdf,1,bop/wellhead equipment,0.31895841810996445
586,15_9_F_11_T2_2013_04_11.pdf,2,drilling bop/wellhead,0.29385799945789587
586,15_9_F_11_T2_2013_04_11.pdf,3,bop/wellhead,0.27474635514573514
586,15_9_F_11_T2_2013_04_11.pdf,4,bop wellcenter,0.18295609223283724
586,15_9_F_11_T2_2013_04_11.pdf,5,wellcenter,0.17522744516656702
586,15_9_F_11_T2_2013_04_11.pdf,6,bop,0.16930034119584744
586,15_9_F_11_T2_2013_04_11.pdf,7,cylinders,0.15871160764560344
586,15_9_F_11_T2_2013_04_11.pdf,8,nippled bop,0.14805054689255107
586,15_9_F_11_T2_2013_04_11.pdf,9,equipment,0.14414199272336078
586,15_9_F_11_T2_2013_04_11.pdf,10,nippled,0.13798431855897494
586,15_9_F_11_T2_2013_04_11.pdf,11,drilling,0.13347790100739182
586,15_9_F_11_T2_2013_04_11.pdf,12,claxton tool,0.12392713315019344
587,15_9_F_11_T2_2013_04_12.pdf,1,drilling,0.1673139096262802
587,15_9_F_11_T2_2013_04_12.pdf,2,seat protector,0.15938370578548922
587,15_9_F_11_T2_2013_04_12.pdf,3,installed seat,0.15375273429055167
587,15_9_F_11_T2_2013_04_12.pdf,4,bop hpdr,0.15375273429055167
587,15_9_F_11_T2_2013_04_12.pdf,5,bop,0.14855201678276486
587,15_9_F_11_T2_2013_04_12.pdf,6,seat,0.1442696195767552
587,15_9_F_11_T2_2013_04_12.pdf,7,bop/wellhead equipment,0.13993449731227636
587,15_9_F_11_T2_2013_04_12.pdf,8,protector rih,0.13741330600064178
587,15_9_F_11_T2_2013_04_12.pdf,9,syst,0.1366336525125073
587,15_9_F_11_T2_2013_04_12.pdf,10,slip joint,0.13215318497972242
587,15_9_F_11_T2_2013_04_12.pdf,11,joint diverter,0.13215318497972242
587,15_9_F_11_T2_2013_04_12.pdf,12,protector,0.12993269032752564
588,15_9_F_11_T2_2013_04_13.pdf,1,l/min,0.2658751933628866
588,15_9_F_11_T2_2013_04_13.pdf,2,ton,0.24270614440829696
588,15_9_F_11_T2_2013_04_13.pdf,3,l/min bar,0.2383275590896322
588,15_9_F_11_T2_2013_04_13.pdf,4,firm cement,0.1875929223447871
588,15_9_F_11_T2_2013_04_13.pdf,5,wob ton,0.1806812742876734
588,15_9_F_11_T2_2013_04_13.pdf,6,firm,0.17864652485638696
588,15_9_F_11_T2_2013_04_13.pdf,7,rpm knm,0.17519928676385899
588,15_9_F_11_T2_2013_04_13.pdf,8,black,0.14949716704024693
588,15_9_F_11_T2_2013_04_13.pdf,9,cement l/min,0.14949716704024693
588,15_9_F_11_T2_2013_04_13.pdf,10,meter,0.14934189151102417
588,15_9_F_11_T2_2013_04_13.pdf,11,knm,0.14632951974898734
588,15_9_F_11_T2_2013_04_13.pdf,12,pieces,0.14517026036019628
589,15_9_F_11_T2_2013_04_14.pdf,1,rpm knm,0.1807452845539276
589,15_9_F_11_T2_2013_04_14.pdf,2,bar rpm,0.17498988148885694
589,15_9_F_11_T2_2013_04_14.pdf,3,l/min bar,0.1639146036888419
589,15_9_F_11_T2_2013_04_14.pdf,4,evaluation rft/fit,0.1635440692420926
589,15_9_F_11_T2_2013_04_14.pdf,5,fit,0.1599497500435502
589,15_9_F_11_T2_2013_04_14.pdf,6,wob ton,0.15533400533905825
589,15_9_F_11_T2_2013_04_14.pdf,7,rft/fit,0.15358470519564735
589,15_9_F_11_T2_2013_04_14.pdf,8,l/min,0.1523842057168524
589,15_9_F_11_T2_2013_04_14.pdf,9,knm,0.15096163445755642
589,15_9_F_11_T2_2013_04_14.pdf,10,liter/min,0.1423307013247529
589,15_9_F_11_T2_2013_04_14.pdf,11,test,0.13872225198373475
589,15_9_F_11_T2_2013_04_14.pdf,12,rpm,0.13725030447832018
590,15_9_F_11_T2_2013_04_15.pdf,1,liter/min bar,0.298902482560235
590,15_9_F_11_T2_2013_04_15.pdf,2,liter/min,0.2964028085509128
590,15_9_F_11_T2_2013_04_15.pdf,3,rupture,0.20784967270326132
590,15_9_F_11_T2_2013_04_15.pdf,4,conveyors,0.20784967270326132
590,15_9_F_11_T2_2013_04_15.pdf,5,cuttings screw,0.20784967270326132
590,15_9_F_11_T2_2013_04_15.pdf,6,screw conveyors,0.20784967270326132
590,15_9_F_11_T2_2013_04_15.pdf,7,cuttings,0.17295501702480157
590,15_9_F_11_T2_2013_04_15.pdf,8,weather,0.16798429435237647
590,15_9_F_11_T2_2013_04_15.pdf,9,screw,0.16367296471967033
590,15_9_F_11_T2_2013_04_15.pdf,10,waited weather,0.13610830004662725
590,15_9_F_11_T2_2013_04_15.pdf,11,bar,0.11834579802394307
590,15_9_F_11_T2_2013_04_15.pdf,12,ton,0.10863203143238874
591,15_9_F_11_T2_2013_04_16.pdf,1,vessel,0.291478744206304
591,15_9_F_11_T2_2013_04_16.pdf,2,tanks supply,0.2681158887746699
591,15_9_F_11_T2_2013_04_16.pdf,3,iso tanks,0.2681158887746699
591,15_9_F_11_T2_2013_04_16.pdf,4,cuttings iso,0.253794724325236
591,15_9_F_11_T2_2013_04_16.pdf,5,iso,0.2481112686792638
591,15_9_F_11_T2_2013_04_16.pdf,6,supply,0.23947900960141655
591,15_9_F_11_T2_2013_04_16.pdf,7,supply vessel,0.23455702034459797
591,15_9_F_11_T2_2013_04_16.pdf,8,tanks,0.21359589498879483
591,15_9_F_11_T2_2013_04_16.pdf,9,cuttings,0.20533919067580114
591,15_9_F_11_T2_2013_04_16.pdf,10,loaded cuttings,0.17357052823904345
591,15_9_F_11_T2_2013_04_16.pdf,11,load cuttings,0.16919648288349065
591,15_9_F_11_T2_2013_04_16.pdf,12,weather,0.14957831077378994
592,15_9_F_11_T2_2013_04_17.pdf,1,cuttings,0.2057549879706802
592,15_9_F_11_T2_2013_04_17.pdf,2,iso tanks,0.20469242242284197
592,15_9_F_11_T2_2013_04_17.pdf,3,iso,0.1894199439222534
592,15_9_F_11_T2_2013_04_17.pdf,4,cuttings transfer,0.16596853987265744
592,15_9_F_11_T2_2013_04_17.pdf,5,drilling rate,0.16596853987265744
592,15_9_F_11_T2_2013_04_17.pdf,6,tanks,0.16306926592319856
592,15_9_F_11_T2_2013_04_17.pdf,7,ton ecd,0.15895750103199652
592,15_9_F_11_T2_2013_04_17.pdf,8,reduced drilling,0.15895750103199652
592,15_9_F_11_T2_2013_04_17.pdf,9,tanks supply,0.15351931681713146
592,15_9_F_11_T2_2013_04_17.pdf,10,drilled reduced,0.1453192232219674
592,15_9_F_11_T2_2013_04_17.pdf,11,cuttings iso,0.1453192232219674
592,15_9_F_11_T2_2013_04_17.pdf,12,load cuttings,0.1453192232219674
593,15_9_F_11_T2_2013_04_18.pdf,1,circ drilling,0.34631755489809385
593,15_9_F_11_T2_2013_04_18.pdf,2,weather,0.3316077227992196
593,15_9_F_11_T2_2013_04_18.pdf,3,waiting weather,0.23224254714383133
593,15_9_F_11_T2_2013_04_18.pdf,4,interruption waiting,0.20804253413636983
593,15_9_F_11_T2_2013_04_18.pdf,5,circ,0.19491893927773324
593,15_9_F_11_T2_2013_04_18.pdf,6,weather waited,0.18941261729747189
593,15_9_F_11_T2_2013_04_18.pdf,7,waiting,0.17440111616865844
593,15_9_F_11_T2_2013_04_18.pdf,8,waited weather,0.16120994027402583
593,15_9_F_11_T2_2013_04_18.pdf,9,cuttings,0.13656805134886307
593,15_9_F_11_T2_2013_04_18.pdf,10,drilling,0.13394785279659868
593,15_9_F_11_T2_2013_04_18.pdf,11,valves interruption,0.12309107273762797
593,15_9_F_11_T2_2013_04_18.pdf,12,conveyor,0.12309107273762797
594,15_9_F_11_T2_2013_04_19.pdf,1,weather,0.2688857450566208
594,15_9_F_11_T2_2013_04_19.pdf,2,load cuttings,0.26070159957819805
594,15_9_F_11_T2_2013_04_19.pdf,3,weather load,0.26052802930671837
594,15_9_F_11_T2_2013_04_19.pdf,4,cuttings,0.2570677405598667
594,15_9_F_11_T2_2013_04_19.pdf,5,supply vessel,0.2108228086256391
594,15_9_F_11_T2_2013_04_19.pdf,6,vessel,0.1964885790392283
594,15_9_F_11_T2_2013_04_19.pdf,7,weather waited,0.19198268474884253
594,15_9_F_11_T2_2013_04_19.pdf,8,load,0.18790577574020095
594,15_9_F_11_T2_2013_04_19.pdf,9,waited weather,0.16339733637385895
594,15_9_F_11_T2_2013_04_19.pdf,10,supply,0.16143506599232277
594,15_9_F_11_T2_2013_04_19.pdf,11,iso,0.15928967000307245
594,15_9_F_11_T2_2013_04_19.pdf,12,waiting weather,0.156929171701937
595,15_9_F_11_T2_2013_04_20.pdf,1,cuttings supply,0.3624500497347056
595,15_9_F_11_T2_2013_04_20.pdf,2,supply vessel,0.3572751747822446
595,15_9_F_11_T2_2013_04_20.pdf,3,vessel,0.33298338010291445
595,15_9_F_11_T2_2013_04_20.pdf,4,loaded cuttings,0.2832654540638177
595,15_9_F_11_T2_2013_04_20.pdf,5,supply,0.2735792289002642
595,15_9_F_11_T2_2013_04_20.pdf,6,cuttings,0.268089287618098
595,15_9_F_11_T2_2013_04_20.pdf,7,loaded,0.20574705319699527
595,15_9_F_11_T2_2013_04_20.pdf,8,vessel drilling,0.16995927243829065
595,15_9_F_11_T2_2013_04_20.pdf,9,ecd loaded,0.12614546894756168
595,15_9_F_11_T2_2013_04_20.pdf,10,wob inst,0.12081668324490187
595,15_9_F_11_T2_2013_04_20.pdf,11,inst rop,0.11668335593760781
595,15_9_F_11_T2_2013_04_20.pdf,12,inst,0.11045082142974545
596,15_9_F_11_T2_2013_04_21.pdf,1,cuttings supply,0.2582921539877024
596,15_9_F_11_T2_2013_04_21.pdf,2,wob inst,0.2582921539877024
596,15_9_F_11_T2_2013_04_21.pdf,3,inst rop,0.2494555762513886
596,15_9_F_11_T2_2013_04_21.pdf,4,loaded cuttings,0.24223556653061956
596,15_9_F_11_T2_2013_04_21.pdf,5,inst,0.2361311352917301
596,15_9_F_11_T2_2013_04_21.pdf,6,ecd loaded,0.224737070074229
596,15_9_F_11_T2_2013_04_21.pdf,7,drilled orientated,0.2205269615526126
596,15_9_F_11_T2_2013_04_21.pdf,8,supply vessel,0.21823233580552429
596,15_9_F_11_T2_2013_04_21.pdf,9,orientated hole,0.21667469063119174
596,15_9_F_11_T2_2013_04_21.pdf,10,m/hr ecd,0.2147866489721643
596,15_9_F_11_T2_2013_04_21.pdf,11,vessel,0.20339431887079193
596,15_9_F_11_T2_2013_04_21.pdf,12,orientated,0.19055691747004946
597,15_9_F_11_T2_2013_04_22.pdf,1,wob inst,0.22289080796136435
597,15_9_F_11_T2_2013_04_22.pdf,2,inst rop,0.21526536552785488
597,15_9_F_11_T2_2013_04_22.pdf,3,inst,0.20376716333595565
597,15_9_F_11_T2_2013_04_22.pdf,4,m/hr ecd,0.1853481377177217
597,15_9_F_11_T2_2013_04_22.pdf,5,drilling,0.16170002947417708
597,15_9_F_11_T2_2013_04_22.pdf,6,pooh bha,0.14962141454795957
597,15_9_F_11_T2_2013_04_22.pdf,7,cuttings supply,0.1485938719742429
597,15_9_F_11_T2_2013_04_22.pdf,8,ecd,0.14455355771966302
597,15_9_F_11_T2_2013_04_22.pdf,9,loaded cuttings,0.1393566169353051
597,15_9_F_11_T2_2013_04_22.pdf,10,rpm knm,0.13454645507866886
597,15_9_F_11_T2_2013_04_22.pdf,11,bar rpm,0.13026214369613254
597,15_9_F_11_T2_2013_04_22.pdf,12,checked min,0.1301193618963673
598,15_9_F_11_T2_2013_04_23.pdf,1,seat protector,0.26274180290675175
598,15_9_F_11_T2_2013_04_23.pdf,2,casing,0.2626236755340691
598,15_9_F_11_T2_2013_04_23.pdf,3,protector,0.2570306605303201
598,15_9_F_11_T2_2013_04_23.pdf,4,seat,0.237826443835383
598,15_9_F_11_T2_2013_04_23.pdf,5,r/u casing,0.18689160630346038
598,15_9_F_11_T2_2013_04_23.pdf,6,drilling casing,0.17010659359081032
598,15_9_F_11_T2_2013_04_23.pdf,7,obm average,0.15878303552838902
598,15_9_F_11_T2_2013_04_23.pdf,8,casing handling,0.1564983067075324
598,15_9_F_11_T2_2013_04_23.pdf,9,speed jts,0.15207553523838388
598,15_9_F_11_T2_2013_04_23.pdf,10,drilling,0.14893990164782436
598,15_9_F_11_T2_2013_04_23.pdf,11,kg/m csg,0.1468727938148504
598,15_9_F_11_T2_2013_04_23.pdf,12,csg filling,0.1468727938148504
599,15_9_F_11_T2_2013_04_24.pdf,1,kg/m,0.30711934982102906
599,15_9_F_11_T2_2013_04_24.pdf,2,rih kg/m,0.28113179427347945
599,15_9_F_11_T2_2013_04_24.pdf,3,kg/m csg,0.24599031998929452
599,15_9_F_11_T2_2013_04_24.pdf,4,csg filling,0.24599031998929452
599,15_9_F_11_T2_2013_04_24.pdf,5,joint obm,0.23285097251669373
599,15_9_F_11_T2_2013_04_24.pdf,6,obm average,0.22794704784412648
599,15_9_F_11_T2_2013_04_24.pdf,7,filling joint,0.22763652931682568
599,15_9_F_11_T2_2013_04_24.pdf,8,speed jts,0.2183178397588148
599,15_9_F_11_T2_2013_04_24.pdf,9,filling,0.1647874687839198
599,15_9_F_11_T2_2013_04_24.pdf,10,jts,0.15976914660874567
599,15_9_F_11_T2_2013_04_24.pdf,11,casing rih,0.15164812131131905
599,15_9_F_11_T2_2013_04_24.pdf,12,interruption rep,0.15128784881992696
600,15_9_F_11_T2_2013_04_25.pdf,1,casing,0.33261380636088034
600,15_9_F_11_T2_2013_04_25.pdf,2,drilling casing,0.23698465727771434
600,15_9_F_11_T2_2013_04_25.pdf,3,marked pipe,0.1901910849503035
600,15_9_F_11_T2_2013_04_25.pdf,4,up/dw,0.18434099888923636
600,15_9_F_11_T2_2013_04_25.pdf,5,up/dw weight,0.18434099888923636
600,15_9_F_11_T2_2013_04_25.pdf,6,marked,0.17073791325738147
600,15_9_F_11_T2_2013_04_25.pdf,7,drilling,0.1537008879393694
600,15_9_F_11_T2_2013_04_25.pdf,8,hanger,0.13196609175525595
600,15_9_F_11_T2_2013_04_25.pdf,9,recorded,0.1277387612504604
600,15_9_F_11_T2_2013_04_25.pdf,10,lpm,0.12517241979616514
600,15_9_F_11_T2_2013_04_25.pdf,11,strokes,0.12486521348145532
600,15_9_F_11_T2_2013_04_25.pdf,12,pipe picked,0.11770256597488445
601,15_9_F_11_T2_2013_04_26.pdf,1,drill bha,0.21110659646083432
601,15_9_F_11_T2_2013_04_26.pdf,2,tool l/o,0.20637909481261354
601,15_9_F_11_T2_2013_04_26.pdf,3,bop/wellhead equipment,0.18681389891169034
601,15_9_F_11_T2_2013_04_26.pdf,4,l/o,0.1859147308449192
601,15_9_F_11_T2_2013_04_26.pdf,5,drilling,0.18427668394731658
601,15_9_F_11_T2_2013_04_26.pdf,6,wear bushing,0.18248013307697836
601,15_9_F_11_T2_2013_04_26.pdf,7,hanger running,0.17969280503402335
601,15_9_F_11_T2_2013_04_26.pdf,8,wear,0.17628043072972677
601,15_9_F_11_T2_2013_04_26.pdf,9,drilling bop/wellhead,0.1721125873724162
601,15_9_F_11_T2_2013_04_26.pdf,10,bop/wellhead,0.16091890008952633
601,15_9_F_11_T2_2013_04_26.pdf,11,running tool,0.1603972937190899
601,15_9_F_11_T2_2013_04_26.pdf,12,seal assembly,0.14294422996544437
602,15_9_F_11_T2_2013_04_27.pdf,1,gyro survey,0.29873658086165444
602,15_9_F_11_T2_2013_04_27.pdf,2,gyro,0.27621848122542375
602,15_9_F_11_T2_2013_04_27.pdf,3,survey,0.2562219191183298
602,15_9_F_11_T2_2013_04_27.pdf,4,drill bha,0.208091381461379
602,15_9_F_11_T2_2013_04_27.pdf,5,recording,0.14231395510002104
602,15_9_F_11_T2_2013_04_27.pdf,6,rih drill,0.14090257142183102
602,15_9_F_11_T2_2013_04_27.pdf,7,survey pooh,0.13872758764091936
602,15_9_F_11_T2_2013_04_27.pdf,8,encoder,0.13562093483981744
602,15_9_F_11_T2_2013_04_27.pdf,9,drilling,0.1321052203495628
602,15_9_F_11_T2_2013_04_27.pdf,10,lpm bar,0.1271499526202853
602,15_9_F_11_T2_2013_04_27.pdf,11,performed fit,0.12432543206545262
602,15_9_F_11_T2_2013_04_27.pdf,12,drilling trip,0.12360786581773404
603,15_9_F_11_T2_2013_04_28.pdf,1,steerable bha,0.39970967930604323
603,15_9_F_11_T2_2013_04_28.pdf,2,steerable,0.3909504240605484
603,15_9_F_11_T2_2013_04_28.pdf,3,rih steerable,0.35434614032600015
603,15_9_F_11_T2_2013_04_28.pdf,4,drilling trip,0.26897599857442067
603,15_9_F_11_T2_2013_04_28.pdf,5,trip,0.20678711343696446
603,15_9_F_11_T2_2013_04_28.pdf,6,drilling,0.1756740365001178
603,15_9_F_11_T2_2013_04_28.pdf,7,bha,0.16605174438719655
603,15_9_F_11_T2_2013_04_28.pdf,8,filled string,0.15696395332406826
603,15_9_F_11_T2_2013_04_28.pdf,9,m/u steerable,0.14675932158725877
603,15_9_F_11_T2_2013_04_28.pdf,10,trip rih,0.1194548337980666
603,15_9_F_11_T2_2013_04_28.pdf,11,hwdp drilling,0.10740126227329105
603,15_9_F_11_T2_2013_04_28.pdf,12,plugged,0.10297516115779073
604,15_9_F_11_T2_2013_04_29.pdf,1,net rop,0.22030089531157968
604,15_9_F_11_T2_2013_04_29.pdf,2,drilled orientated,0.21496051249534578
604,15_9_F_11_T2_2013_04_29.pdf,3,orientated hole,0.2112054789805799
604,15_9_F_11_T2_2013_04_29.pdf,4,rop,0.20339173352761605
604,15_9_F_11_T2_2013_04_29.pdf,5,wob gross,0.20139946069823175
604,15_9_F_11_T2_2013_04_29.pdf,6,gross rop,0.1968893397528718
604,15_9_F_11_T2_2013_04_29.pdf,7,gross,0.1968893397528718
604,15_9_F_11_T2_2013_04_29.pdf,8,rop m/hr,0.19578318656119006
604,15_9_F_11_T2_2013_04_29.pdf,9,net,0.1893525022735073
604,15_9_F_11_T2_2013_04_29.pdf,10,orientated,0.1857469596937357
604,15_9_F_11_T2_2013_04_29.pdf,11,m/hr ecd,0.18319445766747772
604,15_9_F_11_T2_2013_04_29.pdf,12,m/hr,0.17431490395018398
605,15_9_F_11_T2_2013_04_30.pdf,1,rop m/hr,0.2973795245375094
605,15_9_F_11_T2_2013_04_30.pdf,2,m/hr,0.2888409413977722
605,15_9_F_11_T2_2013_04_30.pdf,3,rop,0.28085119924413027
605,15_9_F_11_T2_2013_04_30.pdf,4,net rop,0.2535000217302831
605,15_9_F_11_T2_2013_04_30.pdf,5,m/hr net,0.2535000217302831
605,15_9_F_11_T2_2013_04_30.pdf,6,wob gross,0.23175015966803228
605,15_9_F_11_T2_2013_04_30.pdf,7,gross,0.22656036796955578
605,15_9_F_11_T2_2013_04_30.pdf,8,gross rop,0.22656036796955578
605,15_9_F_11_T2_2013_04_30.pdf,9,drilled orientated,0.2226193636684362
605,15_9_F_11_T2_2013_04_30.pdf,10,orientated hole,0.21873054166151562
605,15_9_F_11_T2_2013_04_30.pdf,11,net,0.2178877365574397
605,15_9_F_11_T2_2013_04_30.pdf,12,m/hr ecd,0.21080168073711872
606,15_9_F_11_T2_2013_05_01.pdf,1,rop m/hr,0.24888278383906548
606,15_9_F_11_T2_2013_05_01.pdf,2,m/hr net,0.23337507964134344
606,15_9_F_11_T2_2013_05_01.pdf,3,net rop,0.23337507964134344
606,15_9_F_11_T2_2013_05_01.pdf,4,drilled orientated,0.2277177614389315
606,15_9_F_11_T2_2013_05_01.pdf,5,orientated hole,0.22373987817011876
606,15_9_F_11_T2_2013_05_01.pdf,6,m/hr,0.2215919524131449
606,15_9_F_11_T2_2013_05_01.pdf,7,rop,0.21546241082345394
606,15_9_F_11_T2_2013_05_01.pdf,8,wob gross,0.21335190269516308
606,15_9_F_11_T2_2013_05_01.pdf,9,gross rop,0.20857411986624258
606,15_9_F_11_T2_2013_05_01.pdf,10,gross,0.20857411986624258
606,15_9_F_11_T2_2013_05_01.pdf,11,net,0.20058999413446627
606,15_9_F_11_T2_2013_05_01.pdf,12,orientated,0.19677047363041036
607,15_9_F_11_T2_2013_05_02.pdf,1,ecd average,0.2940752932573862
607,15_9_F_11_T2_2013_05_02.pdf,2,drilled orientated,0.25880112540946665
607,15_9_F_11_T2_2013_05_02.pdf,3,orientated hole,0.254280263004132
607,15_9_F_11_T2_2013_05_02.pdf,4,average rop,0.24623308773519179
607,15_9_F_11_T2_2013_05_02.pdf,5,wob ecd,0.23157823271626476
607,15_9_F_11_T2_2013_05_02.pdf,6,orientated,0.22362954782761071
607,15_9_F_11_T2_2013_05_02.pdf,7,hole lpm,0.22241109341716228
607,15_9_F_11_T2_2013_05_02.pdf,8,knm wob,0.1905419238301925
607,15_9_F_11_T2_2013_05_02.pdf,9,rop,0.19045671974003622
607,15_9_F_11_T2_2013_05_02.pdf,10,rop m/hr,0.18857010873337812
607,15_9_F_11_T2_2013_05_02.pdf,11,average,0.1775142060863095
607,15_9_F_11_T2_2013_05_02.pdf,12,ecd,0.1720126395707937
608,15_9_F_11_T2_2013_05_03.pdf,1,ecd average,0.23923567348907113
608,15_9_F_11_T2_2013_05_03.pdf,2,drilled orientated,0.21053948752802346
608,15_9_F_11_T2_2013_05_03.pdf,3,orientated hole,0.20686168260156523
608,15_9_F_11_T2_2013_05_03.pdf,4,average rop,0.2003151571392425
608,15_9_F_11_T2_2013_05_03.pdf,5,wob ecd,0.18839316236197592
608,15_9_F_11_T2_2013_05_03.pdf,6,orientated,0.18192676064006996
608,15_9_F_11_T2_2013_05_03.pdf,7,hole lpm,0.1809355255102142
608,15_9_F_11_T2_2013_05_03.pdf,8,ecd,0.16792254481712296
608,15_9_F_11_T2_2013_05_03.pdf,9,knm wob,0.15500936841886315
608,15_9_F_11_T2_2013_05_03.pdf,10,rop m/hr,0.1534052604795082
608,15_9_F_11_T2_2013_05_03.pdf,11,service equ,0.14803325427899308
608,15_9_F_11_T2_2013_05_03.pdf,12,drilled,0.14523464934640115
609,15_9_F_11_T2_2013_05_04.pdf,1,ecd average,0.2950563390718209
609,15_9_F_11_T2_2013_05_04.pdf,2,drilled orientated,0.259664495324163
609,15_9_F_11_T2_2013_05_04.pdf,3,orientated hole,0.25512855115833344
609,15_9_F_11_T2_2013_05_04.pdf,4,average rop,0.24705453022164547
609,15_9_F_11_T2_2013_05_04.pdf,5,wob ecd,0.23235078607633786
609,15_9_F_11_T2_2013_05_04.pdf,6,orientated,0.22437558408740688
609,15_9_F_11_T2_2013_05_04.pdf,7,hole lpm,0.22315306486897607
609,15_9_F_11_T2_2013_05_04.pdf,8,knm wob,0.19117757857961867
609,15_9_F_11_T2_2013_05_04.pdf,9,rop m/hr,0.18919918543632464
609,15_9_F_11_T2_2013_05_04.pdf,10,rpm,0.18297335262386938
609,15_9_F_11_T2_2013_05_04.pdf,11,average,0.178106399898155
609,15_9_F_11_T2_2013_05_04.pdf,12,ecd,0.17258647995776255
610,15_9_F_11_T2_2013_05_05.pdf,1,relogging,0.30883335984948973
610,15_9_F_11_T2_2013_05_05.pdf,2,hole,0.2545889057599994
610,15_9_F_11_T2_2013_05_05.pdf,3,hole hole,0.2275788049435089
610,15_9_F_11_T2_2013_05_05.pdf,4,hole assembly,0.22058822105491666
610,15_9_F_11_T2_2013_05_05.pdf,5,performed,0.17526528426775612
610,15_9_F_11_T2_2013_05_05.pdf,6,performed pressure,0.16155759688137103
610,15_9_F_11_T2_2013_05_05.pdf,7,surveys,0.1593171137526358
610,15_9_F_11_T2_2013_05_05.pdf,8,drilled orientated,0.1443084927373292
610,15_9_F_11_T2_2013_05_05.pdf,9,orientated hole,0.14178764265001023
610,15_9_F_11_T2_2013_05_05.pdf,10,rpm,0.13558320681094338
610,15_9_F_11_T2_2013_05_05.pdf,11,bar rpm,0.12964828775010384
610,15_9_F_11_T2_2013_05_05.pdf,12,orientated,0.12469668718586073
611,15_9_F_11_T2_2013_05_06.pdf,1,hole assembly,0.4561479572069473
611,15_9_F_11_T2_2013_05_06.pdf,2,hole hole,0.36602500823325235
611,15_9_F_11_T2_2013_05_06.pdf,3,hole,0.3158741896587428
611,15_9_F_11_T2_2013_05_06.pdf,4,assembly,0.24293921060422588
611,15_9_F_11_T2_2013_05_06.pdf,5,pulled hole,0.19225809360647034
611,15_9_F_11_T2_2013_05_06.pdf,6,drilling trip,0.16607602277799902
611,15_9_F_11_T2_2013_05_06.pdf,7,trip pumped,0.1430567668731034
611,15_9_F_11_T2_2013_05_06.pdf,8,drilling,0.13311962049537449
611,15_9_F_11_T2_2013_05_06.pdf,9,trip,0.12767823725302418
611,15_9_F_11_T2_2013_05_06.pdf,10,assembly observed,0.12747266253357
611,15_9_F_11_T2_2013_05_06.pdf,11,lpm bar,0.11389004676409735
611,15_9_F_11_T2_2013_05_06.pdf,12,performed pressure,0.11136008295800208
612,15_9_F_11_T2_2013_05_07.pdf,1,hole assembly,0.4496113390592849
612,15_9_F_11_T2_2013_05_07.pdf,2,hole hole,0.2609211454847477
612,15_9_F_11_T2_2013_05_07.pdf,3,hole,0.25297000634022315
612,15_9_F_11_T2_2013_05_07.pdf,4,assembly,0.239457882171807
612,15_9_F_11_T2_2013_05_07.pdf,5,drilling trip,0.21485119273654057
612,15_9_F_11_T2_2013_05_07.pdf,6,trip engaged,0.20842311070231065
612,15_9_F_11_T2_2013_05_07.pdf,7,trip ran,0.19432131958222676
612,15_9_F_11_T2_2013_05_07.pdf,8,trip,0.18877290464555535
612,15_9_F_11_T2_2013_05_07.pdf,9,engaged drive,0.18195601669378217
612,15_9_F_11_T2_2013_05_07.pdf,10,assembly drilling,0.16860425214723185
612,15_9_F_11_T2_2013_05_07.pdf,11,ran hole,0.16588473709841947
612,15_9_F_11_T2_2013_05_07.pdf,12,drilling,0.15581426318569871
613,15_9_F_11_T2_2013_05_08.pdf,1,wireline,0.31001449725810615
613,15_9_F_11_T2_2013_05_08.pdf,2,vsp,0.3040756697046547
613,15_9_F_11_T2_2013_05_08.pdf,3,wireline run,0.268508216834112
613,15_9_F_11_T2_2013_05_08.pdf,4,run vsp,0.232424401607278
613,15_9_F_11_T2_2013_05_08.pdf,5,run,0.2038242846947965
613,15_9_F_11_T2_2013_05_08.pdf,6,wireline toolstring,0.19908827808665713
613,15_9_F_11_T2_2013_05_08.pdf,7,performed prejob,0.1915036172818862
613,15_9_F_11_T2_2013_05_08.pdf,8,prejob,0.17442097528980852
613,15_9_F_11_T2_2013_05_08.pdf,9,run wireline,0.1743183012054585
613,15_9_F_11_T2_2013_05_08.pdf,10,performed,0.16947617156825923
613,15_9_F_11_T2_2013_05_08.pdf,11,gyro,0.15425894806605803
613,15_9_F_11_T2_2013_05_08.pdf,12,tests,0.1467078311336037
614,15_9_F_11_T2_2013_05_09.pdf,1,hole assembly,0.28386748037261694
614,15_9_F_11_T2_2013_05_09.pdf,2,hole hole,0.25102579290658905
614,15_9_F_11_T2_2013_05_09.pdf,3,hole,0.21061401768990023
614,15_9_F_11_T2_2013_05_09.pdf,4,power tong,0.16313081237433544
614,15_9_F_11_T2_2013_05_09.pdf,5,mud logging,0.15754985266464766
614,15_9_F_11_T2_2013_05_09.pdf,6,assembly,0.15118458936043622
614,15_9_F_11_T2_2013_05_09.pdf,7,equ,0.1502378247099169
614,15_9_F_11_T2_2013_05_09.pdf,8,wireline,0.13261329403043792
614,15_9_F_11_T2_2013_05_09.pdf,9,syst,0.12080629999245741
614,15_9_F_11_T2_2013_05_09.pdf,10,hose power,0.11355061389462857
614,15_9_F_11_T2_2013_05_09.pdf,11,performed wireline,0.11355061389462857
614,15_9_F_11_T2_2013_05_09.pdf,12,pulled reamed,0.11355061389462857
615,15_9_F_11_T2_2013_05_10.pdf,1,drilling trip,0.2542042123172607
615,15_9_F_11_T2_2013_05_10.pdf,2,hole,0.23023463314144413
615,15_9_F_11_T2_2013_05_10.pdf,3,trip,0.2233493187589991
615,15_9_F_11_T2_2013_05_10.pdf,4,hole hole,0.20580835017347998
615,15_9_F_11_T2_2013_05_10.pdf,5,trip pulled,0.20148742173728568
615,15_9_F_11_T2_2013_05_10.pdf,6,hole assembly,0.19948649371932728
615,15_9_F_11_T2_2013_05_10.pdf,7,drill pipe,0.19785267905622078
615,15_9_F_11_T2_2013_05_10.pdf,8,lubricated hole,0.17832793445102177
615,15_9_F_11_T2_2013_05_10.pdf,9,drilling,0.17465100469027361
615,15_9_F_11_T2_2013_05_10.pdf,10,ran hole,0.16823045247189217
615,15_9_F_11_T2_2013_05_10.pdf,11,hole cement,0.16724227802922398
615,15_9_F_11_T2_2013_05_10.pdf,12,lubricated,0.16302770705978883
616,15_9_F_11_T2_2013_05_11.pdf,1,drilling oth,0.4882528637606454
616,15_9_F_11_T2_2013_05_11.pdf,2,oth,0.3747395603287365
616,15_9_F_11_T2_2013_05_11.pdf,3,hole cement,0.26361848050668735
616,15_9_F_11_T2_2013_05_11.pdf,4,stinger drill,0.2512205127195136
616,15_9_F_11_T2_2013_05_11.pdf,5,drill pipe,0.21830805142169205
616,15_9_F_11_T2_2013_05_11.pdf,6,cement,0.21093053940905523
616,15_9_F_11_T2_2013_05_11.pdf,7,cement stinger,0.17224344695629562
616,15_9_F_11_T2_2013_05_11.pdf,8,stinger,0.15593432244406577
616,15_9_F_11_T2_2013_05_11.pdf,9,oth ran,0.1554821783155223
616,15_9_F_11_T2_2013_05_11.pdf,10,oth laid,0.12438574265241784
616,15_9_F_11_T2_2013_05_11.pdf,11,pipe,0.1227097634267533
616,15_9_F_11_T2_2013_05_11.pdf,12,pipe joint,0.11739616098498114
617,15_9_F_11_T2_2013_05_12.pdf,1,hole cement,0.33715599060760604
617,15_9_F_11_T2_2013_05_12.pdf,2,stinger drill,0.32129955632890345
617,15_9_F_11_T2_2013_05_12.pdf,3,drill pipe,0.2659104973839706
617,15_9_F_11_T2_2013_05_12.pdf,4,cement stinger,0.2202914980489971
617,15_9_F_11_T2_2013_05_12.pdf,5,pulled hole,0.21187865798659875
617,15_9_F_11_T2_2013_05_12.pdf,6,stinger,0.19943287303797796
617,15_9_F_11_T2_2013_05_12.pdf,7,cement,0.19548588514638462
617,15_9_F_11_T2_2013_05_12.pdf,8,test tool,0.17383089614680725
617,15_9_F_11_T2_2013_05_12.pdf,9,bop test,0.17369584050924924
617,15_9_F_11_T2_2013_05_12.pdf,10,interruption wait,0.15599077908719136
617,15_9_F_11_T2_2013_05_12.pdf,11,bop,0.15437514256392557
617,15_9_F_11_T2_2013_05_12.pdf,12,pipe,0.14946683832401747
618,15_9_F_11_T2_2013_05_13.pdf,1,hole cement,0.38065641217250534
618,15_9_F_11_T2_2013_05_13.pdf,2,stinger drill,0.3627541546106493
618,15_9_F_11_T2_2013_05_13.pdf,3,cement,0.29795552490025723
618,15_9_F_11_T2_2013_05_13.pdf,4,drill pipe,0.28145503874586525
618,15_9_F_11_T2_2013_05_13.pdf,5,cement stinger,0.24871387018310911
618,15_9_F_11_T2_2013_05_13.pdf,6,stinger,0.22516403099669216
618,15_9_F_11_T2_2013_05_13.pdf,7,pipe,0.1582043401278833
618,15_9_F_11_T2_2013_05_13.pdf,8,drilling,0.15459081920552975
618,15_9_F_11_T2_2013_05_13.pdf,9,drill,0.13495812728377332
618,15_9_F_11_T2_2013_05_13.pdf,10,pipe drilling,0.1276351913139205
618,15_9_F_11_T2_2013_05_13.pdf,11,hole,0.1179071784329928
618,15_9_F_11_T2_2013_05_13.pdf,12,pulled hole,0.10764701623390951
619,15_9_F_11_T2_2013_05_14.pdf,1,hole assembly,0.3765110136972339
619,15_9_F_11_T2_2013_05_14.pdf,2,hole,0.26072705022604936
619,15_9_F_11_T2_2013_05_14.pdf,3,hole hole,0.21580160671093837
619,15_9_F_11_T2_2013_05_14.pdf,4,assembly drilling,0.20917278538735215
619,15_9_F_11_T2_2013_05_14.pdf,5,assembly,0.20052548083626445
619,15_9_F_11_T2_2013_05_14.pdf,6,drilling,0.1953401399263398
619,15_9_F_11_T2_2013_05_14.pdf,7,picked hole,0.16828816357150442
619,15_9_F_11_T2_2013_05_14.pdf,8,hole cement,0.1578266238976885
619,15_9_F_11_T2_2013_05_14.pdf,9,circulating condi,0.14736508422387257
619,15_9_F_11_T2_2013_05_14.pdf,10,condi,0.14736508422387257
619,15_9_F_11_T2_2013_05_14.pdf,11,condi tioning,0.14736508422387257
619,15_9_F_11_T2_2013_05_14.pdf,12,tioning,0.14736508422387257
620,15_9_F_11_T2_2013_05_15.pdf,1,f-11,0.31508174841837994
620,15_9_F_11_T2_2013_05_15.pdf,2,hard cement,0.23078302379135568
620,15_9_F_11_T2_2013_05_15.pdf,3,hard,0.18403741810728422
620,15_9_F_11_T2_2013_05_15.pdf,4,drilling,0.1812041922181692
620,15_9_F_11_T2_2013_05_15.pdf,5,tagged hard,0.17351747817743698
620,15_9_F_11_T2_2013_05_15.pdf,6,performed slip,0.1691447697042336
620,15_9_F_11_T2_2013_05_15.pdf,7,cement,0.15091034456523544
620,15_9_F_11_T2_2013_05_15.pdf,8,hole,0.1433240448620172
620,15_9_F_11_T2_2013_05_15.pdf,9,hole hole,0.14235374105472265
620,15_9_F_11_T2_2013_05_15.pdf,10,hole assembly,0.13798103258151928
620,15_9_F_11_T2_2013_05_15.pdf,11,cut drill,0.12882509535921932
620,15_9_F_11_T2_2013_05_15.pdf,12,slip cut,0.1269332974204317
621,15_9_F_12_2007_06_14.pdf,1,moving skid,0.29696510524367464
621,15_9_F_12_2007_06_14.pdf,2,opener bha,0.265467465164054
621,15_9_F_12_2007_06_14.pdf,3,skidded,0.25762661650604785
621,15_9_F_12_2007_06_14.pdf,4,skid,0.24523692274483339
621,15_9_F_12_2007_06_14.pdf,5,f-12,0.24523692274483339
621,15_9_F_12_2007_06_14.pdf,6,moving,0.22705390212174717
621,15_9_F_12_2007_06_14.pdf,7,hole opener,0.2242947921905574
621,15_9_F_12_2007_06_14.pdf,8,opener,0.2242947921905574
621,15_9_F_12_2007_06_14.pdf,9,skidded rig,0.2042507481075751
621,15_9_F_12_2007_06_14.pdf,10,scaffolding,0.15457568998427415
621,15_9_F_12_2007_06_14.pdf,11,cantilever,0.1501542372573864
621,15_9_F_12_2007_06_14.pdf,12,removed,0.13731981053754785
622,15_9_F_12_2007_06_15.pdf,1,hole opener,0.39622404137090006
622,15_9_F_12_2007_06_15.pdf,2,opener,0.39622404137090006
622,15_9_F_12_2007_06_15.pdf,3,opener bha,0.29309806659049314
622,15_9_F_12_2007_06_15.pdf,4,rih hole,0.20956023708292987
622,15_9_F_12_2007_06_15.pdf,5,tds,0.16772586774378376
622,15_9_F_12_2007_06_15.pdf,6,hole,0.166501022171395
622,15_9_F_12_2007_06_15.pdf,7,interruption maint,0.15717017781219741
622,15_9_F_12_2007_06_15.pdf,8,maint ain,0.1485840155140875
622,15_9_F_12_2007_06_15.pdf,9,maint,0.1485840155140875
622,15_9_F_12_2007_06_15.pdf,10,ain,0.14623801127042269
622,15_9_F_12_2007_06_15.pdf,11,drilling,0.1403378535453858
622,15_9_F_12_2007_06_15.pdf,12,hours interruption,0.12241022370307977
623,15_9_F_12_2007_06_16.pdf,1,conductor,0.34120232896532027
623,15_9_F_12_2007_06_16.pdf,2,opener bha,0.2363997061832583
623,15_9_F_12_2007_06_16.pdf,3,drilling,0.21866287692216435
623,15_9_F_12_2007_06_16.pdf,4,hole opener,0.1997352969016952
623,15_9_F_12_2007_06_16.pdf,5,opener,0.1997352969016952
623,15_9_F_12_2007_06_16.pdf,6,pooh hole,0.14324597416971588
623,15_9_F_12_2007_06_16.pdf,7,hole,0.1373443252619422
623,15_9_F_12_2007_06_16.pdf,8,drilling casing,0.13221439162343546
623,15_9_F_12_2007_06_16.pdf,9,wbm,0.12975135022354176
623,15_9_F_12_2007_06_16.pdf,10,wob flow,0.12341321990732299
623,15_9_F_12_2007_06_16.pdf,11,wbm drilling,0.11415605162828785
623,15_9_F_12_2007_06_16.pdf,12,running conductor,0.10805851076363308
624,15_9_F_12_2007_06_17.pdf,1,drilling sing,0.4389751767259666
624,15_9_F_12_2007_06_17.pdf,2,conductor,0.4367049799922273
624,15_9_F_12_2007_06_17.pdf,3,sing,0.4272199361870981
624,15_9_F_12_2007_06_17.pdf,4,housing,0.1881016942227257
624,15_9_F_12_2007_06_17.pdf,5,conductor housing,0.1862392678448622
624,15_9_F_12_2007_06_17.pdf,6,cart,0.15246835346758728
624,15_9_F_12_2007_06_17.pdf,7,inside conductor,0.13314649804844658
624,15_9_F_12_2007_06_17.pdf,8,cement,0.12339443480741837
624,15_9_F_12_2007_06_17.pdf,9,drilling,0.11661112188784123
624,15_9_F_12_2007_06_17.pdf,10,aluminium,0.10483539034724743
624,15_9_F_12_2007_06_17.pdf,11,conductor drilling,0.10185587353445037
624,15_9_F_12_2007_06_17.pdf,12,rih conductor,0.10185587353445037
625,15_9_F_12_2007_06_18.pdf,1,drilling casi,0.4167165167888148
625,15_9_F_12_2007_06_18.pdf,2,casi,0.41257819516655503
625,15_9_F_12_2007_06_18.pdf,3,cement,0.2564933124732786
625,15_9_F_12_2007_06_18.pdf,4,drilling,0.16476401078742015
625,15_9_F_12_2007_06_18.pdf,5,casi held,0.15613742145019205
625,15_9_F_12_2007_06_18.pdf,6,cart,0.1408567505559896
625,15_9_F_12_2007_06_18.pdf,7,wellhead equi,0.13309503583057983
625,15_9_F_12_2007_06_18.pdf,8,equi pment,0.1230063986163566
625,15_9_F_12_2007_06_18.pdf,9,equi,0.1230063986163566
625,15_9_F_12_2007_06_18.pdf,10,pment,0.1230063986163566
625,15_9_F_12_2007_06_18.pdf,11,bop wellhead,0.10966224126021441
625,15_9_F_12_2007_06_18.pdf,12,cement hose,0.10928532347616805
626,15_9_F_12_2007_06_19.pdf,1,wellhead equipment,0.40102808413444463
626,15_9_F_12_2007_06_19.pdf,2,lpdr,0.30830637529164384
626,15_9_F_12_2007_06_19.pdf,3,bop wellhead,0.2893125959553332
626,15_9_F_12_2007_06_19.pdf,4,flange,0.2342353753290464
626,15_9_F_12_2007_06_19.pdf,5,drilling bop,0.2091689248933187
626,15_9_F_12_2007_06_19.pdf,6,wellhead,0.1632907638649579
626,15_9_F_12_2007_06_19.pdf,7,guidewires,0.13755411455081207
626,15_9_F_12_2007_06_19.pdf,8,according bandak,0.13367602804481488
626,15_9_F_12_2007_06_19.pdf,9,conductor,0.12935162250439158
626,15_9_F_12_2007_06_19.pdf,10,centralizer deck,0.12424765849435872
626,15_9_F_12_2007_06_19.pdf,11,bop,0.12369851630243177
626,15_9_F_12_2007_06_19.pdf,12,rl-4,0.12364905129618825
627,15_9_F_12_2007_06_20.pdf,1,drilling bop/wellhea,0.3357078444690539
627,15_9_F_12_2007_06_20.pdf,2,bop/wellhea,0.3357078444690539
627,15_9_F_12_2007_06_20.pdf,3,bop/wellhea equipment,0.3357078444690539
627,15_9_F_12_2007_06_20.pdf,4,tensioning,0.30430068840722835
627,15_9_F_12_2007_06_20.pdf,5,lpdr,0.1521915418167879
627,15_9_F_12_2007_06_20.pdf,6,ring,0.13901162863704608
627,15_9_F_12_2007_06_20.pdf,7,steelband,0.13609917775859132
627,15_9_F_12_2007_06_20.pdf,8,drillout bha,0.13609917775859132
627,15_9_F_12_2007_06_20.pdf,9,tension,0.1349434197780796
627,15_9_F_12_2007_06_20.pdf,10,equipment,0.13105371103457567
627,15_9_F_12_2007_06_20.pdf,11,drillout,0.1303499157467689
627,15_9_F_12_2007_06_20.pdf,12,contact ring,0.1303499157467689
628,15_9_F_12_2007_06_21.pdf,1,function flowline,0.324811602255805
628,15_9_F_12_2007_06_21.pdf,2,worked function,0.324811602255805
628,15_9_F_12_2007_06_21.pdf,3,flowline isolation,0.31132913109864246
628,15_9_F_12_2007_06_21.pdf,4,isolation valve,0.2956479026919299
628,15_9_F_12_2007_06_21.pdf,5,isolation,0.28348459697801687
628,15_9_F_12_2007_06_21.pdf,6,drillout bha,0.27840994479069003
628,15_9_F_12_2007_06_21.pdf,7,drillout,0.2666490234856556
628,15_9_F_12_2007_06_21.pdf,8,flowline,0.2457019184635218
628,15_9_F_12_2007_06_21.pdf,9,valve drilling,0.15566456554932123
628,15_9_F_12_2007_06_21.pdf,10,valve,0.14957067436120347
628,15_9_F_12_2007_06_21.pdf,11,function,0.13854563186853622
628,15_9_F_12_2007_06_21.pdf,12,worked,0.131147666158244
629,15_9_F_12_2007_06_22.pdf,1,flowline,0.3052684698847591
629,15_9_F_12_2007_06_22.pdf,2,flowline isolation,0.3008490832792079
629,15_9_F_12_2007_06_22.pdf,3,isolation valve,0.28569572074547
629,15_9_F_12_2007_06_22.pdf,4,isolation,0.2739418596121986
629,15_9_F_12_2007_06_22.pdf,5,valve,0.18583172320103375
629,15_9_F_12_2007_06_22.pdf,6,track,0.16170301073901577
629,15_9_F_12_2007_06_22.pdf,7,opner bha,0.14724171993040652
629,15_9_F_12_2007_06_22.pdf,8,opner,0.14724171993040652
629,15_9_F_12_2007_06_22.pdf,9,hole opner,0.14724171993040652
629,15_9_F_12_2007_06_22.pdf,10,ton wob,0.13808852066789068
629,15_9_F_12_2007_06_22.pdf,11,rpm ton,0.13460863581295318
629,15_9_F_12_2007_06_22.pdf,12,diverter,0.1313055023403984
630,15_9_F_12_2007_06_23.pdf,1,pilot hole,0.2531504378978489
630,15_9_F_12_2007_06_23.pdf,2,pilot,0.24165265060641433
630,15_9_F_12_2007_06_23.pdf,3,box meeting,0.2080406721747876
630,15_9_F_12_2007_06_23.pdf,4,rih pilot,0.20024240977533497
630,15_9_F_12_2007_06_23.pdf,5,drilling,0.1584793491106503
630,15_9_F_12_2007_06_23.pdf,6,bha,0.15844111378311312
630,15_9_F_12_2007_06_23.pdf,7,held tool,0.15400080274427108
630,15_9_F_12_2007_06_23.pdf,8,elements,0.15362200432595505
630,15_9_F_12_2007_06_23.pdf,9,tool box,0.15107653354838046
630,15_9_F_12_2007_06_23.pdf,10,meeting,0.14596412359190075
630,15_9_F_12_2007_06_23.pdf,11,hole,0.14463433423403024
630,15_9_F_12_2007_06_23.pdf,12,hole bha,0.1419774177334151
631,15_9_F_12_2007_06_24.pdf,1,water pump,0.3594339728719023
631,15_9_F_12_2007_06_24.pdf,2,raw,0.34903085093289005
631,15_9_F_12_2007_06_24.pdf,3,raw water,0.34903085093289005
631,15_9_F_12_2007_06_24.pdf,4,pump failure,0.2232998190648967
631,15_9_F_12_2007_06_24.pdf,5,water,0.1846393415122423
631,15_9_F_12_2007_06_24.pdf,6,waiting trouble-shooting,0.1554325094586951
631,15_9_F_12_2007_06_24.pdf,7,l/hour,0.14886654604326446
631,15_9_F_12_2007_06_24.pdf,8,wai,0.13961234037315604
631,15_9_F_12_2007_06_24.pdf,9,pump,0.13531135424637544
631,15_9_F_12_2007_06_24.pdf,10,performed rig,0.12577809106764046
631,15_9_F_12_2007_06_24.pdf,11,rig maintenance,0.11584253093490428
631,15_9_F_12_2007_06_24.pdf,12,pilot hole,0.11213325097768279
632,15_9_F_12_2007_06_25.pdf,1,water pump,0.3111560288724019
632,15_9_F_12_2007_06_25.pdf,2,raw water,0.3021502187522438
632,15_9_F_12_2007_06_25.pdf,3,raw,0.3021502187522438
632,15_9_F_12_2007_06_25.pdf,4,pump repair,0.25229127279488467
632,15_9_F_12_2007_06_25.pdf,5,wait waiting,0.24163368724233425
632,15_9_F_12_2007_06_25.pdf,6,drilling wait,0.20415751373813223
632,15_9_F_12_2007_06_25.pdf,7,pilot hole,0.18200980419289783
632,15_9_F_12_2007_06_25.pdf,8,pilot,0.17374313860486496
632,15_9_F_12_2007_06_25.pdf,9,waiting raw,0.16819418186325644
632,15_9_F_12_2007_06_25.pdf,10,water,0.15983921558533246
632,15_9_F_12_2007_06_25.pdf,11,repair rih,0.14397005234108828
632,15_9_F_12_2007_06_25.pdf,12,rih pilot,0.14397005234108828
633,15_9_F_12_2007_06_26.pdf,1,pilot hole,0.35540241466452205
633,15_9_F_12_2007_06_26.pdf,2,pilot,0.33926046602478155
633,15_9_F_12_2007_06_26.pdf,3,drilled pilot,0.2156726716983965
633,15_9_F_12_2007_06_26.pdf,4,mmd lpm,0.18473921215610495
633,15_9_F_12_2007_06_26.pdf,5,lpm bar,0.17296432632820608
633,15_9_F_12_2007_06_26.pdf,6,hole bha,0.1494934716762681
633,15_9_F_12_2007_06_26.pdf,7,drilling drill,0.14694320452554793
633,15_9_F_12_2007_06_26.pdf,8,lpm,0.14336321959941695
633,15_9_F_12_2007_06_26.pdf,9,drilling,0.12836076038748404
633,15_9_F_12_2007_06_26.pdf,10,drill,0.12835875194348004
633,15_9_F_12_2007_06_26.pdf,11,ecd rop,0.12319647488881877
633,15_9_F_12_2007_06_26.pdf,12,hole,0.12183283281756478
634,15_9_F_12_2007_06_27.pdf,1,hole mmd,0.28143472942726994
634,15_9_F_12_2007_06_27.pdf,2,drilled pilot,0.26640215131215056
634,15_9_F_12_2007_06_27.pdf,3,pilot hole,0.26339906795580986
634,15_9_F_12_2007_06_27.pdf,4,pilot,0.25143580025907336
634,15_9_F_12_2007_06_27.pdf,5,mmd lpm,0.18255413877905444
634,15_9_F_12_2007_06_27.pdf,6,circulating ditioning,0.15310450237492162
634,15_9_F_12_2007_06_27.pdf,7,flowline isolation,0.15310450237492162
634,15_9_F_12_2007_06_27.pdf,8,wob ecd,0.15265848157117823
634,15_9_F_12_2007_06_27.pdf,9,lpm bar,0.1465015927688089
634,15_9_F_12_2007_06_27.pdf,10,isolation valve,0.14539283510059736
634,15_9_F_12_2007_06_27.pdf,11,ditioning,0.14324719312835466
634,15_9_F_12_2007_06_27.pdf,12,ecd,0.1417403746237515
635,15_9_F_12_2007_06_28.pdf,1,flowline isolation,0.29316195599229483
635,15_9_F_12_2007_06_28.pdf,2,isolation valve,0.2783957836914535
635,15_9_F_12_2007_06_28.pdf,3,isolation,0.2669422506351678
635,15_9_F_12_2007_06_28.pdf,4,repaired flowline,0.26216372266392585
635,15_9_F_12_2007_06_28.pdf,5,pilot hole,0.2521760783343264
635,15_9_F_12_2007_06_28.pdf,6,pilot,0.24072254527804066
635,15_9_F_12_2007_06_28.pdf,7,flowline,0.23136432737161064
635,15_9_F_12_2007_06_28.pdf,8,drilled pilot,0.1530307232271529
635,15_9_F_12_2007_06_28.pdf,9,valve performed,0.14960376732708464
635,15_9_F_12_2007_06_28.pdf,10,drill pilot,0.14658097799614742
635,15_9_F_12_2007_06_28.pdf,11,loss,0.14620348991453636
635,15_9_F_12_2007_06_28.pdf,12,valve,0.1408426872875058
636,15_9_F_12_2007_06_29.pdf,1,rpm/1-3,0.328507812293921
636,15_9_F_12_2007_06_29.pdf,2,bar rpm/1-3,0.328507812293921
636,15_9_F_12_2007_06_29.pdf,3,rpm/1-3 knm,0.328507812293921
636,15_9_F_12_2007_06_29.pdf,4,pilot hole,0.29891505604433943
636,15_9_F_12_2007_06_29.pdf,5,pilot,0.28533869504277604
636,15_9_F_12_2007_06_29.pdf,6,wob,0.1712687557126411
636,15_9_F_12_2007_06_29.pdf,7,ecd,0.1654480258215696
636,15_9_F_12_2007_06_29.pdf,8,drilled pilot,0.15548043430184563
636,15_9_F_12_2007_06_29.pdf,9,knm,0.1500553441955773
636,15_9_F_12_2007_06_29.pdf,10,wob ecd,0.1484935894701521
636,15_9_F_12_2007_06_29.pdf,11,hole,0.13174563292740044
636,15_9_F_12_2007_06_29.pdf,12,wbm,0.12446217727440438
637,15_9_F_12_2007_06_30.pdf,1,esd,0.22665567334686082
637,15_9_F_12_2007_06_30.pdf,2,pilot hole,0.2193981545448201
637,15_9_F_12_2007_06_30.pdf,3,pilot,0.20943335521823334
637,15_9_F_12_2007_06_30.pdf,4,drilling ill,0.20487248137251873
637,15_9_F_12_2007_06_30.pdf,5,ill,0.1997096145268645
637,15_9_F_12_2007_06_30.pdf,6,geoservices,0.19129250646701032
637,15_9_F_12_2007_06_30.pdf,7,sensors,0.18457157548145195
637,15_9_F_12_2007_06_30.pdf,8,pumpe,0.18457157548145195
637,15_9_F_12_2007_06_30.pdf,9,shut-down,0.14563497085201804
637,15_9_F_12_2007_06_30.pdf,10,read,0.14065257118872468
637,15_9_F_12_2007_06_30.pdf,11,drilled pilot,0.13313974301790968
637,15_9_F_12_2007_06_30.pdf,12,syst,0.12941973417825953
638,15_9_F_12_2007_07_01.pdf,1,wbm,0.21591677501885725
638,15_9_F_12_2007_07_01.pdf,2,drilled pilot,0.20229539620883075
638,15_9_F_12_2007_07_01.pdf,3,itioning,0.19376930589547883
638,15_9_F_12_2007_07_01.pdf,4,circulating cond,0.19376930589547883
638,15_9_F_12_2007_07_01.pdf,5,cond itioning,0.19376930589547883
638,15_9_F_12_2007_07_01.pdf,6,cond,0.19019484629081232
638,15_9_F_12_2007_07_01.pdf,7,reamed,0.1808947584859661
638,15_9_F_12_2007_07_01.pdf,8,ecd,0.17938684742891142
638,15_9_F_12_2007_07_01.pdf,9,pilot hole,0.16667914326363215
638,15_9_F_12_2007_07_01.pdf,10,pilot,0.159108777788155
638,15_9_F_12_2007_07_01.pdf,11,high ecd,0.1540272089144363
638,15_9_F_12_2007_07_01.pdf,12,ecd reamed,0.14752060986231308
639,15_9_F_12_2007_07_02.pdf,1,diverter,0.2534051009479813
639,15_9_F_12_2007_07_02.pdf,2,tensioner,0.24195802351794035
639,15_9_F_12_2007_07_02.pdf,3,held tool-box,0.2368001990121693
639,15_9_F_12_2007_07_02.pdf,4,tool-box,0.22207964692960572
639,15_9_F_12_2007_07_02.pdf,5,lpdr,0.2073590948470421
639,15_9_F_12_2007_07_02.pdf,6,tool-box meeting,0.1854334476972566
639,15_9_F_12_2007_07_02.pdf,7,locking dog,0.1854334476972566
639,15_9_F_12_2007_07_02.pdf,8,pooh lpdr,0.17760014925912698
639,15_9_F_12_2007_07_02.pdf,9,disconnect pooh,0.17760014925912698
639,15_9_F_12_2007_07_02.pdf,10,overshot joint,0.1526504584504811
639,15_9_F_12_2007_07_02.pdf,11,locking,0.147686022697152
639,15_9_F_12_2007_07_02.pdf,12,lifting,0.14734914828889645
640,15_9_F_12_2007_07_03.pdf,1,lpdr,0.6364152055275554
640,15_9_F_12_2007_07_03.pdf,2,pooh lpdr,0.2642815396414552
640,15_9_F_12_2007_07_03.pdf,3,wow disconnect,0.20695352986563892
640,15_9_F_12_2007_07_03.pdf,4,lpdr drilling,0.20695352986563892
640,15_9_F_12_2007_07_03.pdf,5,disconnect,0.2011475637735993
640,15_9_F_12_2007_07_03.pdf,6,disconnect pooh,0.19821115473109138
640,15_9_F_12_2007_07_03.pdf,7,spider dogs,0.13796901991042593
640,15_9_F_12_2007_07_03.pdf,8,weathe wow,0.1321407698207276
640,15_9_F_12_2007_07_03.pdf,9,singles,0.12748747504160315
640,15_9_F_12_2007_07_03.pdf,10,waiting weathe,0.12392631268559612
640,15_9_F_12_2007_07_03.pdf,11,wow,0.12085496390756457
640,15_9_F_12_2007_07_03.pdf,12,weathe,0.12080332102374737
641,15_9_F_12_2007_07_04.pdf,1,lpdr,0.2783074673876592
641,15_9_F_12_2007_07_04.pdf,2,drilling lpdr,0.24887991161252704
641,15_9_F_12_2007_07_04.pdf,3,joints singles,0.165919941075018
641,15_9_F_12_2007_07_04.pdf,4,using elevator,0.165919941075018
641,15_9_F_12_2007_07_04.pdf,5,singles using,0.15891095520209494
641,15_9_F_12_2007_07_04.pdf,6,flange drilling,0.15891095520209494
641,15_9_F_12_2007_07_04.pdf,7,elevator attached,0.15891095520209494
641,15_9_F_12_2007_07_04.pdf,8,standard,0.1490323444479623
641,15_9_F_12_2007_07_04.pdf,9,cement stinger,0.14606247255326882
641,15_9_F_12_2007_07_04.pdf,10,floor removed,0.14527667094351812
641,15_9_F_12_2007_07_04.pdf,11,stinger rih,0.14202335857503923
641,15_9_F_12_2007_07_04.pdf,12,handling flange,0.14202335857503923
642,15_9_F_12_2007_07_05.pdf,1,plug rkb,0.3066221772710762
642,15_9_F_12_2007_07_05.pdf,2,cemented plug,0.3066221772710762
642,15_9_F_12_2007_07_05.pdf,3,rkb,0.24060131716951239
642,15_9_F_12_2007_07_05.pdf,4,cemented,0.22120560028915964
642,15_9_F_12_2007_07_05.pdf,5,drilling sing,0.1924810537356099
642,15_9_F_12_2007_07_05.pdf,6,sing,0.1873266367986143
642,15_9_F_12_2007_07_05.pdf,7,seawater,0.17326770107649728
642,15_9_F_12_2007_07_05.pdf,8,cement,0.17246214833166745
642,15_9_F_12_2007_07_05.pdf,9,hole volume,0.14436079030170743
642,15_9_F_12_2007_07_05.pdf,10,cement stinger,0.1439601711900507
642,15_9_F_12_2007_07_05.pdf,11,pooh cement,0.1355696328399289
642,15_9_F_12_2007_07_05.pdf,12,stinger,0.13032909030871997
643,15_9_F_12_2007_07_06.pdf,1,drilling sing,0.2122508740194051
643,15_9_F_12_2007_07_06.pdf,2,sing,0.2065670444751192
643,15_9_F_12_2007_07_06.pdf,3,cmt,0.16207178966761757
643,15_9_F_12_2007_07_06.pdf,4,box meeting,0.160367799459945
643,15_9_F_12_2007_07_06.pdf,5,drilling,0.15505372079490848
643,15_9_F_12_2007_07_06.pdf,6,seawater,0.15285128703975207
643,15_9_F_12_2007_07_06.pdf,7,seawater using,0.13524619458684653
643,15_9_F_12_2007_07_06.pdf,8,plug rkb,0.13524619458684653
643,15_9_F_12_2007_07_06.pdf,9,cemented plug,0.13524619458684653
643,15_9_F_12_2007_07_06.pdf,10,sing cemented,0.13524619458684653
643,15_9_F_12_2007_07_06.pdf,11,rkb mixed,0.13524619458684653
643,15_9_F_12_2007_07_06.pdf,12,volume seawater,0.12953296529635866
644,15_9_F_12_2007_07_07.pdf,1,bars spp,0.34076597799385683
644,15_9_F_12_2007_07_07.pdf,2,rpm lpm,0.324739766136432
644,15_9_F_12_2007_07_07.pdf,3,lpm bars,0.24413470804768428
644,15_9_F_12_2007_07_07.pdf,4,bars,0.19859643382277523
644,15_9_F_12_2007_07_07.pdf,5,drilling drill,0.18105726243910733
644,15_9_F_12_2007_07_07.pdf,6,lpm,0.17664615494766936
644,15_9_F_12_2007_07_07.pdf,7,drill,0.1757314203434772
644,15_9_F_12_2007_07_07.pdf,8,rpm,0.17488206558054387
644,15_9_F_12_2007_07_07.pdf,9,spp,0.16942050257087507
644,15_9_F_12_2007_07_07.pdf,10,wob,0.15681846063716373
644,15_9_F_12_2007_07_07.pdf,11,lpm wob,0.15175194672953338
644,15_9_F_12_2007_07_07.pdf,12,rov,0.14951500682981778
645,15_9_F_12_2007_07_08.pdf,1,lpm wob,0.27501007981996173
645,15_9_F_12_2007_07_08.pdf,2,hole sliding,0.21853780861507194
645,15_9_F_12_2007_07_08.pdf,3,utsira,0.20741084922448913
645,15_9_F_12_2007_07_08.pdf,4,sweep,0.2049626798788858
645,15_9_F_12_2007_07_08.pdf,5,drilled hole,0.20387189064956587
645,15_9_F_12_2007_07_08.pdf,6,wob,0.19893425300008852
645,15_9_F_12_2007_07_08.pdf,7,drill drilled,0.16904655019756845
645,15_9_F_12_2007_07_08.pdf,8,drilled,0.1662088894106643
645,15_9_F_12_2007_07_08.pdf,9,sliding,0.16427111206716785
645,15_9_F_12_2007_07_08.pdf,10,drilling drill,0.16405908875787828
645,15_9_F_12_2007_07_08.pdf,11,std,0.16139772782510742
645,15_9_F_12_2007_07_08.pdf,12,lpm,0.1600621086549578
646,15_9_F_12_2007_07_09.pdf,1,rkb,0.2569546388966789
646,15_9_F_12_2007_07_09.pdf,2,m/hr rop,0.23530651989808357
646,15_9_F_12_2007_07_09.pdf,3,wob m/hr,0.23530651989808357
646,15_9_F_12_2007_07_09.pdf,4,rop ecd,0.22937670335069127
646,15_9_F_12_2007_07_09.pdf,5,gr/res,0.2081756761624536
646,15_9_F_12_2007_07_09.pdf,6,bar spp,0.1975763098127766
646,15_9_F_12_2007_07_09.pdf,7,pumped sweep,0.19647770452451976
646,15_9_F_12_2007_07_09.pdf,8,ecd pumped,0.1764798899235627
646,15_9_F_12_2007_07_09.pdf,9,parameters lpm,0.17469931665050215
646,15_9_F_12_2007_07_09.pdf,10,std drilling,0.16174218860414272
646,15_9_F_12_2007_07_09.pdf,11,sweep,0.1464331666757852
646,15_9_F_12_2007_07_09.pdf,12,drilling,0.1365169162388968
647,15_9_F_12_2007_07_10.pdf,1,syst,0.22063413619451422
647,15_9_F_12_2007_07_10.pdf,2,displace mud,0.2097711521403692
647,15_9_F_12_2007_07_10.pdf,3,mud,0.19584223124497313
647,15_9_F_12_2007_07_10.pdf,4,displace,0.17027146708274973
647,15_9_F_12_2007_07_10.pdf,5,mud total,0.16551852877599216
647,15_9_F_12_2007_07_10.pdf,6,attempted pooh,0.15985588156140051
647,15_9_F_12_2007_07_10.pdf,7,total pumped,0.14792873992400357
647,15_9_F_12_2007_07_10.pdf,8,rpm,0.142257224610209
647,15_9_F_12_2007_07_10.pdf,9,bars,0.13569998167299296
647,15_9_F_12_2007_07_10.pdf,10,hi-vis,0.13520881290054262
647,15_9_F_12_2007_07_10.pdf,11,lpm,0.12573068999564455
647,15_9_F_12_2007_07_10.pdf,12,pooh bha,0.12499733037604938
648,15_9_F_12_2007_07_11.pdf,1,lpm bars,0.3716616082962227
648,15_9_F_12_2007_07_11.pdf,2,bars,0.30233583166736916
648,15_9_F_12_2007_07_11.pdf,3,bars rpm,0.26436483526575894
648,15_9_F_12_2007_07_11.pdf,4,hi-vis,0.2510346009450918
648,15_9_F_12_2007_07_11.pdf,5,hi-vis btms,0.2039801509652162
648,15_9_F_12_2007_07_11.pdf,6,lpm,0.1960871665574991
648,15_9_F_12_2007_07_11.pdf,7,drilling drill,0.18047519865196693
648,15_9_F_12_2007_07_11.pdf,8,pumped hi-vis,0.1694771935932873
648,15_9_F_12_2007_07_11.pdf,9,btms,0.16047981223476807
648,15_9_F_12_2007_07_11.pdf,10,rpm,0.1584725944063227
648,15_9_F_12_2007_07_11.pdf,11,hook load,0.15332837119139067
648,15_9_F_12_2007_07_11.pdf,12,knm hook,0.15298511322391214
649,15_9_F_12_2007_07_12.pdf,1,bars rpm,0.34467042233079237
649,15_9_F_12_2007_07_12.pdf,2,lpm bars,0.282660306531745
649,15_9_F_12_2007_07_12.pdf,3,bars,0.22993587970086055
649,15_9_F_12_2007_07_12.pdf,4,drilling drill,0.21390708679704493
649,15_9_F_12_2007_07_12.pdf,5,drilling,0.19619920650501912
649,15_9_F_12_2007_07_12.pdf,6,knm drilling,0.18506321068634932
649,15_9_F_12_2007_07_12.pdf,7,drill displaced,0.1802968117424533
649,15_9_F_12_2007_07_12.pdf,8,drill,0.1453304715568406
649,15_9_F_12_2007_07_12.pdf,9,rpm,0.14462805233109893
649,15_9_F_12_2007_07_12.pdf,10,csg,0.14155114980512018
649,15_9_F_12_2007_07_12.pdf,11,rpm knm,0.13604361426906686
649,15_9_F_12_2007_07_12.pdf,12,drilling casing,0.13444931135796656
650,15_9_F_12_2007_07_13.pdf,1,drilling casing,0.4070987607375258
650,15_9_F_12_2007_07_13.pdf,2,casing,0.3809154283914317
650,15_9_F_12_2007_07_13.pdf,3,csg,0.3714554142374854
650,15_9_F_12_2007_07_13.pdf,4,drilling,0.19802370875970648
650,15_9_F_12_2007_07_13.pdf,5,casing continued,0.1939520368163875
650,15_9_F_12_2007_07_13.pdf,6,fac tool,0.19346279577282827
650,15_9_F_12_2007_07_13.pdf,7,fac,0.1888068090311402
650,15_9_F_12_2007_07_13.pdf,8,rih csg,0.1759789693470444
650,15_9_F_12_2007_07_13.pdf,9,running csg,0.11090695266192732
650,15_9_F_12_2007_07_13.pdf,10,r/u csg,0.11090695266192732
650,15_9_F_12_2007_07_13.pdf,11,continued,0.10848928676216542
650,15_9_F_12_2007_07_13.pdf,12,guide,0.105058945230527
651,15_9_F_12_2007_07_14.pdf,1,csg,0.3567816273294024
651,15_9_F_12_2007_07_14.pdf,2,subsea head,0.32312807942263466
651,15_9_F_12_2007_07_14.pdf,3,drilling casing,0.2711050763806805
651,15_9_F_12_2007_07_14.pdf,4,casing,0.22195988230560498
651,15_9_F_12_2007_07_14.pdf,5,rih csg,0.21973534063235495
651,15_9_F_12_2007_07_14.pdf,6,subsea,0.21551081016206197
651,15_9_F_12_2007_07_14.pdf,7,syst,0.2019212202845565
651,15_9_F_12_2007_07_14.pdf,8,casing continued,0.16145155311955361
651,15_9_F_12_2007_07_14.pdf,9,equ syst,0.15991606569220573
651,15_9_F_12_2007_07_14.pdf,10,head,0.15287929944666376
651,15_9_F_12_2007_07_14.pdf,11,handling equ,0.14700581470772092
651,15_9_F_12_2007_07_14.pdf,12,pipe handling,0.14337434156419818
652,15_9_F_12_2007_07_15.pdf,1,subsea head,0.4971108855562896
652,15_9_F_12_2007_07_15.pdf,2,subsea,0.331548932169686
652,15_9_F_12_2007_07_15.pdf,3,drilling casing,0.2973604418265465
652,15_9_F_12_2007_07_15.pdf,4,head,0.2613272801813151
652,15_9_F_12_2007_07_15.pdf,5,dci,0.2503045323016817
652,15_9_F_12_2007_07_15.pdf,6,dci frame,0.2209381713583509
652,15_9_F_12_2007_07_15.pdf,7,frame subsea,0.22079107483709848
652,15_9_F_12_2007_07_15.pdf,8,casing,0.20867635388981307
652,15_9_F_12_2007_07_15.pdf,9,frame,0.1802318633558959
652,15_9_F_12_2007_07_15.pdf,10,drilling,0.14464405988915063
652,15_9_F_12_2007_07_15.pdf,11,head drilling,0.12097838100642454
652,15_9_F_12_2007_07_15.pdf,12,landed subsea,0.09462474635875649
653,15_9_F_12_2007_07_16.pdf,1,l/o,0.25424355921982844
653,15_9_F_12_2007_07_16.pdf,2,hpdr,0.21187433639789396
653,15_9_F_12_2007_07_16.pdf,3,cart,0.19398726105883707
653,15_9_F_12_2007_07_16.pdf,4,drilling,0.17309330254098299
653,15_9_F_12_2007_07_16.pdf,5,subsea head,0.17107800609790375
653,15_9_F_12_2007_07_16.pdf,6,bop/wellhead equipment,0.17031546435360334
653,15_9_F_12_2007_07_16.pdf,7,drilling casing,0.16745723654001796
653,15_9_F_12_2007_07_16.pdf,8,drilling bop/wellhead,0.156912496394554
653,15_9_F_12_2007_07_16.pdf,9,landing string,0.1471882317277577
653,15_9_F_12_2007_07_16.pdf,10,bop/wellhead,0.14670737751142626
653,15_9_F_12_2007_07_16.pdf,11,head,0.14164661918888677
653,15_9_F_12_2007_07_16.pdf,12,tie connector,0.1355487149408515
654,15_9_F_12_2007_07_17.pdf,1,bop/wellhead equip,0.3995704176551841
654,15_9_F_12_2007_07_17.pdf,2,equip ment,0.3657170500108713
654,15_9_F_12_2007_07_17.pdf,3,ment,0.34549951396666384
654,15_9_F_12_2007_07_17.pdf,4,drilling bop/wellhead,0.26860333046062973
654,15_9_F_12_2007_07_17.pdf,5,bop/wellhead,0.25113417419367284
654,15_9_F_12_2007_07_17.pdf,6,hpdr,0.20724982286582547
654,15_9_F_12_2007_07_17.pdf,7,equip,0.2000705931680381
654,15_9_F_12_2007_07_17.pdf,8,jnt claxton,0.16723252656881785
654,15_9_F_12_2007_07_17.pdf,9,jnt,0.14651219380990224
654,15_9_F_12_2007_07_17.pdf,10,drilling,0.11619674037450532
654,15_9_F_12_2007_07_17.pdf,11,tbc,0.11420338546040386
654,15_9_F_12_2007_07_17.pdf,12,claxton tool,0.11327661918337288
655,15_9_F_12_2007_07_18.pdf,1,bop/wellhead equipme,0.5047626965124961
655,15_9_F_12_2007_07_18.pdf,2,equipme,0.4733844054707491
655,15_9_F_12_2007_07_18.pdf,3,drilling bop/wellhead,0.2821638586298274
655,15_9_F_12_2007_07_18.pdf,4,bop/wellhead,0.2638127662184305
655,15_9_F_12_2007_07_18.pdf,5,tbc,0.20244765582405627
655,15_9_F_12_2007_07_18.pdf,6,ring,0.1513980074898216
655,15_9_F_12_2007_07_18.pdf,7,equipme held,0.12619067412812401
655,15_9_F_12_2007_07_18.pdf,8,drilling,0.10985667419405247
655,15_9_F_12_2007_07_18.pdf,9,cylinders,0.09524727867124808
655,15_9_F_12_2007_07_18.pdf,10,equipme installed,0.09140512065364884
655,15_9_F_12_2007_07_18.pdf,11,claxton tool,0.08924657013701912
655,15_9_F_12_2007_07_18.pdf,12,ring cylinders,0.08875957602576547
656,15_9_F_12_2007_07_19.pdf,1,ead equipment,0.3928559118395428
656,15_9_F_12_2007_07_19.pdf,2,drilling bop/wellh,0.3718718733922177
656,15_9_F_12_2007_07_19.pdf,3,bop/wellh,0.3496278962606554
656,15_9_F_12_2007_07_19.pdf,4,bop/wellh ead,0.3496278962606554
656,15_9_F_12_2007_07_19.pdf,5,ead,0.3436838917938413
656,15_9_F_12_2007_07_19.pdf,6,bop,0.1455603967836013
656,15_9_F_12_2007_07_19.pdf,7,equipment held,0.11838700595127946
656,15_9_F_12_2007_07_19.pdf,8,equipment,0.11153686374883333
656,15_9_F_12_2007_07_19.pdf,9,drilling,0.09836667155410533
656,15_9_F_12_2007_07_19.pdf,10,test,0.09422812529121587
656,15_9_F_12_2007_07_19.pdf,11,scaffolding bop,0.09039382767569228
656,15_9_F_12_2007_07_19.pdf,12,box talk,0.08892601438049176
657,15_9_F_12_2007_07_20.pdf,1,wellhead equi,0.3352712840111089
657,15_9_F_12_2007_07_20.pdf,2,equi pment,0.30985763629970614
657,15_9_F_12_2007_07_20.pdf,3,pment,0.30985763629970614
657,15_9_F_12_2007_07_20.pdf,4,equi,0.30985763629970614
657,15_9_F_12_2007_07_20.pdf,5,bop wellhead,0.27624321377131805
657,15_9_F_12_2007_07_20.pdf,6,source,0.21773609722321494
657,15_9_F_12_2007_07_20.pdf,7,drilling bop,0.19971994597339499
657,15_9_F_12_2007_07_20.pdf,8,bop,0.16353771262194958
657,15_9_F_12_2007_07_20.pdf,9,wellhead,0.15591428102284755
657,15_9_F_12_2007_07_20.pdf,10,adn,0.15127534606297066
657,15_9_F_12_2007_07_20.pdf,11,drilling,0.13507433570623073
657,15_9_F_12_2007_07_20.pdf,12,seat protector,0.11697472368207668
658,15_9_F_12_2007_07_21.pdf,1,drilling,0.28784510884244024
658,15_9_F_12_2007_07_21.pdf,2,choke sensors,0.28136998683733216
658,15_9_F_12_2007_07_21.pdf,3,drilling drill,0.23536833982948444
658,15_9_F_12_2007_07_21.pdf,4,sensors,0.21489395668890265
658,15_9_F_12_2007_07_21.pdf,5,choke,0.20131361390896488
658,15_9_F_12_2007_07_21.pdf,6,drill,0.1968140888668216
658,15_9_F_12_2007_07_21.pdf,7,mudpump,0.16920078382045314
658,15_9_F_12_2007_07_21.pdf,8,drilling bha,0.15698668768018492
658,15_9_F_12_2007_07_21.pdf,9,choke drill,0.12016975336543795
658,15_9_F_12_2007_07_21.pdf,10,drill continued,0.11899322826377852
658,15_9_F_12_2007_07_21.pdf,11,sensor,0.11875133235439643
658,15_9_F_12_2007_07_21.pdf,12,syst,0.11301111240441399
659,15_9_F_12_2007_07_22.pdf,1,drilling,0.20319158722642058
659,15_9_F_12_2007_07_22.pdf,2,lpm,0.18911672625107392
659,15_9_F_12_2007_07_22.pdf,3,evaluati rft/fit,0.18567437502369719
659,15_9_F_12_2007_07_22.pdf,4,standpipe,0.18434369850016497
659,15_9_F_12_2007_07_22.pdf,5,cuttings conveyer,0.17783089904924207
659,15_9_F_12_2007_07_22.pdf,6,drilling drill,0.15823611572979593
659,15_9_F_12_2007_07_22.pdf,7,evaluati,0.15572138206180955
659,15_9_F_12_2007_07_22.pdf,8,formation evaluati,0.15572138206180955
659,15_9_F_12_2007_07_22.pdf,9,xlot,0.15572138206180955
659,15_9_F_12_2007_07_22.pdf,10,conveyer belt,0.1528487919619976
659,15_9_F_12_2007_07_22.pdf,11,conveyer,0.1456955905568205
659,15_9_F_12_2007_07_22.pdf,12,belt,0.138381536831698
660,15_9_F_12_2007_07_23.pdf,1,conveyer,0.4108483759745801
660,15_9_F_12_2007_07_23.pdf,2,drilling ill,0.29393351163149894
660,15_9_F_12_2007_07_23.pdf,3,belt,0.2926675549422186
660,15_9_F_12_2007_07_23.pdf,4,ill,0.2865262719091976
660,15_9_F_12_2007_07_23.pdf,5,cuttings conveyer,0.2820752082043464
660,15_9_F_12_2007_07_23.pdf,6,cuttings,0.2781857957258046
660,15_9_F_12_2007_07_23.pdf,7,conveyer belt,0.26938734773673717
660,15_9_F_12_2007_07_23.pdf,8,shaker room,0.16362029031523515
660,15_9_F_12_2007_07_23.pdf,9,shute,0.13089623225218813
660,15_9_F_12_2007_07_23.pdf,10,drilling,0.129603044656316
660,15_9_F_12_2007_07_23.pdf,11,room,0.11927251060493888
660,15_9_F_12_2007_07_23.pdf,12,shaker,0.11575021969231253
661,15_9_F_12_2007_07_24.pdf,1,conveyer belt,0.28765938711715017
661,15_9_F_12_2007_07_24.pdf,2,conveyer,0.2741971575128077
661,15_9_F_12_2007_07_24.pdf,3,belt,0.26043220598846883
661,15_9_F_12_2007_07_24.pdf,4,cuttings conveyer,0.25100653450232324
661,15_9_F_12_2007_07_24.pdf,5,mud pump,0.24958967931202838
661,15_9_F_12_2007_07_24.pdf,6,cuttings,0.18565913584911828
661,15_9_F_12_2007_07_24.pdf,7,modifications,0.1673376896682155
661,15_9_F_12_2007_07_24.pdf,8,belt interruption,0.1616128061201123
661,15_9_F_12_2007_07_24.pdf,9,pump,0.15210058946947955
661,15_9_F_12_2007_07_24.pdf,10,partly,0.14653278167901027
661,15_9_F_12_2007_07_24.pdf,11,hole section,0.14430785913309996
661,15_9_F_12_2007_07_24.pdf,12,lpm,0.12711255555404302
662,15_9_F_12_2007_07_25.pdf,1,interruption ther,0.25002536431792555
662,15_9_F_12_2007_07_25.pdf,2,die retainer,0.22823383895998278
662,15_9_F_12_2007_07_25.pdf,3,ther,0.2244522080317995
662,15_9_F_12_2007_07_25.pdf,4,die,0.17431167146040855
662,15_9_F_12_2007_07_25.pdf,5,retainer plate,0.17117537921998707
662,15_9_F_12_2007_07_25.pdf,6,plate tds,0.16155655742418146
662,15_9_F_12_2007_07_25.pdf,7,retainer,0.16054230925327126
662,15_9_F_12_2007_07_25.pdf,8,mud pump,0.1538584804842095
662,15_9_F_12_2007_07_25.pdf,9,drilling,0.14592884211684087
662,15_9_F_12_2007_07_25.pdf,10,plate,0.13299479065258
662,15_9_F_12_2007_07_25.pdf,11,wob knm,0.13299479065258
662,15_9_F_12_2007_07_25.pdf,12,tds,0.12912898581751428
663,15_9_F_12_2007_07_26.pdf,1,mud pump,0.3086429334107548
663,15_9_F_12_2007_07_26.pdf,2,pump,0.21065832892279798
663,15_9_F_12_2007_07_26.pdf,3,mud,0.1958723805465707
663,15_9_F_12_2007_07_26.pdf,4,section,0.19346002664380693
663,15_9_F_12_2007_07_26.pdf,5,wob,0.1786163179843574
663,15_9_F_12_2007_07_26.pdf,6,required,0.15702595552035056
663,15_9_F_12_2007_07_26.pdf,7,knm ecd,0.15451487555153348
663,15_9_F_12_2007_07_26.pdf,8,rpm wob,0.1537133530686264
663,15_9_F_12_2007_07_26.pdf,9,drilling,0.14411615184089419
663,15_9_F_12_2007_07_26.pdf,10,hole section,0.14276103428582587
663,15_9_F_12_2007_07_26.pdf,11,parameters flow,0.1410170234837936
663,15_9_F_12_2007_07_26.pdf,12,drilling parameters,0.13474464155048418
664,15_9_F_12_2007_07_27.pdf,1,washpipe,0.28905196444593356
664,15_9_F_12_2007_07_27.pdf,2,dri,0.22027173956998594
664,15_9_F_12_2007_07_27.pdf,3,drilling dri,0.22027173956998594
664,15_9_F_12_2007_07_27.pdf,4,mud,0.21203187784729283
664,15_9_F_12_2007_07_27.pdf,5,drilling,0.17373367995417452
664,15_9_F_12_2007_07_27.pdf,6,tds washpipe,0.17105589379213118
664,15_9_F_12_2007_07_27.pdf,7,leakage tds,0.16520380467748944
664,15_9_F_12_2007_07_27.pdf,8,pump,0.14511488022189095
664,15_9_F_12_2007_07_27.pdf,9,section,0.13326759372722644
664,15_9_F_12_2007_07_27.pdf,10,mud pump,0.12756775165433568
664,15_9_F_12_2007_07_27.pdf,11,lpm,0.1212745022110829
664,15_9_F_12_2007_07_27.pdf,12,mud pumps,0.12097686241987968
665,15_9_F_12_2007_07_28.pdf,1,m/hrs,0.237861346987059
665,15_9_F_12_2007_07_28.pdf,2,change bit,0.23239690857001985
665,15_9_F_12_2007_07_28.pdf,3,drilling,0.22636109614148592
665,15_9_F_12_2007_07_28.pdf,4,interruption ther,0.1527826832168816
665,15_9_F_12_2007_07_28.pdf,5,drilled section,0.1471535788646623
665,15_9_F_12_2007_07_28.pdf,6,spp bar,0.14032272499702855
665,15_9_F_12_2007_07_28.pdf,7,lpm spp,0.13913117021599783
665,15_9_F_12_2007_07_28.pdf,8,change,0.1379713940472155
665,15_9_F_12_2007_07_28.pdf,9,ther,0.13715572694235423
665,15_9_F_12_2007_07_28.pdf,10,section,0.13259554314040664
665,15_9_F_12_2007_07_28.pdf,11,spp,0.13225971885445473
665,15_9_F_12_2007_07_28.pdf,12,ecd rop,0.13166909307806116
666,15_9_F_12_2007_07_29.pdf,1,drilling trip,0.30922907149404233
666,15_9_F_12_2007_07_29.pdf,2,drilling,0.2788482825468221
666,15_9_F_12_2007_07_29.pdf,3,trip,0.2377334313245553
666,15_9_F_12_2007_07_29.pdf,4,source,0.23307185856662124
666,15_9_F_12_2007_07_29.pdf,5,drilling bha,0.2196710312705183
666,15_9_F_12_2007_07_29.pdf,6,adn,0.212051309792404
666,15_9_F_12_2007_07_29.pdf,7,pooh drilling,0.1835775147851062
666,15_9_F_12_2007_07_29.pdf,8,bha,0.17449625965841462
666,15_9_F_12_2007_07_29.pdf,9,increasing ecd,0.14863839798738407
666,15_9_F_12_2007_07_29.pdf,10,trip pooh,0.1450901857918945
666,15_9_F_12_2007_07_29.pdf,11,increasing,0.14155586390653724
666,15_9_F_12_2007_07_29.pdf,12,pooh,0.12870447538832272
667,15_9_F_12_2007_07_30.pdf,1,drilling trip,0.25892219472245187
667,15_9_F_12_2007_07_30.pdf,2,drilling,0.25543537673693795
667,15_9_F_12_2007_07_30.pdf,3,drilling bha,0.25153352263051254
667,15_9_F_12_2007_07_30.pdf,4,fingerboard,0.2403925711155787
667,15_9_F_12_2007_07_30.pdf,5,adn,0.21852772921310679
667,15_9_F_12_2007_07_30.pdf,6,trip,0.19905781012131996
667,15_9_F_12_2007_07_30.pdf,7,rih drilling,0.18778466957962836
667,15_9_F_12_2007_07_30.pdf,8,source,0.1715644874747689
667,15_9_F_12_2007_07_30.pdf,9,bha,0.15216019236944842
667,15_9_F_12_2007_07_30.pdf,10,tds,0.12243222981127651
667,15_9_F_12_2007_07_30.pdf,11,bha hwdp,0.11697756995945299
667,15_9_F_12_2007_07_30.pdf,12,trip rih,0.10614447008527475
668,15_9_F_12_2007_07_31.pdf,1,drilling rill,0.3870824123219688
668,15_9_F_12_2007_07_31.pdf,2,rill,0.37732778378560056
668,15_9_F_12_2007_07_31.pdf,3,drilling,0.23205791546352306
668,15_9_F_12_2007_07_31.pdf,4,rill continued,0.17197507279337967
668,15_9_F_12_2007_07_31.pdf,5,ecd rop,0.14369137104523258
668,15_9_F_12_2007_07_31.pdf,6,lpm,0.13586059828607572
668,15_9_F_12_2007_07_31.pdf,7,ecd,0.13383921305013277
668,15_9_F_12_2007_07_31.pdf,8,drilling rip,0.13287322970434343
668,15_9_F_12_2007_07_31.pdf,9,wob torque,0.13273522066062474
668,15_9_F_12_2007_07_31.pdf,10,m/hrs,0.12978984767128765
668,15_9_F_12_2007_07_31.pdf,11,rip,0.12902747077398963
668,15_9_F_12_2007_07_31.pdf,12,knm ecd,0.12841398246488742
669,15_9_F_12_2007_08_01.pdf,1,dri,0.5256964514259954
669,15_9_F_12_2007_08_01.pdf,2,drilling dri,0.5256964514259954
669,15_9_F_12_2007_08_01.pdf,3,drilling,0.18757052465809126
669,15_9_F_12_2007_08_01.pdf,4,drilling tri,0.12762029581369547
669,15_9_F_12_2007_08_01.pdf,5,adn,0.12161831782851534
669,15_9_F_12_2007_08_01.pdf,6,tri,0.1149743435718564
669,15_9_F_12_2007_08_01.pdf,7,max overpull,0.11148905535094793
669,15_9_F_12_2007_08_01.pdf,8,losses,0.10065244955295674
669,15_9_F_12_2007_08_01.pdf,9,dri pooh,0.0947210577668855
669,15_9_F_12_2007_08_01.pdf,10,dynamic losses,0.0947210577668855
669,15_9_F_12_2007_08_01.pdf,11,dynamic,0.0947210577668855
669,15_9_F_12_2007_08_01.pdf,12,drilling bha,0.09332479684220917
670,15_9_F_12_2007_08_02.pdf,1,drilling casi,0.46417837550296187
670,15_9_F_12_2007_08_02.pdf,2,casi,0.45956872042441654
670,15_9_F_12_2007_08_02.pdf,3,casing,0.17966966233787351
670,15_9_F_12_2007_08_02.pdf,4,drilling,0.14369776772112405
670,15_9_F_12_2007_08_02.pdf,5,singel,0.1422504955656376
670,15_9_F_12_2007_08_02.pdf,6,wbrrt tool,0.1378750137100823
670,15_9_F_12_2007_08_02.pdf,7,running casing,0.12884965163308246
670,15_9_F_12_2007_08_02.pdf,8,joint,0.12829319111935444
670,15_9_F_12_2007_08_02.pdf,9,cement head,0.11601603886747344
670,15_9_F_12_2007_08_02.pdf,10,running,0.10984426574589021
670,15_9_F_12_2007_08_02.pdf,11,wbrrt,0.10159987530816703
670,15_9_F_12_2007_08_02.pdf,12,threadlocked,0.09191667580672153
671,15_9_F_12_2007_08_03.pdf,1,drilling casin,0.25296712383073855
671,15_9_F_12_2007_08_03.pdf,2,casin,0.24854817256805528
671,15_9_F_12_2007_08_03.pdf,3,tally filled,0.24690640561700974
671,15_9_F_12_2007_08_03.pdf,4,running average,0.24690640561700974
671,15_9_F_12_2007_08_03.pdf,5,running,0.24646211521151823
671,15_9_F_12_2007_08_03.pdf,6,according tally,0.23845935210359795
671,15_9_F_12_2007_08_03.pdf,7,joint running,0.23845935210359795
671,15_9_F_12_2007_08_03.pdf,8,casin ran,0.23845935210359795
671,15_9_F_12_2007_08_03.pdf,9,casing according,0.22066746081050784
671,15_9_F_12_2007_08_03.pdf,10,filled joint,0.21222040729709604
671,15_9_F_12_2007_08_03.pdf,11,ran casing,0.20326969401743636
671,15_9_F_12_2007_08_03.pdf,12,speed jnts/hr,0.18996986326991636
672,15_9_F_12_2007_08_04.pdf,1,drilling casi,0.3558569664387311
672,15_9_F_12_2007_08_04.pdf,2,casi,0.3523230278514313
672,15_9_F_12_2007_08_04.pdf,3,casing,0.2781322025259868
672,15_9_F_12_2007_08_04.pdf,4,ran casing,0.24308516999924207
672,15_9_F_12_2007_08_04.pdf,5,according tally,0.17110056397991116
672,15_9_F_12_2007_08_04.pdf,6,casing according,0.15833443588444257
672,15_9_F_12_2007_08_04.pdf,7,casi ran,0.1551352407567888
672,15_9_F_12_2007_08_04.pdf,8,running,0.14736895596798982
672,15_9_F_12_2007_08_04.pdf,9,tally,0.13085756971490864
672,15_9_F_12_2007_08_04.pdf,10,ran,0.12672623882330897
672,15_9_F_12_2007_08_04.pdf,11,tally filled,0.11810769111142404
672,15_9_F_12_2007_08_04.pdf,12,running average,0.11810769111142404
673,15_9_F_12_2007_08_05.pdf,1,drilling casin,0.36803458570639785
673,15_9_F_12_2007_08_05.pdf,2,casin,0.3616055807329824
673,15_9_F_12_2007_08_05.pdf,3,csg,0.28954210235315553
673,15_9_F_12_2007_08_05.pdf,4,free upweight,0.17502836456434512
673,15_9_F_12_2007_08_05.pdf,5,head rih,0.16763460992193202
673,15_9_F_12_2007_08_05.pdf,6,csg hanger,0.1666883637709628
673,15_9_F_12_2007_08_05.pdf,7,upweight,0.1467927861693327
673,15_9_F_12_2007_08_05.pdf,8,cmt,0.1398297397532273
673,15_9_F_12_2007_08_05.pdf,9,hanger,0.1252993601914318
673,15_9_F_12_2007_08_05.pdf,10,cmt head,0.12382065581033068
673,15_9_F_12_2007_08_05.pdf,11,lpm,0.11884889448086683
673,15_9_F_12_2007_08_05.pdf,12,joints csg,0.11668557637623007
674,15_9_F_12_2007_08_06.pdf,1,drilling casin,0.34927471826999146
674,15_9_F_12_2007_08_06.pdf,2,casin,0.34317341967454534
674,15_9_F_12_2007_08_06.pdf,3,gyro,0.17375023329641404
674,15_9_F_12_2007_08_06.pdf,4,sub wear,0.14318077725320805
674,15_9_F_12_2007_08_06.pdf,5,cement,0.14014204173542183
674,15_9_F_12_2007_08_06.pdf,6,wbm,0.13970988730799658
674,15_9_F_12_2007_08_06.pdf,7,rig,0.1278736280616381
674,15_9_F_12_2007_08_06.pdf,8,lpm bar,0.11997206251401872
674,15_9_F_12_2007_08_06.pdf,9,bar,0.11956928574304695
674,15_9_F_12_2007_08_06.pdf,10,seal assembly,0.11817628107525975
674,15_9_F_12_2007_08_06.pdf,11,lpm,0.11601339089569247
674,15_9_F_12_2007_08_06.pdf,12,drilling,0.11426029509746218
675,15_9_F_12_2007_08_07.pdf,1,diverter,0.25259982032791767
675,15_9_F_12_2007_08_07.pdf,2,bop,0.23892348344611672
675,15_9_F_12_2007_08_07.pdf,3,tivities,0.20232658808362128
675,15_9_F_12_2007_08_07.pdf,4,bop tivities,0.20232658808362128
675,15_9_F_12_2007_08_07.pdf,5,slick joint,0.15744319097870946
675,15_9_F_12_2007_08_07.pdf,6,seals,0.14806644454750387
675,15_9_F_12_2007_08_07.pdf,7,slick,0.14196449526396318
675,15_9_F_12_2007_08_07.pdf,8,shear ram,0.13090044583551033
675,15_9_F_12_2007_08_07.pdf,9,diverter handling,0.13026978647282772
675,15_9_F_12_2007_08_07.pdf,10,equipment,0.12944845795321472
675,15_9_F_12_2007_08_07.pdf,11,dci hose,0.12649937917710752
675,15_9_F_12_2007_08_07.pdf,12,pull diverter,0.12331154523096713
676,15_9_F_12_2007_08_08.pdf,1,hose prs,0.24181696135312414
676,15_9_F_12_2007_08_08.pdf,2,bop,0.2346596937429503
676,15_9_F_12_2007_08_08.pdf,3,prs continued,0.22822859210832963
676,15_9_F_12_2007_08_08.pdf,4,housekeeping drilling,0.21858749069809497
676,15_9_F_12_2007_08_08.pdf,5,changed hose,0.21110927146487954
676,15_9_F_12_2007_08_08.pdf,6,housekeeping,0.1663693244899245
676,15_9_F_12_2007_08_08.pdf,7,hose,0.15358465747382496
676,15_9_F_12_2007_08_08.pdf,8,future equipment,0.1521523947388864
676,15_9_F_12_2007_08_08.pdf,9,room performed,0.1521523947388864
676,15_9_F_12_2007_08_08.pdf,10,cleaned moonpool,0.1521523947388864
676,15_9_F_12_2007_08_08.pdf,11,injection annulus,0.14572499379873
676,15_9_F_12_2007_08_08.pdf,12,bop activities,0.141420859499792
677,15_9_F_12_2007_08_09.pdf,1,float,0.26403940390388514
677,15_9_F_12_2007_08_09.pdf,2,drilling drill,0.2630721381667232
677,15_9_F_12_2007_08_09.pdf,3,drill,0.23235376632642582
677,15_9_F_12_2007_08_09.pdf,4,rih bha,0.23178017166550788
677,15_9_F_12_2007_08_09.pdf,5,bha,0.2090712083094802
677,15_9_F_12_2007_08_09.pdf,6,drilling,0.1769490984402585
677,15_9_F_12_2007_08_09.pdf,7,adn drilling,0.15434452057602033
677,15_9_F_12_2007_08_09.pdf,8,stetho scope,0.14276720980662164
677,15_9_F_12_2007_08_09.pdf,9,stetho,0.14276720980662164
677,15_9_F_12_2007_08_09.pdf,10,scope,0.14276720980662164
677,15_9_F_12_2007_08_09.pdf,11,float rih,0.14276720980662164
677,15_9_F_12_2007_08_09.pdf,12,adn,0.13211508543116973
678,15_9_F_12_2007_08_10.pdf,1,drill,0.23499889839079605
678,15_9_F_12_2007_08_10.pdf,2,bha,0.21145129005112545
678,15_9_F_12_2007_08_10.pdf,3,battery,0.21031998090591011
678,15_9_F_12_2007_08_10.pdf,4,kill line,0.20090584330960626
678,15_9_F_12_2007_08_10.pdf,5,jar,0.19828548131856877
678,15_9_F_12_2007_08_10.pdf,6,rih bha,0.19534897823901137
678,15_9_F_12_2007_08_10.pdf,7,drilling drill,0.18624687927695596
678,15_9_F_12_2007_08_10.pdf,8,mwd tools,0.16892391561884068
678,15_9_F_12_2007_08_10.pdf,9,kill,0.15527158479586609
678,15_9_F_12_2007_08_10.pdf,10,tools,0.15009396105111944
678,15_9_F_12_2007_08_10.pdf,11,life,0.1495073622559143
678,15_9_F_12_2007_08_10.pdf,12,radioactive sources,0.1443924820385752
679,15_9_F_12_2007_08_11.pdf,1,rih bha,0.22165275688944436
679,15_9_F_12_2007_08_11.pdf,2,pipe stds,0.21204819778188652
679,15_9_F_12_2007_08_11.pdf,3,drill rih,0.21092311939768613
679,15_9_F_12_2007_08_11.pdf,4,drill,0.20510888203907254
679,15_9_F_12_2007_08_11.pdf,5,tagged cmt,0.19886634002803558
679,15_9_F_12_2007_08_11.pdf,6,float,0.18937683942784075
679,15_9_F_12_2007_08_11.pdf,7,drilling drill,0.1886830879442279
679,15_9_F_12_2007_08_11.pdf,8,drilling,0.18460088226098942
679,15_9_F_12_2007_08_11.pdf,9,washed tagged,0.17372957999715577
679,15_9_F_12_2007_08_11.pdf,10,bha filled,0.169077305540967
679,15_9_F_12_2007_08_11.pdf,11,wbm,0.15518090338820623
679,15_9_F_12_2007_08_11.pdf,12,stds,0.15379727068564172
680,15_9_F_12_2007_08_12.pdf,1,wbm previous,0.18589419914515942
680,15_9_F_12_2007_08_12.pdf,2,cleaned rathole,0.1835617981691825
680,15_9_F_12_2007_08_12.pdf,3,rathole wbm,0.1754482858216474
680,15_9_F_12_2007_08_12.pdf,4,wbm,0.1639633599984739
680,15_9_F_12_2007_08_12.pdf,5,section lpm,0.16228799142742525
680,15_9_F_12_2007_08_12.pdf,6,rathole,0.15483635273849095
680,15_9_F_12_2007_08_12.pdf,7,bar rpm,0.1473064299566146
680,15_9_F_12_2007_08_12.pdf,8,previous,0.14443058465240277
680,15_9_F_12_2007_08_12.pdf,9,lpm bar,0.14079907195386848
680,15_9_F_12_2007_08_12.pdf,10,fit,0.13464565179940763
680,15_9_F_12_2007_08_12.pdf,11,rpm knm,0.1267927721144024
680,15_9_F_12_2007_08_12.pdf,12,fit emw,0.12531620701660318
681,15_9_F_12_2007_08_13.pdf,1,linked,0.29987717875300574
681,15_9_F_12_2007_08_13.pdf,2,signal,0.22684299420908666
681,15_9_F_12_2007_08_13.pdf,3,m/hr linked,0.19389793297381372
681,15_9_F_12_2007_08_13.pdf,4,hole obm,0.18955580054835738
681,15_9_F_12_2007_08_13.pdf,5,pressure reading,0.16608757657702772
681,15_9_F_12_2007_08_13.pdf,6,lpm bar,0.15550150646878033
681,15_9_F_12_2007_08_13.pdf,7,obm lpm,0.15521540710438383
681,15_9_F_12_2007_08_13.pdf,8,linked performed,0.14918291774081274
681,15_9_F_12_2007_08_13.pdf,9,ecd rop,0.14767775408595363
681,15_9_F_12_2007_08_13.pdf,10,survey required,0.14542344973036028
681,15_9_F_12_2007_08_13.pdf,11,bar rpm,0.13944717585088615
681,15_9_F_12_2007_08_13.pdf,12,wob ecd,0.1388885369439509
682,15_9_F_12_2007_08_14.pdf,1,hole obm,0.21019194742458164
682,15_9_F_12_2007_08_14.pdf,2,linked,0.19001345855624238
682,15_9_F_12_2007_08_14.pdf,3,obm lpm,0.17211305903164248
682,15_9_F_12_2007_08_14.pdf,4,ecd rop,0.16375481326774965
682,15_9_F_12_2007_08_14.pdf,5,m/hr linked,0.16125509222930534
682,15_9_F_12_2007_08_14.pdf,6,survey required,0.16125509222930534
682,15_9_F_12_2007_08_14.pdf,7,forward prs,0.15445871670321248
682,15_9_F_12_2007_08_14.pdf,8,wob ecd,0.15400875083088017
682,15_9_F_12_2007_08_14.pdf,9,die,0.14903191565254387
682,15_9_F_12_2007_08_14.pdf,10,required,0.1487225587043957
682,15_9_F_12_2007_08_14.pdf,11,prs,0.1360461635996369
682,15_9_F_12_2007_08_14.pdf,12,syst,0.1306246022546907
683,15_9_F_12_2007_08_15.pdf,1,transmission,0.20124138244206277
683,15_9_F_12_2007_08_15.pdf,2,signal,0.1913193966155644
683,15_9_F_12_2007_08_15.pdf,3,hole obm,0.17985529683814333
683,15_9_F_12_2007_08_15.pdf,4,linked,0.1625891353622737
683,15_9_F_12_2007_08_15.pdf,5,drilled hole,0.14834792566065697
683,15_9_F_12_2007_08_15.pdf,6,obm lpm,0.14727227042303312
683,15_9_F_12_2007_08_15.pdf,7,obm,0.14307587471857255
683,15_9_F_12_2007_08_15.pdf,8,ecd rop,0.14012035622588964
683,15_9_F_12_2007_08_15.pdf,9,derrick forward,0.14007827328698452
683,15_9_F_12_2007_08_15.pdf,10,required built,0.14007827328698452
683,15_9_F_12_2007_08_15.pdf,11,built stds,0.13416092162804183
683,15_9_F_12_2007_08_15.pdf,12,stds derrick,0.13416092162804183
684,15_9_F_12_2007_08_16.pdf,1,ecd rop,0.21904571850069246
684,15_9_F_12_2007_08_16.pdf,2,wob ecd,0.20600895209098644
684,15_9_F_12_2007_08_16.pdf,3,survey required,0.19173509378321868
684,15_9_F_12_2007_08_16.pdf,4,hole obm,0.18744139577909164
684,15_9_F_12_2007_08_16.pdf,5,drilled hole,0.18552609393621805
684,15_9_F_12_2007_08_16.pdf,6,knm wob,0.16950359106398682
684,15_9_F_12_2007_08_16.pdf,7,linked,0.16944696657027772
684,15_9_F_12_2007_08_16.pdf,8,rop m/hr,0.1677494902702839
684,15_9_F_12_2007_08_16.pdf,9,hole,0.16246585236458122
684,15_9_F_12_2007_08_16.pdf,10,obm lpm,0.15348405308569577
684,15_9_F_12_2007_08_16.pdf,11,ecd,0.15302018332526518
684,15_9_F_12_2007_08_16.pdf,12,drilled,0.15125226892039442
685,15_9_F_12_2007_08_17.pdf,1,linked performed,0.1882326281045715
685,15_9_F_12_2007_08_17.pdf,2,survey required,0.18348909208450254
685,15_9_F_12_2007_08_17.pdf,3,hole obm,0.17938005428178774
685,15_9_F_12_2007_08_17.pdf,4,syst,0.1783622905069908
685,15_9_F_12_2007_08_17.pdf,5,tiw,0.1669030522513879
685,15_9_F_12_2007_08_17.pdf,6,linked,0.16215951623131897
685,15_9_F_12_2007_08_17.pdf,7,performed survey,0.1511838887094333
685,15_9_F_12_2007_08_17.pdf,8,swedge,0.14968251420091913
685,15_9_F_12_2007_08_17.pdf,9,obm lpm,0.14688312397304493
685,15_9_F_12_2007_08_17.pdf,10,wash pipe,0.14194904819058818
685,15_9_F_12_2007_08_17.pdf,11,ecd rop,0.13975010771244067
685,15_9_F_12_2007_08_17.pdf,12,wob ecd,0.13143271387133443
686,15_9_F_12_2007_08_18.pdf,1,rpm knm,0.23593690504633857
686,15_9_F_12_2007_08_18.pdf,2,drilling trip,0.21225104282872082
686,15_9_F_12_2007_08_18.pdf,3,rpm,0.2047548350246499
686,15_9_F_12_2007_08_18.pdf,4,knm,0.1970586447251168
686,15_9_F_12_2007_08_18.pdf,5,drilling,0.1944361059883051
686,15_9_F_12_2007_08_18.pdf,6,liner,0.18797080328314256
686,15_9_F_12_2007_08_18.pdf,7,trip,0.16317731211393913
686,15_9_F_12_2007_08_18.pdf,8,weight static,0.1488971787984454
686,15_9_F_12_2007_08_18.pdf,9,linked performed,0.1396410688602242
686,15_9_F_12_2007_08_18.pdf,10,m/hr linked,0.13612205918220274
686,15_9_F_12_2007_08_18.pdf,11,survey required,0.13612205918220274
686,15_9_F_12_2007_08_18.pdf,12,bha l/o,0.13038495892200297
687,15_9_F_12_2007_08_19.pdf,1,liner,0.2690049443763131
687,15_9_F_12_2007_08_19.pdf,2,rih liner,0.22277270811706246
687,15_9_F_12_2007_08_19.pdf,3,sonic,0.20871881422422828
687,15_9_F_12_2007_08_19.pdf,4,drilling casing,0.2043013981814634
687,15_9_F_12_2007_08_19.pdf,5,l/o,0.18381188849286956
687,15_9_F_12_2007_08_19.pdf,6,tool,0.16859386162286413
687,15_9_F_12_2007_08_19.pdf,7,drilling,0.16562942654420165
687,15_9_F_12_2007_08_19.pdf,8,data,0.1601940356730109
687,15_9_F_12_2007_08_19.pdf,9,continued l/o,0.15220478241784574
687,15_9_F_12_2007_08_19.pdf,10,casing,0.14337102341261274
687,15_9_F_12_2007_08_19.pdf,11,liner filling,0.14274305714842558
687,15_9_F_12_2007_08_19.pdf,12,radio,0.1360298562341066
688,15_9_F_12_2007_08_20.pdf,1,drilling cas,0.47813159066656735
688,15_9_F_12_2007_08_20.pdf,2,cas ing,0.4579337920013363
688,15_9_F_12_2007_08_20.pdf,3,cas,0.4579337920013363
688,15_9_F_12_2007_08_20.pdf,4,ing,0.35634741905434986
688,15_9_F_12_2007_08_20.pdf,5,liner,0.17683207488375483
688,15_9_F_12_2007_08_20.pdf,6,drilling,0.09966482019752895
688,15_9_F_12_2007_08_20.pdf,7,ing continued,0.08437616305880602
688,15_9_F_12_2007_08_20.pdf,8,liner hanger,0.07620404704012246
688,15_9_F_12_2007_08_20.pdf,9,chemical,0.06217665851901472
688,15_9_F_12_2007_08_20.pdf,10,cement,0.06151971020968817
688,15_9_F_12_2007_08_20.pdf,11,mixing,0.061506777575363
688,15_9_F_12_2007_08_20.pdf,12,rih liner,0.05913964534098337
689,15_9_F_12_2007_08_21.pdf,1,drilling casing,0.33448610107568516
689,15_9_F_12_2007_08_21.pdf,2,casing,0.2347297427006385
689,15_9_F_12_2007_08_21.pdf,3,drilling,0.22528103813367326
689,15_9_F_12_2007_08_21.pdf,4,tsp packer,0.20142527029578144
689,15_9_F_12_2007_08_21.pdf,5,tsp,0.19770958122570925
689,15_9_F_12_2007_08_21.pdf,6,l/o cmt,0.18012705134467535
689,15_9_F_12_2007_08_21.pdf,7,l/o,0.17361939778663776
689,15_9_F_12_2007_08_21.pdf,8,cmt head,0.16990350626649023
689,15_9_F_12_2007_08_21.pdf,9,packer running,0.166615804922645
689,15_9_F_12_2007_08_21.pdf,10,pooh tsp,0.16179343234131227
689,15_9_F_12_2007_08_21.pdf,11,head drilling,0.1535291058325665
689,15_9_F_12_2007_08_21.pdf,12,head,0.14923827294558903
690,15_9_F_12_2007_08_22.pdf,1,drilling,0.27591294930054766
690,15_9_F_12_2007_08_22.pdf,2,bars,0.19797336110601027
690,15_9_F_12_2007_08_22.pdf,3,rih bha,0.18930993217031344
690,15_9_F_12_2007_08_22.pdf,4,bars mins,0.18790767116470222
690,15_9_F_12_2007_08_22.pdf,5,drilling trip,0.17211033611072699
690,15_9_F_12_2007_08_22.pdf,6,p/u bha,0.16186046685052904
690,15_9_F_12_2007_08_22.pdf,7,bha,0.15368584112042405
690,15_9_F_12_2007_08_22.pdf,8,drilling drill,0.15040768065734011
690,15_9_F_12_2007_08_22.pdf,9,tds filled,0.14837954405251452
690,15_9_F_12_2007_08_22.pdf,10,mins,0.14651573561493136
690,15_9_F_12_2007_08_22.pdf,11,drill,0.14598340324167797
690,15_9_F_12_2007_08_22.pdf,12,mins drilling,0.14261409567987107
691,15_9_F_12_2007_08_23.pdf,1,drilling,0.22297435961069498
691,15_9_F_12_2007_08_23.pdf,2,drilling drill,0.21878893849749725
691,15_9_F_12_2007_08_23.pdf,3,fit,0.1847082094778478
691,15_9_F_12_2007_08_23.pdf,4,tioning,0.1794265683571077
691,15_9_F_12_2007_08_23.pdf,5,circulating condi,0.1794265683571077
691,15_9_F_12_2007_08_23.pdf,6,condi,0.1794265683571077
691,15_9_F_12_2007_08_23.pdf,7,condi tioning,0.1794265683571077
691,15_9_F_12_2007_08_23.pdf,8,drill,0.17342178836896452
691,15_9_F_12_2007_08_23.pdf,9,performed fit,0.16787456861894715
691,15_9_F_12_2007_08_23.pdf,10,ltr,0.15765148959954767
691,15_9_F_12_2007_08_23.pdf,11,knm,0.15495896231528306
691,15_9_F_12_2007_08_23.pdf,12,fit emw,0.15280887710986205
692,15_9_F_12_2007_08_24.pdf,1,wash pipe,0.19783135722729245
692,15_9_F_12_2007_08_24.pdf,2,hole wash,0.1947082457213414
692,15_9_F_12_2007_08_24.pdf,3,wob m/hr,0.17489052946373393
692,15_9_F_12_2007_08_24.pdf,4,m/hr rop,0.17489052946373393
692,15_9_F_12_2007_08_24.pdf,5,rop ecd,0.17048321955984588
692,15_9_F_12_2007_08_24.pdf,6,continued drilling,0.16578603536554845
692,15_9_F_12_2007_08_24.pdf,7,spp rpm,0.1575605486088315
692,15_9_F_12_2007_08_24.pdf,8,drilling hole,0.15636695905379774
692,15_9_F_12_2007_08_24.pdf,9,hole parameters,0.14511440403816792
692,15_9_F_12_2007_08_24.pdf,10,wash,0.14041111895328204
692,15_9_F_12_2007_08_24.pdf,11,parameters lpm,0.12984449389329336
692,15_9_F_12_2007_08_24.pdf,12,drilling,0.12175871253606346
693,15_9_F_12_2007_08_25.pdf,1,pressure points,0.23939371309301297
693,15_9_F_12_2007_08_25.pdf,2,points,0.23138387255349457
693,15_9_F_12_2007_08_25.pdf,3,lpm,0.1662693942660695
693,15_9_F_12_2007_08_25.pdf,4,rpm lpm,0.16302054005641634
693,15_9_F_12_2007_08_25.pdf,5,lpm rpm,0.1582927865893693
693,15_9_F_12_2007_08_25.pdf,6,taking pressure,0.15678018535897256
693,15_9_F_12_2007_08_25.pdf,7,rpm,0.14631905169437692
693,15_9_F_12_2007_08_25.pdf,8,wash pipe,0.12900325283753353
693,15_9_F_12_2007_08_25.pdf,9,gas detectors,0.12696671247867058
693,15_9_F_12_2007_08_25.pdf,10,detectors,0.12696671247867058
693,15_9_F_12_2007_08_25.pdf,11,gas,0.12393583456463202
693,15_9_F_12_2007_08_25.pdf,12,lpm bars,0.12255650863445038
694,15_9_F_12_2007_08_26.pdf,1,pressure points,0.22051133892644248
694,15_9_F_12_2007_08_26.pdf,2,points,0.21313328108550728
694,15_9_F_12_2007_08_26.pdf,3,taking pressure,0.19255202733588078
694,15_9_F_12_2007_08_26.pdf,4,drilling,0.18283686752409287
694,15_9_F_12_2007_08_26.pdf,5,procedure took,0.1754281643784161
694,15_9_F_12_2007_08_26.pdf,6,continued taking,0.1754281643784161
694,15_9_F_12_2007_08_26.pdf,7,continued pooh,0.16211082290277695
694,15_9_F_12_2007_08_26.pdf,8,drilling drill,0.1594709882383767
694,15_9_F_12_2007_08_26.pdf,9,draw work,0.15016216213825587
694,15_9_F_12_2007_08_26.pdf,10,taking,0.1495240665619372
694,15_9_F_12_2007_08_26.pdf,11,took pressure,0.14195884575151255
694,15_9_F_12_2007_08_26.pdf,12,drill flow,0.1376555596654103
695,15_9_F_12_2007_08_27.pdf,1,liner,0.4475777296338631
695,15_9_F_12_2007_08_27.pdf,2,rih liner,0.3459449278065201
695,15_9_F_12_2007_08_27.pdf,3,drilling casing,0.2643839433251632
695,15_9_F_12_2007_08_27.pdf,4,casing,0.20408815873200928
695,15_9_F_12_2007_08_27.pdf,5,liner filling,0.16624984165748408
695,15_9_F_12_2007_08_27.pdf,6,drilling,0.14146375142191092
695,15_9_F_12_2007_08_27.pdf,7,liner drilling,0.1349219140893408
695,15_9_F_12_2007_08_27.pdf,8,casing held,0.13477200509167295
695,15_9_F_12_2007_08_27.pdf,9,prior rih,0.13352784696361342
695,15_9_F_12_2007_08_27.pdf,10,liner hanger,0.1253714992068515
695,15_9_F_12_2007_08_27.pdf,11,filling,0.11468925004276988
695,15_9_F_12_2007_08_27.pdf,12,weatherford procedure,0.11413669387020031
696,15_9_F_12_2007_08_28.pdf,1,drilling casing,0.34943786533937476
696,15_9_F_12_2007_08_28.pdf,2,casing,0.24522232749638864
696,15_9_F_12_2007_08_28.pdf,3,clean assy,0.18997073488789482
696,15_9_F_12_2007_08_28.pdf,4,tsp packer,0.18997073488789482
696,15_9_F_12_2007_08_28.pdf,5,tsp,0.18646634746808396
696,15_9_F_12_2007_08_28.pdf,6,drilling,0.17941901548712225
696,15_9_F_12_2007_08_28.pdf,7,lpm bars,0.14576245378956487
696,15_9_F_12_2007_08_28.pdf,8,bars,0.14228818379504102
696,15_9_F_12_2007_08_28.pdf,9,cement,0.14155921418084713
696,15_9_F_12_2007_08_28.pdf,10,l/o,0.13099688848330998
696,15_9_F_12_2007_08_28.pdf,11,assy,0.1306765221044845
696,15_9_F_12_2007_08_28.pdf,12,packer running,0.1257126351966212
697,15_9_F_12_2007_08_29.pdf,1,clean assy,0.3969629192197302
697,15_9_F_12_2007_08_29.pdf,2,drilling casing,0.29297566161926836
697,15_9_F_12_2007_08_29.pdf,3,assy,0.25283491651865436
697,15_9_F_12_2007_08_29.pdf,4,rih clean,0.23252519068123947
697,15_9_F_12_2007_08_29.pdf,5,casing,0.2055992803535935
697,15_9_F_12_2007_08_29.pdf,6,clean,0.18252601423167455
697,15_9_F_12_2007_08_29.pdf,7,drilling,0.16443598350133468
697,15_9_F_12_2007_08_29.pdf,8,casing continued,0.16105492683550435
697,15_9_F_12_2007_08_29.pdf,9,bars,0.13765066781715166
697,15_9_F_12_2007_08_29.pdf,10,checked flow,0.12767196645823223
697,15_9_F_12_2007_08_29.pdf,11,assy drilling,0.12565614413662018
697,15_9_F_12_2007_08_29.pdf,12,continued rih,0.11216115185574063
698,15_9_F_12_2007_08_30.pdf,1,drilling sing,0.47135641572129905
698,15_9_F_12_2007_08_30.pdf,2,sing,0.4587340435688033
698,15_9_F_12_2007_08_30.pdf,3,soap,0.27781919301581065
698,15_9_F_12_2007_08_30.pdf,4,bars,0.2096335998673802
698,15_9_F_12_2007_08_30.pdf,5,soap train,0.1501740848298534
698,15_9_F_12_2007_08_30.pdf,6,train,0.14383025399052293
698,15_9_F_12_2007_08_30.pdf,7,spm bars,0.14383025399052293
698,15_9_F_12_2007_08_30.pdf,8,drilling,0.12521300374258956
698,15_9_F_12_2007_08_30.pdf,9,pbr,0.11470977163477475
698,15_9_F_12_2007_08_30.pdf,10,base oil,0.11468351089220083
698,15_9_F_12_2007_08_30.pdf,11,treated,0.113260337535488
698,15_9_F_12_2007_08_30.pdf,12,spm,0.10833968005287038
699,15_9_F_12_2007_08_31.pdf,1,drilling casing,0.37870355334412753
699,15_9_F_12_2007_08_31.pdf,2,casing,0.2657598846421738
699,15_9_F_12_2007_08_31.pdf,3,bars,0.2449137088898209
699,15_9_F_12_2007_08_31.pdf,4,mfct,0.19915383074112145
699,15_9_F_12_2007_08_31.pdf,5,treated,0.19603168896502735
699,15_9_F_12_2007_08_31.pdf,6,drilling,0.18421152159201543
699,15_9_F_12_2007_08_31.pdf,7,assy,0.1499514147500952
699,15_9_F_12_2007_08_31.pdf,8,treated sea,0.14936537305584108
699,15_9_F_12_2007_08_31.pdf,9,razor,0.13655008318459333
699,15_9_F_12_2007_08_31.pdf,10,pooh cleaning,0.13079494311049245
699,15_9_F_12_2007_08_31.pdf,11,constant,0.12838217067224417
699,15_9_F_12_2007_08_31.pdf,12,casing continued,0.12735801138012579
700,15_9_F_12_2007_09_01.pdf,1,drilling casin,0.4145690647433014
700,15_9_F_12_2007_09_01.pdf,2,casin,0.40732717313155736
700,15_9_F_12_2007_09_01.pdf,3,tie-back casing,0.18564889860833528
700,15_9_F_12_2007_09_01.pdf,4,tally,0.1673719225381986
700,15_9_F_12_2007_09_01.pdf,5,deviation,0.16413320836011855
700,15_9_F_12_2007_09_01.pdf,6,serial,0.16413320836011855
700,15_9_F_12_2007_09_01.pdf,7,casing,0.16008385835905128
700,15_9_F_12_2007_09_01.pdf,8,tie-back,0.15899372260391928
700,15_9_F_12_2007_09_01.pdf,9,bx3,0.1488180062230581
700,15_9_F_12_2007_09_01.pdf,10,elevator,0.1324039586835434
700,15_9_F_12_2007_09_01.pdf,11,hwdp,0.1291616927582866
700,15_9_F_12_2007_09_01.pdf,12,drilling,0.123291290098816
701,15_9_F_12_2007_09_02.pdf,1,drilling asing,0.4906163110959374
701,15_9_F_12_2007_09_02.pdf,2,asing,0.4725401106135861
701,15_9_F_12_2007_09_02.pdf,3,casing,0.21185419882090675
701,15_9_F_12_2007_09_02.pdf,4,tie-back casing,0.16583862282476944
701,15_9_F_12_2007_09_02.pdf,5,landing,0.16016394499398115
701,15_9_F_12_2007_09_02.pdf,6,tie-back,0.14202777496700725
701,15_9_F_12_2007_09_02.pdf,7,landing string,0.14151905671898515
701,15_9_F_12_2007_09_02.pdf,8,drilling,0.1321621054121919
701,15_9_F_12_2007_09_02.pdf,9,seals,0.09875496276847824
701,15_9_F_12_2007_09_02.pdf,10,running,0.09621549489505778
701,15_9_F_12_2007_09_02.pdf,11,hanger,0.0907784815727184
701,15_9_F_12_2007_09_02.pdf,12,casing hanger,0.08268920003097852
702,15_9_F_12_2007_09_03.pdf,1,drilling casing,0.24032836188217618
702,15_9_F_12_2007_09_03.pdf,2,seal,0.23477590389739064
702,15_9_F_12_2007_09_03.pdf,3,tool,0.21739370173644193
702,15_9_F_12_2007_09_03.pdf,4,casing,0.19460006432893928
702,15_9_F_12_2007_09_03.pdf,5,jet wash,0.1828358414168864
702,15_9_F_12_2007_09_03.pdf,6,cement unit,0.1700180928788403
702,15_9_F_12_2007_09_03.pdf,7,cement,0.14828425639988052
702,15_9_F_12_2007_09_03.pdf,8,wearbushing,0.14495616062000746
702,15_9_F_12_2007_09_03.pdf,9,unit,0.14488292367963643
702,15_9_F_12_2007_09_03.pdf,10,wash tool,0.14472411587860343
702,15_9_F_12_2007_09_03.pdf,11,leakage,0.12474558831247579
702,15_9_F_12_2007_09_03.pdf,12,liters,0.11883655714975232
703,15_9_F_12_2007_09_04.pdf,1,drilling casin,0.424797621163242
703,15_9_F_12_2007_09_04.pdf,2,casin,0.41737705221342
703,15_9_F_12_2007_09_04.pdf,3,rtts,0.240419528802141
703,15_9_F_12_2007_09_04.pdf,4,casing,0.16569047113207028
703,15_9_F_12_2007_09_04.pdf,5,casin picked,0.15289347727082558
703,15_9_F_12_2007_09_04.pdf,6,tie-back casing,0.1297018407029944
703,15_9_F_12_2007_09_04.pdf,7,drilling,0.12633322454137713
703,15_9_F_12_2007_09_04.pdf,8,hwdp landing,0.11806191253360482
703,15_9_F_12_2007_09_04.pdf,9,tie-back,0.1110794550171586
703,15_9_F_12_2007_09_04.pdf,10,wearbushing,0.1110794550171586
703,15_9_F_12_2007_09_04.pdf,11,mode rih,0.11019463306983036
703,15_9_F_12_2007_09_04.pdf,12,pooh tie-back,0.10553966139219956
704,15_9_F_12_2007_09_05.pdf,1,casing,0.3880277932343657
704,15_9_F_12_2007_09_05.pdf,2,drilling casing,0.3252549134985221
704,15_9_F_12_2007_09_05.pdf,3,tsp,0.3124113987560738
704,15_9_F_12_2007_09_05.pdf,4,drilling,0.17403394341282155
704,15_9_F_12_2007_09_05.pdf,5,wbrrt,0.16779371445434063
704,15_9_F_12_2007_09_05.pdf,6,seals,0.15959784587396622
704,15_9_F_12_2007_09_05.pdf,7,pooh casing,0.1554985376033945
704,15_9_F_12_2007_09_05.pdf,8,wearbushing,0.15302067733141475
704,15_9_F_12_2007_09_05.pdf,9,tie-back casing,0.11911631790917987
704,15_9_F_12_2007_09_05.pdf,10,pooh,0.11501315277598151
704,15_9_F_12_2007_09_05.pdf,11,elevator drilling,0.11448792397772457
704,15_9_F_12_2007_09_05.pdf,12,tie-back,0.10201378488760983
705,15_9_F_12_2007_09_06.pdf,1,tsp,0.3915751170696384
705,15_9_F_12_2007_09_06.pdf,2,drilling casi,0.37435717572242677
705,15_9_F_12_2007_09_06.pdf,3,casi,0.37063951555700236
705,15_9_F_12_2007_09_06.pdf,4,tsp setting,0.17297062423225726
705,15_9_F_12_2007_09_06.pdf,5,rih tsp,0.1656637950842983
705,15_9_F_12_2007_09_06.pdf,6,pooh tsp,0.15536539781137948
705,15_9_F_12_2007_09_06.pdf,7,wbrrt,0.12746177411758286
705,15_9_F_12_2007_09_06.pdf,8,drilling,0.1171791011622336
705,15_9_F_12_2007_09_06.pdf,9,setting tool,0.10848329581152545
705,15_9_F_12_2007_09_06.pdf,10,hwdp landing,0.09265987888925059
705,15_9_F_12_2007_09_06.pdf,11,casing,0.09102852106246674
705,15_9_F_12_2007_09_06.pdf,12,hydraulic leak,0.09011620872721796
706,15_9_F_12_2007_09_07.pdf,1,drilling asing,0.26922072882821646
706,15_9_F_12_2007_09_07.pdf,2,casing,0.2615689005326224
706,15_9_F_12_2007_09_07.pdf,3,asing,0.2593015969970043
706,15_9_F_12_2007_09_07.pdf,4,tallied,0.23194646274052663
706,15_9_F_12_2007_09_07.pdf,5,tie-back casing,0.18200452734650968
706,15_9_F_12_2007_09_07.pdf,6,laid new,0.17395984705539497
706,15_9_F_12_2007_09_07.pdf,7,loaded tallied,0.17395984705539497
706,15_9_F_12_2007_09_07.pdf,8,tallied laid,0.17395984705539497
706,15_9_F_12_2007_09_07.pdf,9,new casing,0.16661122999003666
706,15_9_F_12_2007_09_07.pdf,10,bays,0.16661122999003666
706,15_9_F_12_2007_09_07.pdf,11,tie-back,0.15587260441893705
706,15_9_F_12_2007_09_07.pdf,12,loaded,0.15132466225376048
707,15_9_F_12_2007_09_08.pdf,1,casing,0.26235845516733786
707,15_9_F_12_2007_09_08.pdf,2,tie-back casing,0.22819239276372055
707,15_9_F_12_2007_09_08.pdf,3,tie-back,0.19542888898006436
707,15_9_F_12_2007_09_08.pdf,4,drilling casing,0.1869282855753841
707,15_9_F_12_2007_09_08.pdf,5,syst,0.18563423468117393
707,15_9_F_12_2007_09_08.pdf,6,conveyer belt,0.17954694837821694
707,15_9_F_12_2007_09_08.pdf,7,conveyer,0.17114429457279043
707,15_9_F_12_2007_09_08.pdf,8,belt,0.16255269231173636
707,15_9_F_12_2007_09_08.pdf,9,hts,0.16217797338086354
707,15_9_F_12_2007_09_08.pdf,10,speed jnts/hr,0.16072209863489098
707,15_9_F_12_2007_09_08.pdf,11,jnts/hr,0.16072209863489098
707,15_9_F_12_2007_09_08.pdf,12,upper position,0.1454041256486825
708,15_9_F_12_2007_09_09.pdf,1,drilling casi,0.4765435004974434
708,15_9_F_12_2007_09_09.pdf,2,casi,0.4718110500362698
708,15_9_F_12_2007_09_09.pdf,3,padprt tool,0.18541376223706396
708,15_9_F_12_2007_09_09.pdf,4,gtv plug,0.1527521249376507
708,15_9_F_12_2007_09_09.pdf,5,padprt,0.15047460767554025
708,15_9_F_12_2007_09_09.pdf,6,gtv,0.14833100978965116
708,15_9_F_12_2007_09_09.pdf,7,drilling,0.13769064825134725
708,15_9_F_12_2007_09_09.pdf,8,casing,0.136568262422162
708,15_9_F_12_2007_09_09.pdf,9,tie-back casing,0.12958192938874016
708,15_9_F_12_2007_09_09.pdf,10,hwdp landing,0.11795276250906744
708,15_9_F_12_2007_09_09.pdf,11,casi picked,0.11456409370323802
708,15_9_F_12_2007_09_09.pdf,12,lock sub,0.11124825734223838
709,15_9_F_12_2007_09_10.pdf,1,ead equipment,0.3410607181221494
709,15_9_F_12_2007_09_10.pdf,2,drilling bop/wellh,0.3228432724728381
709,15_9_F_12_2007_09_10.pdf,3,bop/wellh,0.3035320018880086
709,15_9_F_12_2007_09_10.pdf,4,bop/wellh ead,0.3035320018880086
709,15_9_F_12_2007_09_10.pdf,5,ead,0.2983716711640029
709,15_9_F_12_2007_09_10.pdf,6,lock,0.17465695996056146
709,15_9_F_12_2007_09_10.pdf,7,diverter,0.16795791369847068
709,15_9_F_12_2007_09_10.pdf,8,lock ring,0.16576203953555718
709,15_9_F_12_2007_09_10.pdf,9,gtv plug,0.15158254138762195
709,15_9_F_12_2007_09_10.pdf,10,gtv,0.14719527757590983
709,15_9_F_12_2007_09_10.pdf,11,overshot,0.14357568094157663
709,15_9_F_12_2007_09_10.pdf,12,diverter drilling,0.11771408874765825
710,15_9_F_12_2007_09_11.pdf,1,drilling bop/wellhea,0.3406656507669297
710,15_9_F_12_2007_09_11.pdf,2,bop/wellhea,0.3406656507669297
710,15_9_F_12_2007_09_11.pdf,3,bop/wellhea equipment,0.3406656507669297
710,15_9_F_12_2007_09_11.pdf,4,bop trolley,0.22298197092561997
710,15_9_F_12_2007_09_11.pdf,5,trolley,0.19466608615253123
710,15_9_F_12_2007_09_11.pdf,6,claxton tool,0.17818969399846493
710,15_9_F_12_2007_09_11.pdf,7,claxton,0.17678486965343296
710,15_9_F_12_2007_09_11.pdf,8,bop,0.16228663422164477
710,15_9_F_12_2007_09_11.pdf,9,equipment,0.13817053577000585
710,15_9_F_12_2007_09_11.pdf,10,nt-2,0.12993445966508113
710,15_9_F_12_2007_09_11.pdf,11,lock ring,0.12772545112513747
710,15_9_F_12_2007_09_11.pdf,12,overshot,0.11063008557473732
711,15_9_F_12_2007_09_12.pdf,1,wellhead equip,0.3663906007225977
711,15_9_F_12_2007_09_12.pdf,2,equip ment,0.2887422059614136
711,15_9_F_12_2007_09_12.pdf,3,bop wellhead,0.28575880611967797
711,15_9_F_12_2007_09_12.pdf,4,ment,0.27277998610774434
711,15_9_F_12_2007_09_12.pdf,5,tension,0.23564299232505975
711,15_9_F_12_2007_09_12.pdf,6,drilling bop,0.20659958498343253
711,15_9_F_12_2007_09_12.pdf,7,wellhead,0.1935419655477069
711,15_9_F_12_2007_09_12.pdf,8,equip,0.15796043530819961
711,15_9_F_12_2007_09_12.pdf,9,deck,0.13579197158309383
711,15_9_F_12_2007_09_12.pdf,10,bop,0.13439696340458454
711,15_9_F_12_2007_09_12.pdf,11,hpdr,0.12272145440910905
711,15_9_F_12_2007_09_12.pdf,12,ment held,0.1099171802167793
712,15_9_F_12_2007_09_13.pdf,1,tbc,0.23384126106315012
712,15_9_F_12_2007_09_13.pdf,2,ellhead equipm,0.22336479626822042
712,15_9_F_12_2007_09_13.pdf,3,bop/w,0.21551702738250658
712,15_9_F_12_2007_09_13.pdf,4,bop/w ellhead,0.21551702738250658
712,15_9_F_12_2007_09_13.pdf,5,ellhead,0.21551702738250658
712,15_9_F_12_2007_09_13.pdf,6,drilling bop/w,0.21551702738250658
712,15_9_F_12_2007_09_13.pdf,7,tbc joint,0.20156128596162864
712,15_9_F_12_2007_09_13.pdf,8,equipm,0.19625740590267216
712,15_9_F_12_2007_09_13.pdf,9,equipm ent,0.19625740590267216
712,15_9_F_12_2007_09_13.pdf,10,ent,0.19022892772316555
712,15_9_F_12_2007_09_13.pdf,11,production riser,0.18472888061357706
712,15_9_F_12_2007_09_13.pdf,12,cherry,0.15218799628001395
713,15_9_F_12_2007_09_14.pdf,1,wellhead equi,0.3428900584003352
713,15_9_F_12_2007_09_14.pdf,2,pment,0.3168989056726841
713,15_9_F_12_2007_09_14.pdf,3,equi,0.3168989056726841
713,15_9_F_12_2007_09_14.pdf,4,equi pment,0.3168989056726841
713,15_9_F_12_2007_09_14.pdf,5,bop wellhead,0.28252062201546924
713,15_9_F_12_2007_09_14.pdf,6,tbc,0.22628989405636865
713,15_9_F_12_2007_09_14.pdf,7,drilling bop,0.20425842356442347
713,15_9_F_12_2007_09_14.pdf,8,wellhead,0.15945730957262383
713,15_9_F_12_2007_09_14.pdf,9,tension joint,0.13631647736051877
713,15_9_F_12_2007_09_14.pdf,10,tension,0.13440733531123839
713,15_9_F_12_2007_09_14.pdf,11,bop,0.12079453939001393
713,15_9_F_12_2007_09_14.pdf,12,joint,0.12013111294558691
714,15_9_F_12_2007_09_15.pdf,1,bop/wellhead equipment,0.2778275439241999
714,15_9_F_12_2007_09_15.pdf,2,drilling bop/wellhead,0.25596391760294956
714,15_9_F_12_2007_09_15.pdf,3,bop/wellhead,0.2393167908988977
714,15_9_F_12_2007_09_15.pdf,4,suspended operation,0.17928362671456768
714,15_9_F_12_2007_09_15.pdf,5,operation f-7,0.17928362671456768
714,15_9_F_12_2007_09_15.pdf,6,tension,0.1777611451995215
714,15_9_F_12_2007_09_15.pdf,7,equipment,0.17263722673150758
714,15_9_F_12_2007_09_15.pdf,8,centralizer,0.165222685830839
714,15_9_F_12_2007_09_15.pdf,9,ring assembly,0.16103585281726177
714,15_9_F_12_2007_09_15.pdf,10,tensioner ring,0.1406808767661868
714,15_9_F_12_2007_09_15.pdf,11,f-7,0.13691360783326081
714,15_9_F_12_2007_09_15.pdf,12,riser,0.12872995197102188
715,15_9_F_12_2007_10_12.pdf,1,skidded,0.36929827030469214
715,15_9_F_12_2007_10_12.pdf,2,skidded rig,0.2927859279741623
715,15_9_F_12_2007_10_12.pdf,3,moving skid,0.28379236378258144
715,15_9_F_12_2007_10_12.pdf,4,skid,0.2343587336142248
715,15_9_F_12_2007_10_12.pdf,5,moving,0.2169822731742049
715,15_9_F_12_2007_10_12.pdf,6,aft crane,0.18375952240006097
715,15_9_F_12_2007_10_12.pdf,7,big,0.18375952240006097
715,15_9_F_12_2007_10_12.pdf,8,equipment lowered,0.17394417594123024
715,15_9_F_12_2007_10_12.pdf,9,skid prepared,0.17004888611018443
715,15_9_F_12_2007_10_12.pdf,10,prepared rig,0.17004888611018443
715,15_9_F_12_2007_10_12.pdf,11,rig f-12,0.16661299697546902
715,15_9_F_12_2007_10_12.pdf,12,skid skidded,0.15588597190299447
716,15_9_F_12_2007_12_31.pdf,1,surface riser,0.3420630250665848
716,15_9_F_12_2007_12_31.pdf,2,bop/wellhead equipment,0.28658649420529425
716,15_9_F_12_2007_12_31.pdf,3,drilling bop/wellhead,0.2640335826778064
716,15_9_F_12_2007_12_31.pdf,4,bop/wellhead,0.2468616291223044
716,15_9_F_12_2007_12_31.pdf,5,moving skid,0.20128427364479154
716,15_9_F_12_2007_12_31.pdf,6,surface,0.17459766664778298
716,15_9_F_12_2007_12_31.pdf,7,skid,0.16622268069197355
716,15_9_F_12_2007_12_31.pdf,8,moving,0.15389814816555772
716,15_9_F_12_2007_12_31.pdf,9,riser,0.15175813276519046
716,15_9_F_12_2007_12_31.pdf,10,riser drilling,0.15096320523359366
716,15_9_F_12_2007_12_31.pdf,11,built scaffolding,0.15096320523359366
716,15_9_F_12_2007_12_31.pdf,12,head deck,0.14090348572852665
717,15_9_F_12_2008_01_01.pdf,1,bop/wellhead equipment,0.35764254974766724
717,15_9_F_12_2008_01_01.pdf,2,drilling bop/wellhead,0.32949788506173694
717,15_9_F_12_2008_01_01.pdf,3,annulus insert,0.32517434285763647
717,15_9_F_12_2008_01_01.pdf,4,bop/wellhead,0.30806832931533495
717,15_9_F_12_2008_01_01.pdf,5,insert,0.26981152791394464
717,15_9_F_12_2008_01_01.pdf,6,annulus,0.2123866672747681
717,15_9_F_12_2008_01_01.pdf,7,insert retrieving,0.19178782558281707
717,15_9_F_12_2008_01_01.pdf,8,equipment,0.18063849865309578
717,15_9_F_12_2008_01_01.pdf,9,retrieving tool,0.1400663494411221
717,15_9_F_12_2008_01_01.pdf,10,drilling,0.13583174386003483
717,15_9_F_12_2008_01_01.pdf,11,retrieving,0.1292892568166311
717,15_9_F_12_2008_01_01.pdf,12,bowl protector,0.1280527742997279
718,15_9_F_12_2008_01_02.pdf,1,drilling casin,0.2889425588664931
718,15_9_F_12_2008_01_02.pdf,2,casin,0.2838951714194178
718,15_9_F_12_2008_01_02.pdf,3,ellhead equipm,0.23049292053625403
718,15_9_F_12_2008_01_02.pdf,4,drilling bop/w,0.22239470989436927
718,15_9_F_12_2008_01_02.pdf,5,ellhead,0.22239470989436927
718,15_9_F_12_2008_01_02.pdf,6,bop/w,0.22239470989436927
718,15_9_F_12_2008_01_02.pdf,7,bop/w ellhead,0.22239470989436927
718,15_9_F_12_2008_01_02.pdf,8,equipm,0.20252046615732514
718,15_9_F_12_2008_01_02.pdf,9,equipm ent,0.20252046615732514
718,15_9_F_12_2008_01_02.pdf,10,ent,0.19629960429727183
718,15_9_F_12_2008_01_02.pdf,11,bowl protector,0.1944222555154404
718,15_9_F_12_2008_01_02.pdf,12,bowl,0.18058247274717054
719,15_9_F_12_2008_01_03.pdf,1,adjustment sub,0.412967330728168
719,15_9_F_12_2008_01_03.pdf,2,adjustment,0.3995369761623554
719,15_9_F_12_2008_01_03.pdf,3,sub setting,0.3578372968859665
719,15_9_F_12_2008_01_03.pdf,4,drilling asing,0.2911363298801182
719,15_9_F_12_2008_01_03.pdf,5,asing,0.280409742631412
719,15_9_F_12_2008_01_03.pdf,6,setting tool,0.26218927874903675
719,15_9_F_12_2008_01_03.pdf,7,setting,0.19008558040195547
719,15_9_F_12_2008_01_03.pdf,8,tool,0.14413733389184452
719,15_9_F_12_2008_01_03.pdf,9,cup,0.11653161804735367
719,15_9_F_12_2008_01_03.pdf,10,straddle cup,0.10451158142129384
719,15_9_F_12_2008_01_03.pdf,11,cup tester,0.10009667991522653
719,15_9_F_12_2008_01_03.pdf,12,straddle,0.09150855843821219
720,15_9_F_12_2008_01_04.pdf,1,gtv plug,0.3738278424645153
720,15_9_F_12_2008_01_04.pdf,2,gtv,0.3630081177782731
720,15_9_F_12_2008_01_04.pdf,3,drilling casing,0.24245964390569247
720,15_9_F_12_2008_01_04.pdf,4,completion circulating,0.20336767218066865
720,15_9_F_12_2008_01_04.pdf,5,plug,0.20053258263388604
720,15_9_F_12_2008_01_04.pdf,6,onditioning,0.1996161516509054
720,15_9_F_12_2008_01_04.pdf,7,circulating onditioning,0.1996161516509054
720,15_9_F_12_2008_01_04.pdf,8,casing,0.17014904250503934
720,15_9_F_12_2008_01_04.pdf,9,ms-seal setting,0.15482804610217268
720,15_9_F_12_2008_01_04.pdf,10,plug retrieving,0.15482804610217268
720,15_9_F_12_2008_01_04.pdf,11,tool,0.13934341900594854
720,15_9_F_12_2008_01_04.pdf,12,ms-seal,0.12874954455944004
721,15_9_F_12_2008_01_05.pdf,1,completion circulating,0.3438299022552646
721,15_9_F_12_2008_01_05.pdf,2,circulating ditioning,0.3438299022552646
721,15_9_F_12_2008_01_05.pdf,3,ditioning,0.32169314192376575
721,15_9_F_12_2008_01_05.pdf,4,clean assemblies,0.2277586395024322
721,15_9_F_12_2008_01_05.pdf,5,completion,0.21383054444399283
721,15_9_F_12_2008_01_05.pdf,6,rih clean,0.20140196908307004
721,15_9_F_12_2008_01_05.pdf,7,fwd prs,0.19758151756160425
721,15_9_F_12_2008_01_05.pdf,8,fwd,0.18620637707606308
721,15_9_F_12_2008_01_05.pdf,9,repair fwd,0.18220691160194577
721,15_9_F_12_2008_01_05.pdf,10,assemblies,0.17177411412825178
721,15_9_F_12_2008_01_05.pdf,11,prs,0.16151625972670106
721,15_9_F_12_2008_01_05.pdf,12,circulating,0.16087125901378532
722,15_9_F_12_2008_01_06.pdf,1,prs,0.2885335169821381
722,15_9_F_12_2008_01_06.pdf,2,scaffolding,0.2640324520941009
722,15_9_F_12_2008_01_06.pdf,3,fwd prs,0.22002744185621498
722,15_9_F_12_2008_01_06.pdf,4,fwd,0.2073600471895639
722,15_9_F_12_2008_01_06.pdf,5,inspected fwd,0.18811357671054657
722,15_9_F_12_2008_01_06.pdf,6,weather,0.18323851225490312
722,15_9_F_12_2008_01_06.pdf,7,prs dragchain,0.1775429503740046
722,15_9_F_12_2008_01_06.pdf,8,improved weather,0.17004297163157095
722,15_9_F_12_2008_01_06.pdf,9,dragchain,0.15947234529502893
722,15_9_F_12_2008_01_06.pdf,10,improved,0.15947234529502893
722,15_9_F_12_2008_01_06.pdf,11,repair,0.1569913491518822
722,15_9_F_12_2008_01_06.pdf,12,aft prs,0.13690292444176533
723,15_9_F_12_2008_01_07.pdf,1,scaffolding,0.3861088953209863
723,15_9_F_12_2008_01_07.pdf,2,aft prs,0.25480067491172287
723,15_9_F_12_2008_01_07.pdf,3,prs,0.2510706192246771
723,15_9_F_12_2008_01_07.pdf,4,security net,0.2411277660180192
723,15_9_F_12_2008_01_07.pdf,5,security,0.22613819315014314
723,15_9_F_12_2008_01_07.pdf,6,aft,0.21982840470951773
723,15_9_F_12_2008_01_07.pdf,7,net,0.20725356471455422
723,15_9_F_12_2008_01_07.pdf,8,scaffolding prepared,0.18882227791523454
723,15_9_F_12_2008_01_07.pdf,9,interruption held,0.15279754376952245
723,15_9_F_12_2008_01_07.pdf,10,platform,0.1348687538197227
723,15_9_F_12_2008_01_07.pdf,11,worked aft,0.12588151861015634
723,15_9_F_12_2008_01_07.pdf,12,interruption,0.1235077150536647
724,15_9_F_12_2008_01_08.pdf,1,aft prs,0.38693452729496347
724,15_9_F_12_2008_01_08.pdf,2,aft,0.36720907384145524
724,15_9_F_12_2008_01_08.pdf,3,prs,0.2965434494617242
724,15_9_F_12_2008_01_08.pdf,4,siemens/esd,0.26762514770282836
724,15_9_F_12_2008_01_08.pdf,5,upper drive,0.25631981051831254
724,15_9_F_12_2008_01_08.pdf,6,scaffolding aft,0.20071886077712128
724,15_9_F_12_2008_01_08.pdf,7,prs upper,0.1922398578887344
724,15_9_F_12_2008_01_08.pdf,8,prs interruption,0.14959406445774062
724,15_9_F_12_2008_01_08.pdf,9,scaffolding,0.14924921795227014
724,15_9_F_12_2008_01_08.pdf,10,interruption,0.14770036223226476
724,15_9_F_12_2008_01_08.pdf,11,security net,0.12815990525915627
724,15_9_F_12_2008_01_08.pdf,12,upper,0.12643773566196567
725,15_9_F_12_2008_01_09.pdf,1,repair work,0.34966495851217577
725,15_9_F_12_2008_01_09.pdf,2,prs upper,0.28686088514931285
725,15_9_F_12_2008_01_09.pdf,3,upper drive,0.28686088514931285
725,15_9_F_12_2008_01_09.pdf,4,performed repair,0.2770469265292211
725,15_9_F_12_2008_01_09.pdf,5,aft prs,0.25982318129109444
725,15_9_F_12_2008_01_09.pdf,6,work aft,0.2308724387743509
725,15_9_F_12_2008_01_09.pdf,7,aft,0.22416155479007835
725,15_9_F_12_2008_01_09.pdf,8,prs,0.2212515066648043
725,15_9_F_12_2008_01_09.pdf,9,repair,0.22070243453945657
725,15_9_F_12_2008_01_09.pdf,10,work,0.20465076145073452
725,15_9_F_12_2008_01_09.pdf,11,interruption performed,0.1590289323960477
725,15_9_F_12_2008_01_09.pdf,12,upper,0.14150307264554968
726,15_9_F_12_2008_01_10.pdf,1,knots knots,0.3487052533616177
726,15_9_F_12_2008_01_10.pdf,2,knots,0.32379431476396375
726,15_9_F_12_2008_01_10.pdf,3,aft prs,0.20166431074641805
726,15_9_F_12_2008_01_10.pdf,4,resuming,0.200384900826221
726,15_9_F_12_2008_01_10.pdf,5,improve resuming,0.200384900826221
726,15_9_F_12_2008_01_10.pdf,6,resuming aft,0.200384900826221
726,15_9_F_12_2008_01_10.pdf,7,condtions improve,0.200384900826221
726,15_9_F_12_2008_01_10.pdf,8,weather condtions,0.19352942060354753
726,15_9_F_12_2008_01_10.pdf,9,condtions,0.1879280854118888
726,15_9_F_12_2008_01_10.pdf,10,prs,0.18546464930944592
726,15_9_F_12_2008_01_10.pdf,11,prs repair,0.1831922239870637
726,15_9_F_12_2008_01_10.pdf,12,repair work,0.1831922239870637
727,15_9_F_12_2008_01_11.pdf,1,scaffolding,0.31026524648296516
727,15_9_F_12_2008_01_11.pdf,2,prs,0.27124521112474276
727,15_9_F_12_2008_01_11.pdf,3,aft prs,0.2573999931252366
727,15_9_F_12_2008_01_11.pdf,4,aft,0.24982982723902145
727,15_9_F_12_2008_01_11.pdf,5,knots,0.21525213858116968
727,15_9_F_12_2008_01_11.pdf,6,improve,0.18663979893068341
727,15_9_F_12_2008_01_11.pdf,7,interruption waited,0.17220171086493574
727,15_9_F_12_2008_01_11.pdf,8,knots interruption,0.16690495981750308
727,15_9_F_12_2008_01_11.pdf,9,interruption,0.16375755905855705
727,15_9_F_12_2008_01_11.pdf,10,removing scaffolding,0.1598543636209148
727,15_9_F_12_2008_01_11.pdf,11,scaffolding derrick,0.13997984919801257
727,15_9_F_12_2008_01_11.pdf,12,waited weather,0.13957206285679652
728,15_9_F_12_2008_01_12.pdf,1,completio circul,0.2911341608401657
728,15_9_F_12_2008_01_12.pdf,2,ating ditioning,0.2911341608401657
728,15_9_F_12_2008_01_12.pdf,3,circul,0.257004144624917
728,15_9_F_12_2008_01_12.pdf,4,completio,0.25491210646989704
728,15_9_F_12_2008_01_12.pdf,5,circul ating,0.23966422279654837
728,15_9_F_12_2008_01_12.pdf,6,ating,0.23966422279654837
728,15_9_F_12_2008_01_12.pdf,7,ditioning,0.22844812855548177
728,15_9_F_12_2008_01_12.pdf,8,cleaning string,0.1869027212034353
728,15_9_F_12_2008_01_12.pdf,9,scraped cleaned,0.18195885052510355
728,15_9_F_12_2008_01_12.pdf,10,interruptio,0.1769581284456254
728,15_9_F_12_2008_01_12.pdf,11,scraped,0.14979013924784274
728,15_9_F_12_2008_01_12.pdf,12,ditioning rih,0.14556708042008284
729,15_9_F_12_2008_01_13.pdf,1,completion circulati,0.4155639417554015
729,15_9_F_12_2008_01_13.pdf,2,circulati conditioning,0.3357469579955864
729,15_9_F_12_2008_01_13.pdf,3,circulati,0.32723930470077534
729,15_9_F_12_2008_01_13.pdf,4,completion,0.2263106439483526
729,15_9_F_12_2008_01_13.pdf,5,conditioning,0.20616976641521476
729,15_9_F_12_2008_01_13.pdf,6,esd testing,0.16717318555735075
729,15_9_F_12_2008_01_13.pdf,7,testing,0.14951060750786785
729,15_9_F_12_2008_01_13.pdf,8,pooh cleaning,0.13232630588677777
729,15_9_F_12_2008_01_13.pdf,9,esd,0.11759154285315418
729,15_9_F_12_2008_01_13.pdf,10,packer fluid,0.11269587553171097
729,15_9_F_12_2008_01_13.pdf,11,bop/wellhead equipm,0.10629017494691459
729,15_9_F_12_2008_01_13.pdf,12,cleaning,0.09503840475080215
730,15_9_F_12_2008_01_14.pdf,1,completio circul,0.32425869858243356
730,15_9_F_12_2008_01_14.pdf,2,ating ditioning,0.32425869858243356
730,15_9_F_12_2008_01_14.pdf,3,completio,0.2839153868384926
730,15_9_F_12_2008_01_14.pdf,4,circul ating,0.26693263599335626
730,15_9_F_12_2008_01_14.pdf,5,ating,0.26693263599335626
730,15_9_F_12_2008_01_14.pdf,6,circul,0.25444040179009186
730,15_9_F_12_2008_01_14.pdf,7,ditioning,0.25444040179009186
730,15_9_F_12_2008_01_14.pdf,8,ditioning pooh,0.1249325630606902
730,15_9_F_12_2008_01_14.pdf,9,ditioning held,0.1249325630606902
730,15_9_F_12_2008_01_14.pdf,10,cleaning,0.12429287057299296
730,15_9_F_12_2008_01_14.pdf,11,pooh cleaning,0.12361330930309837
730,15_9_F_12_2008_01_14.pdf,12,drilling casing,0.11368901361544143
731,15_9_F_12_2008_01_15.pdf,1,cup tester,0.26205134565259713
731,15_9_F_12_2008_01_15.pdf,2,bar,0.23873158111751516
731,15_9_F_12_2008_01_15.pdf,3,tester,0.2342029357344125
731,15_9_F_12_2008_01_15.pdf,4,cup,0.2179126602275634
731,15_9_F_12_2008_01_15.pdf,5,drilling casing,0.20252054875577924
731,15_9_F_12_2008_01_15.pdf,6,pressure,0.1701805007834123
731,15_9_F_12_2008_01_15.pdf,7,liter,0.16986217583859736
731,15_9_F_12_2008_01_15.pdf,8,casing,0.164561494131081
731,15_9_F_12_2008_01_15.pdf,9,b-annulus,0.15397773448399152
731,15_9_F_12_2008_01_15.pdf,10,min,0.14457539721075513
731,15_9_F_12_2008_01_15.pdf,11,drop,0.14428546928998717
731,15_9_F_12_2008_01_15.pdf,12,leakage,0.1438497169923055
732,15_9_F_12_2008_01_16.pdf,1,min leakage,0.33953615882643334
732,15_9_F_12_2008_01_16.pdf,2,leakage l/min,0.3086692352967576
732,15_9_F_12_2008_01_16.pdf,3,drilling casin,0.26544767965136057
732,15_9_F_12_2008_01_16.pdf,4,casin,0.2608107120430456
732,15_9_F_12_2008_01_16.pdf,5,rtts,0.25424119871303325
732,15_9_F_12_2008_01_16.pdf,6,leakage,0.25271932495944266
732,15_9_F_12_2008_01_16.pdf,7,bar dropped,0.24432781795441796
732,15_9_F_12_2008_01_16.pdf,8,dropped bar,0.21706452406550097
732,15_9_F_12_2008_01_16.pdf,9,rtts packer,0.21467637041610532
732,15_9_F_12_2008_01_16.pdf,10,bar min,0.18142257842388623
732,15_9_F_12_2008_01_16.pdf,11,packer,0.18047653316504395
732,15_9_F_12_2008_01_16.pdf,12,bar,0.177931734049759
733,15_9_F_12_2008_01_17.pdf,1,guns,0.29267993901278316
733,15_9_F_12_2008_01_17.pdf,2,perforation guns,0.23765327052878313
733,15_9_F_12_2008_01_17.pdf,3,town,0.22313657783851018
733,15_9_F_12_2008_01_17.pdf,4,waited plan,0.19765258153466006
733,15_9_F_12_2008_01_17.pdf,5,perforation,0.19430760104165237
733,15_9_F_12_2008_01_17.pdf,6,gray valve,0.18930310803106926
733,15_9_F_12_2008_01_17.pdf,7,gray,0.18930310803106926
733,15_9_F_12_2008_01_17.pdf,8,plan action,0.18282675323663755
733,15_9_F_12_2008_01_17.pdf,9,action town,0.18282675323663755
733,15_9_F_12_2008_01_17.pdf,10,casing waited,0.17753518607497618
733,15_9_F_12_2008_01_17.pdf,11,completion perforate,0.15294383432803035
733,15_9_F_12_2008_01_17.pdf,12,waited,0.15220675822386276
734,15_9_F_12_2008_01_18.pdf,1,completion perforate,0.2703382306394591
734,15_9_F_12_2008_01_18.pdf,2,orient exact,0.26024881946703676
734,15_9_F_12_2008_01_18.pdf,3,exact,0.26024881946703676
734,15_9_F_12_2008_01_18.pdf,4,exact perforation,0.24677629153671185
734,15_9_F_12_2008_01_18.pdf,5,gun assy,0.2230704166860315
734,15_9_F_12_2008_01_18.pdf,6,perforation gun,0.2154388295577137
734,15_9_F_12_2008_01_18.pdf,7,gun,0.21397884661178343
734,15_9_F_12_2008_01_18.pdf,8,perforation,0.20607083624987096
734,15_9_F_12_2008_01_18.pdf,9,perforate,0.19922060608741796
734,15_9_F_12_2008_01_18.pdf,10,assy according,0.19409103641856262
734,15_9_F_12_2008_01_18.pdf,11,orient,0.18875688900860632
734,15_9_F_12_2008_01_18.pdf,12,completion,0.18222181200128254
735,15_9_F_12_2008_01_19.pdf,1,waited plan,0.26636108432098005
735,15_9_F_12_2008_01_19.pdf,2,action town,0.24638146315562
735,15_9_F_12_2008_01_19.pdf,3,plan action,0.24638146315562
735,15_9_F_12_2008_01_19.pdf,4,maintenance tds,0.23322122312930366
735,15_9_F_12_2008_01_19.pdf,5,action,0.19628105358426354
735,15_9_F_12_2008_01_19.pdf,6,town,0.1804223360907105
735,15_9_F_12_2008_01_19.pdf,7,plan,0.17140600027192027
735,15_9_F_12_2008_01_19.pdf,8,b-annulus bar,0.16425430877041333
735,15_9_F_12_2008_01_19.pdf,9,floor equipment,0.16425430877041333
735,15_9_F_12_2008_01_19.pdf,10,waited,0.16409381287794594
735,15_9_F_12_2008_01_19.pdf,11,maintenance,0.14046309375999058
735,15_9_F_12_2008_01_19.pdf,12,gun hanger,0.13933940525915262
736,15_9_F_12_2008_01_20.pdf,1,b-annulus,0.4971270307978322
736,15_9_F_12_2008_01_20.pdf,2,drilling sing,0.23723206997429372
736,15_9_F_12_2008_01_20.pdf,3,sing,0.2308792732925297
736,15_9_F_12_2008_01_20.pdf,4,bar b-annulus,0.18895525664037052
736,15_9_F_12_2008_01_20.pdf,5,b-annulus bar,0.1747818106412974
736,15_9_F_12_2008_01_20.pdf,6,bar,0.1731119350326059
736,15_9_F_12_2008_01_20.pdf,7,csg,0.15344874525719696
736,15_9_F_12_2008_01_20.pdf,8,mp2,0.13982544851303794
736,15_9_F_12_2008_01_20.pdf,9,pressure,0.12410850751232005
736,15_9_F_12_2008_01_20.pdf,10,pressured,0.12186974610606986
736,15_9_F_12_2008_01_20.pdf,11,annulus,0.12093178594544118
736,15_9_F_12_2008_01_20.pdf,12,increase b-annulus,0.12012321218049482
737,15_9_F_12_2008_01_21.pdf,1,tubing puncher,0.3009873820910746
737,15_9_F_12_2008_01_21.pdf,2,puncher,0.3009873820910746
737,15_9_F_12_2008_01_21.pdf,3,personnel arrive,0.23569713288818303
737,15_9_F_12_2008_01_21.pdf,4,puncher equipment,0.23569713288818303
737,15_9_F_12_2008_01_21.pdf,5,waited tubing,0.23569713288818303
737,15_9_F_12_2008_01_21.pdf,6,arrive rig,0.23569713288818303
737,15_9_F_12_2008_01_21.pdf,7,arrive,0.19072931105618987
737,15_9_F_12_2008_01_21.pdf,8,tubing,0.159408106502583
737,15_9_F_12_2008_01_21.pdf,9,equipment schlumberger,0.15713142192545534
737,15_9_F_12_2008_01_21.pdf,10,schlumberger personnel,0.15713142192545534
737,15_9_F_12_2008_01_21.pdf,11,casing waited,0.14113833481537122
737,15_9_F_12_2008_01_21.pdf,12,personnel,0.13902498244638622
738,15_9_F_12_2008_01_22.pdf,1,drilling asing,0.3458355730944444
738,15_9_F_12_2008_01_22.pdf,2,asing,0.3330936543856683
738,15_9_F_12_2008_01_22.pdf,3,b-annulus,0.2964304912238095
738,15_9_F_12_2008_01_22.pdf,4,puncher,0.18345039389913928
738,15_9_F_12_2008_01_22.pdf,5,punched,0.17204630264742413
738,15_9_F_12_2008_01_22.pdf,6,holes,0.15499815750097767
738,15_9_F_12_2008_01_22.pdf,7,hose b-annulus,0.12769448360655572
738,15_9_F_12_2008_01_22.pdf,8,punched holes,0.12769448360655572
738,15_9_F_12_2008_01_22.pdf,9,wireline,0.11930528964851088
738,15_9_F_12_2008_01_22.pdf,10,wireline winch,0.11811617972680874
738,15_9_F_12_2008_01_22.pdf,11,gun,0.11731573159778015
738,15_9_F_12_2008_01_22.pdf,12,guns,0.10636166514258762
739,15_9_F_12_2008_01_23.pdf,1,drilling asing,0.30295596345925413
739,15_9_F_12_2008_01_23.pdf,2,asing,0.29179389524227933
739,15_9_F_12_2008_01_23.pdf,3,tcp,0.27964569305976217
739,15_9_F_12_2008_01_23.pdf,4,guns,0.2657185850506996
739,15_9_F_12_2008_01_23.pdf,5,tcp guns,0.2389461243898361
739,15_9_F_12_2008_01_23.pdf,6,b-annulus,0.23563241602386434
739,15_9_F_12_2008_01_23.pdf,7,guns lowered,0.13827557608955857
739,15_9_F_12_2008_01_23.pdf,8,manual valve,0.1305054859563946
739,15_9_F_12_2008_01_23.pdf,9,elevators surface,0.12499251927209619
739,15_9_F_12_2008_01_23.pdf,10,ltrs,0.1143356824417194
739,15_9_F_12_2008_01_23.pdf,11,min,0.11378262942046961
739,15_9_F_12_2008_01_23.pdf,12,bar/10 min,0.11051496716112452
740,15_9_F_12_2008_01_24.pdf,1,guns,0.22087376234198844
740,15_9_F_12_2008_01_24.pdf,2,completion perf,0.19888059048356463
740,15_9_F_12_2008_01_24.pdf,3,racking arm,0.19330110621256882
740,15_9_F_12_2008_01_24.pdf,4,prs racking,0.19047924197737362
740,15_9_F_12_2008_01_24.pdf,5,orate,0.18396264980490165
740,15_9_F_12_2008_01_24.pdf,6,perf orate,0.18396264980490165
740,15_9_F_12_2008_01_24.pdf,7,completion,0.17288747321932915
740,15_9_F_12_2008_01_24.pdf,8,racking,0.17180459552309899
740,15_9_F_12_2008_01_24.pdf,9,maxr,0.17023685780536774
740,15_9_F_12_2008_01_24.pdf,10,arm,0.16734967195756684
740,15_9_F_12_2008_01_24.pdf,11,tcp guns,0.1560582879414242
740,15_9_F_12_2008_01_24.pdf,12,perf,0.1465547864737379
741,15_9_F_12_2008_01_25.pdf,1,maxr,0.3271553166228093
741,15_9_F_12_2008_01_25.pdf,2,maxr setting,0.24403762116124408
741,15_9_F_12_2008_01_25.pdf,3,completion,0.23257442447685123
741,15_9_F_12_2008_01_25.pdf,4,completion erforate,0.2024787734304615
741,15_9_F_12_2008_01_25.pdf,5,setting tool,0.19975702470253748
741,15_9_F_12_2008_01_25.pdf,6,pooh maxr,0.19110092664001901
741,15_9_F_12_2008_01_25.pdf,7,erforate,0.17676653493129707
741,15_9_F_12_2008_01_25.pdf,8,setting,0.14482258832671316
741,15_9_F_12_2008_01_25.pdf,9,tubing,0.1292465313145171
741,15_9_F_12_2008_01_25.pdf,10,ompletion,0.12201881058062204
741,15_9_F_12_2008_01_25.pdf,11,ompletion strin,0.12201881058062204
741,15_9_F_12_2008_01_25.pdf,12,completion ompletion,0.12201881058062204
742,15_9_F_12_2008_01_26.pdf,1,completion tring,0.34834261693787144
742,15_9_F_12_2008_01_26.pdf,2,completion,0.3429590552664285
742,15_9_F_12_2008_01_26.pdf,3,tring,0.314880056856166
742,15_9_F_12_2008_01_26.pdf,4,completion completion,0.27064495855730325
742,15_9_F_12_2008_01_26.pdf,5,dhpg,0.21924469609433733
742,15_9_F_12_2008_01_26.pdf,6,chemical injection,0.21002417666785628
742,15_9_F_12_2008_01_26.pdf,7,chemical,0.20765898096223537
742,15_9_F_12_2008_01_26.pdf,8,tubing,0.19058960750218507
742,15_9_F_12_2008_01_26.pdf,9,injection line,0.18427070758753678
742,15_9_F_12_2008_01_26.pdf,10,injection,0.16297225257045114
742,15_9_F_12_2008_01_26.pdf,11,dhpg chemical,0.13494859579549973
742,15_9_F_12_2008_01_26.pdf,12,run tubing,0.12337024040123691
743,15_9_F_12_2008_01_27.pdf,1,completion stri,0.245648813124713
743,15_9_F_12_2008_01_27.pdf,2,ran tubing,0.24305482872366202
743,15_9_F_12_2008_01_27.pdf,3,completion,0.24185236253075793
743,15_9_F_12_2008_01_27.pdf,4,stri ran,0.23184512144565944
743,15_9_F_12_2008_01_27.pdf,5,stri,0.23184512144565944
743,15_9_F_12_2008_01_27.pdf,6,clamps maintained,0.22205124633703677
743,15_9_F_12_2008_01_27.pdf,7,tubing cable,0.21445452661710288
743,15_9_F_12_2008_01_27.pdf,8,cable clamps,0.21445452661710288
743,15_9_F_12_2008_01_27.pdf,9,pressure chemical,0.2082475546579832
743,15_9_F_12_2008_01_27.pdf,10,maintained bar,0.2082475546579832
743,15_9_F_12_2008_01_27.pdf,11,tubing,0.2058037942940292
743,15_9_F_12_2008_01_27.pdf,12,completion completion,0.19085695982942663
744,15_9_F_12_2008_01_28.pdf,1,completi,0.2664112559609463
744,15_9_F_12_2008_01_28.pdf,2,completion completi,0.2664112559609463
744,15_9_F_12_2008_01_28.pdf,3,completi string,0.2664112559609463
744,15_9_F_12_2008_01_28.pdf,4,injection line,0.26131059592405037
744,15_9_F_12_2008_01_28.pdf,5,chemical injection,0.24819256173902185
744,15_9_F_12_2008_01_28.pdf,6,chemical,0.24539753123107919
744,15_9_F_12_2008_01_28.pdf,7,ran tubing,0.22343378815610018
744,15_9_F_12_2008_01_28.pdf,8,injection,0.19258973657021702
744,15_9_F_12_2008_01_28.pdf,9,tubing cable,0.1848209035831392
744,15_9_F_12_2008_01_28.pdf,10,cable clamps,0.1848209035831392
744,15_9_F_12_2008_01_28.pdf,11,string ran,0.17494886442125432
744,15_9_F_12_2008_01_28.pdf,12,tubing,0.16891956325203017
745,15_9_F_12_2008_01_29.pdf,1,completion com,0.33743478974353897
745,15_9_F_12_2008_01_29.pdf,2,com pletion,0.33743478974353897
745,15_9_F_12_2008_01_29.pdf,3,pletion string,0.33743478974353897
745,15_9_F_12_2008_01_29.pdf,4,pletion,0.33743478974353897
745,15_9_F_12_2008_01_29.pdf,5,com,0.33743478974353897
745,15_9_F_12_2008_01_29.pdf,6,dhsv,0.16610990312033858
745,15_9_F_12_2008_01_29.pdf,7,completion,0.16610990312033858
745,15_9_F_12_2008_01_29.pdf,8,tubing,0.16154388203378944
745,15_9_F_12_2008_01_29.pdf,9,weight,0.11126814388904864
745,15_9_F_12_2008_01_29.pdf,10,weight weight,0.10874301743422964
745,15_9_F_12_2008_01_29.pdf,11,space-out,0.10222699854635474
745,15_9_F_12_2008_01_29.pdf,12,injection line,0.09371278687940843
746,15_9_F_12_2008_01_30.pdf,1,completion op/wellhead,0.34101715088050116
746,15_9_F_12_2008_01_30.pdf,2,op/wellhead uipment,0.34101715088050116
746,15_9_F_12_2008_01_30.pdf,3,op/wellhead,0.34101715088050116
746,15_9_F_12_2008_01_30.pdf,4,uipment,0.2604489756537326
746,15_9_F_12_2008_01_30.pdf,5,completion,0.19185531585249632
746,15_9_F_12_2008_01_30.pdf,6,trscssv,0.16519747814882818
746,15_9_F_12_2008_01_30.pdf,7,thrt,0.14231508856352876
746,15_9_F_12_2008_01_30.pdf,8,gauge,0.13870889823689964
746,15_9_F_12_2008_01_30.pdf,9,gauge line,0.13793761989246786
746,15_9_F_12_2008_01_30.pdf,10,line,0.1274598234347676
746,15_9_F_12_2008_01_30.pdf,11,tested,0.12030539168123876
746,15_9_F_12_2008_01_30.pdf,12,control lines,0.118352302467252
747,15_9_F_12_2008_01_31.pdf,1,trscssv,0.37412983954767703
747,15_9_F_12_2008_01_31.pdf,2,ltrs,0.2736873235824775
747,15_9_F_12_2008_01_31.pdf,3,bled ltrs,0.18706491977383852
747,15_9_F_12_2008_01_31.pdf,4,completio test,0.18388481437866552
747,15_9_F_12_2008_01_31.pdf,5,bled,0.17407783318877643
747,15_9_F_12_2008_01_31.pdf,6,wl-bop,0.17355181398735306
747,15_9_F_12_2008_01_31.pdf,7,test scsssv,0.16622043353617788
747,15_9_F_12_2008_01_31.pdf,8,scsssv,0.15195900871789544
747,15_9_F_12_2008_01_31.pdf,9,completio,0.15195900871789544
747,15_9_F_12_2008_01_31.pdf,10,volume bled,0.1485560526936902
747,15_9_F_12_2008_01_31.pdf,11,bar volume,0.1471078515029324
747,15_9_F_12_2008_01_31.pdf,12,min,0.1412255034238171
748,15_9_F_12_2008_02_01.pdf,1,npr,0.36551703090910537
748,15_9_F_12_2008_02_01.pdf,2,pulling string,0.2726530861175679
748,15_9_F_12_2008_02_01.pdf,3,npr pulling,0.24909397174278805
748,15_9_F_12_2008_02_01.pdf,4,workover wire,0.194333126943551
748,15_9_F_12_2008_02_01.pdf,5,wire line,0.19354735681057683
748,15_9_F_12_2008_02_01.pdf,6,workover,0.1742128877100206
748,15_9_F_12_2008_02_01.pdf,7,a-annulus,0.17004652036942894
748,15_9_F_12_2008_02_01.pdf,8,wire,0.16957660151681173
748,15_9_F_12_2008_02_01.pdf,9,pbr,0.16308794069565286
748,15_9_F_12_2008_02_01.pdf,10,pulling,0.1626608769692988
748,15_9_F_12_2008_02_01.pdf,11,npr plug,0.15229876287879388
748,15_9_F_12_2008_02_01.pdf,12,trscssv pressure,0.1508140758145328
749,15_9_F_12_2008_02_02.pdf,1,npr,0.417926780797092
749,15_9_F_12_2008_02_02.pdf,2,workover,0.27886942398852976
749,15_9_F_12_2008_02_02.pdf,3,npr plug,0.243790622131637
749,15_9_F_12_2008_02_02.pdf,4,wire,0.23266966136433545
749,15_9_F_12_2008_02_02.pdf,5,workover wire,0.1777581043351109
749,15_9_F_12_2008_02_02.pdf,6,npr pulling,0.16274878428275782
749,15_9_F_12_2008_02_02.pdf,7,workover rig,0.1592688967282235
749,15_9_F_12_2008_02_02.pdf,8,wl-bop,0.12206158821206838
749,15_9_F_12_2008_02_02.pdf,9,plug,0.12113219048391
749,15_9_F_12_2008_02_02.pdf,10,blind rams,0.11690531861685362
749,15_9_F_12_2008_02_02.pdf,11,pulling string,0.11690531861685362
749,15_9_F_12_2008_02_02.pdf,12,trscssv,0.10963796479448776
750,15_9_F_12_2008_02_03.pdf,1,completion,0.25899062095301056
750,15_9_F_12_2008_02_03.pdf,2,bop/wellhead equipment,0.23084346558978858
750,15_9_F_12_2008_02_03.pdf,3,drilling bop/wellhead,0.21267724924179915
750,15_9_F_12_2008_02_03.pdf,4,completion completion,0.20438155750138948
750,15_9_F_12_2008_02_03.pdf,5,bop/wellhead,0.1988453578238478
750,15_9_F_12_2008_02_03.pdf,6,completion string,0.19773474411032377
750,15_9_F_12_2008_02_03.pdf,7,bpv,0.18295288859321118
750,15_9_F_12_2008_02_03.pdf,8,box talk,0.1637476247603746
750,15_9_F_12_2008_02_03.pdf,9,held tool,0.15254450099143463
750,15_9_F_12_2008_02_03.pdf,10,tool box,0.14964788501734452
750,15_9_F_12_2008_02_03.pdf,11,talk prior,0.14825897868749355
750,15_9_F_12_2008_02_03.pdf,12,equipment,0.1434421337266122
751,15_9_F_12_2008_02_04.pdf,1,bop/wellhead equ,0.33916322361999257
751,15_9_F_12_2008_02_04.pdf,2,ipment,0.320104696496772
751,15_9_F_12_2008_02_04.pdf,3,equ ipment,0.320104696496772
751,15_9_F_12_2008_02_04.pdf,4,bop/wellhead,0.28842198438167643
751,15_9_F_12_2008_02_04.pdf,5,completion bop/wellhead,0.18474580586217015
751,15_9_F_12_2008_02_04.pdf,6,spool,0.18291113521145375
751,15_9_F_12_2008_02_04.pdf,7,drilling bop/wellhead,0.1713805109951501
751,15_9_F_12_2008_02_04.pdf,8,bop/wellhead equipment,0.14881543271303083
751,15_9_F_12_2008_02_04.pdf,9,installed,0.14456981407390346
751,15_9_F_12_2008_02_04.pdf,10,equ,0.14117590864437748
751,15_9_F_12_2008_02_04.pdf,11,completion,0.13356861101445436
751,15_9_F_12_2008_02_04.pdf,12,installed extension,0.1280418785987088
752,15_9_F_12_2008_02_05.pdf,1,completion bop/wellhead,0.41871109033952786
752,15_9_F_12_2008_02_05.pdf,2,bop/wellhead equipment,0.33727787107171864
752,15_9_F_12_2008_02_05.pdf,3,completion,0.3027222106179916
752,15_9_F_12_2008_02_05.pdf,4,bop/wellhead,0.2905264777063206
752,15_9_F_12_2008_02_05.pdf,5,tree,0.2567732976472312
752,15_9_F_12_2008_02_05.pdf,6,x-mas,0.2311230369377756
752,15_9_F_12_2008_02_05.pdf,7,x-mas tree,0.2311230369377756
752,15_9_F_12_2008_02_05.pdf,8,equipment,0.1524208225192834
752,15_9_F_12_2008_02_05.pdf,9,bars min,0.13679013831360157
752,15_9_F_12_2008_02_05.pdf,10,bpv,0.13365325419432006
752,15_9_F_12_2008_02_05.pdf,11,bars,0.13292208125220678
752,15_9_F_12_2008_02_05.pdf,12,flow line,0.12420043358231954
753,15_9_F_12_2008_02_12.pdf,1,completio perfo,0.3661449210130956
753,15_9_F_12_2008_02_12.pdf,2,perfo rate,0.345570217088309
753,15_9_F_12_2008_02_12.pdf,3,perfo,0.33097223233745976
753,15_9_F_12_2008_02_12.pdf,4,completio,0.30257538901318554
753,15_9_F_12_2008_02_12.pdf,5,cement pump,0.20850148398895063
753,15_9_F_12_2008_02_12.pdf,6,mmv,0.1815452334079113
753,15_9_F_12_2008_02_12.pdf,7,xmt,0.15988099742525907
753,15_9_F_12_2008_02_12.pdf,8,valve xmt,0.14645796840523823
753,15_9_F_12_2008_02_12.pdf,9,rate,0.14378571230186724
753,15_9_F_12_2008_02_12.pdf,10,firing,0.13031342749309413
753,15_9_F_12_2008_02_12.pdf,11,valve,0.12531463289623349
753,15_9_F_12_2008_02_12.pdf,12,tcp,0.12341399820638159
754,15_9_F_12_2009_03_14.pdf,1,hmv,0.23539577441835316
754,15_9_F_12_2009_03_14.pdf,2,yearly,0.22174920080513935
754,15_9_F_12_2009_03_14.pdf,3,toolstring,0.18996959447319395
754,15_9_F_12_2009_03_14.pdf,4,dhsv,0.17612697743191755
754,15_9_F_12_2009_03_14.pdf,5,toolstring riser,0.1617069787662656
754,15_9_F_12_2009_03_14.pdf,6,combination toolstring,0.1617069787662656
754,15_9_F_12_2009_03_14.pdf,7,equalize open,0.14783280053675957
754,15_9_F_12_2009_03_14.pdf,8,combination,0.14783280053675957
754,15_9_F_12_2009_03_14.pdf,9,xmt,0.1464654954200305
754,15_9_F_12_2009_03_14.pdf,10,maintenace,0.14452224643795247
754,15_9_F_12_2009_03_14.pdf,11,lubricator leak,0.13898999829834938
754,15_9_F_12_2009_03_14.pdf,12,manifold,0.13887549686002412
755,15_9_F_12_2009_03_15.pdf,1,workover,0.31195434369935604
755,15_9_F_12_2009_03_15.pdf,2,workover rig,0.27714473683673985
755,15_9_F_12_2009_03_15.pdf,3,dhsv,0.2057417214627597
755,15_9_F_12_2009_03_15.pdf,4,kwv,0.2008360665621504
755,15_9_F_12_2009_03_15.pdf,5,wire lin,0.18180920766764933
755,15_9_F_12_2009_03_15.pdf,6,lin,0.17813569768175191
755,15_9_F_12_2009_03_15.pdf,7,xmt,0.1754798265403775
755,15_9_F_12_2009_03_15.pdf,8,cmt unit,0.13956257180078321
755,15_9_F_12_2009_03_15.pdf,9,test,0.1384859153623948
755,15_9_F_12_2009_03_15.pdf,10,meg,0.13577747390771427
755,15_9_F_12_2009_03_15.pdf,11,hmv,0.13537291210813207
755,15_9_F_12_2009_03_15.pdf,12,xmt cross,0.1327122745893366
756,15_9_F_12_2009_03_16.pdf,1,plt,0.29019102810936265
756,15_9_F_12_2009_03_16.pdf,2,toolstring,0.25613537753827154
756,15_9_F_12_2009_03_16.pdf,3,wire lin,0.2338306417301163
756,15_9_F_12_2009_03_16.pdf,4,lin,0.22910602294747132
756,15_9_F_12_2009_03_16.pdf,5,workover,0.20803713111589311
756,15_9_F_12_2009_03_16.pdf,6,down/up,0.19653188249308548
756,15_9_F_12_2009_03_16.pdf,7,ewl,0.15588709448674423
756,15_9_F_12_2009_03_16.pdf,8,down/up speed,0.15176363587361635
756,15_9_F_12_2009_03_16.pdf,9,pass down/up,0.15176363587361635
756,15_9_F_12_2009_03_16.pdf,10,workover wire,0.14918387688675672
756,15_9_F_12_2009_03_16.pdf,11,m/min,0.13765734762570037
756,15_9_F_12_2009_03_16.pdf,12,toolstring ewl,0.13631689060186983
757,15_9_F_12_2009_03_17.pdf,1,down/up,0.3195708449262553
757,15_9_F_12_2009_03_17.pdf,2,down/up speed,0.27145293681095384
757,15_9_F_12_2009_03_17.pdf,3,pass down/up,0.27145293681095384
757,15_9_F_12_2009_03_17.pdf,4,workover,0.24162783202465585
757,15_9_F_12_2009_03_17.pdf,5,plt,0.2190803564840856
757,15_9_F_12_2009_03_17.pdf,6,speed m/min,0.2000332314745718
757,15_9_F_12_2009_03_17.pdf,7,wire lin,0.1901102630255699
757,15_9_F_12_2009_03_17.pdf,8,m/min pass,0.18908065574080465
757,15_9_F_12_2009_03_17.pdf,9,lin,0.186269027707485
757,15_9_F_12_2009_03_17.pdf,10,m/min,0.17587259985615836
757,15_9_F_12_2009_03_17.pdf,11,workover rig,0.1609992373998881
757,15_9_F_12_2009_03_17.pdf,12,pass,0.1500979786669962
758,15_9_F_12_2009_03_18.pdf,1,workover rig,0.3547115887335706
758,15_9_F_12_2009_03_18.pdf,2,workover,0.26617577065546266
758,15_9_F_12_2009_03_18.pdf,3,xmt,0.21768230690389892
758,15_9_F_12_2009_03_18.pdf,4,seawell test,0.2091125365170571
758,15_9_F_12_2009_03_18.pdf,5,cap,0.2064017770343805
758,15_9_F_12_2009_03_18.pdf,6,kwv,0.19377295953786244
758,15_9_F_12_2009_03_18.pdf,7,rig,0.17171286247769937
758,15_9_F_12_2009_03_18.pdf,8,test pump,0.16921669574161496
758,15_9_F_12_2009_03_18.pdf,9,seawell,0.15969306479557305
758,15_9_F_12_2009_03_18.pdf,10,test bled,0.15474168185670642
758,15_9_F_12_2009_03_18.pdf,11,test,0.14315954015967608
758,15_9_F_12_2009_03_18.pdf,12,tree cap,0.12775445183645842
759,15_9_F_12_2010_09_21.pdf,1,workover,0.30695032736687994
759,15_9_F_12_2010_09_21.pdf,2,up/do,0.2252656323802017
759,15_9_F_12_2010_09_21.pdf,3,rig up/do,0.2252656323802017
759,15_9_F_12_2010_09_21.pdf,4,f-12,0.22189258948250587
759,15_9_F_12_2010_09_21.pdf,5,workover wait,0.1940628802676133
759,15_9_F_12_2010_09_21.pdf,6,waited production,0.1828168375757029
759,15_9_F_12_2010_09_21.pdf,7,production department,0.18092790096363434
759,15_9_F_12_2010_09_21.pdf,8,department,0.17913114510092562
759,15_9_F_12_2010_09_21.pdf,9,waited,0.17381487671082307
759,15_9_F_12_2010_09_21.pdf,10,wait waited,0.17271037411422382
759,15_9_F_12_2010_09_21.pdf,11,plt,0.17126602467417978
759,15_9_F_12_2010_09_21.pdf,12,workover rig,0.16361945794612254
760,15_9_F_12_2010_09_22.pdf,1,workover,0.35858874379279887
760,15_9_F_12_2010_09_22.pdf,2,up/d,0.28667156039051844
760,15_9_F_12_2010_09_22.pdf,3,rig up/d,0.28667156039051844
760,15_9_F_12_2010_09_22.pdf,4,workover rig,0.22300278719245883
760,15_9_F_12_2010_09_22.pdf,5,plt,0.20007819887058131
760,15_9_F_12_2010_09_22.pdf,6,workover wire,0.18666805098370975
760,15_9_F_12_2010_09_22.pdf,7,wire line,0.18591327395958399
760,15_9_F_12_2010_09_22.pdf,8,wire,0.16288799648028773
760,15_9_F_12_2010_09_22.pdf,9,took stationary,0.15805688672950596
760,15_9_F_12_2010_09_22.pdf,10,stationary,0.15114012105027097
760,15_9_F_12_2010_09_22.pdf,11,meg,0.12485999900254581
760,15_9_F_12_2010_09_22.pdf,12,line,0.10528285695100979
761,15_9_F_12_2010_09_23.pdf,1,m/min,0.34288695364469424
761,15_9_F_12_2010_09_23.pdf,2,workover,0.2806884423920331
761,15_9_F_12_2010_09_23.pdf,3,workover wire,0.24085060271312686
761,15_9_F_12_2010_09_23.pdf,4,wire line,0.23987674296467656
761,15_9_F_12_2010_09_23.pdf,5,wire,0.21016811350558687
761,15_9_F_12_2010_09_23.pdf,6,m/min m/min,0.1869144063539129
761,15_9_F_12_2010_09_23.pdf,7,passes,0.1838174015310877
761,15_9_F_12_2010_09_23.pdf,8,flowing passes,0.17641116474300045
761,15_9_F_12_2010_09_23.pdf,9,flow rate,0.17028350197435432
761,15_9_F_12_2010_09_23.pdf,10,logged,0.16915715436491793
761,15_9_F_12_2010_09_23.pdf,11,logged flowing,0.16317864524830697
761,15_9_F_12_2010_09_23.pdf,12,passes m/min,0.16317864524830697
762,15_9_F_12_2010_09_24.pdf,1,workover,0.3593969775814515
762,15_9_F_12_2010_09_24.pdf,2,workover rig,0.35920513892952965
762,15_9_F_12_2010_09_24.pdf,3,rig up/down,0.349682723458796
762,15_9_F_12_2010_09_24.pdf,4,up/down,0.2646954518608964
762,15_9_F_12_2010_09_24.pdf,5,rig,0.1726805952892915
762,15_9_F_12_2010_09_24.pdf,6,mid element,0.11718265169578014
762,15_9_F_12_2010_09_24.pdf,7,disconnected lifted,0.11718265169578014
762,15_9_F_12_2010_09_24.pdf,8,plug mid,0.10989805761749563
762,15_9_F_12_2010_09_24.pdf,9,hmv,0.10234920442436264
762,15_9_F_12_2010_09_24.pdf,10,mid,0.10072055445012307
762,15_9_F_12_2010_09_24.pdf,11,workover wire,0.10022613623126267
762,15_9_F_12_2010_09_24.pdf,12,wire line,0.09982088003211344
763,15_9_F_12_2014_11_23.pdf,1,rig wireline,0.29316450257515875
763,15_9_F_12_2014_11_23.pdf,2,weather,0.2705762616790076
763,15_9_F_12_2014_11_23.pdf,3,knots,0.27048587277496666
763,15_9_F_12_2014_11_23.pdf,4,wireline equipment,0.2387114944229011
763,15_9_F_12_2014_11_23.pdf,5,waited weather,0.21923284645199392
763,15_9_F_12_2014_11_23.pdf,6,spotted,0.20942626021867386
763,15_9_F_12_2014_11_23.pdf,7,wind,0.20724173737634458
763,15_9_F_12_2014_11_23.pdf,8,spot,0.20514640402530848
763,15_9_F_12_2014_11_23.pdf,9,equipment,0.18359780790317892
763,15_9_F_12_2014_11_23.pdf,10,remaining equipment,0.17477733331820114
763,15_9_F_12_2014_11_23.pdf,11,weather wind,0.16739418303380843
763,15_9_F_12_2014_11_23.pdf,12,wireline,0.16329491914286423
764,15_9_F_12_2014_11_24.pdf,1,electrician,0.2890664944146407
764,15_9_F_12_2014_11_24.pdf,2,equipment,0.28823207899630426
764,15_9_F_12_2014_11_24.pdf,3,rig electrician,0.2532782082534938
764,15_9_F_12_2014_11_24.pdf,4,workover,0.24799499900861854
764,15_9_F_12_2014_11_24.pdf,5,workover wire,0.18442433376466214
764,15_9_F_12_2014_11_24.pdf,6,wire line,0.1836786290279292
764,15_9_F_12_2014_11_24.pdf,7,equipment rig,0.17917709467532583
764,15_9_F_12_2014_11_24.pdf,8,spotting equipment,0.1617192876060631
764,15_9_F_12_2014_11_24.pdf,9,check equipment,0.1617192876060631
764,15_9_F_12_2014_11_24.pdf,10,prior spotting,0.1617192876060631
764,15_9_F_12_2014_11_24.pdf,11,continued check,0.1617192876060631
764,15_9_F_12_2014_11_24.pdf,12,wire,0.16093011134379548
765,15_9_F_12_2014_11_25.pdf,1,workover,0.3541981787254675
765,15_9_F_12_2014_11_25.pdf,2,workover wire,0.2514306614059162
765,15_9_F_12_2014_11_25.pdf,3,wire line,0.25041402205392294
765,15_9_F_12_2014_11_25.pdf,4,wire,0.21940035519895892
765,15_9_F_12_2014_11_25.pdf,5,xmt,0.15214899354804182
765,15_9_F_12_2014_11_25.pdf,6,line,0.14180968954460754
765,15_9_F_12_2014_11_25.pdf,7,obtain good,0.12598643454431543
765,15_9_F_12_2014_11_25.pdf,8,production dept,0.12598643454431543
765,15_9_F_12_2014_11_25.pdf,9,install plug,0.12598643454431543
765,15_9_F_12_2014_11_25.pdf,10,rigging,0.1237514537194654
765,15_9_F_12_2014_11_25.pdf,11,production,0.12324458605042823
765,15_9_F_12_2014_11_25.pdf,12,wellhead workover,0.12167624197600051
766,15_9_F_12_2014_11_26.pdf,1,workover ire,0.27222196641181534
766,15_9_F_12_2014_11_26.pdf,2,ire line,0.27222196641181534
766,15_9_F_12_2014_11_26.pdf,3,ire,0.27222196641181534
766,15_9_F_12_2014_11_26.pdf,4,lbs lbs,0.25191098430411396
766,15_9_F_12_2014_11_26.pdf,5,workover,0.24699275776081872
766,15_9_F_12_2014_11_26.pdf,6,lbs,0.24188192967690883
766,15_9_F_12_2014_11_26.pdf,7,meg,0.21500615971280787
766,15_9_F_12_2014_11_26.pdf,8,using meg,0.1555554093781802
766,15_9_F_12_2014_11_26.pdf,9,toolstring,0.1419121930886794
766,15_9_F_12_2014_11_26.pdf,10,meg pump,0.12612730778308018
766,15_9_F_12_2014_11_26.pdf,11,leak,0.12272278482718779
766,15_9_F_12_2014_11_26.pdf,12,halliburton,0.11787095596190712
767,15_9_F_12_2014_11_27.pdf,1,perf,0.36018992918421616
767,15_9_F_12_2014_11_27.pdf,2,workover,0.27918099540900176
767,15_9_F_12_2014_11_27.pdf,3,workover perforate,0.22708689660584935
767,15_9_F_12_2014_11_27.pdf,4,lbs,0.20830790192925097
767,15_9_F_12_2014_11_27.pdf,5,whp bar,0.1860213162563344
767,15_9_F_12_2014_11_27.pdf,6,whp,0.1834830709188129
767,15_9_F_12_2014_11_27.pdf,7,lbs lbs,0.17433071513398044
767,15_9_F_12_2014_11_27.pdf,8,meters,0.1648070775424109
767,15_9_F_12_2014_11_27.pdf,9,perforate,0.1625911962494585
767,15_9_F_12_2014_11_27.pdf,10,perforating,0.14692823871069322
767,15_9_F_12_2014_11_27.pdf,11,lubricator,0.14135363086959865
767,15_9_F_12_2014_11_27.pdf,12,tvd,0.12784894312613562
768,15_9_F_12_2014_11_28.pdf,1,workover,0.24369936845237464
768,15_9_F_12_2014_11_28.pdf,2,cap,0.22746726847465226
768,15_9_F_12_2014_11_28.pdf,3,test,0.16565901478805484
768,15_9_F_12_2014_11_28.pdf,4,workover test,0.1534812411849053
768,15_9_F_12_2014_11_28.pdf,5,perforat,0.1534812411849053
768,15_9_F_12_2014_11_28.pdf,6,kill wing,0.1420297232024861
768,15_9_F_12_2014_11_28.pdf,7,hmv,0.13880159286630264
768,15_9_F_12_2014_11_28.pdf,8,decision,0.13659288775796763
768,15_9_F_12_2014_11_28.pdf,9,rigged,0.1354122317864207
768,15_9_F_12_2014_11_28.pdf,10,disconnected,0.13483133932036984
768,15_9_F_12_2014_11_28.pdf,11,inflow,0.13028861629930127
768,15_9_F_12_2014_11_28.pdf,12,wing,0.12227161629511779
769,15_9_F_12_2016_08_15.pdf,1,skid,0.4144458797929523
769,15_9_F_12_2016_08_15.pdf,2,moving skid,0.28678031707456975
769,15_9_F_12_2016_08_15.pdf,3,cantilever,0.27188345749892184
769,15_9_F_12_2016_08_15.pdf,4,cantilever moving,0.27047955330548445
769,15_9_F_12_2016_08_15.pdf,5,moving,0.21926680574158108
769,15_9_F_12_2016_08_15.pdf,6,f-12,0.17761966276840813
769,15_9_F_12_2016_08_15.pdf,7,skid cantilever,0.1757755750183526
769,15_9_F_12_2016_08_15.pdf,8,control equipment,0.15534265217864351
769,15_9_F_12_2016_08_15.pdf,9,pool,0.14201881935185826
769,15_9_F_12_2016_08_15.pdf,10,moon pool,0.14201881935185826
769,15_9_F_12_2016_08_15.pdf,11,moon,0.13825048632006076
769,15_9_F_12_2016_08_15.pdf,12,rigging,0.12590754357385403
770,15_9_F_12_2016_08_16.pdf,1,plug,0.44168555368938495
770,15_9_F_12_2016_08_16.pdf,2,abandon,0.41011450327521737
770,15_9_F_12_2016_08_16.pdf,3,plug abandon,0.41011450327521737
770,15_9_F_12_2016_08_16.pdf,4,mechanical plug,0.15006677149105677
770,15_9_F_12_2016_08_16.pdf,5,abandon mechanical,0.1476973559012774
770,15_9_F_12_2016_08_16.pdf,6,mechanical,0.13245840189209193
770,15_9_F_12_2016_08_16.pdf,7,rig bop,0.10656826681710525
770,15_9_F_12_2016_08_16.pdf,8,set plug,0.10596672151367355
770,15_9_F_12_2016_08_16.pdf,9,bop,0.10296357351803932
770,15_9_F_12_2016_08_16.pdf,10,pressure,0.10150389963376545
770,15_9_F_12_2016_08_16.pdf,11,abandon performed,0.09248102617746748
770,15_9_F_12_2016_08_16.pdf,12,riser joint,0.0860997979073097
771,15_9_F_12_2016_08_17.pdf,1,plug,0.4448688193375995
771,15_9_F_12_2016_08_17.pdf,2,abandon,0.40567511438409337
771,15_9_F_12_2016_08_17.pdf,3,plug abandon,0.40567511438409337
771,15_9_F_12_2016_08_17.pdf,4,mechanical plug,0.17070868582861837
771,15_9_F_12_2016_08_17.pdf,5,abandon mechanical,0.16801335349425692
771,15_9_F_12_2016_08_17.pdf,6,mechanical,0.15067825801333737
771,15_9_F_12_2016_08_17.pdf,7,set plug,0.15067825801333737
771,15_9_F_12_2016_08_17.pdf,8,bop,0.14640796350884974
771,15_9_F_12_2016_08_17.pdf,9,performed bop,0.13269361345049344
771,15_9_F_12_2016_08_17.pdf,10,test,0.12035148608998195
771,15_9_F_12_2016_08_17.pdf,11,pressure,0.1082492967596639
771,15_9_F_12_2016_08_17.pdf,12,bop test,0.1024996220942507
772,15_9_F_12_2016_08_18.pdf,1,plug abandon,0.3347202505382262
772,15_9_F_12_2016_08_18.pdf,2,abandon,0.3347202505382262
772,15_9_F_12_2016_08_18.pdf,3,plug,0.3011764148545448
772,15_9_F_12_2016_08_18.pdf,4,thrt,0.24865286721463756
772,15_9_F_12_2016_08_18.pdf,5,interruption repair,0.18092064279272202
772,15_9_F_12_2016_08_18.pdf,6,repair,0.1539105493588604
772,15_9_F_12_2016_08_18.pdf,7,dhsv,0.15363770262776646
772,15_9_F_12_2016_08_18.pdf,8,pressure,0.1319126912127969
772,15_9_F_12_2016_08_18.pdf,9,testing kill,0.1134904824708915
772,15_9_F_12_2016_08_18.pdf,10,tubing,0.10866510312211568
772,15_9_F_12_2016_08_18.pdf,11,manifold plug,0.10258833641202647
772,15_9_F_12_2016_08_18.pdf,12,continued pressure,0.10224892077553285
773,15_9_F_12_2016_08_19.pdf,1,plug abandon,0.33945486527368673
773,15_9_F_12_2016_08_19.pdf,2,abandon,0.33945486527368673
773,15_9_F_12_2016_08_19.pdf,3,tubing,0.30160593884935555
773,15_9_F_12_2016_08_19.pdf,4,plug,0.27044846431503244
773,15_9_F_12_2016_08_19.pdf,5,pull tubing,0.1558363696669626
773,15_9_F_12_2016_08_19.pdf,6,dhsv,0.155065399729301
773,15_9_F_12_2016_08_19.pdf,7,r/d,0.11466163731122765
773,15_9_F_12_2016_08_19.pdf,8,bq/cm2,0.11148688829022928
773,15_9_F_12_2016_08_19.pdf,9,radioactivity,0.11148688829022928
773,15_9_F_12_2016_08_19.pdf,10,tubing hanger,0.10953934430885726
773,15_9_F_12_2016_08_19.pdf,11,swedge,0.10617460225529682
773,15_9_F_12_2016_08_19.pdf,12,duty,0.10312430860400389
774,15_9_F_12_2016_08_20.pdf,1,plug,0.4246879753566439
774,15_9_F_12_2016_08_20.pdf,2,plug abandon,0.3939671031283391
774,15_9_F_12_2016_08_20.pdf,3,abandon,0.3939671031283391
774,15_9_F_12_2016_08_20.pdf,4,abandon cement,0.2633578557456208
774,15_9_F_12_2016_08_20.pdf,5,cement plug,0.25676866761524253
774,15_9_F_12_2016_08_20.pdf,6,cement,0.204852737616733
774,15_9_F_12_2016_08_20.pdf,7,tubing,0.12470178880375578
774,15_9_F_12_2016_08_20.pdf,8,l/min,0.08987210508288664
774,15_9_F_12_2016_08_20.pdf,9,tie-back,0.07342683969334196
774,15_9_F_12_2016_08_20.pdf,10,control line,0.07231990800533768
774,15_9_F_12_2016_08_20.pdf,11,wash tool,0.06872746739596054
774,15_9_F_12_2016_08_20.pdf,12,abandon performed,0.06811049749842848
775,15_9_F_12_2016_08_21.pdf,1,abandon,0.45305559756854463
775,15_9_F_12_2016_08_21.pdf,2,plug abandon,0.45305559756854463
775,15_9_F_12_2016_08_21.pdf,3,plug,0.3188193999590933
775,15_9_F_12_2016_08_21.pdf,4,ms-t,0.1535206349099461
775,15_9_F_12_2016_08_21.pdf,5,tie-back,0.14393120616723112
775,15_9_F_12_2016_08_21.pdf,6,retrieval tool,0.13646278658661876
775,15_9_F_12_2016_08_21.pdf,7,ms-t seal,0.13646278658661876
775,15_9_F_12_2016_08_21.pdf,8,seal retrieval,0.13466443563962174
775,15_9_F_12_2016_08_21.pdf,9,equipment ecovery,0.1285062282993875
775,15_9_F_12_2016_08_21.pdf,10,ecovery,0.1285062282993875
775,15_9_F_12_2016_08_21.pdf,11,retrieval,0.12769946929757856
775,15_9_F_12_2016_08_21.pdf,12,abandon equipment,0.11251786205976208
776,15_9_F_12_2016_08_22.pdf,1,don,0.37484323708079237
776,15_9_F_12_2016_08_22.pdf,2,plug aban,0.37484323708079237
776,15_9_F_12_2016_08_22.pdf,3,aban don,0.37484323708079237
776,15_9_F_12_2016_08_22.pdf,4,aban,0.37484323708079237
776,15_9_F_12_2016_08_22.pdf,5,don oth,0.23156577679051532
776,15_9_F_12_2016_08_22.pdf,6,don perf,0.18401462754810946
776,15_9_F_12_2016_08_22.pdf,7,orate,0.16064710160605386
776,15_9_F_12_2016_08_22.pdf,8,perf orate,0.16064710160605386
776,15_9_F_12_2016_08_22.pdf,9,oth,0.15561677594113724
776,15_9_F_12_2016_08_22.pdf,10,plug,0.13405151405006707
776,15_9_F_12_2016_08_22.pdf,11,adapter,0.1306974279512546
776,15_9_F_12_2016_08_22.pdf,12,perf,0.12798033567394715
777,15_9_F_12_2016_08_23.pdf,1,plug abandon,0.4298030805976921
777,15_9_F_12_2016_08_23.pdf,2,abandon,0.4298030805976921
777,15_9_F_12_2016_08_23.pdf,3,abandon cut,0.308980665261355
777,15_9_F_12_2016_08_23.pdf,4,plug,0.295735136342547
777,15_9_F_12_2016_08_23.pdf,5,cut,0.20265333763015952
777,15_9_F_12_2016_08_23.pdf,6,tieback,0.12750898522967571
777,15_9_F_12_2016_08_23.pdf,7,tieback adapter,0.12093394377143629
777,15_9_F_12_2016_08_23.pdf,8,m/u,0.11652881694554532
777,15_9_F_12_2016_08_23.pdf,9,x-over,0.11565027167913546
777,15_9_F_12_2016_08_23.pdf,10,rig tong,0.11048343733763596
777,15_9_F_12_2016_08_23.pdf,11,x-over pup,0.10670362650119974
777,15_9_F_12_2016_08_23.pdf,12,adapter,0.1001662080616609
778,15_9_F_12_2016_08_24.pdf,1,aband,0.5294648471534026
778,15_9_F_12_2016_08_24.pdf,2,plug aband,0.5294648471534026
778,15_9_F_12_2016_08_24.pdf,3,aband cut,0.2708219603180897
778,15_9_F_12_2016_08_24.pdf,4,tieback adapter,0.1990576003782201
778,15_9_F_12_2016_08_24.pdf,5,adapter,0.19023905874621608
778,15_9_F_12_2016_08_24.pdf,6,tieback,0.18835396865569234
778,15_9_F_12_2016_08_24.pdf,7,plug,0.17514447053425863
778,15_9_F_12_2016_08_24.pdf,8,cut,0.15848250777680245
778,15_9_F_12_2016_08_24.pdf,9,knives,0.12249698484813545
778,15_9_F_12_2016_08_24.pdf,10,cutter,0.11671110409398296
778,15_9_F_12_2016_08_24.pdf,11,bha run,0.11221214647700704
778,15_9_F_12_2016_08_24.pdf,12,spear,0.11057605760925826
779,15_9_F_12_2016_08_25.pdf,1,plug abandon,0.35243385456175325
779,15_9_F_12_2016_08_25.pdf,2,abandon,0.35243385456175325
779,15_9_F_12_2016_08_25.pdf,3,milling,0.24572653793082957
779,15_9_F_12_2016_08_25.pdf,4,plug,0.24249959745660593
779,15_9_F_12_2016_08_25.pdf,5,csg,0.23886604995081118
779,15_9_F_12_2016_08_25.pdf,6,spear,0.19732911716364257
779,15_9_F_12_2016_08_25.pdf,7,milled,0.17078333907330112
779,15_9_F_12_2016_08_25.pdf,8,csg fish,0.15068723516986188
779,15_9_F_12_2016_08_25.pdf,9,abandon resumed,0.12945450857261956
779,15_9_F_12_2016_08_25.pdf,10,resumed milling,0.12945450857261956
779,15_9_F_12_2016_08_25.pdf,11,fish,0.1226587260542856
779,15_9_F_12_2016_08_25.pdf,12,csg stump,0.12218009881639322
780,15_9_F_12_2016_08_26.pdf,1,plug abandon,0.32969771129588843
780,15_9_F_12_2016_08_26.pdf,2,abandon,0.32969771129588843
780,15_9_F_12_2016_08_26.pdf,3,recov,0.2939092467329586
780,15_9_F_12_2016_08_26.pdf,4,recov ery,0.2939092467329586
780,15_9_F_12_2016_08_26.pdf,5,equipment recov,0.2939092467329586
780,15_9_F_12_2016_08_26.pdf,6,ery,0.2939092467329586
780,15_9_F_12_2016_08_26.pdf,7,abandon equipment,0.2573419243536015
780,15_9_F_12_2016_08_26.pdf,8,plug,0.24305947637942255
780,15_9_F_12_2016_08_26.pdf,9,ery performed,0.12246218613873273
780,15_9_F_12_2016_08_26.pdf,10,abandon cut,0.12245828015472812
780,15_9_F_12_2016_08_26.pdf,11,equipment,0.12221035230529466
780,15_9_F_12_2016_08_26.pdf,12,cut,0.1214887759478633
781,15_9_F_12_2016_08_27.pdf,1,plug,0.4139898670669455
781,15_9_F_12_2016_08_27.pdf,2,plug abandon,0.3319542963032844
781,15_9_F_12_2016_08_27.pdf,3,abandon,0.3319542963032844
781,15_9_F_12_2016_08_27.pdf,4,abandon ceme,0.24799271177665463
781,15_9_F_12_2016_08_27.pdf,5,ceme plug,0.23950849403398947
781,15_9_F_12_2016_08_27.pdf,6,ezsv,0.222166026441078
781,15_9_F_12_2016_08_27.pdf,7,ceme,0.22163832432987512
781,15_9_F_12_2016_08_27.pdf,8,abandon perfor,0.1828980661489561
781,15_9_F_12_2016_08_27.pdf,9,perfor ate,0.16532847451776975
781,15_9_F_12_2016_08_27.pdf,10,ate,0.1550509222605415
781,15_9_F_12_2016_08_27.pdf,11,perfor,0.1550509222605415
781,15_9_F_12_2016_08_27.pdf,12,rtts,0.10760529918816655
782,15_9_F_12_2016_08_28.pdf,1,plug,0.3591649458248086
782,15_9_F_12_2016_08_28.pdf,2,abandon cement,0.31155077567627987
782,15_9_F_12_2016_08_28.pdf,3,cement plug,0.30018220763111997
782,15_9_F_12_2016_08_28.pdf,4,cement,0.2685930225176823
782,15_9_F_12_2016_08_28.pdf,5,plug abandon,0.21749501100228938
782,15_9_F_12_2016_08_28.pdf,6,abandon,0.21749501100228938
782,15_9_F_12_2016_08_28.pdf,7,ezsv,0.20378709980420498
782,15_9_F_12_2016_08_28.pdf,8,interruption wait,0.1410050479325781
782,15_9_F_12_2016_08_28.pdf,9,woc,0.12925325995082176
782,15_9_F_12_2016_08_28.pdf,10,wait woc,0.12190642778906406
782,15_9_F_12_2016_08_28.pdf,11,n/d bop,0.11617317281440043
782,15_9_F_12_2016_08_28.pdf,12,wait,0.11322888109244922
783,15_9_F_12_2016_08_29.pdf,1,plug abandon,0.3637515185238
783,15_9_F_12_2016_08_29.pdf,2,abandon,0.3637515185238
783,15_9_F_12_2016_08_29.pdf,3,plug,0.2972157608114903
783,15_9_F_12_2016_08_29.pdf,4,diverter,0.29080289689472183
783,15_9_F_12_2016_08_29.pdf,5,pull diverter,0.16562131206206412
783,15_9_F_12_2016_08_29.pdf,6,riser plug,0.1506503857368686
783,15_9_F_12_2016_08_29.pdf,7,riser,0.1358181794097424
783,15_9_F_12_2016_08_29.pdf,8,bop,0.13127775690943239
783,15_9_F_12_2016_08_29.pdf,9,performed tbt,0.1291746083683799
783,15_9_F_12_2016_08_29.pdf,10,bolts,0.12340731001286204
783,15_9_F_12_2016_08_29.pdf,11,abandon performed,0.11791259042823884
783,15_9_F_12_2016_08_29.pdf,12,f-7,0.10833933751011701
784,15_9_F_12_2016_10_20.pdf,1,plug abandon,0.37942634788950136
784,15_9_F_12_2016_10_20.pdf,2,abandon,0.37942634788950136
784,15_9_F_12_2016_10_20.pdf,3,multibowl,0.26171083816458324
784,15_9_F_12_2016_10_20.pdf,4,plug,0.2610723556681247
784,15_9_F_12_2016_10_20.pdf,5,tensioner joint,0.16888955475565623
784,15_9_F_12_2016_10_20.pdf,6,skid,0.13965657668898546
784,15_9_F_12_2016_10_20.pdf,7,performed tbt,0.1347410179679131
784,15_9_F_12_2016_10_20.pdf,8,tensioner,0.12872519441588
784,15_9_F_12_2016_10_20.pdf,9,abandon pulled,0.1163159280731481
784,15_9_F_12_2016_10_20.pdf,10,cut,0.11418065743353184
784,15_9_F_12_2016_10_20.pdf,11,m/u multibowl,0.11338304095532663
784,15_9_F_12_2016_10_20.pdf,12,riser,0.11333669973299172
785,15_9_F_12_2016_10_21.pdf,1,cutting machine,0.3032210345441666
785,15_9_F_12_2016_10_21.pdf,2,machine,0.26797329320370544
785,15_9_F_12_2016_10_21.pdf,3,plug abandon,0.24048543080280674
785,15_9_F_12_2016_10_21.pdf,4,abandon,0.24048543080280674
785,15_9_F_12_2016_10_21.pdf,5,lift,0.226964571556233
785,15_9_F_12_2016_10_21.pdf,6,riser,0.22102860694157053
785,15_9_F_12_2016_10_21.pdf,7,cutting,0.2145880097666006
785,15_9_F_12_2016_10_21.pdf,8,joint lift,0.20737324339167507
785,15_9_F_12_2016_10_21.pdf,9,lift pulled,0.17796179654888
785,15_9_F_12_2016_10_21.pdf,10,r/d cutting,0.1728110361597292
785,15_9_F_12_2016_10_21.pdf,11,machine plug,0.1728110361597292
785,15_9_F_12_2016_10_21.pdf,12,abandon l/o,0.1684561303023148
786,15_9_F_14_2007_11_06.pdf,1,dci hose,0.34455753020885066
786,15_9_F_14_2007_11_06.pdf,2,dci,0.2767402645632347
786,15_9_F_14_2007_11_06.pdf,3,f-14,0.22861283919860018
786,15_9_F_14_2007_11_06.pdf,4,hatches,0.2274269447671104
786,15_9_F_14_2007_11_06.pdf,5,hatches built,0.1836982651329142
786,15_9_F_14_2007_11_06.pdf,6,aft prs,0.16638402136856484
786,15_9_F_14_2007_11_06.pdf,7,hose,0.15488481086747052
786,15_9_F_14_2007_11_06.pdf,8,removed hatches,0.15050268185053858
786,15_9_F_14_2007_11_06.pdf,9,aft,0.14354724138496833
786,15_9_F_14_2007_11_06.pdf,10,skidded rig,0.14133750083564636
786,15_9_F_14_2007_11_06.pdf,11,levels,0.14133750083564636
786,15_9_F_14_2007_11_06.pdf,12,moving skid,0.136996008417489
787,15_9_F_14_2007_11_07.pdf,1,knop,0.32364216408677565
787,15_9_F_14_2007_11_07.pdf,2,cart,0.20020686093905063
787,15_9_F_14_2007_11_07.pdf,3,funnel,0.18855373682376628
787,15_9_F_14_2007_11_07.pdf,4,crane operation,0.15123903372922132
787,15_9_F_14_2007_11_07.pdf,5,guide-funnel,0.15123903372922132
787,15_9_F_14_2007_11_07.pdf,6,rov,0.14900965455989637
787,15_9_F_14_2007_11_07.pdf,7,drill bushing,0.14485021606225162
787,15_9_F_14_2007_11_07.pdf,8,drilling,0.14186356076379988
787,15_9_F_14_2007_11_07.pdf,9,wind knop,0.13989466408517967
787,15_9_F_14_2007_11_07.pdf,10,funnel rov,0.13989466408517967
787,15_9_F_14_2007_11_07.pdf,11,wow,0.13247892878145154
787,15_9_F_14_2007_11_07.pdf,12,assisted rov,0.1268411505411083
788,15_9_F_14_2007_11_08.pdf,1,prior connection,0.18479400032010956
788,15_9_F_14_2007_11_08.pdf,2,connection downlinked,0.1709326882240152
788,15_9_F_14_2007_11_08.pdf,3,survey,0.1707656667647078
788,15_9_F_14_2007_11_08.pdf,4,wob rop,0.16598537179549458
788,15_9_F_14_2007_11_08.pdf,5,bentonite mud,0.15212405969940027
788,15_9_F_14_2007_11_08.pdf,6,bentonite,0.15212405969940027
788,15_9_F_14_2007_11_08.pdf,7,rpm torque,0.150910501239685
788,15_9_F_14_2007_11_08.pdf,8,m/hr pumped,0.14953780700036215
788,15_9_F_14_2007_11_08.pdf,9,rih conductor,0.14299384683127273
788,15_9_F_14_2007_11_08.pdf,10,survey drilling,0.13937045712315874
788,15_9_F_14_2007_11_08.pdf,11,conductor,0.1362407114038263
788,15_9_F_14_2007_11_08.pdf,12,performed survey,0.13331543117478534
789,15_9_F_14_2007_11_09.pdf,1,conductor,0.35586184648629043
789,15_9_F_14_2007_11_09.pdf,2,top-up,0.2817529212470118
789,15_9_F_14_2007_11_09.pdf,3,rih conductor,0.24900072743907384
789,15_9_F_14_2007_11_09.pdf,4,drilling casing,0.20684233462526902
789,15_9_F_14_2007_11_09.pdf,5,cement top-up,0.16089447736998885
789,15_9_F_14_2007_11_09.pdf,6,joint,0.16040666143790186
789,15_9_F_14_2007_11_09.pdf,7,installing,0.15636373492579536
789,15_9_F_14_2007_11_09.pdf,8,top-up cement,0.15409778306301752
789,15_9_F_14_2007_11_09.pdf,9,x-over joint,0.14882585738503196
789,15_9_F_14_2007_11_09.pdf,10,housing joint,0.14882585738503196
789,15_9_F_14_2007_11_09.pdf,11,conductor x-over,0.14882585738503196
789,15_9_F_14_2007_11_09.pdf,12,casing,0.14515415686944422
790,15_9_F_14_2007_11_10.pdf,1,wow,0.3176729219354081
790,15_9_F_14_2007_11_10.pdf,2,wind waves,0.2605036427455997
790,15_9_F_14_2007_11_10.pdf,3,wind,0.2418866647738929
790,15_9_F_14_2007_11_10.pdf,4,waves,0.23815288215095548
790,15_9_F_14_2007_11_10.pdf,5,wow high,0.23281970847579722
790,15_9_F_14_2007_11_10.pdf,6,conductor,0.22559533015623467
790,15_9_F_14_2007_11_10.pdf,7,weather wow,0.2166256450555335
790,15_9_F_14_2007_11_10.pdf,8,rih conductor,0.21046894788115303
790,15_9_F_14_2007_11_10.pdf,9,high wind,0.2027144586577702
790,15_9_F_14_2007_11_10.pdf,10,waiting weather,0.1638354111470028
790,15_9_F_14_2007_11_10.pdf,11,interruption waiting,0.14676352173827706
790,15_9_F_14_2007_11_10.pdf,12,weather,0.14035952052493977
791,15_9_F_14_2007_11_11.pdf,1,conductor,0.4995928593834862
791,15_9_F_14_2007_11_11.pdf,2,run conductor,0.2704663681522931
791,15_9_F_14_2007_11_11.pdf,3,conductor pipe,0.2464134974195214
791,15_9_F_14_2007_11_11.pdf,4,drilling casing,0.24638729920520486
791,15_9_F_14_2007_11_11.pdf,5,cement conductor,0.19940113832469897
791,15_9_F_14_2007_11_11.pdf,6,casing,0.17290532300490602
791,15_9_F_14_2007_11_11.pdf,7,wind waves,0.15733613852526837
791,15_9_F_14_2007_11_11.pdf,8,wow,0.14389846047229718
791,15_9_F_14_2007_11_11.pdf,9,waves,0.14383697080538263
791,15_9_F_14_2007_11_11.pdf,10,wow high,0.14061589894899615
791,15_9_F_14_2007_11_11.pdf,11,weather wow,0.1308351857938031
791,15_9_F_14_2007_11_11.pdf,12,run,0.1261376494220709
792,15_9_F_14_2007_11_12.pdf,1,drilling asing,0.4274240103173255
792,15_9_F_14_2007_11_12.pdf,2,conductor,0.4229011673290247
792,15_9_F_14_2007_11_12.pdf,3,asing,0.4116760583501196
792,15_9_F_14_2007_11_12.pdf,4,cement piping,0.225098599198864
792,15_9_F_14_2007_11_12.pdf,5,piping,0.19082621342160677
792,15_9_F_14_2007_11_12.pdf,6,asing held,0.14548133069868985
792,15_9_F_14_2007_11_12.pdf,7,cement,0.1327711763541685
792,15_9_F_14_2007_11_12.pdf,8,drilling,0.11513937843011092
792,15_9_F_14_2007_11_12.pdf,9,washed conductor,0.11449572805296405
792,15_9_F_14_2007_11_12.pdf,10,run conductor,0.10493427692601147
792,15_9_F_14_2007_11_12.pdf,11,guide funnel,0.09863631007322896
792,15_9_F_14_2007_11_12.pdf,12,f-7,0.09734492620730764
793,15_9_F_14_2007_11_13.pdf,1,improve template,0.33726139940938793
793,15_9_F_14_2007_11_13.pdf,2,visibility,0.29530032994524297
793,15_9_F_14_2007_11_13.pdf,3,wow visibility,0.2890811994937611
793,15_9_F_14_2007_11_13.pdf,4,eather wow,0.2890811994937611
793,15_9_F_14_2007_11_13.pdf,5,visibility improve,0.2890811994937611
793,15_9_F_14_2007_11_13.pdf,6,improve,0.2828543854014696
793,15_9_F_14_2007_11_13.pdf,7,waiting eather,0.2596580532589827
793,15_9_F_14_2007_11_13.pdf,8,eather,0.2596580532589827
793,15_9_F_14_2007_11_13.pdf,9,wow,0.19695104635083469
793,15_9_F_14_2007_11_13.pdf,10,template,0.19144277491613412
793,15_9_F_14_2007_11_13.pdf,11,interruption waiting,0.1559837745586156
793,15_9_F_14_2007_11_13.pdf,12,hot-stab,0.13843474522978147
794,15_9_F_14_2007_11_14.pdf,1,f-7,0.3098403945731066
794,15_9_F_14_2007_11_14.pdf,2,drilling casing,0.282528624688519
794,15_9_F_14_2007_11_14.pdf,3,hook load,0.20195908305355498
794,15_9_F_14_2007_11_14.pdf,4,casing,0.1982679434673891
794,15_9_F_14_2007_11_14.pdf,5,top-up,0.17762306099423553
794,15_9_F_14_2007_11_14.pdf,6,hook,0.16784064322992634
794,15_9_F_14_2007_11_14.pdf,7,returns,0.16584320106815623
794,15_9_F_14_2007_11_14.pdf,8,load,0.16003161813866973
794,15_9_F_14_2007_11_14.pdf,9,returns f-7,0.1521469738860513
794,15_9_F_14_2007_11_14.pdf,10,pumped,0.14980547607172529
794,15_9_F_14_2007_11_14.pdf,11,f-7 drilling,0.14571980193995487
794,15_9_F_14_2007_11_14.pdf,12,cement,0.14262718052600182
795,15_9_F_14_2007_11_15.pdf,1,drilling casin,0.46185673941757077
795,15_9_F_14_2007_11_15.pdf,2,casin,0.4537888039842153
795,15_9_F_14_2007_11_15.pdf,3,top-up,0.26225450392910765
795,15_9_F_14_2007_11_15.pdf,4,cart tool,0.2563816007590345
795,15_9_F_14_2007_11_15.pdf,5,cart,0.21807376056386593
795,15_9_F_14_2007_11_15.pdf,6,measuring,0.16623182280811774
795,15_9_F_14_2007_11_15.pdf,7,laser,0.14975994272161242
795,15_9_F_14_2007_11_15.pdf,8,casin held,0.14312919642858235
795,15_9_F_14_2007_11_15.pdf,9,drilling,0.13735446777458826
795,15_9_F_14_2007_11_15.pdf,10,tool,0.12710257973551978
795,15_9_F_14_2007_11_15.pdf,11,landing string,0.12033739096031738
795,15_9_F_14_2007_11_15.pdf,12,landing,0.10895330544639992
796,15_9_F_14_2007_11_16.pdf,1,cantilever f-14,0.3141877177578864
796,15_9_F_14_2007_11_16.pdf,2,skidding cantilever,0.2974056687917972
796,15_9_F_14_2007_11_16.pdf,3,skid prepared,0.29074559367820746
796,15_9_F_14_2007_11_16.pdf,4,prepared skidding,0.25315011351685796
796,15_9_F_14_2007_11_16.pdf,5,moving skid,0.24261076087215477
796,15_9_F_14_2007_11_16.pdf,6,f-5,0.23391462858543313
796,15_9_F_14_2007_11_16.pdf,7,remark moving,0.21436095134925828
796,15_9_F_14_2007_11_16.pdf,8,skidding,0.20924092404088876
796,15_9_F_14_2007_11_16.pdf,9,f-14,0.20242901783711895
796,15_9_F_14_2007_11_16.pdf,10,time,0.2005049285532394
796,15_9_F_14_2007_11_16.pdf,11,end,0.2005049285532394
796,15_9_F_14_2007_11_16.pdf,12,skid,0.20035053065325478
797,15_9_F_14_2007_12_04.pdf,1,shoetrack rathole,0.26496491199297284
797,15_9_F_14_2007_12_04.pdf,2,f-14 removed,0.25590004879030304
797,15_9_F_14_2007_12_04.pdf,3,gmwd survey,0.2422313822368484
797,15_9_F_14_2007_12_04.pdf,4,hwdp stand,0.23202212053151805
797,15_9_F_14_2007_12_04.pdf,5,f-1,0.2238701824968509
797,15_9_F_14_2007_12_04.pdf,6,gmwd,0.22033547927624883
797,15_9_F_14_2007_12_04.pdf,7,removed hatches,0.2170838675170983
797,15_9_F_14_2007_12_04.pdf,8,make drilling,0.21407334525085175
797,15_9_F_14_2007_12_04.pdf,9,drill shoetrack,0.21407334525085175
797,15_9_F_14_2007_12_04.pdf,10,toolface,0.20618605610215215
797,15_9_F_14_2007_12_04.pdf,11,skidded rig,0.20386408354552144
797,15_9_F_14_2007_12_04.pdf,12,bha drill,0.19390636109786547
798,15_9_F_14_2007_12_05.pdf,1,junk,0.27458521145108766
798,15_9_F_14_2007_12_05.pdf,2,drilling,0.23032924841438365
798,15_9_F_14_2007_12_05.pdf,3,rov,0.22177065597470655
798,15_9_F_14_2007_12_05.pdf,4,removal bha,0.204626031649807
798,15_9_F_14_2007_12_05.pdf,5,junk removal,0.204626031649807
798,15_9_F_14_2007_12_05.pdf,6,cts,0.18961556495699206
798,15_9_F_14_2007_12_05.pdf,7,bha,0.17739601884485245
798,15_9_F_14_2007_12_05.pdf,8,removal,0.1716157571569298
798,15_9_F_14_2007_12_05.pdf,9,drilling drill,0.153460707815901
798,15_9_F_14_2007_12_05.pdf,10,rock bit,0.14703909383895186
798,15_9_F_14_2007_12_05.pdf,11,rock,0.14703909383895186
798,15_9_F_14_2007_12_05.pdf,12,bit,0.1456953206005299
799,15_9_F_14_2007_12_06.pdf,1,drilling,0.23970852160944567
799,15_9_F_14_2007_12_06.pdf,2,deg,0.18975528097849553
799,15_9_F_14_2007_12_06.pdf,3,survey,0.18753142312276594
799,15_9_F_14_2007_12_06.pdf,4,ubho,0.16705958491029085
799,15_9_F_14_2007_12_06.pdf,5,drilling bha,0.14995920709834334
799,15_9_F_14_2007_12_06.pdf,6,drilling drill,0.13835822696307018
799,15_9_F_14_2007_12_06.pdf,7,wob rotation,0.13529137139074726
799,15_9_F_14_2007_12_06.pdf,8,rotation rpm,0.13432177581934346
799,15_9_F_14_2007_12_06.pdf,9,bit,0.13378959038876403
799,15_9_F_14_2007_12_06.pdf,10,ubho sleeve,0.1295762336884177
799,15_9_F_14_2007_12_06.pdf,11,bha,0.1282836039106744
799,15_9_F_14_2007_12_06.pdf,12,drilling parameters,0.12304675783017092
800,15_9_F_14_2007_12_07.pdf,1,deg,0.32698510512108214
800,15_9_F_14_2007_12_07.pdf,2,drilling rill,0.21416376033939682
800,15_9_F_14_2007_12_07.pdf,3,toolface,0.21324136791296602
800,15_9_F_14_2007_12_07.pdf,4,rill,0.20876674962136674
800,15_9_F_14_2007_12_07.pdf,5,toolface deg,0.17643765533786868
800,15_9_F_14_2007_12_07.pdf,6,deg azimuth,0.14305903310133236
800,15_9_F_14_2007_12_07.pdf,7,deg toolface,0.14305903310133236
800,15_9_F_14_2007_12_07.pdf,8,wob rotation,0.14305903310133236
800,15_9_F_14_2007_12_07.pdf,9,bit rpm,0.14055996111923438
800,15_9_F_14_2007_12_07.pdf,10,rpm bit,0.14055996111923438
800,15_9_F_14_2007_12_07.pdf,11,secured drillstring,0.13701576467015614
800,15_9_F_14_2007_12_07.pdf,12,azimuth deg,0.13701576467015614
801,15_9_F_14_2007_12_08.pdf,1,sweep singel,0.205616747929053
801,15_9_F_14_2007_12_08.pdf,2,hrs pumped,0.205616747929053
801,15_9_F_14_2007_12_08.pdf,3,rop hrs,0.205616747929053
801,15_9_F_14_2007_12_08.pdf,4,drilled performed,0.205616747929053
801,15_9_F_14_2007_12_08.pdf,5,singel drilled,0.19858227805100312
801,15_9_F_14_2007_12_08.pdf,6,drilled,0.17300059815166854
801,15_9_F_14_2007_12_08.pdf,7,knm string,0.17098363840482042
801,15_9_F_14_2007_12_08.pdf,8,singel,0.16612412842777047
801,15_9_F_14_2007_12_08.pdf,9,survey connections,0.16394916852677058
801,15_9_F_14_2007_12_08.pdf,10,sweep,0.16000347368698453
801,15_9_F_14_2007_12_08.pdf,11,rpm bit,0.1582015881381252
801,15_9_F_14_2007_12_08.pdf,12,bar wob,0.14913257914728306
802,15_9_F_14_2007_12_09.pdf,1,overpull overpull,0.3995722570136601
802,15_9_F_14_2007_12_09.pdf,2,dri,0.26162373268934136
802,15_9_F_14_2007_12_09.pdf,3,drilling dri,0.26162373268934136
802,15_9_F_14_2007_12_09.pdf,4,overpull,0.20014828153082181
802,15_9_F_14_2007_12_09.pdf,5,vis,0.19073121536951163
802,15_9_F_14_2007_12_09.pdf,6,utsira sand,0.14141969170631097
802,15_9_F_14_2007_12_09.pdf,7,string rpm,0.1390263705242053
802,15_9_F_14_2007_12_09.pdf,8,drilling,0.12773985898348703
802,15_9_F_14_2007_12_09.pdf,9,spp,0.12630820629934514
802,15_9_F_14_2007_12_09.pdf,10,torque knm,0.1242939790190659
802,15_9_F_14_2007_12_09.pdf,11,pumped vis,0.1186058649205155
802,15_9_F_14_2007_12_09.pdf,12,spp bar,0.11167365651792066
803,15_9_F_14_2007_12_10.pdf,1,drilling casin,0.38407929788564016
803,15_9_F_14_2007_12_10.pdf,2,casin,0.37737001617084354
803,15_9_F_14_2007_12_10.pdf,3,csg,0.2719483943336879
803,15_9_F_14_2007_12_10.pdf,4,joint,0.19667344217386037
803,15_9_F_14_2007_12_10.pdf,5,joint strk,0.17418065472517946
803,15_9_F_14_2007_12_10.pdf,6,tong,0.13897904619772722
803,15_9_F_14_2007_12_10.pdf,7,filled joint,0.13532974085679556
803,15_9_F_14_2007_12_10.pdf,8,interruption ther,0.12720749284518829
803,15_9_F_14_2007_12_10.pdf,9,dci,0.11859756299395413
803,15_9_F_14_2007_12_10.pdf,10,drilling,0.11422374741320629
803,15_9_F_14_2007_12_10.pdf,11,ther,0.11419642453149627
803,15_9_F_14_2007_12_10.pdf,12,chain,0.1122642391905199
804,15_9_F_14_2007_12_11.pdf,1,housing/cart,0.31082824518106034
804,15_9_F_14_2007_12_11.pdf,2,casing,0.2804198913348248
804,15_9_F_14_2007_12_11.pdf,3,housing/cart assembly,0.23312118388579528
804,15_9_F_14_2007_12_11.pdf,4,drilling casing,0.23309639888496891
804,15_9_F_14_2007_12_11.pdf,5,drag,0.2157507043182664
804,15_9_F_14_2007_12_11.pdf,6,dci,0.16817997928436634
804,15_9_F_14_2007_12_11.pdf,7,housing,0.1480591780849123
804,15_9_F_14_2007_12_11.pdf,8,assembly,0.14780205872690363
804,15_9_F_14_2007_12_11.pdf,9,joint average,0.14375658147103326
804,15_9_F_14_2007_12_11.pdf,10,assembly casing,0.14375658147103326
804,15_9_F_14_2007_12_11.pdf,11,casing csg,0.14375658147103326
804,15_9_F_14_2007_12_11.pdf,12,csg,0.1402336812474664
805,15_9_F_14_2007_12_12.pdf,1,drilling sing,0.5169849772653802
805,15_9_F_14_2007_12_12.pdf,2,sing,0.5031407257337501
805,15_9_F_14_2007_12_12.pdf,3,dci,0.13979676565197052
805,15_9_F_14_2007_12_12.pdf,4,drilling,0.13733395734973453
805,15_9_F_14_2007_12_12.pdf,5,f-9,0.1326953639048928
805,15_9_F_14_2007_12_12.pdf,6,lpm,0.12406154232579877
805,15_9_F_14_2007_12_12.pdf,7,lpm bar,0.10885622560186359
805,15_9_F_14_2007_12_12.pdf,8,cart,0.10260762199946433
805,15_9_F_14_2007_12_12.pdf,9,dci frame,0.10180125074754544
805,15_9_F_14_2007_12_12.pdf,10,bar,0.10144591249243388
805,15_9_F_14_2007_12_12.pdf,11,housing,0.09845735174630939
805,15_9_F_14_2007_12_12.pdf,12,landing string,0.0973171792406425
806,15_9_F_14_2008_04_27.pdf,1,hpdr,0.5504738731346406
806,15_9_F_14_2008_04_27.pdf,2,bop/wellhead equipment,0.21510375245025734
806,15_9_F_14_2008_04_27.pdf,3,hpdr tbc,0.20543316369477202
806,15_9_F_14_2008_04_27.pdf,4,drilling bop/wellhead,0.19817617213390729
806,15_9_F_14_2008_04_27.pdf,5,bop/wellhead,0.1852873873468474
806,15_9_F_14_2008_04_27.pdf,6,tbc,0.15166714994052502
806,15_9_F_14_2008_04_27.pdf,7,prepared rigged,0.1418068770629738
806,15_9_F_14_2008_04_27.pdf,8,picked hpdr,0.1418068770629738
806,15_9_F_14_2008_04_27.pdf,9,double,0.140160948119029
806,15_9_F_14_2008_04_27.pdf,10,box talk,0.13950421962655382
806,15_9_F_14_2008_04_27.pdf,11,equipment held,0.1392912439139451
806,15_9_F_14_2008_04_27.pdf,12,cantilever f-14,0.13695544246318134
807,15_9_F_14_2008_04_28.pdf,1,hpdr,0.28500957269388016
807,15_9_F_14_2008_04_28.pdf,2,bop/wellhead equip,0.2616611897988646
807,15_9_F_14_2008_04_28.pdf,3,equip ment,0.23949210003368204
807,15_9_F_14_2008_04_28.pdf,4,hatch covers,0.23608039644295867
807,15_9_F_14_2008_04_28.pdf,5,ment,0.22625251996873844
807,15_9_F_14_2008_04_28.pdf,6,covers,0.20932895183909167
807,15_9_F_14_2008_04_28.pdf,7,cantilever f-12,0.18233771008464933
807,15_9_F_14_2008_04_28.pdf,8,drilling bop/wellhead,0.1758965727360676
807,15_9_F_14_2008_04_28.pdf,9,hpdr double,0.16873315782935489
807,15_9_F_14_2008_04_28.pdf,10,bop/wellhead,0.1644567863764606
807,15_9_F_14_2008_04_28.pdf,11,skid,0.1550302782224395
807,15_9_F_14_2008_04_28.pdf,12,skidded cantilever,0.15467982709070516
808,15_9_F_14_2008_04_29.pdf,1,bop/wellhead equi,0.43464859992218013
808,15_9_F_14_2008_04_29.pdf,2,pment,0.36723678110692565
808,15_9_F_14_2008_04_29.pdf,3,equi pment,0.36723678110692565
808,15_9_F_14_2008_04_29.pdf,4,equi,0.36723678110692565
808,15_9_F_14_2008_04_29.pdf,5,hpdr,0.28120721082925004
808,15_9_F_14_2008_04_29.pdf,6,drilling bop/wellhead,0.24296986871148124
808,15_9_F_14_2008_04_29.pdf,7,bop/wellhead,0.2271678360359966
808,15_9_F_14_2008_04_29.pdf,8,lifting sub,0.10594312888059822
808,15_9_F_14_2008_04_29.pdf,9,drilling,0.09459702541503065
808,15_9_F_14_2008_04_29.pdf,10,guide,0.09124953016342782
808,15_9_F_14_2008_04_29.pdf,11,guide wires,0.08840355164710179
808,15_9_F_14_2008_04_29.pdf,12,tbc,0.08452201234546469
809,15_9_F_14_2008_04_30.pdf,1,drilling bop/well,0.3964921817931804
809,15_9_F_14_2008_04_30.pdf,2,bop/well,0.3964921817931804
809,15_9_F_14_2008_04_30.pdf,3,bop/well head,0.3964921817931804
809,15_9_F_14_2008_04_30.pdf,4,head equipment,0.38292756539982725
809,15_9_F_14_2008_04_30.pdf,5,head,0.17149468068188745
809,15_9_F_14_2008_04_30.pdf,6,continued programmed,0.14620924295239643
809,15_9_F_14_2008_04_30.pdf,7,programmed maintenance,0.13799333795912425
809,15_9_F_14_2008_04_30.pdf,8,hpdr,0.12826046210390035
809,15_9_F_14_2008_04_30.pdf,9,riser jnt,0.12764252179994243
809,15_9_F_14_2008_04_30.pdf,10,programmed,0.12764252179994243
809,15_9_F_14_2008_04_30.pdf,11,equipment,0.12683775773063552
809,15_9_F_14_2008_04_30.pdf,12,jnt,0.11333979338356372
810,15_9_F_14_2008_05_01.pdf,1,bop/wellhead equipment,0.33805484114913376
810,15_9_F_14_2008_05_01.pdf,2,drilling bop/wellhead,0.31145163032785234
810,15_9_F_14_2008_05_01.pdf,3,bop/wellhead,0.29119574894892347
810,15_9_F_14_2008_05_01.pdf,4,programmed,0.23061188821181233
810,15_9_F_14_2008_05_01.pdf,5,bell nipple,0.21829396557705405
810,15_9_F_14_2008_05_01.pdf,6,bell,0.2134055106478229
810,15_9_F_14_2008_05_01.pdf,7,bars min,0.18803006383421217
810,15_9_F_14_2008_05_01.pdf,8,nipple,0.16887445617280356
810,15_9_F_14_2008_05_01.pdf,9,programmed maintenance,0.16620847963335866
810,15_9_F_14_2008_05_01.pdf,10,nipple diverter,0.1591873049742891
810,15_9_F_14_2008_05_01.pdf,11,equipment,0.15277194670628144
810,15_9_F_14_2008_05_01.pdf,12,prs,0.1473345425221234
811,15_9_F_14_2008_05_11.pdf,1,drilling casin,0.21927602371475985
811,15_9_F_14_2008_05_11.pdf,2,casin,0.21544560477653116
811,15_9_F_14_2008_05_11.pdf,3,drilling,0.21426757202867497
811,15_9_F_14_2008_05_11.pdf,4,nominal seat,0.1897012004763263
811,15_9_F_14_2008_05_11.pdf,5,ellhead equipm,0.18741331683411364
811,15_9_F_14_2008_05_11.pdf,6,nominal,0.18163725989596455
811,15_9_F_14_2008_05_11.pdf,7,bop/w,0.1808286785151323
811,15_9_F_14_2008_05_11.pdf,8,ellhead,0.1808286785151323
811,15_9_F_14_2008_05_11.pdf,9,drilling bop/w,0.1808286785151323
811,15_9_F_14_2008_05_11.pdf,10,bop/w ellhead,0.1808286785151323
811,15_9_F_14_2008_05_11.pdf,11,seat protector,0.17748860697714908
811,15_9_F_14_2008_05_11.pdf,12,equipm,0.16466897204925324
812,15_9_F_14_2008_05_12.pdf,1,bar rotation,0.229262306196407
812,15_9_F_14_2008_05_12.pdf,2,drilling,0.21455286650920913
812,15_9_F_14_2008_05_12.pdf,3,rotation rpm,0.19870634618005983
812,15_9_F_14_2008_05_12.pdf,4,wob torque,0.1849359541854529
812,15_9_F_14_2008_05_12.pdf,5,rpm wob,0.17798720815922975
812,15_9_F_14_2008_05_12.pdf,6,flow lpm,0.17287653115046142
812,15_9_F_14_2008_05_12.pdf,7,parameters flow,0.1632859202648402
812,15_9_F_14_2008_05_12.pdf,8,spp bar,0.16255888753489547
812,15_9_F_14_2008_05_12.pdf,9,lpm spp,0.16117851368849717
812,15_9_F_14_2008_05_12.pdf,10,torque knm,0.15831356416819561
812,15_9_F_14_2008_05_12.pdf,11,drilling parameters,0.15602302653094507
812,15_9_F_14_2008_05_12.pdf,12,spp,0.15321818161038048
813,15_9_F_14_2008_05_13.pdf,1,drilling,0.22027017860341686
813,15_9_F_14_2008_05_13.pdf,2,bar rotation,0.2172660822318748
813,15_9_F_14_2008_05_13.pdf,3,shaker,0.20126609128421788
813,15_9_F_14_2008_05_13.pdf,4,rotation rpm,0.18830897265844943
813,15_9_F_14_2008_05_13.pdf,5,section,0.18196209345831157
813,15_9_F_14_2008_05_13.pdf,6,hole section,0.1790350672682783
813,15_9_F_14_2008_05_13.pdf,7,wob torque,0.17525912085724518
813,15_9_F_14_2008_05_13.pdf,8,rop m/hrs,0.1725137925293296
813,15_9_F_14_2008_05_13.pdf,9,drilling parameters,0.16898179594112228
813,15_9_F_14_2008_05_13.pdf,10,rpm wob,0.16867397020344146
813,15_9_F_14_2008_05_13.pdf,11,flow lpm,0.16383071101413382
813,15_9_F_14_2008_05_13.pdf,12,parameters flow,0.15474193193003882
814,15_9_F_14_2008_05_14.pdf,1,hole section,0.24475838940510222
814,15_9_F_14_2008_05_14.pdf,2,drilling,0.23163908171112066
814,15_9_F_14_2008_05_14.pdf,3,bar rotation,0.22630393420448147
814,15_9_F_14_2008_05_14.pdf,4,rop m/hrs,0.20963837434582608
814,15_9_F_14_2008_05_14.pdf,5,section,0.19900793562816446
814,15_9_F_14_2008_05_14.pdf,6,rotation rpm,0.19614226445677235
814,15_9_F_14_2008_05_14.pdf,7,section drilling,0.18585602156925443
814,15_9_F_14_2008_05_14.pdf,8,wob torque,0.18254956387018859
814,15_9_F_14_2008_05_14.pdf,9,m/hrs,0.17849881869522677
814,15_9_F_14_2008_05_14.pdf,10,rpm wob,0.17569048358956502
814,15_9_F_14_2008_05_14.pdf,11,parameters flow,0.16117889926692067
814,15_9_F_14_2008_05_14.pdf,12,drilling parameters,0.1540097250011717
815,15_9_F_14_2008_05_15.pdf,1,drilling,0.2488899202487653
815,15_9_F_14_2008_05_15.pdf,2,bar rotation,0.2200994148030019
815,15_9_F_14_2008_05_15.pdf,3,rotation rpm,0.1907646801494109
815,15_9_F_14_2008_05_15.pdf,4,rop m/hrs,0.17476351757762482
815,15_9_F_14_2008_05_15.pdf,5,hole section,0.1586986058242419
815,15_9_F_14_2008_05_15.pdf,6,spp bar,0.15606192143424502
815,15_9_F_14_2008_05_15.pdf,7,drilling drill,0.15439071601871174
815,15_9_F_14_2008_05_15.pdf,8,drilling rip,0.1523393538271709
815,15_9_F_14_2008_05_15.pdf,9,m/hrs,0.14880425177867548
815,15_9_F_14_2008_05_15.pdf,10,rip,0.14793018554151416
815,15_9_F_14_2008_05_15.pdf,11,section,0.14746802584219612
815,15_9_F_14_2008_05_15.pdf,12,knm ecd,0.14722682029031114
816,15_9_F_14_2008_05_16.pdf,1,drilling,0.2516007322181299
816,15_9_F_14_2008_05_16.pdf,2,casing,0.21778892327354268
816,15_9_F_14_2008_05_16.pdf,3,drilling trip,0.20716705917847056
816,15_9_F_14_2008_05_16.pdf,4,drilling casing,0.20689713757648054
816,15_9_F_14_2008_05_16.pdf,5,trip,0.20270571538422957
816,15_9_F_14_2008_05_16.pdf,6,dropped object,0.1589818237114867
816,15_9_F_14_2008_05_16.pdf,7,object,0.15154160131801583
816,15_9_F_14_2008_05_16.pdf,8,toolbox talk,0.1376483687329357
816,15_9_F_14_2008_05_16.pdf,9,nominal seat,0.1366224596388461
816,15_9_F_14_2008_05_16.pdf,10,toolbox,0.13458127110618784
816,15_9_F_14_2008_05_16.pdf,11,nominal,0.13081482429597954
816,15_9_F_14_2008_05_16.pdf,12,main tain,0.1301010035967749
817,15_9_F_14_2008_05_17.pdf,1,drilling sing,0.3330646318545019
817,15_9_F_14_2008_05_17.pdf,2,sing,0.3241455515282732
817,15_9_F_14_2008_05_17.pdf,3,casing,0.2552884468113546
817,15_9_F_14_2008_05_17.pdf,4,elevator,0.25337620902302854
817,15_9_F_14_2008_05_17.pdf,5,casing running,0.2156328241699399
817,15_9_F_14_2008_05_17.pdf,6,elevator tilt,0.19630951050560733
817,15_9_F_14_2008_05_17.pdf,7,bx-2,0.1873870381034817
817,15_9_F_14_2008_05_17.pdf,8,centre,0.18166249649712304
817,15_9_F_14_2008_05_17.pdf,9,tilt,0.1804903869529899
817,15_9_F_14_2008_05_17.pdf,10,sing held,0.15485318161264813
817,15_9_F_14_2008_05_17.pdf,11,eye,0.1355089807404337
817,15_9_F_14_2008_05_17.pdf,12,running,0.13284969306335895
818,15_9_F_14_2008_05_18.pdf,1,casing,0.4497720287493367
818,15_9_F_14_2008_05_18.pdf,2,joint wbm,0.27284833491636246
818,15_9_F_14_2008_05_18.pdf,3,ran casing,0.23398625741831822
818,15_9_F_14_2008_05_18.pdf,4,filled casing,0.22044260639016072
818,15_9_F_14_2008_05_18.pdf,5,casing joint,0.21485670539564852
818,15_9_F_14_2008_05_18.pdf,6,casing filled,0.21485670539564852
818,15_9_F_14_2008_05_18.pdf,7,wbm,0.1996755999022492
818,15_9_F_14_2008_05_18.pdf,8,casing ran,0.192968127218008
818,15_9_F_14_2008_05_18.pdf,9,drilling casing,0.18311939818640433
818,15_9_F_14_2008_05_18.pdf,10,joint,0.1704113697661414
818,15_9_F_14_2008_05_18.pdf,11,joint jammed,0.14244134268202682
818,15_9_F_14_2008_05_18.pdf,12,wbm laid,0.14244134268202682
819,15_9_F_14_2008_05_19.pdf,1,casing,0.43624098374426207
819,15_9_F_14_2008_05_19.pdf,2,drilling casing,0.36388470588297617
819,15_9_F_14_2008_05_19.pdf,3,padprt,0.23212463476453088
819,15_9_F_14_2008_05_19.pdf,4,drilling,0.1991286432572397
819,15_9_F_14_2008_05_19.pdf,5,ms-seal,0.19725357525780743
819,15_9_F_14_2008_05_19.pdf,6,bar,0.18522751737797663
819,15_9_F_14_2008_05_19.pdf,7,cement,0.13267053835300727
819,15_9_F_14_2008_05_19.pdf,8,seal,0.11232106226864565
819,15_9_F_14_2008_05_19.pdf,9,wbm,0.09919606778697806
819,15_9_F_14_2008_05_19.pdf,10,wiper plug,0.09919606778697806
819,15_9_F_14_2008_05_19.pdf,11,hanger padprt,0.09534078540878867
819,15_9_F_14_2008_05_19.pdf,12,casing picked,0.08876178584682037
820,15_9_F_14_2008_05_20.pdf,1,padprt,0.3199328291827311
820,15_9_F_14_2008_05_20.pdf,2,drilling casing,0.30092108982976995
820,15_9_F_14_2008_05_20.pdf,3,pressurized bar,0.26333395076577876
820,15_9_F_14_2008_05_20.pdf,4,casing,0.2199740442682687
820,15_9_F_14_2008_05_20.pdf,5,pressurized,0.21309339825991466
820,15_9_F_14_2008_05_20.pdf,6,dropped bar,0.19819097444056283
820,15_9_F_14_2008_05_20.pdf,7,bar,0.18508920308942742
820,15_9_F_14_2008_05_20.pdf,8,test,0.15857945807538978
820,15_9_F_14_2008_05_20.pdf,9,bar min,0.15791781850473807
820,15_9_F_14_2008_05_20.pdf,10,min,0.15306038217081636
820,15_9_F_14_2008_05_20.pdf,11,drilling,0.15247505642157658
820,15_9_F_14_2008_05_20.pdf,12,ms-seal,0.1398192336664079
821,15_9_F_14_2008_05_21.pdf,1,bop,0.2767297866519114
821,15_9_F_14_2008_05_21.pdf,2,bop activities,0.2616078020499835
821,15_9_F_14_2008_05_21.pdf,3,activities pressure,0.24846371336703735
821,15_9_F_14_2008_05_21.pdf,4,allignment,0.2370114006486717
821,15_9_F_14_2008_05_21.pdf,5,drilling bop,0.22020625322683118
821,15_9_F_14_2008_05_21.pdf,6,activities,0.21635444305704157
821,15_9_F_14_2008_05_21.pdf,7,pressure tested,0.21175708553504752
821,15_9_F_14_2008_05_21.pdf,8,allignment cylinder,0.20217736336567077
821,15_9_F_14_2008_05_21.pdf,9,drilling,0.1760077191926579
821,15_9_F_14_2008_05_21.pdf,10,bop test,0.17582890310009544
821,15_9_F_14_2008_05_21.pdf,11,tested bop,0.16697828252158967
821,15_9_F_14_2008_05_21.pdf,12,test,0.16559184766210486
822,15_9_F_14_2008_05_22.pdf,1,drilling,0.22907861082597455
822,15_9_F_14_2008_05_22.pdf,2,xlot,0.16758057700316245
822,15_9_F_14_2008_05_22.pdf,3,cri,0.15913976937542187
822,15_9_F_14_2008_05_22.pdf,4,rft/fi,0.15878350136477024
822,15_9_F_14_2008_05_22.pdf,5,drilling drill,0.15325814158001588
822,15_9_F_14_2008_05_22.pdf,6,valve assembly,0.13862000872969898
822,15_9_F_14_2008_05_22.pdf,7,drill,0.12726390359053202
822,15_9_F_14_2008_05_22.pdf,8,wob torque,0.12308980514003658
822,15_9_F_14_2008_05_22.pdf,9,valve,0.12076515209362569
822,15_9_F_14_2008_05_22.pdf,10,knm ecd,0.11908257657756674
822,15_9_F_14_2008_05_22.pdf,11,rpm wob,0.11846485377185804
822,15_9_F_14_2008_05_22.pdf,12,spp bar,0.11833944177971922
823,15_9_F_14_2008_05_23.pdf,1,hole section,0.17089681087166286
823,15_9_F_14_2008_05_23.pdf,2,rpm,0.1532879325422561
823,15_9_F_14_2008_05_23.pdf,3,rpm bit,0.1524719996896631
823,15_9_F_14_2008_05_23.pdf,4,bit rpm,0.1524719996896631
823,15_9_F_14_2008_05_23.pdf,5,drilling,0.1509541242078031
823,15_9_F_14_2008_05_23.pdf,6,lpm,0.15053324535773938
823,15_9_F_14_2008_05_23.pdf,7,bar string,0.14927086329929246
823,15_9_F_14_2008_05_23.pdf,8,spp bar,0.1470502778928613
823,15_9_F_14_2008_05_23.pdf,9,lpm spp,0.14580159588729985
823,15_9_F_14_2008_05_23.pdf,10,problems mwd,0.14354266632391197
823,15_9_F_14_2008_05_23.pdf,11,section,0.13895262842539982
823,15_9_F_14_2008_05_23.pdf,12,spp,0.13860070357093704
824,15_9_F_14_2008_05_24.pdf,1,downlink,0.20292267141427744
824,15_9_F_14_2008_05_24.pdf,2,gyro,0.17957172376425495
824,15_9_F_14_2008_05_24.pdf,3,downlink schlumberger,0.16370378687895462
824,15_9_F_14_2008_05_24.pdf,4,ahead limited,0.16370378687895462
824,15_9_F_14_2008_05_24.pdf,5,attempts downlink,0.16370378687895462
824,15_9_F_14_2008_05_24.pdf,6,powerdrive drilled,0.16370378687895462
824,15_9_F_14_2008_05_24.pdf,7,used attempts,0.16370378687895462
824,15_9_F_14_2008_05_24.pdf,8,drill used,0.16370378687895462
824,15_9_F_14_2008_05_24.pdf,9,schlumberger powerdrive,0.1545048146876119
824,15_9_F_14_2008_05_24.pdf,10,rop,0.15369750904961235
824,15_9_F_14_2008_05_24.pdf,11,rpm,0.1526181662171916
824,15_9_F_14_2008_05_24.pdf,12,drilled ahead,0.14797804004902615
825,15_9_F_14_2008_05_25.pdf,1,csg,0.3308793205444438
825,15_9_F_14_2008_05_25.pdf,2,drilling,0.20846386697772126
825,15_9_F_14_2008_05_25.pdf,3,gyro,0.19372292808077515
825,15_9_F_14_2008_05_25.pdf,4,csg running,0.16465555096901435
825,15_9_F_14_2008_05_25.pdf,5,wear bushing,0.15138310758324247
825,15_9_F_14_2008_05_25.pdf,6,wear,0.14623991642268938
825,15_9_F_14_2008_05_25.pdf,7,drilling casing,0.142853907808523
825,15_9_F_14_2008_05_25.pdf,8,equipment,0.14007397731770924
825,15_9_F_14_2008_05_25.pdf,9,rih csg,0.13894266759752533
825,15_9_F_14_2008_05_25.pdf,10,connection pooh,0.13334449088724395
825,15_9_F_14_2008_05_25.pdf,11,running equipment,0.13238884806607726
825,15_9_F_14_2008_05_25.pdf,12,drill bha,0.11675416227395131
826,15_9_F_14_2008_05_26.pdf,1,csg,0.3432298240606165
826,15_9_F_14_2008_05_26.pdf,2,vam,0.3134667777375298
826,15_9_F_14_2008_05_26.pdf,3,rih vam,0.2370778340343137
826,15_9_F_14_2008_05_26.pdf,4,joint tripping,0.2370778340343137
826,15_9_F_14_2008_05_26.pdf,5,filled csg,0.22375576956626325
826,15_9_F_14_2008_05_26.pdf,6,csg using,0.22375576956626325
826,15_9_F_14_2008_05_26.pdf,7,drilling casing,0.19177026881011927
826,15_9_F_14_2008_05_26.pdf,8,drive joint,0.18966226722745097
826,15_9_F_14_2008_05_26.pdf,9,vam csg,0.18966226722745097
826,15_9_F_14_2008_05_26.pdf,10,using drive,0.17900461565301062
826,15_9_F_14_2008_05_26.pdf,11,casing,0.1614925787732367
826,15_9_F_14_2008_05_26.pdf,12,casing rih,0.15311289262706806
827,15_9_F_14_2008_05_27.pdf,1,csg,0.3206908308550885
827,15_9_F_14_2008_05_27.pdf,2,drilling casing,0.22152820338547805
827,15_9_F_14_2008_05_27.pdf,3,casing,0.21375770105177763
827,15_9_F_14_2008_05_27.pdf,4,rih csg,0.17955242993026632
827,15_9_F_14_2008_05_27.pdf,5,fac tool,0.14804346455858583
827,15_9_F_14_2008_05_27.pdf,6,fac,0.1444805655245631
827,15_9_F_14_2008_05_27.pdf,7,csg using,0.12923852570240996
827,15_9_F_14_2008_05_27.pdf,8,filled csg,0.12923852570240996
827,15_9_F_14_2008_05_27.pdf,9,using fac,0.12377907944768861
827,15_9_F_14_2008_05_27.pdf,10,drilling,0.12122688827034829
827,15_9_F_14_2008_05_27.pdf,11,tool joint,0.1195444039425204
827,15_9_F_14_2008_05_27.pdf,12,landed csg,0.1160844221233177
828,15_9_F_14_2008_05_28.pdf,1,lock sub,0.44780877095496363
828,15_9_F_14_2008_05_28.pdf,2,lock,0.30363131933780674
828,15_9_F_14_2008_05_28.pdf,3,drilling casing,0.2289026967447523
828,15_9_F_14_2008_05_28.pdf,4,jet/flush tool,0.2136652334429533
828,15_9_F_14_2008_05_28.pdf,5,jet/flush,0.2136652334429533
828,15_9_F_14_2008_05_28.pdf,6,casing,0.19276234535636014
828,15_9_F_14_2008_05_28.pdf,7,cmt,0.15362697728968094
828,15_9_F_14_2008_05_28.pdf,8,set lock,0.15092434890441342
828,15_9_F_14_2008_05_28.pdf,9,bar,0.12428574964522511
828,15_9_F_14_2008_05_28.pdf,10,cmt unit,0.11699489154009553
828,15_9_F_14_2008_05_28.pdf,11,rih jet/flush,0.11319326167831005
828,15_9_F_14_2008_05_28.pdf,12,drilling,0.1113443845232417
829,15_9_F_14_2008_05_29.pdf,1,lock sub,0.3192699610445308
829,15_9_F_14_2008_05_29.pdf,2,rtts,0.2954310251033698
829,15_9_F_14_2008_05_29.pdf,3,drilling casing,0.2792509018027893
829,15_9_F_14_2008_05_29.pdf,4,lock,0.2525566568035551
829,15_9_F_14_2008_05_29.pdf,5,casing,0.1959677610468429
829,15_9_F_14_2008_05_29.pdf,6,rih lock,0.1777240146082133
829,15_9_F_14_2008_05_29.pdf,7,finger,0.17660826753104625
829,15_9_F_14_2008_05_29.pdf,8,drilling,0.14818374109953267
829,15_9_F_14_2008_05_29.pdf,9,tool,0.14140868750811394
829,15_9_F_14_2008_05_29.pdf,10,jet/flush,0.11848267640547551
829,15_9_F_14_2008_05_29.pdf,11,working interruption,0.11848267640547551
829,15_9_F_14_2008_05_29.pdf,12,pooh jet/flush,0.11848267640547551
830,15_9_F_14_2008_05_30.pdf,1,rtts,0.3512500874132892
830,15_9_F_14_2008_05_30.pdf,2,drilling casing,0.258711330271272
830,15_9_F_14_2008_05_30.pdf,3,min dropped,0.21691038747991132
830,15_9_F_14_2008_05_30.pdf,4,bar min,0.2005172941370894
830,15_9_F_14_2008_05_30.pdf,5,casing,0.18155386365239337
830,15_9_F_14_2008_05_30.pdf,6,dropped bar,0.16357537667869018
830,15_9_F_14_2008_05_30.pdf,7,bar,0.15802958458752872
830,15_9_F_14_2008_05_30.pdf,8,drilling,0.14262331322850547
830,15_9_F_14_2008_05_30.pdf,9,min,0.14036354883828417
830,15_9_F_14_2008_05_30.pdf,10,test rtts,0.13502165321499185
830,15_9_F_14_2008_05_30.pdf,11,test,0.1262899581398361
830,15_9_F_14_2008_05_30.pdf,12,rtts bar,0.11564414756866741
831,15_9_F_14_2008_05_31.pdf,1,bop/wellhead equipm,0.40821397196865417
831,15_9_F_14_2008_05_31.pdf,2,equipm ent,0.3348987472093283
831,15_9_F_14_2008_05_31.pdf,3,equipm,0.3348987472093283
831,15_9_F_14_2008_05_31.pdf,4,ent,0.324611595085771
831,15_9_F_14_2008_05_31.pdf,5,drilling bop/wellhead,0.2433185972037707
831,15_9_F_14_2008_05_31.pdf,6,bop/wellhead,0.22749388427143255
831,15_9_F_14_2008_05_31.pdf,7,hpdr,0.1408054102046047
831,15_9_F_14_2008_05_31.pdf,8,tension,0.13518340519971772
831,15_9_F_14_2008_05_31.pdf,9,ent removed,0.13058173201126275
831,15_9_F_14_2008_05_31.pdf,10,diverter drilling,0.13058173201126275
831,15_9_F_14_2008_05_31.pdf,11,claxton tool,0.12313611165617597
831,15_9_F_14_2008_05_31.pdf,12,claxton,0.12216532258568874
832,15_9_F_14_2008_06_01.pdf,1,bop/wellhe equipment,0.41601047579891703
832,15_9_F_14_2008_06_01.pdf,2,drilling bop/wellhe,0.41601047579891703
832,15_9_F_14_2008_06_01.pdf,3,bop/wellhe,0.40396985628523235
832,15_9_F_14_2008_06_01.pdf,4,riser,0.1506998327858701
832,15_9_F_14_2008_06_01.pdf,5,tbc,0.14332832295275744
832,15_9_F_14_2008_06_01.pdf,6,using,0.1431895729813597
832,15_9_F_14_2008_06_01.pdf,7,using rov,0.13738299766737747
832,15_9_F_14_2008_06_01.pdf,8,equipment,0.13385884240696513
832,15_9_F_14_2008_06_01.pdf,9,rov,0.11816429205972723
832,15_9_F_14_2008_06_01.pdf,10,funnel,0.11214198952142693
832,15_9_F_14_2008_06_01.pdf,11,spider,0.10778120520509184
832,15_9_F_14_2008_06_01.pdf,12,guide,0.09947347771189934
833,15_9_F_14_2008_06_02.pdf,1,ead equip,0.2630030935594005
833,15_9_F_14_2008_06_02.pdf,2,tbc,0.2309210659174568
833,15_9_F_14_2008_06_02.pdf,3,drilling bop/wellh,0.23028102368286826
833,15_9_F_14_2008_06_02.pdf,4,bop/wellh ead,0.21650647876257562
833,15_9_F_14_2008_06_02.pdf,5,bop/wellh,0.21650647876257562
833,15_9_F_14_2008_06_02.pdf,6,ead,0.2128256641290101
833,15_9_F_14_2008_06_02.pdf,7,rlgf,0.20248647308679552
833,15_9_F_14_2008_06_02.pdf,8,equip ment,0.19171851611593466
833,15_9_F_14_2008_06_02.pdf,9,ment,0.1811199508868849
833,15_9_F_14_2008_06_02.pdf,10,flanged,0.1439388609361522
833,15_9_F_14_2008_06_02.pdf,11,funnel,0.14052555896087174
833,15_9_F_14_2008_06_02.pdf,12,vetco/bandak,0.13901448784040837
834,15_9_F_14_2008_06_03.pdf,1,llhead equipmen,0.30803952025365905
834,15_9_F_14_2008_06_03.pdf,2,llhead,0.2849336189756374
834,15_9_F_14_2008_06_03.pdf,3,drilling bop/we,0.2849336189756374
834,15_9_F_14_2008_06_03.pdf,4,bop/we llhead,0.2849336189756374
834,15_9_F_14_2008_06_03.pdf,5,bop/we,0.2849336189756374
834,15_9_F_14_2008_06_03.pdf,6,equipmen,0.2849336189756374
834,15_9_F_14_2008_06_03.pdf,7,rov panel,0.1899557459837583
834,15_9_F_14_2008_06_03.pdf,8,tbc rov,0.1899557459837583
834,15_9_F_14_2008_06_03.pdf,9,tbc,0.17530060683744006
834,15_9_F_14_2008_06_03.pdf,10,bar drop,0.15890759765226392
834,15_9_F_14_2008_06_03.pdf,11,sat tbc,0.15401976012682952
834,15_9_F_14_2008_06_03.pdf,12,tensioner,0.1507265161939807
835,15_9_F_14_2008_06_04.pdf,1,bop/wellhead equipment,0.4216480562569795
835,15_9_F_14_2008_06_04.pdf,2,drilling bop/wellhead,0.38846648105794407
835,15_9_F_14_2008_06_04.pdf,3,bop/wellhead,0.3632017844123797
835,15_9_F_14_2008_06_04.pdf,4,equipment,0.21172105343858869
835,15_9_F_14_2008_06_04.pdf,5,riser jnt,0.1864313391748819
835,15_9_F_14_2008_06_04.pdf,6,multibowl,0.17822577659387348
835,15_9_F_14_2008_06_04.pdf,7,drilling,0.15124415951824313
835,15_9_F_14_2008_06_04.pdf,8,jnt,0.1324329175847526
835,15_9_F_14_2008_06_04.pdf,9,bop riser,0.13149329945330634
835,15_9_F_14_2008_06_04.pdf,10,riser,0.13024562711090698
835,15_9_F_14_2008_06_04.pdf,11,installed,0.1251612633049036
835,15_9_F_14_2008_06_04.pdf,12,cutting,0.12488925778039649
836,15_9_F_14_2008_06_05.pdf,1,bop/wellhead uipment,0.3388790217619836
836,15_9_F_14_2008_06_05.pdf,2,uipment,0.333117758314169
836,15_9_F_14_2008_06_05.pdf,3,drilling bop/wellhead,0.22039616445578902
836,15_9_F_14_2008_06_05.pdf,4,wash pipe,0.21687510530124313
836,15_9_F_14_2008_06_05.pdf,5,bop/wellhead,0.2060622579070002
836,15_9_F_14_2008_06_05.pdf,6,interruption maintain,0.1635143264894258
836,15_9_F_14_2008_06_05.pdf,7,maintain,0.15723638368170748
836,15_9_F_14_2008_06_05.pdf,8,wash,0.1539274492944608
836,15_9_F_14_2008_06_05.pdf,9,bop,0.1410853235593602
836,15_9_F_14_2008_06_05.pdf,10,held tool,0.12044263331388531
836,15_9_F_14_2008_06_05.pdf,11,bars,0.11971795940731944
836,15_9_F_14_2008_06_05.pdf,12,tool box,0.11815558885570411
837,15_9_F_14_2008_06_06.pdf,1,bop/wellhead equipment,0.2817823889279768
837,15_9_F_14_2008_06_06.pdf,2,drilling bop/wellhead,0.25960753625350125
837,15_9_F_14_2008_06_06.pdf,3,bop/wellhead,0.2427234395034171
837,15_9_F_14_2008_06_06.pdf,4,annulus insert,0.21777090765957255
837,15_9_F_14_2008_06_06.pdf,5,bowl protector,0.20010104989382896
837,15_9_F_14_2008_06_06.pdf,6,bowl,0.18585702698147574
837,15_9_F_14_2008_06_06.pdf,7,insert,0.18069414952753535
837,15_9_F_14_2008_06_06.pdf,8,equipment,0.15917699905487603
837,15_9_F_14_2008_06_06.pdf,9,protector,0.152624508898124
837,15_9_F_14_2008_06_06.pdf,10,drilling,0.14318912402507067
837,15_9_F_14_2008_06_06.pdf,11,annulus,0.1293058444803874
837,15_9_F_14_2008_06_06.pdf,12,pdm,0.12190162952445442
838,15_9_F_14_2008_06_07.pdf,1,casing,0.33906560498665816
838,15_9_F_14_2008_06_07.pdf,2,adjustment sub,0.309389404591714
838,15_9_F_14_2008_06_07.pdf,3,adjustment,0.29932756896116747
838,15_9_F_14_2008_06_07.pdf,4,drilling casing,0.2818450971217825
838,15_9_F_14_2008_06_07.pdf,5,sub setting,0.21446939742966184
838,15_9_F_14_2008_06_07.pdf,6,tool,0.19935820477363092
838,15_9_F_14_2008_06_07.pdf,7,setting tool,0.17678571868994133
838,15_9_F_14_2008_06_07.pdf,8,spear,0.1707177305452944
838,15_9_F_14_2008_06_07.pdf,9,took overpull,0.16339485206313697
838,15_9_F_14_2008_06_07.pdf,10,overpull,0.15957271379687177
838,15_9_F_14_2008_06_07.pdf,11,drilling,0.13709698188882344
838,15_9_F_14_2008_06_07.pdf,12,setting,0.12816853573986112
839,15_9_F_14_2008_06_08.pdf,1,adjustment sub,0.3253840009903218
839,15_9_F_14_2008_06_08.pdf,2,adjustment,0.3148019956398326
839,15_9_F_14_2008_06_08.pdf,3,sub setting,0.26314970019963985
839,15_9_F_14_2008_06_08.pdf,4,surface hanger,0.25783268098003903
839,15_9_F_14_2008_06_08.pdf,5,setting tool,0.2479000836769366
839,15_9_F_14_2008_06_08.pdf,6,drilling casing,0.22584055408414164
839,15_9_F_14_2008_06_08.pdf,7,tie,0.1864144445556286
839,15_9_F_14_2008_06_08.pdf,8,tool,0.18636843145965007
839,15_9_F_14_2008_06_08.pdf,9,setting,0.17972600371859004
839,15_9_F_14_2008_06_08.pdf,10,casing,0.17169359074357243
839,15_9_F_14_2008_06_08.pdf,11,hanger,0.15091253058159051
839,15_9_F_14_2008_06_08.pdf,12,straight pull,0.1261886092122006
840,15_9_F_14_2008_06_09.pdf,1,casing,0.3318654092565559
840,15_9_F_14_2008_06_09.pdf,2,drilling casing,0.286230678869504
840,15_9_F_14_2008_06_09.pdf,3,surface hanger,0.24356090801183372
840,15_9_F_14_2008_06_09.pdf,4,adjustment sub,0.23906794343758989
840,15_9_F_14_2008_06_09.pdf,5,adjustment,0.2312930735949197
840,15_9_F_14_2008_06_09.pdf,6,sub setting,0.22372525357157985
840,15_9_F_14_2008_06_09.pdf,7,hwdp,0.19025160980359612
840,15_9_F_14_2008_06_09.pdf,8,space pup,0.18462022012955293
840,15_9_F_14_2008_06_09.pdf,9,setting tool,0.18213852863778163
840,15_9_F_14_2008_06_09.pdf,10,hanger,0.14968704696804708
840,15_9_F_14_2008_06_09.pdf,11,tool,0.14634356428999176
840,15_9_F_14_2008_06_09.pdf,12,drilling,0.14528373492260246
841,15_9_F_14_2008_06_10.pdf,1,rtts,0.3143919699159149
841,15_9_F_14_2008_06_10.pdf,2,rtts plug,0.30911887576296015
841,15_9_F_14_2008_06_10.pdf,3,drilling,0.27333672548322013
841,15_9_F_14_2008_06_10.pdf,4,drilling casing,0.21612610643991867
841,15_9_F_14_2008_06_10.pdf,5,casing,0.18200298975312157
841,15_9_F_14_2008_06_10.pdf,6,held tool,0.15494054780685962
841,15_9_F_14_2008_06_10.pdf,7,tool box,0.15199843410957975
841,15_9_F_14_2008_06_10.pdf,8,drilling bha,0.14907401875793827
841,15_9_F_14_2008_06_10.pdf,9,tool,0.14714028658350622
841,15_9_F_14_2008_06_10.pdf,10,box,0.14107805414677735
841,15_9_F_14_2008_06_10.pdf,11,casing held,0.13771519343811017
841,15_9_F_14_2008_06_10.pdf,12,talk picked,0.1324795181841258
842,15_9_F_14_2008_06_11.pdf,1,drilling,0.22011881962560875
842,15_9_F_14_2008_06_11.pdf,2,greasing device,0.17599951710585127
842,15_9_F_14_2008_06_11.pdf,3,remote operated,0.17599951710585127
842,15_9_F_14_2008_06_11.pdf,4,device trip,0.17599951710585127
842,15_9_F_14_2008_06_11.pdf,5,cleaning greasing,0.17599951710585127
842,15_9_F_14_2008_06_11.pdf,6,using remote,0.17599951710585127
842,15_9_F_14_2008_06_11.pdf,7,greasing,0.17599951710585127
842,15_9_F_14_2008_06_11.pdf,8,operated cleaning,0.17599951710585127
842,15_9_F_14_2008_06_11.pdf,9,bha using,0.17599951710585127
842,15_9_F_14_2008_06_11.pdf,10,device,0.16279787510914076
842,15_9_F_14_2008_06_11.pdf,11,m/hour drilling,0.15808600513023904
842,15_9_F_14_2008_06_11.pdf,12,remote,0.15410217582734317
843,15_9_F_14_2008_06_12.pdf,1,wob knm,0.24828138371030783
843,15_9_F_14_2008_06_12.pdf,2,bar string,0.217583857460928
843,15_9_F_14_2008_06_12.pdf,3,rop m/hour,0.216645979577179
843,15_9_F_14_2008_06_12.pdf,4,knm rop,0.21336283943123213
843,15_9_F_14_2008_06_12.pdf,5,ecd mud,0.20923418246976574
843,15_9_F_14_2008_06_12.pdf,6,mud weight,0.1903390271653502
843,15_9_F_14_2008_06_12.pdf,7,drilling,0.18860353158662782
843,15_9_F_14_2008_06_12.pdf,8,rpm wob,0.17881182563397524
843,15_9_F_14_2008_06_12.pdf,9,string rpm,0.17789865577928698
843,15_9_F_14_2008_06_12.pdf,10,drill continued,0.1689294294907576
843,15_9_F_14_2008_06_12.pdf,11,parameters flow,0.16404242644650824
843,15_9_F_14_2008_06_12.pdf,12,m/hour,0.163187893095696
844,15_9_F_14_2008_06_13.pdf,1,drilling survey,0.2840764162495077
844,15_9_F_14_2008_06_13.pdf,2,survey,0.22330541118734143
844,15_9_F_14_2008_06_13.pdf,3,drilling,0.2014842002605053
844,15_9_F_14_2008_06_13.pdf,4,test depth,0.17803215832439478
844,15_9_F_14_2008_06_13.pdf,5,depth test,0.17803215832439478
844,15_9_F_14_2008_06_13.pdf,6,bars mobility,0.17803215832439478
844,15_9_F_14_2008_06_13.pdf,7,depth pressure,0.17803215832439478
844,15_9_F_14_2008_06_13.pdf,8,mobility,0.17803215832439478
844,15_9_F_14_2008_06_13.pdf,9,bars,0.17515110217916283
844,15_9_F_14_2008_06_13.pdf,10,ecd mud,0.17194140031138858
844,15_9_F_14_2008_06_13.pdf,11,bit depth,0.1536136768654631
844,15_9_F_14_2008_06_13.pdf,12,pressure bars,0.14804526620502445
845,15_9_F_14_2008_06_14.pdf,1,drilling surv,0.2925265401140485
845,15_9_F_14_2008_06_14.pdf,2,surv,0.27608865826023055
845,15_9_F_14_2008_06_14.pdf,3,drilling,0.20142392716621701
845,15_9_F_14_2008_06_14.pdf,4,bar string,0.15934230961902163
845,15_9_F_14_2008_06_14.pdf,5,mobility,0.15865547728742735
845,15_9_F_14_2008_06_14.pdf,6,test depth,0.15865547728742735
845,15_9_F_14_2008_06_14.pdf,7,depth test,0.15865547728742735
845,15_9_F_14_2008_06_14.pdf,8,depth pressure,0.15865547728742735
845,15_9_F_14_2008_06_14.pdf,9,bars mobility,0.15865547728742735
845,15_9_F_14_2008_06_14.pdf,10,surv linked,0.14626327005702425
845,15_9_F_14_2008_06_14.pdf,11,m/hour mud,0.13804432913011527
845,15_9_F_14_2008_06_14.pdf,12,wob knm,0.13636717899526796
846,15_9_F_14_2008_06_15.pdf,1,drilling,0.251271342038494
846,15_9_F_14_2008_06_15.pdf,2,drilling survey,0.23027696697376962
846,15_9_F_14_2008_06_15.pdf,3,ecd mud,0.22300559650064478
846,15_9_F_14_2008_06_15.pdf,4,survey linked,0.21095341453928815
846,15_9_F_14_2008_06_15.pdf,5,survey,0.19493923194309032
846,15_9_F_14_2008_06_15.pdf,6,bar string,0.17392862395582875
846,15_9_F_14_2008_06_15.pdf,7,linked,0.16323603685677854
846,15_9_F_14_2008_06_15.pdf,8,mud weight,0.15215009728332107
846,15_9_F_14_2008_06_15.pdf,9,string rpm,0.1422057167491816
846,15_9_F_14_2008_06_15.pdf,10,stethoscope,0.1380847619508129
846,15_9_F_14_2008_06_15.pdf,11,pressure points,0.13637118906969356
846,15_9_F_14_2008_06_15.pdf,12,points,0.13180836465580278
847,15_9_F_14_2008_06_16.pdf,1,drilling,0.32299702105171224
847,15_9_F_14_2008_06_16.pdf,2,trip,0.2724052709202467
847,15_9_F_14_2008_06_16.pdf,3,drilling trip,0.2501139350339445
847,15_9_F_14_2008_06_16.pdf,4,trip time,0.2286847838078165
847,15_9_F_14_2008_06_16.pdf,5,drilling bha,0.21057973539671876
847,15_9_F_14_2008_06_16.pdf,6,liner,0.20673558165116723
847,15_9_F_14_2008_06_16.pdf,7,rih liner,0.18725568784824947
847,15_9_F_14_2008_06_16.pdf,8,m/hour,0.15419085491157397
847,15_9_F_14_2008_06_16.pdf,9,bha trip,0.15352622751510506
847,15_9_F_14_2008_06_16.pdf,10,m/hour drilling,0.14398235534944243
847,15_9_F_14_2008_06_16.pdf,11,pooh drilling,0.141412486850159
847,15_9_F_14_2008_06_16.pdf,12,std drilling,0.13195849841409563
848,15_9_F_14_2008_06_17.pdf,1,drilling casing,0.3354537730122115
848,15_9_F_14_2008_06_17.pdf,2,liner,0.30287595882177293
848,15_9_F_14_2008_06_17.pdf,3,casing,0.24717925932522605
848,15_9_F_14_2008_06_17.pdf,4,time m/hour,0.20562418374042682
848,15_9_F_14_2008_06_17.pdf,5,trip time,0.2010194547369574
848,15_9_F_14_2008_06_17.pdf,6,rih liner,0.1920359905354699
848,15_9_F_14_2008_06_17.pdf,7,jnt,0.1800271349609524
848,15_9_F_14_2008_06_17.pdf,8,drilling,0.1794910408026472
848,15_9_F_14_2008_06_17.pdf,9,m/hour,0.16942186239748888
848,15_9_F_14_2008_06_17.pdf,10,liner hanger/packer,0.1658831776538176
848,15_9_F_14_2008_06_17.pdf,11,hanger/packer,0.1658831776538176
848,15_9_F_14_2008_06_17.pdf,12,jnt trip,0.15656173941868776
849,15_9_F_14_2008_06_18.pdf,1,drilling casing,0.4405941976953238
849,15_9_F_14_2008_06_18.pdf,2,bars,0.3588125638291369
849,15_9_F_14_2008_06_18.pdf,3,casing,0.31949882044550754
849,15_9_F_14_2008_06_18.pdf,4,lpm bars,0.24259866783832373
849,15_9_F_14_2008_06_18.pdf,5,drilling,0.21431678378870814
849,15_9_F_14_2008_06_18.pdf,6,cmt,0.1971351605314991
849,15_9_F_14_2008_06_18.pdf,7,lpm,0.13962990475550896
849,15_9_F_14_2008_06_18.pdf,8,liner,0.13260186729556042
849,15_9_F_14_2008_06_18.pdf,9,cmt head,0.12122582525960063
849,15_9_F_14_2008_06_18.pdf,10,head,0.09938247292624437
849,15_9_F_14_2008_06_18.pdf,11,trip time,0.08800815741384538
849,15_9_F_14_2008_06_18.pdf,12,ball,0.07645143039283805
850,15_9_F_14_2008_06_19.pdf,1,bop/wellhead equipment,0.2599663173691728
850,15_9_F_14_2008_06_19.pdf,2,cleaning assy,0.24993276337026532
850,15_9_F_14_2008_06_19.pdf,3,drilling bop/wellhead,0.2395082794842686
850,15_9_F_14_2008_06_19.pdf,4,bop/wellhead,0.22393137820621856
850,15_9_F_14_2008_06_19.pdf,5,assy,0.19714623162136238
850,15_9_F_14_2008_06_19.pdf,6,bop/surface head,0.18639742219324235
850,15_9_F_14_2008_06_19.pdf,7,bop/surface,0.17852340240733236
850,15_9_F_14_2008_06_19.pdf,8,drilling,0.1631862794875139
850,15_9_F_14_2008_06_19.pdf,9,well/7 liner,0.15799618381707645
850,15_9_F_14_2008_06_19.pdf,10,well/7,0.15799618381707645
850,15_9_F_14_2008_06_19.pdf,11,cleaning,0.1571871955965793
850,15_9_F_14_2008_06_19.pdf,12,wear bushing,0.14812906465468842
851,15_9_F_14_2008_06_20.pdf,1,completion circulating,0.5075329728194632
851,15_9_F_14_2008_06_20.pdf,2,circulating conditioning,0.3483152189363364
851,15_9_F_14_2008_06_20.pdf,3,completion,0.31563878298372267
851,15_9_F_14_2008_06_20.pdf,4,conditioning,0.28754800491923777
851,15_9_F_14_2008_06_20.pdf,5,circulating,0.2374647108728199
851,15_9_F_14_2008_06_20.pdf,6,cleaning,0.236935735882346
851,15_9_F_14_2008_06_20.pdf,7,rih cleaning,0.18545276906926325
851,15_9_F_14_2008_06_20.pdf,8,trip speed,0.11591862807613061
851,15_9_F_14_2008_06_20.pdf,9,cleaning assemblies,0.10871261132001163
851,15_9_F_14_2008_06_20.pdf,10,conditioning rih,0.10871261132001163
851,15_9_F_14_2008_06_20.pdf,11,cleaning assembly,0.10871261132001163
851,15_9_F_14_2008_06_20.pdf,12,cleaning string,0.10359986106587742
852,15_9_F_14_2008_06_21.pdf,1,completion circulati,0.3852207740461006
852,15_9_F_14_2008_06_21.pdf,2,circulati conditioning,0.3112317745768478
852,15_9_F_14_2008_06_21.pdf,3,circulati,0.303345323279608
852,15_9_F_14_2008_06_21.pdf,4,completion,0.2097861548535634
852,15_9_F_14_2008_06_21.pdf,5,conditioning,0.19111590064308193
852,15_9_F_14_2008_06_21.pdf,6,spp,0.14968038311890525
852,15_9_F_14_2008_06_21.pdf,7,packer,0.14375284863251941
852,15_9_F_14_2008_06_21.pdf,8,spp bar,0.14292487144072685
852,15_9_F_14_2008_06_21.pdf,9,lpm spp,0.14171122045228574
852,15_9_F_14_2008_06_21.pdf,10,wash pills,0.13407048840510907
852,15_9_F_14_2008_06_21.pdf,11,wash,0.1289107349705566
852,15_9_F_14_2008_06_21.pdf,12,cleaning,0.121136125454959
853,15_9_F_14_2008_06_22.pdf,1,completion rculating,0.37529365154162514
853,15_9_F_14_2008_06_22.pdf,2,rculating conditi,0.37529365154162514
853,15_9_F_14_2008_06_22.pdf,3,rculating,0.33924211563313167
853,15_9_F_14_2008_06_22.pdf,4,oning,0.29158457745185357
853,15_9_F_14_2008_06_22.pdf,5,conditi oning,0.29158457745185357
853,15_9_F_14_2008_06_22.pdf,6,conditi,0.29158457745185357
853,15_9_F_14_2008_06_22.pdf,7,completion,0.19706323590131392
853,15_9_F_14_2008_06_22.pdf,8,cleaning,0.14223696556241222
853,15_9_F_14_2008_06_22.pdf,9,pooh cleaning,0.1386301104689153
853,15_9_F_14_2008_06_22.pdf,10,fluid,0.13656323833429285
853,15_9_F_14_2008_06_22.pdf,11,packer fluid,0.13493087901936465
853,15_9_F_14_2008_06_22.pdf,12,cleaning string,0.1010635265748794
854,15_9_F_14_2008_06_23.pdf,1,completion,0.4432335419876129
854,15_9_F_14_2008_06_23.pdf,2,completion str,0.3693876113026291
854,15_9_F_14_2008_06_23.pdf,3,str ing,0.33390342264575723
854,15_9_F_14_2008_06_23.pdf,4,str,0.32248006539282675
854,15_9_F_14_2008_06_23.pdf,5,completion completion,0.2869958767359549
854,15_9_F_14_2008_06_23.pdf,6,ing,0.25983149737262046
854,15_9_F_14_2008_06_23.pdf,7,tubing,0.1878935721099357
854,15_9_F_14_2008_06_23.pdf,8,control line,0.1297995571947926
854,15_9_F_14_2008_06_23.pdf,9,bowl protector,0.12331624355067783
854,15_9_F_14_2008_06_23.pdf,10,bowl,0.11453808171927729
854,15_9_F_14_2008_06_23.pdf,11,protector,0.09405788286003436
854,15_9_F_14_2008_06_23.pdf,12,control,0.08802139464078636
855,15_9_F_14_2008_06_24.pdf,1,mpletion,0.3422179415847496
855,15_9_F_14_2008_06_24.pdf,2,mpletion string,0.3422179415847496
855,15_9_F_14_2008_06_24.pdf,3,completion mpletion,0.3422179415847496
855,15_9_F_14_2008_06_24.pdf,4,tubing,0.2129839050543633
855,15_9_F_14_2008_06_24.pdf,5,tubing installed,0.20307948575860696
855,15_9_F_14_2008_06_24.pdf,6,clamp/protector,0.17925635966784217
855,15_9_F_14_2008_06_24.pdf,7,clamp/protector collar,0.17925635966784217
855,15_9_F_14_2008_06_24.pdf,8,ran s13,0.17925635966784217
855,15_9_F_14_2008_06_24.pdf,9,line clamp/protector,0.17925635966784217
855,15_9_F_14_2008_06_24.pdf,10,s13 cr110,0.17925635966784217
855,15_9_F_14_2008_06_24.pdf,11,cr110 tubing,0.17925635966784217
855,15_9_F_14_2008_06_24.pdf,12,cr110,0.17925635966784217
856,15_9_F_14_2008_06_25.pdf,1,completi,0.3221280264498277
856,15_9_F_14_2008_06_25.pdf,2,completi string,0.2928436604089342
856,15_9_F_14_2008_06_25.pdf,3,completion completi,0.2928436604089342
856,15_9_F_14_2008_06_25.pdf,4,control line,0.2132129497450986
856,15_9_F_14_2008_06_25.pdf,5,tubing installed,0.18412629542469333
856,15_9_F_14_2008_06_25.pdf,6,s13 cr110,0.16252655611009853
856,15_9_F_14_2008_06_25.pdf,7,ran s13,0.16252655611009853
856,15_9_F_14_2008_06_25.pdf,8,clamp/protector collar,0.16252655611009853
856,15_9_F_14_2008_06_25.pdf,9,line clamp/protector,0.16252655611009853
856,15_9_F_14_2008_06_25.pdf,10,flx/asv,0.16252655611009853
856,15_9_F_14_2008_06_25.pdf,11,s13,0.16252655611009853
856,15_9_F_14_2008_06_25.pdf,12,clamp/protector,0.16252655611009853
857,15_9_F_14_2008_06_26.pdf,1,ompletion strin,0.3765187941520296
857,15_9_F_14_2008_06_26.pdf,2,ompletion,0.3765187941520296
857,15_9_F_14_2008_06_26.pdf,3,completion ompletion,0.3765187941520296
857,15_9_F_14_2008_06_26.pdf,4,strin,0.31812261678838666
857,15_9_F_14_2008_06_26.pdf,5,control line,0.20816440019485502
857,15_9_F_14_2008_06_26.pdf,6,completion,0.20504717132882833
857,15_9_F_14_2008_06_26.pdf,7,control,0.1882175996662954
857,15_9_F_14_2008_06_26.pdf,8,line,0.17759558184478572
857,15_9_F_14_2008_06_26.pdf,9,fitting,0.1545032929431885
857,15_9_F_14_2008_06_26.pdf,10,psi,0.1252842316679761
857,15_9_F_14_2008_06_26.pdf,11,injection line,0.12339166784402687
857,15_9_F_14_2008_06_26.pdf,12,chemical injection,0.11719729171778633
858,15_9_F_14_2008_06_27.pdf,1,completio,0.38986897957952127
858,15_9_F_14_2008_06_27.pdf,2,wellhead equipmen,0.34597086017487755
858,15_9_F_14_2008_06_27.pdf,3,completio bop,0.34597086017487755
858,15_9_F_14_2008_06_27.pdf,4,equipmen,0.3020369449310033
858,15_9_F_14_2008_06_27.pdf,5,bop wellhead,0.23556749713911296
858,15_9_F_14_2008_06_27.pdf,6,control lines,0.17192058644535302
858,15_9_F_14_2008_06_27.pdf,7,control,0.15988638196277083
858,15_9_F_14_2008_06_27.pdf,8,landing stand,0.15245531584526578
858,15_9_F_14_2008_06_27.pdf,9,tubing,0.15057313569641342
858,15_9_F_14_2008_06_27.pdf,10,fittings,0.13601517481860487
858,15_9_F_14_2008_06_27.pdf,11,wellhead,0.13295652207116754
858,15_9_F_14_2008_06_27.pdf,12,letion,0.1258075855181373
859,15_9_F_14_2008_06_28.pdf,1,test scss,0.2762143362628477
859,15_9_F_14_2008_06_28.pdf,2,scss,0.2762143362628477
859,15_9_F_14_2008_06_28.pdf,3,completion test,0.2762143362628477
859,15_9_F_14_2008_06_28.pdf,4,completion,0.24722318359613862
859,15_9_F_14_2008_06_28.pdf,5,bar,0.18093542669550847
859,15_9_F_14_2008_06_28.pdf,6,bled,0.17828401281869583
859,15_9_F_14_2008_06_28.pdf,7,tubing,0.1682992671698679
859,15_9_F_14_2008_06_28.pdf,8,liter,0.16184342088541614
859,15_9_F_14_2008_06_28.pdf,9,asv,0.15607625983644619
859,15_9_F_14_2008_06_28.pdf,10,test,0.15548684143393343
859,15_9_F_14_2008_06_28.pdf,11,completion completio,0.15066236523428053
859,15_9_F_14_2008_06_28.pdf,12,completio string,0.15066236523428053
860,15_9_F_14_2008_06_29.pdf,1,p/wellhead,0.2874107123184601
860,15_9_F_14_2008_06_29.pdf,2,p/wellhead equipment,0.2874107123184601
860,15_9_F_14_2008_06_29.pdf,3,drilling p/wellhead,0.2874107123184601
860,15_9_F_14_2008_06_29.pdf,4,xmt,0.26594601666402795
860,15_9_F_14_2008_06_29.pdf,5,exit,0.25815759093665824
860,15_9_F_14_2008_06_29.pdf,6,exit block,0.22021565597924525
860,15_9_F_14_2008_06_29.pdf,7,bop/wellhe equipme,0.21316588394910085
860,15_9_F_14_2008_06_29.pdf,8,completion bop/wellhe,0.21316588394910085
860,15_9_F_14_2008_06_29.pdf,9,bop/wellhe,0.1807103136556608
860,15_9_F_14_2008_06_29.pdf,10,equipme,0.1807103136556608
860,15_9_F_14_2008_06_29.pdf,11,slings,0.13316376257597165
860,15_9_F_14_2008_06_29.pdf,12,block,0.13172239622885146
861,15_9_F_14_2008_06_30.pdf,1,wellhead equipm,0.30988855173883056
861,15_9_F_14_2008_06_30.pdf,2,completion bop,0.2967978739863835
861,15_9_F_14_2008_06_30.pdf,3,wellhead,0.24265487557702622
861,15_9_F_14_2008_06_30.pdf,4,equipm ent,0.22835637414548662
861,15_9_F_14_2008_06_30.pdf,5,equipm,0.22835637414548662
861,15_9_F_14_2008_06_30.pdf,6,bop wellhead,0.22356205190443207
861,15_9_F_14_2008_06_30.pdf,7,ent,0.221341905507447
861,15_9_F_14_2008_06_30.pdf,8,bracket,0.21991312193858353
861,15_9_F_14_2008_06_30.pdf,9,support bracket,0.20547545122134245
861,15_9_F_14_2008_06_30.pdf,10,support,0.1844555227207156
861,15_9_F_14_2008_06_30.pdf,11,xmt,0.1792157146821341
861,15_9_F_14_2008_06_30.pdf,12,coflex,0.17660977178286622
862,15_9_F_14_2008_07_01.pdf,1,ead equipm,0.34561742286980557
862,15_9_F_14_2008_07_01.pdf,2,completion bop/wellh,0.3310174439966496
862,15_9_F_14_2008_07_01.pdf,3,bop/wellh ead,0.28451532722232914
862,15_9_F_14_2008_07_01.pdf,4,bop/wellh,0.28451532722232914
862,15_9_F_14_2008_07_01.pdf,5,ead,0.27967829792926097
862,15_9_F_14_2008_07_01.pdf,6,equipm ent,0.2546849216765262
862,15_9_F_14_2008_07_01.pdf,7,equipm,0.2546849216765262
862,15_9_F_14_2008_07_01.pdf,8,ent,0.2468617137526545
862,15_9_F_14_2008_07_01.pdf,9,completion,0.18026773591707038
862,15_9_F_14_2008_07_01.pdf,10,coflex flowline,0.13824696914792223
862,15_9_F_14_2008_07_01.pdf,11,flowline,0.13725619163071695
862,15_9_F_14_2008_07_01.pdf,12,coflex,0.13277381937042027
863,15_9_F_14_2008_07_02.pdf,1,commissioned,0.3836248358157721
863,15_9_F_14_2008_07_02.pdf,2,xmt,0.3357902266297849
863,15_9_F_14_2008_07_02.pdf,3,commissioned xmt,0.3068998686526177
863,15_9_F_14_2008_07_02.pdf,4,equipment commissioned,0.24884029650186656
863,15_9_F_14_2008_07_02.pdf,5,completion bop/wellhead,0.23936023438236914
863,15_9_F_14_2008_07_02.pdf,6,bop/wellhead equipment,0.19280814894644732
863,15_9_F_14_2008_07_02.pdf,7,prepared running,0.17773739973840924
863,15_9_F_14_2008_07_02.pdf,8,completion,0.17305407226618888
863,15_9_F_14_2008_07_02.pdf,9,bop/wellhead,0.16608226388672792
863,15_9_F_14_2008_07_02.pdf,10,drillfloor,0.1342704014602787
863,15_9_F_14_2008_07_02.pdf,11,ibops,0.13424329133251145
863,15_9_F_14_2008_07_02.pdf,12,mounted,0.12224667552599085
864,15_9_F_14_2008_07_03.pdf,1,xmt,0.32760932577498175
864,15_9_F_14_2008_07_03.pdf,2,commissioned xmt,0.31439396870413877
864,15_9_F_14_2008_07_03.pdf,3,commissioned,0.31439396870413877
864,15_9_F_14_2008_07_03.pdf,4,equipment commissioned,0.22659258353679296
864,15_9_F_14_2008_07_03.pdf,5,bops,0.21872186322375317
864,15_9_F_14_2008_07_03.pdf,6,perforation,0.20048205230160018
864,15_9_F_14_2008_07_03.pdf,7,perforation run,0.19840060202186724
864,15_9_F_14_2008_07_03.pdf,8,completion bop/wellhead,0.16347006895725938
864,15_9_F_14_2008_07_03.pdf,9,hooked,0.13232361159937725
864,15_9_F_14_2008_07_03.pdf,10,moonpool,0.13167751729991983
864,15_9_F_14_2008_07_03.pdf,11,bop/wellhead equipment,0.13167751729991983
864,15_9_F_14_2008_07_03.pdf,12,completion,0.11818655341679499
865,15_9_F_14_2008_07_04.pdf,1,workover rig,0.3061521010722862
865,15_9_F_14_2008_07_04.pdf,2,workover,0.29865771583935335
865,15_9_F_14_2008_07_04.pdf,3,rig,0.21675073037915146
865,15_9_F_14_2008_07_04.pdf,4,xmt,0.1628310004787816
865,15_9_F_14_2008_07_04.pdf,5,using cmt,0.14156573028679295
865,15_9_F_14_2008_07_04.pdf,6,using,0.1307277301654089
865,15_9_F_14_2008_07_04.pdf,7,control hose,0.13021883190567762
865,15_9_F_14_2008_07_04.pdf,8,cmt pump,0.11806816628101213
865,15_9_F_14_2008_07_04.pdf,9,riser,0.11792945932473577
865,15_9_F_14_2008_07_04.pdf,10,lubricator,0.11631922608614047
865,15_9_F_14_2008_07_04.pdf,11,cmt,0.11246765862983375
865,15_9_F_14_2008_07_04.pdf,12,fluid,0.10855400031918773
866,15_9_F_14_2008_07_05.pdf,1,power,0.2690551942240932
866,15_9_F_14_2008_07_05.pdf,2,tractor,0.2542528525474288
866,15_9_F_14_2008_07_05.pdf,3,power problem,0.22719063572620996
866,15_9_F_14_2008_07_05.pdf,4,shoot power,0.22719063572620996
866,15_9_F_14_2008_07_05.pdf,5,operate,0.2134691167314642
866,15_9_F_14_2008_07_05.pdf,6,problem,0.20492428501888685
866,15_9_F_14_2008_07_05.pdf,7,trouble shoot,0.19976063511445158
866,15_9_F_14_2008_07_05.pdf,8,switches,0.19834030385388998
866,15_9_F_14_2008_07_05.pdf,9,shoot,0.19538307189404752
866,15_9_F_14_2008_07_05.pdf,10,interruption rig,0.1735149337804025
866,15_9_F_14_2008_07_05.pdf,11,trouble,0.1660837539833807
866,15_9_F_14_2008_07_05.pdf,12,problem downhole,0.16081812037247126
867,15_9_F_14_2008_07_06.pdf,1,workover,0.1978001323147637
867,15_9_F_14_2008_07_06.pdf,2,up/down,0.19423942016628176
867,15_9_F_14_2008_07_06.pdf,3,workover up/down,0.19348029162404762
867,15_9_F_14_2008_07_06.pdf,4,tractor,0.1916300366358659
867,15_9_F_14_2008_07_06.pdf,5,interval,0.16356111849596033
867,15_9_F_14_2008_07_06.pdf,6,interruption rig,0.1634724683718432
867,15_9_F_14_2008_07_06.pdf,7,schlumberger,0.13887670713936065
867,15_9_F_14_2008_07_06.pdf,8,guns,0.134612211303649
867,15_9_F_14_2008_07_06.pdf,9,bha perforate,0.13303977655762395
867,15_9_F_14_2008_07_06.pdf,10,rig up/down,0.1283024868188847
867,15_9_F_14_2008_07_06.pdf,11,perforate interval,0.12188614023999811
867,15_9_F_14_2008_07_06.pdf,12,powered,0.11909103598472777
868,15_9_F_14_2008_07_07.pdf,1,workover,0.2371080933726275
868,15_9_F_14_2008_07_07.pdf,2,hmv,0.23408226633659482
868,15_9_F_14_2008_07_07.pdf,3,interval,0.1680556363463359
868,15_9_F_14_2008_07_07.pdf,4,switches,0.14933007293750616
868,15_9_F_14_2008_07_07.pdf,5,powered,0.14275748023856175
868,15_9_F_14_2008_07_07.pdf,6,workover wire,0.14106252892280766
868,15_9_F_14_2008_07_07.pdf,7,wire line,0.1404921541037911
868,15_9_F_14_2008_07_07.pdf,8,tractor,0.13399857413958646
868,15_9_F_14_2008_07_07.pdf,9,workover rig,0.12639014932829154
868,15_9_F_14_2008_07_07.pdf,10,gun switches,0.12369588773689948
868,15_9_F_14_2008_07_07.pdf,11,perforated interval,0.12328663732953114
868,15_9_F_14_2008_07_07.pdf,12,wire,0.1230922624069396
869,15_9_F_14_2008_07_08.pdf,1,tractor,0.21694451273104925
869,15_9_F_14_2008_07_08.pdf,2,switches,0.16923641226988295
869,15_9_F_14_2008_07_08.pdf,3,guns,0.16255422779765993
869,15_9_F_14_2008_07_08.pdf,4,interval,0.1481341350313569
869,15_9_F_14_2008_07_08.pdf,5,grease,0.1453191560037339
869,15_9_F_14_2008_07_08.pdf,6,switch,0.14356579873249498
869,15_9_F_14_2008_07_08.pdf,7,workover,0.14331499700650013
869,15_9_F_14_2008_07_08.pdf,8,grease head,0.14018508021416276
869,15_9_F_14_2008_07_08.pdf,9,bha,0.13878661844442267
869,15_9_F_14_2008_07_08.pdf,10,winch,0.12823763427807
869,15_9_F_14_2008_07_08.pdf,11,perforate,0.1251970434250219
869,15_9_F_14_2008_07_08.pdf,12,toolstring,0.12351462677734593
870,15_9_F_14_2008_07_09.pdf,1,workover,0.2780082636029159
870,15_9_F_14_2008_07_09.pdf,2,lubricator,0.2627517362836491
870,15_9_F_14_2008_07_09.pdf,3,workover rig,0.24698654982962553
870,15_9_F_14_2008_07_09.pdf,4,rig up/down,0.24043901392807998
870,15_9_F_14_2008_07_09.pdf,5,up/down,0.18200245298701676
870,15_9_F_14_2008_07_09.pdf,6,rig,0.17486247810122946
870,15_9_F_14_2008_07_09.pdf,7,interval,0.15325686595481533
870,15_9_F_14_2008_07_09.pdf,8,perforate,0.1511143323880792
870,15_9_F_14_2008_07_09.pdf,9,guns,0.12613172258389846
870,15_9_F_14_2008_07_09.pdf,10,hose lubricator,0.1203342642877997
870,15_9_F_14_2008_07_09.pdf,11,ccl,0.11564245988199462
870,15_9_F_14_2008_07_09.pdf,12,perforate bha,0.1050533375488198
871,15_9_F_14_2008_07_10.pdf,1,workover,0.2982769126339605
871,15_9_F_14_2008_07_10.pdf,2,guns,0.17806258284875284
871,15_9_F_14_2008_07_10.pdf,3,workover wire,0.1751187293986312
871,15_9_F_14_2008_07_10.pdf,4,wire line,0.17441065111342047
871,15_9_F_14_2008_07_10.pdf,5,wire,0.15280996843110561
871,15_9_F_14_2008_07_10.pdf,6,interval,0.1483581739498274
871,15_9_F_14_2008_07_10.pdf,7,perforate,0.1462841241798099
871,15_9_F_14_2008_07_10.pdf,8,hmv,0.14306258473257996
871,15_9_F_14_2008_07_10.pdf,9,winch,0.13485316069499237
871,15_9_F_14_2008_07_10.pdf,10,workover rig,0.1255232415178688
871,15_9_F_14_2008_07_10.pdf,11,rig up/down,0.12219565978969957
871,15_9_F_14_2008_07_10.pdf,12,powered logging,0.10979236021685543
872,15_9_F_14_2008_07_11.pdf,1,workover rig,0.30627577095985364
872,15_9_F_14_2008_07_11.pdf,2,workover,0.258558194748648
872,15_9_F_14_2008_07_11.pdf,3,xmt,0.23755779822616374
872,15_9_F_14_2008_07_11.pdf,4,cap,0.19306911355482112
872,15_9_F_14_2008_07_11.pdf,5,dhsv,0.18364297612636676
872,15_9_F_14_2008_07_11.pdf,6,rig,0.18069857221425042
872,15_9_F_14_2008_07_11.pdf,7,kwv,0.15536233982812903
872,15_9_F_14_2008_07_11.pdf,8,lubricator,0.14545776642642788
872,15_9_F_14_2008_07_11.pdf,9,tree cap,0.13443982417950986
872,15_9_F_14_2008_07_11.pdf,10,hmv,0.13090186398342063
872,15_9_F_14_2008_07_11.pdf,11,rig removed,0.11736286180856881
872,15_9_F_14_2008_07_11.pdf,12,tree,0.11328624885851084
873,15_9_F_14_2009_03_07.pdf,1,weather deck,0.32798720188951264
873,15_9_F_14_2009_03_07.pdf,2,f-14,0.30715173878431834
873,15_9_F_14_2009_03_07.pdf,3,f-15,0.23089947056330562
873,15_9_F_14_2009_03_07.pdf,4,workover rig,0.2241624468123621
873,15_9_F_14_2009_03_07.pdf,5,weather,0.22163290590276472
873,15_9_F_14_2009_03_07.pdf,6,rig up/down,0.21821997071682298
873,15_9_F_14_2009_03_07.pdf,7,workover,0.21026452873066112
873,15_9_F_14_2009_03_07.pdf,8,deck,0.18404666439849934
873,15_9_F_14_2009_03_07.pdf,9,up/down,0.16518355034136326
873,15_9_F_14_2009_03_07.pdf,10,production hand,0.16453797825478914
873,15_9_F_14_2009_03_07.pdf,11,rig f-15,0.16453797825478914
873,15_9_F_14_2009_03_07.pdf,12,production,0.16095713076516158
874,15_9_F_14_2009_03_08.pdf,1,areas dismantled,0.2181910485176844
874,15_9_F_14_2009_03_08.pdf,2,general pms,0.2181910485176844
874,15_9_F_14_2009_03_08.pdf,3,performed general,0.21204685102488377
874,15_9_F_14_2009_03_08.pdf,4,handover f-14,0.20897396486426584
874,15_9_F_14_2009_03_08.pdf,5,waited handover,0.20897396486426584
874,15_9_F_14_2009_03_08.pdf,6,general,0.20161501379265423
874,15_9_F_14_2009_03_08.pdf,7,f-14,0.1950513715724596
874,15_9_F_14_2009_03_08.pdf,8,pms,0.19104436123198154
874,15_9_F_14_2009_03_08.pdf,9,drilling areas,0.17656315056725108
874,15_9_F_14_2009_03_08.pdf,10,workover wait,0.16883652779660796
874,15_9_F_14_2009_03_08.pdf,11,dismantled,0.16261593778324662
874,15_9_F_14_2009_03_08.pdf,12,waited,0.15122057460335653
875,15_9_F_14_2009_03_09.pdf,1,workover,0.2600493042359067
875,15_9_F_14_2009_03_09.pdf,2,workover rig,0.25991049531131993
875,15_9_F_14_2009_03_09.pdf,3,rig up/down,0.2530203496721616
875,15_9_F_14_2009_03_09.pdf,4,hooked,0.19387073913715416
875,15_9_F_14_2009_03_09.pdf,5,up/down,0.19152600713019347
875,15_9_F_14_2009_03_09.pdf,6,handover f-14,0.19077748317728935
875,15_9_F_14_2009_03_09.pdf,7,waited handover,0.19077748317728935
875,15_9_F_14_2009_03_09.pdf,8,riser,0.19069950977236105
875,15_9_F_14_2009_03_09.pdf,9,meg,0.12733415362046882
875,15_9_F_14_2009_03_09.pdf,10,wai waited,0.12718498878485957
875,15_9_F_14_2009_03_09.pdf,11,hooked local,0.12718498878485957
875,15_9_F_14_2009_03_09.pdf,12,dismantled drilling,0.12718498878485957
876,15_9_F_14_2009_03_10.pdf,1,wire lin,0.3514814067268062
876,15_9_F_14_2009_03_10.pdf,2,lin,0.34437961868189887
876,15_9_F_14_2009_03_10.pdf,3,workover,0.29562921591446495
876,15_9_F_14_2009_03_10.pdf,4,plt/tractor,0.2313382756152988
876,15_9_F_14_2009_03_10.pdf,5,plt/tractor toolstring,0.2313382756152988
876,15_9_F_14_2009_03_10.pdf,6,workover wire,0.2242450284579726
876,15_9_F_14_2009_03_10.pdf,7,toolstring ewl,0.21695726094938436
876,15_9_F_14_2009_03_10.pdf,8,rih plt/tractor,0.20820444805376892
876,15_9_F_14_2009_03_10.pdf,9,ewl,0.20675376866282716
876,15_9_F_14_2009_03_10.pdf,10,wire,0.19567795995990714
876,15_9_F_14_2009_03_10.pdf,11,lin rih,0.1735658087595075
876,15_9_F_14_2009_03_10.pdf,12,toolstring,0.1494739516317268
877,15_9_F_14_2009_03_11.pdf,1,workover wire,0.2667310241605598
877,15_9_F_14_2009_03_11.pdf,2,wire line,0.2656525190409264
877,15_9_F_14_2009_03_11.pdf,3,workover,0.24907821243445824
877,15_9_F_14_2009_03_11.pdf,4,plt/tractor,0.23389294855593845
877,15_9_F_14_2009_03_11.pdf,5,plt/tractor toolstring,0.23389294855593845
877,15_9_F_14_2009_03_11.pdf,6,wire,0.23275157101436925
877,15_9_F_14_2009_03_11.pdf,7,toolstring ewl,0.21935312407384364
877,15_9_F_14_2009_03_11.pdf,8,ewl,0.20903695442952905
877,15_9_F_14_2009_03_11.pdf,9,rih plt/tractor,0.19491079046328202
877,15_9_F_14_2009_03_11.pdf,10,rih powered,0.19491079046328202
877,15_9_F_14_2009_03_11.pdf,11,ewl workover,0.18824258810024333
877,15_9_F_14_2009_03_11.pdf,12,line upwards,0.17249929512156525
878,15_9_F_14_2009_03_12.pdf,1,wire lin,0.3573416849625864
878,15_9_F_14_2009_03_12.pdf,2,lin,0.3501214882248771
878,15_9_F_14_2009_03_12.pdf,3,workover,0.23357670958155066
878,15_9_F_14_2009_03_12.pdf,4,plt/tractor,0.22847552909877786
878,15_9_F_14_2009_03_12.pdf,5,plt/tractor toolstring,0.22847552909877786
878,15_9_F_14_2009_03_12.pdf,6,workover wire,0.22798388415447204
878,15_9_F_14_2009_03_12.pdf,7,toolstring ewl,0.2142724754707824
878,15_9_F_14_2009_03_12.pdf,8,ewl,0.20419524855004934
878,15_9_F_14_2009_03_12.pdf,9,wire,0.198940514587345
878,15_9_F_14_2009_03_12.pdf,10,toolstring,0.15097934991341436
878,15_9_F_14_2009_03_12.pdf,11,rih plt/tractor,0.14279720568673615
878,15_9_F_14_2009_03_12.pdf,12,rih powered,0.14279720568673615
879,15_9_F_14_2009_03_13.pdf,1,rigging scheduled,0.22380738612792103
879,15_9_F_14_2009_03_13.pdf,2,scheduled shut-in,0.21435305051604184
879,15_9_F_14_2009_03_13.pdf,3,scheduled,0.20701969809066703
879,15_9_F_14_2009_03_13.pdf,4,shut-in,0.20213088581110797
879,15_9_F_14_2009_03_13.pdf,5,yearly,0.19596193066711737
879,15_9_F_14_2009_03_13.pdf,6,lubricator,0.18492233968075492
879,15_9_F_14_2009_03_13.pdf,7,moonpool,0.17341197726608384
879,15_9_F_14_2009_03_13.pdf,8,stand rigging,0.14920492408528066
879,15_9_F_14_2009_03_13.pdf,9,rigging,0.14036697261101574
879,15_9_F_14_2009_03_13.pdf,10,production,0.13979205023169217
879,15_9_F_14_2009_03_13.pdf,11,tension cylinders,0.13868127834565586
879,15_9_F_14_2009_03_13.pdf,12,lubricator toolstring,0.13801313206044472
880,15_9_F_14_2009_03_14.pdf,1,workover up/down,0.4341074115895612
880,15_9_F_14_2009_03_14.pdf,2,kwv,0.39000517193423556
880,15_9_F_14_2009_03_14.pdf,3,workover,0.22189987086147864
880,15_9_F_14_2009_03_14.pdf,4,up/down,0.21790532567752646
880,15_9_F_14_2009_03_14.pdf,5,cap,0.17398060802962784
880,15_9_F_14_2009_03_14.pdf,6,f-12,0.160410113824169
880,15_9_F_14_2009_03_14.pdf,7,min using,0.1351226386122237
880,15_9_F_14_2009_03_14.pdf,8,xmt,0.13106372524151538
880,15_9_F_14_2009_03_14.pdf,9,leak tested,0.12180570609795485
880,15_9_F_14_2009_03_14.pdf,10,cmt unit,0.1191286505292033
880,15_9_F_14_2009_03_14.pdf,11,surface lines,0.10535808714880923
880,15_9_F_14_2009_03_14.pdf,12,seawell,0.10384107797382512
881,15_9_F_14_2010_09_11.pdf,1,up/dow,0.26530571810464526
881,15_9_F_14_2010_09_11.pdf,2,rig up/dow,0.26530571810464526
881,15_9_F_14_2010_09_11.pdf,3,workover rig,0.20638222541097767
881,15_9_F_14_2010_09_11.pdf,4,spotted,0.18952493862397654
881,15_9_F_14_2010_09_11.pdf,5,hooked,0.18473193798782794
881,15_9_F_14_2010_09_11.pdf,6,workover,0.1548693350969656
881,15_9_F_14_2010_09_11.pdf,7,logging,0.15392132464226346
881,15_9_F_14_2010_09_11.pdf,8,hrs running,0.15148707823157884
881,15_9_F_14_2010_09_11.pdf,9,riser built,0.15148707823157884
881,15_9_F_14_2010_09_11.pdf,10,grease head,0.15148707823157884
881,15_9_F_14_2010_09_11.pdf,11,line equipment,0.14630446884072557
881,15_9_F_14_2010_09_11.pdf,12,running plt,0.14630446884072557
882,15_9_F_14_2010_09_12.pdf,1,workover rig,0.374950715563687
882,15_9_F_14_2010_09_12.pdf,2,rig up/down,0.36501088979926
882,15_9_F_14_2010_09_12.pdf,3,workover,0.31653362534043994
882,15_9_F_14_2010_09_12.pdf,4,up/down,0.2762982438877841
882,15_9_F_14_2010_09_12.pdf,5,plt,0.19623680248493816
882,15_9_F_14_2010_09_12.pdf,6,lubricator riser,0.18870386242859719
882,15_9_F_14_2010_09_12.pdf,7,rig,0.1843465524025807
882,15_9_F_14_2010_09_12.pdf,8,lubricator,0.1424585260138877
882,15_9_F_14_2010_09_12.pdf,9,plt tractor,0.13760920609435742
882,15_9_F_14_2010_09_12.pdf,10,riser rig,0.13760920609435742
882,15_9_F_14_2010_09_12.pdf,11,prepared hoses,0.13760920609435742
882,15_9_F_14_2010_09_12.pdf,12,assembled,0.12905480667323146
883,15_9_F_14_2010_09_13.pdf,1,rig up/dow,0.4466229307553937
883,15_9_F_14_2010_09_13.pdf,2,up/dow,0.4466229307553937
883,15_9_F_14_2010_09_13.pdf,3,workover rig,0.3474295052039334
883,15_9_F_14_2010_09_13.pdf,4,workover,0.2793335262668976
883,15_9_F_14_2010_09_13.pdf,5,up/dow held,0.2015131609076586
883,15_9_F_14_2010_09_13.pdf,6,tkv,0.1759235429630513
883,15_9_F_14_2010_09_13.pdf,7,rig,0.1464133715150721
883,15_9_F_14_2010_09_13.pdf,8,plt,0.12988079377626074
883,15_9_F_14_2010_09_13.pdf,9,rig-up,0.12312318299213479
883,15_9_F_14_2010_09_13.pdf,10,tree,0.09791110245632656
883,15_9_F_14_2010_09_13.pdf,11,tractor,0.09020670385088489
883,15_9_F_14_2010_09_13.pdf,12,program,0.08232476734881179
884,15_9_F_14_2010_09_14.pdf,1,ire line,0.4340738365148864
884,15_9_F_14_2010_09_14.pdf,2,ire,0.4340738365148864
884,15_9_F_14_2010_09_14.pdf,3,workover ire,0.4340738365148864
884,15_9_F_14_2010_09_14.pdf,4,workover,0.24615274293854975
884,15_9_F_14_2010_09_14.pdf,5,mdrkb,0.17609493445736701
884,15_9_F_14_2010_09_14.pdf,6,plt,0.16023396725218622
884,15_9_F_14_2010_09_14.pdf,7,line,0.14454254056492474
884,15_9_F_14_2010_09_14.pdf,8,spinner,0.13796799803398735
884,15_9_F_14_2010_09_14.pdf,9,bore spinner,0.13407824284067826
884,15_9_F_14_2010_09_14.pdf,10,bore,0.1240210961471104
884,15_9_F_14_2010_09_14.pdf,11,tractor,0.09936431495124519
884,15_9_F_14_2010_09_14.pdf,12,deg workover,0.0963107636591911
885,15_9_F_14_2010_09_15.pdf,1,rst,0.39265007815942304
885,15_9_F_14_2010_09_15.pdf,2,mode,0.3029348532055783
885,15_9_F_14_2010_09_15.pdf,3,workover wire,0.2604817552860098
885,15_9_F_14_2010_09_15.pdf,4,wire line,0.2594285185748654
885,15_9_F_14_2010_09_15.pdf,5,workover,0.23351283179492222
885,15_9_F_14_2010_09_15.pdf,6,wire,0.22729841027755457
885,15_9_F_14_2010_09_15.pdf,7,sigma,0.19079001392011766
885,15_9_F_14_2010_09_15.pdf,8,logging,0.18566673315068538
885,15_9_F_14_2010_09_15.pdf,9,mode m/min,0.18273043709290382
885,15_9_F_14_2010_09_15.pdf,10,rst mode,0.18273043709290382
885,15_9_F_14_2010_09_15.pdf,11,logging rst,0.18273043709290382
885,15_9_F_14_2010_09_15.pdf,12,rst logging,0.1713711015538426
886,15_9_F_14_2010_09_16.pdf,1,rst,0.36340869108259316
886,15_9_F_14_2010_09_16.pdf,2,mode m/min,0.33824431807661753
886,15_9_F_14_2010_09_16.pdf,3,rst mode,0.33824431807661753
886,15_9_F_14_2010_09_16.pdf,4,m/min,0.22881205184831624
886,15_9_F_14_2010_09_16.pdf,5,mode,0.22429978163312833
886,15_9_F_14_2010_09_16.pdf,6,workover wire,0.1928665526987639
886,15_9_F_14_2010_09_16.pdf,7,wire line,0.19208671253901388
886,15_9_F_14_2010_09_16.pdf,8,logged rst,0.1765815240769888
886,15_9_F_14_2010_09_16.pdf,9,workover,0.17289815491976546
886,15_9_F_14_2010_09_16.pdf,10,logging rst,0.16912215903830877
886,15_9_F_14_2010_09_16.pdf,11,wire,0.16829685739796513
886,15_9_F_14_2010_09_16.pdf,12,equipment shore,0.16333622600781342
887,15_9_F_14_2010_09_17.pdf,1,workover wire,0.2917241722481604
887,15_9_F_14_2010_09_17.pdf,2,wire line,0.29054460937473525
887,15_9_F_14_2010_09_17.pdf,3,workover,0.28163753877402514
887,15_9_F_14_2010_09_17.pdf,4,wire,0.254560786872522
887,15_9_F_14_2010_09_17.pdf,5,pass speed,0.21768781248869112
887,15_9_F_14_2010_09_17.pdf,6,activated workover,0.21768781248869112
887,15_9_F_14_2010_09_17.pdf,7,ran plt,0.20545532739072334
887,15_9_F_14_2010_09_17.pdf,8,tractor activated,0.19004421875172636
887,15_9_F_14_2010_09_17.pdf,9,rih tractor,0.18454375599445902
887,15_9_F_14_2010_09_17.pdf,10,logging pass,0.17586466969616246
887,15_9_F_14_2010_09_17.pdf,11,plt logging,0.16625723260132735
887,15_9_F_14_2010_09_17.pdf,12,line,0.1645356778200633
888,15_9_F_14_2010_09_18.pdf,1,plug equipment,0.29716395848022
888,15_9_F_14_2010_09_18.pdf,2,produced prepared,0.2481278141162498
888,15_9_F_14_2010_09_18.pdf,3,prepared cable,0.2481278141162498
888,15_9_F_14_2010_09_18.pdf,4,cable equipment,0.2481278141162498
888,15_9_F_14_2010_09_18.pdf,5,waited plug,0.23764610629649013
888,15_9_F_14_2010_09_18.pdf,6,shore produced,0.23764610629649013
888,15_9_F_14_2010_09_18.pdf,7,equipment shore,0.2295158620765236
888,15_9_F_14_2010_09_18.pdf,8,equipment,0.21720838493309164
888,15_9_F_14_2010_09_18.pdf,9,produced,0.21239126104040537
888,15_9_F_14_2010_09_18.pdf,10,shore,0.20809983142383975
888,15_9_F_14_2010_09_18.pdf,11,cable,0.18141577282053373
888,15_9_F_14_2010_09_18.pdf,12,wireline equipment,0.16944691909145163
889,15_9_F_14_2010_09_19.pdf,1,plug equipment,0.3726397948078456
889,15_9_F_14_2010_09_19.pdf,2,plug,0.2287258933991414
889,15_9_F_14_2010_09_19.pdf,3,shore produced,0.19867011405669752
889,15_9_F_14_2010_09_19.pdf,4,waited plug,0.19867011405669752
889,15_9_F_14_2010_09_19.pdf,5,equipment shore,0.19187329936588846
889,15_9_F_14_2010_09_19.pdf,6,dhsv,0.1803218747979814
889,15_9_F_14_2010_09_19.pdf,7,produced,0.17755727923814232
889,15_9_F_14_2010_09_19.pdf,8,shore,0.173969680751148
889,15_9_F_14_2010_09_19.pdf,9,workover,0.16925485673308305
889,15_9_F_14_2010_09_19.pdf,10,evo plug,0.16520706258536755
889,15_9_F_14_2010_09_19.pdf,11,evo,0.16051172812879258
889,15_9_F_14_2010_09_19.pdf,12,equipment,0.14526748291811828
890,15_9_F_14_2010_09_20.pdf,1,interruption oth,0.2840189667139206
890,15_9_F_14_2010_09_20.pdf,2,evo plug,0.26971331445079094
890,15_9_F_14_2010_09_20.pdf,3,evo,0.262047817595392
890,15_9_F_14_2010_09_20.pdf,4,workover,0.2486894864770459
890,15_9_F_14_2010_09_20.pdf,5,oth,0.22757948090777538
890,15_9_F_14_2010_09_20.pdf,6,plug,0.1867063606240302
890,15_9_F_14_2010_09_20.pdf,7,workover wire,0.18494079735943073
890,15_9_F_14_2010_09_20.pdf,8,dhsv,0.17663364904129134
890,15_9_F_14_2010_09_20.pdf,9,wire,0.16138078150274093
890,15_9_F_14_2010_09_20.pdf,10,bha,0.15290892065046363
890,15_9_F_14_2010_09_20.pdf,11,tractor,0.13385109405037185
890,15_9_F_14_2010_09_20.pdf,12,tested hmv,0.11978590923576715
891,15_9_F_14_2010_09_21.pdf,1,rig up/do,0.35799381734620644
891,15_9_F_14_2010_09_21.pdf,2,up/do,0.35799381734620644
891,15_9_F_14_2010_09_21.pdf,3,workover rig,0.26002525872827087
891,15_9_F_14_2010_09_21.pdf,4,x-mas tree,0.21161850420184616
891,15_9_F_14_2010_09_21.pdf,5,x-mas,0.21161850420184616
891,15_9_F_14_2010_09_21.pdf,6,workover,0.19512309670792882
891,15_9_F_14_2010_09_21.pdf,7,cap,0.18212651968009438
891,15_9_F_14_2010_09_21.pdf,8,tree,0.1709848238473848
891,15_9_F_14_2010_09_21.pdf,9,pressure dhsv,0.15420308588161852
891,15_9_F_14_2010_09_21.pdf,10,dhsv,0.1385877025683569
891,15_9_F_14_2010_09_21.pdf,11,installed x-mas,0.12724114728619418
891,15_9_F_14_2010_09_21.pdf,12,tree cross,0.12288802903659478
892,15_9_F_14_2012_01_28.pdf,1,workover wire,0.30341031463401086
892,15_9_F_14_2012_01_28.pdf,2,wire line,0.3021834997979332
892,15_9_F_14_2012_01_28.pdf,3,work area,0.27779132788479455
892,15_9_F_14_2012_01_28.pdf,4,equipment work,0.27779132788479455
892,15_9_F_14_2012_01_28.pdf,5,workover,0.27199679182207004
892,15_9_F_14_2012_01_28.pdf,6,wire,0.26475820581905973
892,15_9_F_14_2012_01_28.pdf,7,spotted equipment,0.22479250356425265
892,15_9_F_14_2012_01_28.pdf,8,spotted,0.2219082525008158
892,15_9_F_14_2012_01_28.pdf,9,line,0.17112679210359966
892,15_9_F_14_2012_01_28.pdf,10,hooked,0.16222221929313135
892,15_9_F_14_2012_01_28.pdf,11,line spotted,0.1621528996478917
892,15_9_F_14_2012_01_28.pdf,12,bop workover,0.1524535229279429
893,15_9_F_14_2012_01_29.pdf,1,workover wire,0.36283558802729016
893,15_9_F_14_2012_01_29.pdf,2,wire line,0.3613684919498685
893,15_9_F_14_2012_01_29.pdf,3,workover,0.32526948209174195
893,15_9_F_14_2012_01_29.pdf,4,wire,0.31661316263847455
893,15_9_F_14_2012_01_29.pdf,5,line,0.20464330724890034
893,15_9_F_14_2012_01_29.pdf,6,welltec,0.1586551156836705
893,15_9_F_14_2012_01_29.pdf,7,riser lubricator,0.13504638532451263
893,15_9_F_14_2012_01_29.pdf,8,cable,0.13248184850244984
893,15_9_F_14_2012_01_29.pdf,9,platform,0.1294240237203464
893,15_9_F_14_2012_01_29.pdf,10,winch,0.1270035115503773
893,15_9_F_14_2012_01_29.pdf,11,chain,0.12374139643573315
893,15_9_F_14_2012_01_29.pdf,12,held platform,0.12079960842769799
894,15_9_F_14_2012_01_30.pdf,1,workover,0.31755391005223366
894,15_9_F_14_2012_01_30.pdf,2,lubricator,0.200978034504824
894,15_9_F_14_2012_01_30.pdf,3,wire,0.19318932705292513
894,15_9_F_14_2012_01_30.pdf,4,workover wire,0.1771144635875642
894,15_9_F_14_2012_01_30.pdf,5,opened,0.16793981054201296
894,15_9_F_14_2012_01_30.pdf,6,interruption wai,0.16215949048054334
894,15_9_F_14_2012_01_30.pdf,7,meg production,0.15530935799752466
894,15_9_F_14_2012_01_30.pdf,8,production,0.1519293533894705
894,15_9_F_14_2012_01_30.pdf,9,bop lubricator,0.14999598244997528
894,15_9_F_14_2012_01_30.pdf,10,wai,0.14565463852157273
894,15_9_F_14_2012_01_30.pdf,11,ev0 plug,0.14565463852157273
894,15_9_F_14_2012_01_30.pdf,12,opened rih,0.14565463852157273
895,15_9_F_14_2012_01_31.pdf,1,workover,0.3480956805063475
895,15_9_F_14_2012_01_31.pdf,2,wire ine,0.34243453669519697
895,15_9_F_14_2012_01_31.pdf,3,ine,0.30953951983236583
895,15_9_F_14_2012_01_31.pdf,4,packed equipment,0.17936981383345618
895,15_9_F_14_2012_01_31.pdf,5,workover wire,0.17649910707613464
895,15_9_F_14_2012_01_31.pdf,6,plug,0.17105671733787342
895,15_9_F_14_2012_01_31.pdf,7,plug setting,0.16598670178172087
895,15_9_F_14_2012_01_31.pdf,8,wire,0.1540144967533854
895,15_9_F_14_2012_01_31.pdf,9,production,0.15140149860566698
895,15_9_F_14_2012_01_31.pdf,10,production department,0.1398957935980589
895,15_9_F_14_2012_01_31.pdf,11,department,0.13850651872128839
895,15_9_F_14_2012_01_31.pdf,12,packed,0.13470428086881445
896,15_9_F_14_2012_02_01.pdf,1,work area,0.21147894264293363
896,15_9_F_14_2012_02_01.pdf,2,equipment backload,0.20254539968359248
896,15_9_F_14_2012_02_01.pdf,3,closed tested,0.20254539968359248
896,15_9_F_14_2012_02_01.pdf,4,production,0.19813739495613988
896,15_9_F_14_2012_02_01.pdf,5,packed equipment,0.19561600542285149
896,15_9_F_14_2012_02_01.pdf,6,bha evo,0.18995427806475987
896,15_9_F_14_2012_02_01.pdf,7,line prepared,0.18995427806475987
896,15_9_F_14_2012_02_01.pdf,8,pooh closed,0.18102073510541872
896,15_9_F_14_2012_02_01.pdf,9,end operation,0.17736315644592726
896,15_9_F_14_2012_02_01.pdf,10,hole bha,0.17113162361764345
896,15_9_F_14_2012_02_01.pdf,11,backload,0.17113162361764345
896,15_9_F_14_2012_02_01.pdf,12,evo plug,0.1684296134865861
897,15_9_F_14_2016_07_31.pdf,1,abandon,0.32717197952328614
897,15_9_F_14_2016_07_31.pdf,2,plug abandon,0.32717197952328614
897,15_9_F_14_2016_07_31.pdf,3,cement spool,0.2744364821526026
897,15_9_F_14_2016_07_31.pdf,4,plug,0.24881422031956552
897,15_9_F_14_2016_07_31.pdf,5,bullheading,0.24013192188352728
897,15_9_F_14_2016_07_31.pdf,6,spool,0.23024872018154985
897,15_9_F_14_2016_07_31.pdf,7,cement,0.21265124405259578
897,15_9_F_14_2016_07_31.pdf,8,dhsv,0.16813630130802223
897,15_9_F_14_2016_07_31.pdf,9,pressure,0.1568367806228986
897,15_9_F_14_2016_07_31.pdf,10,ski,0.1432704400073821
897,15_9_F_14_2016_07_31.pdf,11,moving ski,0.1432704400073821
897,15_9_F_14_2016_07_31.pdf,12,bar,0.13282024193303044
898,15_9_F_14_2016_08_01.pdf,1,bar,0.25447110724253097
898,15_9_F_14_2016_08_01.pdf,2,pressure,0.2535338301264983
898,15_9_F_14_2016_08_01.pdf,3,plug,0.2156521144664474
898,15_9_F_14_2016_08_01.pdf,4,bled pressure,0.21444210904357375
898,15_9_F_14_2016_08_01.pdf,5,bar bar,0.21015207294462104
898,15_9_F_14_2016_08_01.pdf,6,bled,0.2007575694408661
898,15_9_F_14_2016_08_01.pdf,7,pressure cross,0.18177222903526813
898,15_9_F_14_2016_08_01.pdf,8,inflow,0.17961309071613454
898,15_9_F_14_2016_08_01.pdf,9,plug abandon,0.16495546849505674
898,15_9_F_14_2016_08_01.pdf,10,abandon,0.16495546849505674
898,15_9_F_14_2016_08_01.pdf,11,inflow test,0.15669704973383478
898,15_9_F_14_2016_08_01.pdf,12,dhsv,0.14317038206031998
899,15_9_F_14_2016_08_02.pdf,1,plug abandon,0.43879597164828416
899,15_9_F_14_2016_08_02.pdf,2,abandon,0.43879597164828416
899,15_9_F_14_2016_08_02.pdf,3,plug,0.3506201256672059
899,15_9_F_14_2016_08_02.pdf,4,spool,0.168237629251486
899,15_9_F_14_2016_08_02.pdf,5,installed,0.14128288540261336
899,15_9_F_14_2016_08_02.pdf,6,abandon installed,0.12497149239833794
899,15_9_F_14_2016_08_02.pdf,7,bpv plug,0.12346427877774335
899,15_9_F_14_2016_08_02.pdf,8,lifting,0.12282701595313224
899,15_9_F_14_2016_08_02.pdf,9,moonpool,0.11976750962094113
899,15_9_F_14_2016_08_02.pdf,10,cement spool,0.11279511345101004
899,15_9_F_14_2016_08_02.pdf,11,bop,0.108979795798129
899,15_9_F_14_2016_08_02.pdf,12,bpv,0.10848074306869511
900,15_9_F_14_2016_08_03.pdf,1,abandon,0.34481896202624823
900,15_9_F_14_2016_08_03.pdf,2,plug abandon,0.34481896202624823
900,15_9_F_14_2016_08_03.pdf,3,plug,0.30504858293266923
900,15_9_F_14_2016_08_03.pdf,4,interruption repair,0.21300471715997008
900,15_9_F_14_2016_08_03.pdf,5,bpv,0.20134624813483223
900,15_9_F_14_2016_08_03.pdf,6,repair,0.18120471234274477
900,15_9_F_14_2016_08_03.pdf,7,dart,0.15385061435268146
900,15_9_F_14_2016_08_03.pdf,8,performed tbt,0.13994436817275555
900,15_9_F_14_2016_08_03.pdf,9,repair performed,0.11694108885183344
900,15_9_F_14_2016_08_03.pdf,10,performed,0.11629710230822199
900,15_9_F_14_2016_08_03.pdf,11,tbt,0.11478057515451918
900,15_9_F_14_2016_08_03.pdf,12,bpv plug,0.11457825881055075
901,15_9_F_14_2016_08_04.pdf,1,abandon oth,0.5587932943980611
901,15_9_F_14_2016_08_04.pdf,2,oth,0.37552013124296313
901,15_9_F_14_2016_08_04.pdf,3,abandon,0.26864396159955967
901,15_9_F_14_2016_08_04.pdf,4,plug abandon,0.26864396159955967
901,15_9_F_14_2016_08_04.pdf,5,a-annulus,0.1977971316737071
901,15_9_F_14_2016_08_04.pdf,6,plug,0.1916923372530462
901,15_9_F_14_2016_08_04.pdf,7,asv,0.11926019128921646
901,15_9_F_14_2016_08_04.pdf,8,tubing,0.11547752675022678
901,15_9_F_14_2016_08_04.pdf,9,bar,0.1038326647818653
901,15_9_F_14_2016_08_04.pdf,10,tubing mmd,0.10348023970334465
901,15_9_F_14_2016_08_04.pdf,11,control,0.10218336682209062
901,15_9_F_14_2016_08_04.pdf,12,oth pooh,0.09060553321762653
902,15_9_F_14_2016_08_05.pdf,1,abandon cut,0.4120604818337662
902,15_9_F_14_2016_08_05.pdf,2,abandon,0.37904550715701857
902,15_9_F_14_2016_08_05.pdf,3,plug abandon,0.37904550715701857
902,15_9_F_14_2016_08_05.pdf,4,cut,0.28615873458171137
902,15_9_F_14_2016_08_05.pdf,5,plug,0.26717153719108133
902,15_9_F_14_2016_08_05.pdf,6,cutter,0.23356525848292994
902,15_9_F_14_2016_08_05.pdf,7,cutter bha,0.20064845204152149
902,15_9_F_14_2016_08_05.pdf,8,avg tripping,0.12449007443754426
902,15_9_F_14_2016_08_05.pdf,9,avg,0.12071632999528069
902,15_9_F_14_2016_08_05.pdf,10,speed m/hr,0.11213152992368026
902,15_9_F_14_2016_08_05.pdf,11,flx,0.110812736315002
902,15_9_F_14_2016_08_05.pdf,12,bha,0.10940417681505449
903,15_9_F_14_2016_08_06.pdf,1,plug abandon,0.3547900024602503
903,15_9_F_14_2016_08_06.pdf,2,abandon,0.3547900024602503
903,15_9_F_14_2016_08_06.pdf,3,plug,0.34874399292892666
903,15_9_F_14_2016_08_06.pdf,4,abandon oth,0.3162777865870405
903,15_9_F_14_2016_08_06.pdf,5,abandon ment,0.2792570546246745
903,15_9_F_14_2016_08_06.pdf,6,ment plug,0.2635648221558671
903,15_9_F_14_2016_08_06.pdf,7,oth,0.21254491977456239
903,15_9_F_14_2016_08_06.pdf,8,ment,0.1815067914157428
903,15_9_F_14_2016_08_06.pdf,9,tubing,0.1737993564350085
903,15_9_F_14_2016_08_06.pdf,10,spear,0.15962812533068454
903,15_9_F_14_2016_08_06.pdf,11,abandon trip,0.09145537846304605
903,15_9_F_14_2016_08_06.pdf,12,spear bha,0.08051066650217284
904,15_9_F_14_2016_08_07.pdf,1,plug,0.37707403144395446
904,15_9_F_14_2016_08_07.pdf,2,abandon,0.37123663107416605
904,15_9_F_14_2016_08_07.pdf,3,plug abandon,0.37123663107416605
904,15_9_F_14_2016_08_07.pdf,4,cement,0.2183116716759615
904,15_9_F_14_2016_08_07.pdf,5,abandon rip,0.19480152098174086
904,15_9_F_14_2016_08_07.pdf,6,cement plug,0.18299045599094843
904,15_9_F_14_2016_08_07.pdf,7,rip,0.1651420166541085
904,15_9_F_14_2016_08_07.pdf,8,abandon cement,0.15193656933963015
904,15_9_F_14_2016_08_07.pdf,9,spear,0.13362227134139698
904,15_9_F_14_2016_08_07.pdf,10,control line,0.1216916281765083
904,15_9_F_14_2016_08_07.pdf,11,tubing,0.11191137920092185
904,15_9_F_14_2016_08_07.pdf,12,fluid,0.10632764407991176
905,15_9_F_14_2016_08_08.pdf,1,abandon othe,0.5154473553581658
905,15_9_F_14_2016_08_08.pdf,2,othe,0.39885385918370303
905,15_9_F_14_2016_08_08.pdf,3,plug abandon,0.3200815674863064
905,15_9_F_14_2016_08_08.pdf,4,abandon,0.3200815674863064
905,15_9_F_14_2016_08_08.pdf,5,plug,0.23444788188168147
905,15_9_F_14_2016_08_08.pdf,6,ms-t,0.17105051877088104
905,15_9_F_14_2016_08_08.pdf,7,ms-t seal,0.13684041501670482
905,15_9_F_14_2016_08_08.pdf,8,seal,0.11688047293340699
905,15_9_F_14_2016_08_08.pdf,9,surface tie,0.10284858752968976
905,15_9_F_14_2016_08_08.pdf,10,tool,0.10253078932721534
905,15_9_F_14_2016_08_08.pdf,11,retrieval tool,0.08552525938544052
905,15_9_F_14_2016_08_08.pdf,12,turns,0.08384096303507206
906,15_9_F_14_2016_08_09.pdf,1,abandon,0.3464155682814164
906,15_9_F_14_2016_08_09.pdf,2,plug abandon,0.3464155682814164
906,15_9_F_14_2016_08_09.pdf,3,plug,0.2383585877849469
906,15_9_F_14_2016_08_09.pdf,4,torque tool,0.2045424935423741
906,15_9_F_14_2016_08_09.pdf,5,tieback,0.20140664617804027
906,15_9_F_14_2016_08_09.pdf,6,rec,0.17392881825718298
906,15_9_F_14_2016_08_09.pdf,7,equipment rec,0.17392881825718298
906,15_9_F_14_2016_08_09.pdf,8,overy,0.17392881825718298
906,15_9_F_14_2016_08_09.pdf,9,rec overy,0.17392881825718298
906,15_9_F_14_2016_08_09.pdf,10,adapter,0.15534071927922846
906,15_9_F_14_2016_08_09.pdf,11,abandon equipment,0.15228910722743874
906,15_9_F_14_2016_08_09.pdf,12,pooh checked,0.14908184422044257
907,15_9_F_14_2016_08_10.pdf,1,abandon,0.4091225927838717
907,15_9_F_14_2016_08_10.pdf,2,plug abandon,0.4091225927838717
907,15_9_F_14_2016_08_10.pdf,3,abandon perforate,0.3935816352398138
907,15_9_F_14_2016_08_10.pdf,4,plug,0.2815054875583977
907,15_9_F_14_2016_08_10.pdf,5,perforate,0.242635220643447
907,15_9_F_14_2016_08_10.pdf,6,subsea csg,0.10777654291493766
907,15_9_F_14_2016_08_10.pdf,7,gun,0.10023446577898831
907,15_9_F_14_2016_08_10.pdf,8,gun bha,0.09819185675795739
907,15_9_F_14_2016_08_10.pdf,9,tieback,0.09647656124131444
907,15_9_F_14_2016_08_10.pdf,10,csg hanger,0.09351307132050338
907,15_9_F_14_2016_08_10.pdf,11,p/u,0.09329085875994855
907,15_9_F_14_2016_08_10.pdf,12,adapter,0.09094597958533827
908,15_9_F_14_2016_08_11.pdf,1,spear,0.4656252562470597
908,15_9_F_14_2016_08_11.pdf,2,abandon,0.27720542242526314
908,15_9_F_14_2016_08_11.pdf,3,plug abandon,0.27720542242526314
908,15_9_F_14_2016_08_11.pdf,4,fish,0.2122487943931143
908,15_9_F_14_2016_08_11.pdf,5,csg,0.20233136558087875
908,15_9_F_14_2016_08_11.pdf,6,plug,0.1907370772722859
908,15_9_F_14_2016_08_11.pdf,7,hanger,0.13759257162401978
908,15_9_F_14_2016_08_11.pdf,8,interruption repai,0.13709907258584486
908,15_9_F_14_2016_08_11.pdf,9,repai,0.13709907258584486
908,15_9_F_14_2016_08_11.pdf,10,spear inside,0.13576255995932807
908,15_9_F_14_2016_08_11.pdf,11,min bar,0.12628996786494925
908,15_9_F_14_2016_08_11.pdf,12,pull,0.11223849945793775
909,15_9_F_14_2016_08_12.pdf,1,spear,0.395044314564134
909,15_9_F_14_2016_08_12.pdf,2,abandon,0.2979019526823868
909,15_9_F_14_2016_08_12.pdf,3,plug abandon,0.2979019526823868
909,15_9_F_14_2016_08_12.pdf,4,fish,0.2160905450204418
909,15_9_F_14_2016_08_12.pdf,5,plug,0.20497776440020637
909,15_9_F_14_2016_08_12.pdf,6,abandon cut,0.18635538666754514
909,15_9_F_14_2016_08_12.pdf,7,grapple,0.18473748719771613
909,15_9_F_14_2016_08_12.pdf,8,overy,0.16306616439942606
909,15_9_F_14_2016_08_12.pdf,9,equipment rec,0.16306616439942606
909,15_9_F_14_2016_08_12.pdf,10,rec,0.16306616439942606
909,15_9_F_14_2016_08_12.pdf,11,rec overy,0.16306616439942606
909,15_9_F_14_2016_08_12.pdf,12,csg,0.16185212098757099
910,15_9_F_14_2016_08_13.pdf,1,abandon,0.3445139735415548
910,15_9_F_14_2016_08_13.pdf,2,plug abandon,0.3445139735415548
910,15_9_F_14_2016_08_13.pdf,3,plug,0.2934906682740201
910,15_9_F_14_2016_08_13.pdf,4,ment recovery,0.21693499109019904
910,15_9_F_14_2016_08_13.pdf,5,abandon equip,0.21693499109019904
910,15_9_F_14_2016_08_13.pdf,6,cut,0.16926446866732217
910,15_9_F_14_2016_08_13.pdf,7,recovery,0.16854774241908937
910,15_9_F_14_2016_08_13.pdf,8,mech anical,0.16341311448157014
910,15_9_F_14_2016_08_13.pdf,9,anical plug,0.16341311448157014
910,15_9_F_14_2016_08_13.pdf,10,anical,0.16341311448157014
910,15_9_F_14_2016_08_13.pdf,11,abandon mech,0.16341311448157014
910,15_9_F_14_2016_08_13.pdf,12,mech,0.15782249677617022
911,15_9_F_14_2016_08_14.pdf,1,rtts,0.35428497831481776
911,15_9_F_14_2016_08_14.pdf,2,lcm,0.2796798397092353
911,15_9_F_14_2016_08_14.pdf,3,interruption,0.23781140748099341
911,15_9_F_14_2016_08_14.pdf,4,lost circulation,0.21020476266528226
911,15_9_F_14_2016_08_14.pdf,5,loss rate,0.20424834017124374
911,15_9_F_14_2016_08_14.pdf,6,lcm pill,0.2006523574271796
911,15_9_F_14_2016_08_14.pdf,7,interruption lost,0.18108817247339673
911,15_9_F_14_2016_08_14.pdf,8,loss,0.16779932778288228
911,15_9_F_14_2016_08_14.pdf,9,mixing lcm,0.16716007888039294
911,15_9_F_14_2016_08_14.pdf,10,pill,0.156614470245133
911,15_9_F_14_2016_08_14.pdf,11,mixing,0.14622344631638368
911,15_9_F_14_2016_08_14.pdf,12,continued mixing,0.141690020381736
912,15_9_F_14_2016_08_15.pdf,1,abandon,0.3135884826093848
912,15_9_F_14_2016_08_15.pdf,2,plug abandon,0.3135884826093848
912,15_9_F_14_2016_08_15.pdf,3,diverter,0.31337477141577397
912,15_9_F_14_2016_08_15.pdf,4,pull diverter,0.249867377211677
912,15_9_F_14_2016_08_15.pdf,5,plug,0.2157712144151552
912,15_9_F_14_2016_08_15.pdf,6,hpr,0.2038375674806095
912,15_9_F_14_2016_08_15.pdf,7,rtts,0.203303785303725
912,15_9_F_14_2016_08_15.pdf,8,loosened,0.15083824500859871
912,15_9_F_14_2016_08_15.pdf,9,reporting f-12,0.1295842402280001
912,15_9_F_14_2016_08_15.pdf,10,epair attempted,0.12230254048836572
912,15_9_F_14_2016_08_15.pdf,11,abandon removed,0.11764318387490276
912,15_9_F_14_2016_08_15.pdf,12,pull,0.1110985235209495
913,15_9_F_14_2016_09_12.pdf,1,abandon,0.36274537798267414
913,15_9_F_14_2016_09_12.pdf,2,plug abandon,0.36274537798267414
913,15_9_F_14_2016_09_12.pdf,3,plug,0.2722850837546453
913,15_9_F_14_2016_09_12.pdf,4,riser,0.1970072798420031
913,15_9_F_14_2016_09_12.pdf,5,moving skid,0.19597533178216692
913,15_9_F_14_2016_09_12.pdf,6,skid,0.16183850038785
913,15_9_F_14_2016_09_12.pdf,7,moving,0.14983903164054607
913,15_9_F_14_2016_09_12.pdf,8,bop,0.1481054527246094
913,15_9_F_14_2016_09_12.pdf,9,abandon installed,0.14557581318188068
913,15_9_F_14_2016_09_12.pdf,10,skidded,0.12751109664280635
913,15_9_F_14_2016_09_12.pdf,11,scaffolding riser,0.12689676667295458
913,15_9_F_14_2016_09_12.pdf,12,skidding,0.12676496509442367
914,15_9_F_14_2016_09_13.pdf,1,abandon,0.4593657446146942
914,15_9_F_14_2016_09_13.pdf,2,plug abandon,0.4593657446146942
914,15_9_F_14_2016_09_13.pdf,3,plug,0.4525638720371965
914,15_9_F_14_2016_09_13.pdf,4,mechanical plug,0.12301022499436304
914,15_9_F_14_2016_09_13.pdf,5,rtts,0.12183267955003559
914,15_9_F_14_2016_09_13.pdf,6,abandon mechanical,0.12106800726083046
914,15_9_F_14_2016_09_13.pdf,7,cement,0.11535772357723721
914,15_9_F_14_2016_09_13.pdf,8,mechanical,0.10857658665703364
914,15_9_F_14_2016_09_13.pdf,9,bar,0.10421289376911796
914,15_9_F_14_2016_09_13.pdf,10,ezsv,0.09782127500202986
914,15_9_F_14_2016_09_13.pdf,11,rtts packer,0.09601495641873473
914,15_9_F_14_2016_09_13.pdf,12,abandon cement,0.08972980370339291
915,15_9_F_14_2016_09_14.pdf,1,wait woc,0.4765817884021861
915,15_9_F_14_2016_09_14.pdf,2,woc,0.41507076684361466
915,15_9_F_14_2016_09_14.pdf,3,interruption wait,0.33074763555727343
915,15_9_F_14_2016_09_14.pdf,4,wait,0.26559463825741997
915,15_9_F_14_2016_09_14.pdf,5,magnet,0.2044557550695015
915,15_9_F_14_2016_09_14.pdf,6,interruption,0.1673293352542308
915,15_9_F_14_2016_09_14.pdf,7,guns interruption,0.1515958978895693
915,15_9_F_14_2016_09_14.pdf,8,plug,0.14208375306825116
915,15_9_F_14_2016_09_14.pdf,9,magnet bha,0.1338513981479807
915,15_9_F_14_2016_09_14.pdf,10,ezsv,0.11381237494950125
915,15_9_F_14_2016_09_14.pdf,11,guns,0.11224006740616932
915,15_9_F_14_2016_09_14.pdf,12,centralizer piece,0.10708111851838455
916,15_9_F_14_2016_09_15.pdf,1,plug,0.4079383198473865
916,15_9_F_14_2016_09_15.pdf,2,ezsv,0.2800868884652321
916,15_9_F_14_2016_09_15.pdf,3,abandon,0.2673737458915115
916,15_9_F_14_2016_09_15.pdf,4,plug abandon,0.2673737458915115
916,15_9_F_14_2016_09_15.pdf,5,cement plug,0.22729728472044744
916,15_9_F_14_2016_09_15.pdf,6,ezsv plug,0.21884122178562973
916,15_9_F_14_2016_09_15.pdf,7,abandon cement,0.21647802363938598
916,15_9_F_14_2016_09_15.pdf,8,cement,0.2115635189072469
916,15_9_F_14_2016_09_15.pdf,9,interruption repair,0.13823554831440366
916,15_9_F_14_2016_09_15.pdf,10,repair,0.11759801896331218
916,15_9_F_14_2016_09_15.pdf,11,interruption,0.10082914182678485
916,15_9_F_14_2016_09_15.pdf,12,pressure,0.09926305087092939
917,15_9_F_14_2016_09_16.pdf,1,rig f-15,0.2829891258038382
917,15_9_F_14_2016_09_16.pdf,2,prepared skid,0.2733076261140871
917,15_9_F_14_2016_09_16.pdf,3,hatch f-14,0.25870914977330695
917,15_9_F_14_2016_09_16.pdf,4,end report,0.25870914977330695
917,15_9_F_14_2016_09_16.pdf,5,continued installing,0.2529156409371678
917,15_9_F_14_2016_09_16.pdf,6,skid rig,0.23909893110680913
917,15_9_F_14_2016_09_16.pdf,7,abandon continued,0.22021184363775928
917,15_9_F_14_2016_09_16.pdf,8,end,0.2180206408056071
917,15_9_F_14_2016_09_16.pdf,9,report,0.20177749280696633
917,15_9_F_14_2016_09_16.pdf,10,f-15,0.19856218003996612
917,15_9_F_14_2016_09_16.pdf,11,installing,0.19143358532713134
917,15_9_F_14_2016_09_16.pdf,12,f-14,0.1760902517656754
918,15_9_F_14_2016_10_19.pdf,1,plug abandon,0.35327120390998995
918,15_9_F_14_2016_10_19.pdf,2,abandon,0.35327120390998995
918,15_9_F_14_2016_10_19.pdf,3,multibowl,0.32489363092103135
918,15_9_F_14_2016_10_19.pdf,4,plug,0.24307575345651816
918,15_9_F_14_2016_10_19.pdf,5,r/d,0.1511494884263564
918,15_9_F_14_2016_10_19.pdf,6,r/d tension,0.1469644645451477
918,15_9_F_14_2016_10_19.pdf,7,abandon pulled,0.14439716929823615
918,15_9_F_14_2016_10_19.pdf,8,production riser,0.11892563447403394
918,15_9_F_14_2016_10_19.pdf,9,f-14,0.11678092031603644
918,15_9_F_14_2016_10_19.pdf,10,riser,0.10552401693916966
918,15_9_F_14_2016_10_19.pdf,11,performed tbt,0.10036229038568427
918,15_9_F_14_2016_10_19.pdf,12,c-plate,0.09727414077787597
919,15_9_F_14_2016_10_20.pdf,1,riser,0.28004396324287706
919,15_9_F_14_2016_10_20.pdf,2,plug abandon,0.274045946685258
919,15_9_F_14_2016_10_20.pdf,3,abandon,0.274045946685258
919,15_9_F_14_2016_10_20.pdf,4,cutting machine,0.2626885716960032
919,15_9_F_14_2016_10_20.pdf,5,machine,0.2321525013928487
919,15_9_F_14_2016_10_20.pdf,6,lift,0.21235558131617452
919,15_9_F_14_2016_10_20.pdf,7,plug,0.18856313289887186
919,15_9_F_14_2016_10_20.pdf,8,cutting,0.18590338850804752
919,15_9_F_14_2016_10_20.pdf,9,pulled riser,0.16726044440396706
919,15_9_F_14_2016_10_20.pdf,10,riser lift,0.16168773738529305
919,15_9_F_14_2016_10_20.pdf,11,l/o riser,0.16168773738529305
919,15_9_F_14_2016_10_20.pdf,12,abandon l/o,0.15761314301760188
920,15_9_F_15_2007_11_19.pdf,1,bha attempted,0.2807665325470252
920,15_9_F_15_2007_11_19.pdf,2,attempted wash,0.2657696455558087
920,15_9_F_15_2007_11_19.pdf,3,skid skidded,0.23817848039809786
920,15_9_F_15_2007_11_19.pdf,4,skidded cantilever,0.23817848039809786
920,15_9_F_15_2007_11_19.pdf,5,moving skid,0.2168034529636243
920,15_9_F_15_2007_11_19.pdf,6,f-5,0.2090323569891007
920,15_9_F_15_2007_11_19.pdf,7,f-15,0.2039811899047698
920,15_9_F_15_2007_11_19.pdf,8,remark moving,0.1915586689807899
920,15_9_F_15_2007_11_19.pdf,9,skidded,0.1880838490704669
920,15_9_F_15_2007_11_19.pdf,10,time,0.17917655709209845
920,15_9_F_15_2007_11_19.pdf,11,end,0.17917655709209845
920,15_9_F_15_2007_11_19.pdf,12,skid,0.1790385830066677
921,15_9_F_15_2007_11_20.pdf,1,survey survey,0.40007941502870326
921,15_9_F_15_2007_11_20.pdf,2,drilling,0.23628618272069432
921,15_9_F_15_2007_11_20.pdf,3,survey,0.21566302460895456
921,15_9_F_15_2007_11_20.pdf,4,conductor,0.18435089893042123
921,15_9_F_15_2007_11_20.pdf,5,hole,0.14841369870956936
921,15_9_F_15_2007_11_20.pdf,6,flow,0.13443526275526801
921,15_9_F_15_2007_11_20.pdf,7,rpm torque,0.12252058701799343
921,15_9_F_15_2007_11_20.pdf,8,drilling casing,0.11429625124180876
921,15_9_F_15_2007_11_20.pdf,9,template,0.11355037003055651
921,15_9_F_15_2007_11_20.pdf,10,drilled hole,0.11298626104076784
921,15_9_F_15_2007_11_20.pdf,11,run conductor,0.10978297403396908
921,15_9_F_15_2007_11_20.pdf,12,parameters flow,0.10880235062685421
922,15_9_F_15_2007_11_21.pdf,1,drilling cas,0.45772716097179517
922,15_9_F_15_2007_11_21.pdf,2,cas ing,0.43839131029514894
922,15_9_F_15_2007_11_21.pdf,3,cas,0.43839131029514894
922,15_9_F_15_2007_11_21.pdf,4,ing,0.3411401706713862
922,15_9_F_15_2007_11_21.pdf,5,conductor,0.2214598675694536
922,15_9_F_15_2007_11_21.pdf,6,housing,0.18169387834844097
922,15_9_F_15_2007_11_21.pdf,7,cart,0.11361168947889548
922,15_9_F_15_2007_11_21.pdf,8,drilling,0.10137481415956522
922,15_9_F_15_2007_11_21.pdf,9,conductor housing,0.10119087946616225
922,15_9_F_15_2007_11_21.pdf,10,cement,0.08045386898617246
922,15_9_F_15_2007_11_21.pdf,11,ran conductor,0.07346308288545282
922,15_9_F_15_2007_11_21.pdf,12,inclinometer,0.06944981547458495
923,15_9_F_15_2007_11_22.pdf,1,drilling sing,0.3904588797479901
923,15_9_F_15_2007_11_22.pdf,2,sing,0.38000284875733564
923,15_9_F_15_2007_11_22.pdf,3,cart,0.24701720117227702
923,15_9_F_15_2007_11_22.pdf,4,work processing,0.19771009402231546
923,15_9_F_15_2007_11_22.pdf,5,processing,0.18660021262290818
923,15_9_F_15_2007_11_22.pdf,6,drilling operation,0.16338396404656388
923,15_9_F_15_2007_11_22.pdf,7,module,0.1590464262768755
923,15_9_F_15_2007_11_22.pdf,8,drilling,0.1426192056971283
923,15_9_F_15_2007_11_22.pdf,9,dedicated,0.14250106828400086
923,15_9_F_15_2007_11_22.pdf,10,terminated,0.13461848198554585
923,15_9_F_15_2007_11_22.pdf,11,cement set,0.1296228095293211
923,15_9_F_15_2007_11_22.pdf,12,work,0.12749977499696347
924,15_9_F_15_2007_12_23.pdf,1,skid,0.24491857957873125
924,15_9_F_15_2007_12_23.pdf,2,cantilever,0.22493898203741225
924,15_9_F_15_2007_12_23.pdf,3,skidded cantilever,0.21721327371895902
924,15_9_F_15_2007_12_23.pdf,4,moving skid,0.1977197423255509
924,15_9_F_15_2007_12_23.pdf,5,f-5,0.1906326822595485
924,15_9_F_15_2007_12_23.pdf,6,wash pipe,0.18750439476134856
924,15_9_F_15_2007_12_23.pdf,7,f-15,0.18602613452838862
924,15_9_F_15_2007_12_23.pdf,8,skidded,0.1715281268147052
924,15_9_F_15_2007_12_23.pdf,9,cleaned cleared,0.15371408218618446
924,15_9_F_15_2007_12_23.pdf,10,moving,0.15117277494500822
924,15_9_F_15_2007_12_23.pdf,11,stands,0.14652226000952373
924,15_9_F_15_2007_12_23.pdf,12,cleared rig,0.14490690798915884
925,15_9_F_15_2007_12_24.pdf,1,drilling,0.27825182476305527
925,15_9_F_15_2007_12_24.pdf,2,drilling trip,0.23142572179520626
925,15_9_F_15_2007_12_24.pdf,3,trip,0.177918688800242
925,15_9_F_15_2007_12_24.pdf,4,shoe track,0.15193245283844942
925,15_9_F_15_2007_12_24.pdf,5,scientific instructions,0.1483204597571878
925,15_9_F_15_2007_12_24.pdf,6,new hwdp,0.14205493193474508
925,15_9_F_15_2007_12_24.pdf,7,track,0.1404061238589726
925,15_9_F_15_2007_12_24.pdf,8,scientific,0.13719501099061954
925,15_9_F_15_2007_12_24.pdf,9,hwdp,0.12955579216116178
925,15_9_F_15_2007_12_24.pdf,10,drilled,0.12805857313230185
925,15_9_F_15_2007_12_24.pdf,11,gmwd,0.11812787314354689
925,15_9_F_15_2007_12_24.pdf,12,trip removed,0.11638459519912006
926,15_9_F_15_2007_12_25.pdf,1,drilling dri,0.23801993346647185
926,15_9_F_15_2007_12_25.pdf,2,dri,0.23801993346647185
926,15_9_F_15_2007_12_25.pdf,3,rop m/hr,0.21026243555131482
926,15_9_F_15_2007_12_25.pdf,4,dri drilled,0.19716113700375906
926,15_9_F_15_2007_12_25.pdf,5,m/hr,0.1872064547585858
926,15_9_F_15_2007_12_25.pdf,6,rop,0.182028063856727
926,15_9_F_15_2007_12_25.pdf,7,rpm rop,0.18024505350759729
926,15_9_F_15_2007_12_25.pdf,8,m/hr average,0.18024505350759729
926,15_9_F_15_2007_12_25.pdf,9,hi-vis sweep,0.17264831312921372
926,15_9_F_15_2007_12_25.pdf,10,m/hr pumped,0.16658243308641849
926,15_9_F_15_2007_12_25.pdf,11,sliding,0.163952250468264
926,15_9_F_15_2007_12_25.pdf,12,utsira,0.1552561878073143
927,15_9_F_15_2007_12_26.pdf,1,rop m/hr,0.23240510742753495
927,15_9_F_15_2007_12_26.pdf,2,m/hr,0.20692110844820388
927,15_9_F_15_2007_12_26.pdf,3,rop,0.20119738280651858
927,15_9_F_15_2007_12_26.pdf,4,rpm rop,0.19922660419051244
927,15_9_F_15_2007_12_26.pdf,5,m/hr average,0.19922660419051244
927,15_9_F_15_2007_12_26.pdf,6,m/hr pumped,0.18412517745016269
927,15_9_F_15_2007_12_26.pdf,7,rpm bit,0.16767088023909543
927,15_9_F_15_2007_12_26.pdf,8,bit rpm,0.16767088023909543
927,15_9_F_15_2007_12_26.pdf,9,single drilled,0.16344308639492153
927,15_9_F_15_2007_12_26.pdf,10,bar wob,0.15805903791635506
927,15_9_F_15_2007_12_26.pdf,11,mmd mtvd,0.1532827382370733
927,15_9_F_15_2007_12_26.pdf,12,average rop,0.15173620992132764
928,15_9_F_15_2007_12_27.pdf,1,bars torque,0.2448800927007535
928,15_9_F_15_2007_12_27.pdf,2,lpm bars,0.20566646681906645
928,15_9_F_15_2007_12_27.pdf,3,bars,0.20076437567026628
928,15_9_F_15_2007_12_27.pdf,4,drilling,0.19985910765324894
928,15_9_F_15_2007_12_27.pdf,5,lpm,0.1860150839253288
928,15_9_F_15_2007_12_27.pdf,6,torque knm,0.16853872190158706
928,15_9_F_15_2007_12_27.pdf,7,hi-vis,0.16669808752878726
928,15_9_F_15_2007_12_27.pdf,8,torque,0.1542089856819088
928,15_9_F_15_2007_12_27.pdf,9,knm string,0.15272523874367863
928,15_9_F_15_2007_12_27.pdf,10,reamed,0.15014012370362506
928,15_9_F_15_2007_12_27.pdf,11,rpm,0.1473259448670674
928,15_9_F_15_2007_12_27.pdf,12,utsira,0.14462465920158438
929,15_9_F_15_2007_12_28.pdf,1,drilling trip,0.2709962608269464
929,15_9_F_15_2007_12_28.pdf,2,drilling,0.24618188686110168
929,15_9_F_15_2007_12_28.pdf,3,bars,0.2182032135361652
929,15_9_F_15_2007_12_28.pdf,4,bars reciprocated,0.2084174033199315
929,15_9_F_15_2007_12_28.pdf,5,trip,0.20834027878182648
929,15_9_F_15_2007_12_28.pdf,6,spp bars,0.16354166618382845
929,15_9_F_15_2007_12_28.pdf,7,reciprocated string,0.14006061173716514
929,15_9_F_15_2007_12_28.pdf,8,casing handling,0.13694565711174894
929,15_9_F_15_2007_12_28.pdf,9,drilling bha,0.13689678079878367
929,15_9_F_15_2007_12_28.pdf,10,lpm bars,0.1341186667008747
929,15_9_F_15_2007_12_28.pdf,11,trip displaced,0.13307545967741155
929,15_9_F_15_2007_12_28.pdf,12,clay,0.13307545967741155
930,15_9_F_15_2007_12_29.pdf,1,casing,0.42080822774215176
930,15_9_F_15_2007_12_29.pdf,2,drilling casing,0.28554521139039685
930,15_9_F_15_2007_12_29.pdf,3,jnt,0.2627019983630761
930,15_9_F_15_2007_12_29.pdf,4,rih casing,0.25557721721524473
930,15_9_F_15_2007_12_29.pdf,5,filled jnt,0.2394086195636631
930,15_9_F_15_2007_12_29.pdf,6,jnt drilling,0.17111193050840204
930,15_9_F_15_2007_12_29.pdf,7,casing continued,0.16324906099541958
930,15_9_F_15_2007_12_29.pdf,8,drilling,0.15278649790833765
930,15_9_F_15_2007_12_29.pdf,9,casing filled,0.15076549391166502
930,15_9_F_15_2007_12_29.pdf,10,filled,0.1284494103616665
930,15_9_F_15_2007_12_29.pdf,11,re-connected,0.12763891140342604
930,15_9_F_15_2007_12_29.pdf,12,elevator,0.11933033264110579
931,15_9_F_15_2007_12_30.pdf,1,casing,0.40266203451882954
931,15_9_F_15_2007_12_30.pdf,2,drilling casing,0.2689626145180341
931,15_9_F_15_2007_12_30.pdf,3,lpm bars,0.18848504886929235
931,15_9_F_15_2007_12_30.pdf,4,bars,0.17523093276165114
931,15_9_F_15_2007_12_30.pdf,5,interrupti mai,0.16030197183434297
931,15_9_F_15_2007_12_30.pdf,6,elevator rigged,0.15481779117484842
931,15_9_F_15_2007_12_30.pdf,7,mai ntain,0.13778237007743407
931,15_9_F_15_2007_12_30.pdf,8,mai,0.13778237007743407
931,15_9_F_15_2007_12_30.pdf,9,ntain,0.13778237007743407
931,15_9_F_15_2007_12_30.pdf,10,jnt,0.13746999210309357
931,15_9_F_15_2007_12_30.pdf,11,rih casing,0.13374164738462294
931,15_9_F_15_2007_12_30.pdf,12,weight,0.13157210547090314
932,15_9_F_15_2007_12_31.pdf,1,drilling casin,0.3895016194231232
932,15_9_F_15_2007_12_31.pdf,2,casin,0.3826976179904365
932,15_9_F_15_2007_12_31.pdf,3,bars pump,0.19276085667705403
932,15_9_F_15_2007_12_31.pdf,4,cmt,0.1664840784446016
932,15_9_F_15_2007_12_31.pdf,5,litres,0.1503398617814051
932,15_9_F_15_2007_12_31.pdf,6,bars,0.1454512622402992
932,15_9_F_15_2007_12_31.pdf,7,pull landing,0.1330594078080303
932,15_9_F_15_2007_12_31.pdf,8,drilling,0.11583632556855136
932,15_9_F_15_2007_12_31.pdf,9,head,0.11510431580546075
932,15_9_F_15_2007_12_31.pdf,10,laid,0.10990881992026369
932,15_9_F_15_2007_12_31.pdf,11,landing string,0.10465657919738995
932,15_9_F_15_2007_12_31.pdf,12,operation,0.10098225955638422
933,15_9_F_15_2008_09_07.pdf,1,bop/wellhead uipment,0.38249006112693745
933,15_9_F_15_2008_09_07.pdf,2,uipment,0.37598736881843947
933,15_9_F_15_2008_09_07.pdf,3,tbc/hpdr,0.27877984041971504
933,15_9_F_15_2008_09_07.pdf,4,drilling bop/wellhead,0.24875940085204254
933,15_9_F_15_2008_09_07.pdf,5,bop/wellhead,0.23258083434318136
933,15_9_F_15_2008_09_07.pdf,6,tbc/hpdr double,0.23231653368309582
933,15_9_F_15_2008_09_07.pdf,7,double,0.17593615368342433
933,15_9_F_15_2008_09_07.pdf,8,hpdr,0.17274472176850472
933,15_9_F_15_2008_09_07.pdf,9,spider,0.13918619168893584
933,15_9_F_15_2008_09_07.pdf,10,uipment held,0.133501646773592
933,15_9_F_15_2008_09_07.pdf,11,hpdr spider,0.12893434706499568
933,15_9_F_15_2008_09_07.pdf,12,f-9,0.11931431804667757
934,15_9_F_15_2008_09_08.pdf,1,bop/wellhead equipme,0.3443601197662073
934,15_9_F_15_2008_09_08.pdf,2,equipme,0.3229531652985897
934,15_9_F_15_2008_09_08.pdf,3,hpdr,0.3038082701675645
934,15_9_F_15_2008_09_08.pdf,4,double,0.24753686463254349
934,15_9_F_15_2008_09_08.pdf,5,drilling bop/wellhead,0.19249833797703603
934,15_9_F_15_2008_09_08.pdf,6,bop/wellhead,0.17997882252097872
934,15_9_F_15_2008_09_08.pdf,7,hpdr double,0.1678716487583828
934,15_9_F_15_2008_09_08.pdf,8,tbc/hpdr,0.16343117985201294
934,15_9_F_15_2008_09_08.pdf,9,psi mins,0.13852929096074404
934,15_9_F_15_2008_09_08.pdf,10,riser lifting,0.12522186173316627
934,15_9_F_15_2008_09_08.pdf,11,lift deck,0.12522186173316627
934,15_9_F_15_2008_09_08.pdf,12,equipme picked,0.12522186173316627
935,15_9_F_15_2008_09_09.pdf,1,bop/wellhead equipment,0.36658786636225804
935,15_9_F_15_2008_09_09.pdf,2,drilling bop/wellhead,0.33773925037969155
935,15_9_F_15_2008_09_09.pdf,3,bop/wellhead,0.3157737009121934
935,15_9_F_15_2008_09_09.pdf,4,equipment,0.17602059226465927
935,15_9_F_15_2008_09_09.pdf,5,tbc/hpdr/20,0.16709708157104516
935,15_9_F_15_2008_09_09.pdf,6,tbc/hpdr/20 csg/shoe,0.16709708157104516
935,15_9_F_15_2008_09_09.pdf,7,test tbc/hpdr/20,0.16709708157104516
935,15_9_F_15_2008_09_09.pdf,8,csg/shoe,0.1577074306904388
935,15_9_F_15_2008_09_09.pdf,9,stool tension,0.14587786959599536
935,15_9_F_15_2008_09_09.pdf,10,drilling,0.13971258724418048
935,15_9_F_15_2008_09_09.pdf,11,nt2,0.1381723400981444
935,15_9_F_15_2008_09_09.pdf,12,claxton,0.13247813561958335
936,15_9_F_15_2008_09_10.pdf,1,bop/wellhead equipment,0.41071230638177497
936,15_9_F_15_2008_09_10.pdf,2,drilling bop/wellhead,0.3783913195370727
936,15_9_F_15_2008_09_10.pdf,3,bop/wellhead,0.35378188122624715
936,15_9_F_15_2008_09_10.pdf,4,equipment,0.19720735477988863
936,15_9_F_15_2008_09_10.pdf,5,drilling,0.16573672341971768
936,15_9_F_15_2008_09_10.pdf,6,bars,0.16186278212290708
936,15_9_F_15_2008_09_10.pdf,7,bop,0.1498767210342426
936,15_9_F_15_2008_09_10.pdf,8,parallel activity,0.14818630360245968
936,15_9_F_15_2008_09_10.pdf,9,parallel,0.14818630360245968
936,15_9_F_15_2008_09_10.pdf,10,tension cylinders,0.13685643426347782
936,15_9_F_15_2008_09_10.pdf,11,bars mins,0.13168550239155682
936,15_9_F_15_2008_09_10.pdf,12,tension,0.13139210191103323
937,15_9_F_15_2008_09_11.pdf,1,bop/wellhead equip,0.33793512261330877
937,15_9_F_15_2008_09_11.pdf,2,equip ment,0.3093037689388063
937,15_9_F_15_2008_09_11.pdf,3,ment,0.2922048666673819
937,15_9_F_15_2008_09_11.pdf,4,drilling bop/wellhead,0.22717021932261244
937,15_9_F_15_2008_09_11.pdf,5,bars,0.2221156583764842
937,15_9_F_15_2008_09_11.pdf,6,bop/wellhead,0.21239574853053392
937,15_9_F_15_2008_09_11.pdf,7,equip,0.19741041133302403
937,15_9_F_15_2008_09_11.pdf,8,bars mins,0.18446967500512143
937,15_9_F_15_2008_09_11.pdf,9,drilling,0.15477988060139095
937,15_9_F_15_2008_09_11.pdf,10,mins,0.14383505454831982
937,15_9_F_15_2008_09_11.pdf,11,jet,0.14179649259068294
937,15_9_F_15_2008_09_11.pdf,12,bop,0.14178615302103212
938,15_9_F_15_2008_09_19.pdf,1,prs racking,0.27201855068220765
938,15_9_F_15_2008_09_19.pdf,2,shoetrack,0.26719298158838284
938,15_9_F_15_2008_09_19.pdf,3,rih bha,0.21325456540475046
938,15_9_F_15_2008_09_19.pdf,4,drill,0.1973375206955509
938,15_9_F_15_2008_09_19.pdf,5,racking,0.18401232303421153
938,15_9_F_15_2008_09_19.pdf,6,lcm,0.18276730823168513
938,15_9_F_15_2008_09_19.pdf,7,drill rih,0.18038352237555896
938,15_9_F_15_2008_09_19.pdf,8,drilling drill,0.14522726622829146
938,15_9_F_15_2008_09_19.pdf,9,drilling shoetrack,0.13135618574524802
938,15_9_F_15_2008_09_19.pdf,10,casing drill,0.13135618574524802
938,15_9_F_15_2008_09_19.pdf,11,shoetrack clean,0.13135618574524802
938,15_9_F_15_2008_09_19.pdf,12,tagged float,0.13135618574524802
939,15_9_F_15_2008_09_20.pdf,1,lcm,0.2844490667791473
939,15_9_F_15_2008_09_20.pdf,2,drilling,0.22615947860847405
939,15_9_F_15_2008_09_20.pdf,3,drilling casing,0.18942020639466223
939,15_9_F_15_2008_09_20.pdf,4,lcm pill,0.18758314610932286
939,15_9_F_15_2008_09_20.pdf,5,lpm,0.17541138057971653
939,15_9_F_15_2008_09_20.pdf,6,pill,0.16942145751511678
939,15_9_F_15_2008_09_20.pdf,7,bar,0.15777850213654118
939,15_9_F_15_2008_09_20.pdf,8,casing,0.15709668439879446
939,15_9_F_15_2008_09_20.pdf,9,spp,0.14356158825718102
939,15_9_F_15_2008_09_20.pdf,10,spp bar,0.13327439573573333
939,15_9_F_15_2008_09_20.pdf,11,lpm spp,0.13214269206171148
939,15_9_F_15_2008_09_20.pdf,12,shoetrack,0.12601350864891261
940,15_9_F_15_2008_09_21.pdf,1,circulating conditioni,0.3044871101617421
940,15_9_F_15_2008_09_21.pdf,2,conditioni,0.27912719797965535
940,15_9_F_15_2008_09_21.pdf,3,interruptio fish,0.19873747415918816
940,15_9_F_15_2008_09_21.pdf,4,drilling circulating,0.17634937850032995
940,15_9_F_15_2008_09_21.pdf,5,zms,0.17081836174263043
940,15_9_F_15_2008_09_21.pdf,6,vicis,0.17034640642216126
940,15_9_F_15_2008_09_21.pdf,7,interruptio,0.16473495273172853
940,15_9_F_15_2008_09_21.pdf,8,drilling,0.16065500838094557
940,15_9_F_15_2008_09_21.pdf,9,fish,0.1428452118849083
940,15_9_F_15_2008_09_21.pdf,10,circulating,0.1395850203565062
940,15_9_F_15_2008_09_21.pdf,11,fishing,0.11993877732265978
940,15_9_F_15_2008_09_21.pdf,12,vicis control,0.1185731790484447
941,15_9_F_15_2008_09_22.pdf,1,zms,0.4399485290705128
941,15_9_F_15_2008_09_22.pdf,2,control,0.23987883520602887
941,15_9_F_15_2008_09_22.pdf,3,zms vicis,0.22904195651479067
941,15_9_F_15_2008_09_22.pdf,4,vicis control,0.22904195651479067
941,15_9_F_15_2008_09_22.pdf,5,vicis,0.2193664960058396
941,15_9_F_15_2008_09_22.pdf,6,zms control,0.2193664960058396
941,15_9_F_15_2008_09_22.pdf,7,problems zms,0.21186162578515663
941,15_9_F_15_2008_09_22.pdf,8,troubleshot zms,0.20572970033128235
941,15_9_F_15_2008_09_22.pdf,9,troubleshot,0.18395136275870072
941,15_9_F_15_2008_09_22.pdf,10,interruption troubleshot,0.17972540967192183
941,15_9_F_15_2008_09_22.pdf,11,drill pooh,0.1605365731912832
941,15_9_F_15_2008_09_22.pdf,12,control interruption,0.1412410838567711
942,15_9_F_15_2008_09_23.pdf,1,zms,0.5242684970618114
942,15_9_F_15_2008_09_23.pdf,2,zms control,0.4574674927699625
942,15_9_F_15_2008_09_23.pdf,3,troubleshot zms,0.32177196123546403
942,15_9_F_15_2008_09_23.pdf,4,troubleshot,0.2397579229424594
942,15_9_F_15_2008_09_23.pdf,5,control,0.2143902776696971
942,15_9_F_15_2008_09_23.pdf,6,interruption troubleshot,0.1873999312718196
942,15_9_F_15_2008_09_23.pdf,7,control interruption,0.1472722719388039
942,15_9_F_15_2008_09_23.pdf,8,drilling trip,0.13973873953664182
942,15_9_F_15_2008_09_23.pdf,9,drilling,0.13275111296146974
942,15_9_F_15_2008_09_23.pdf,10,trip,0.10743029391935485
942,15_9_F_15_2008_09_23.pdf,11,control drilling,0.10725732041182136
942,15_9_F_15_2008_09_23.pdf,12,chicksan,0.10014776763115206
943,15_9_F_15_2008_09_24.pdf,1,seat protector,0.2880863348339712
943,15_9_F_15_2008_09_24.pdf,2,bop/wellhead equipment,0.28103539504697267
943,15_9_F_15_2008_09_24.pdf,3,nominal seat,0.27369680912465666
943,15_9_F_15_2008_09_24.pdf,4,nominal,0.2620623292148088
943,15_9_F_15_2008_09_24.pdf,5,seat,0.2607675968313612
943,15_9_F_15_2008_09_24.pdf,6,drilling bop/wellhead,0.258919327023032
943,15_9_F_15_2008_09_24.pdf,7,bop/wellhead,0.24207998934042035
943,15_9_F_15_2008_09_24.pdf,8,protector,0.23485357143065091
943,15_9_F_15_2008_09_24.pdf,9,drilling,0.21169413477620366
943,15_9_F_15_2008_09_24.pdf,10,equipment,0.12700402174023082
943,15_9_F_15_2008_09_24.pdf,11,test plug,0.1129657339306345
943,15_9_F_15_2008_09_24.pdf,12,equipment pooh,0.11079555128695127
944,15_9_F_15_2008_09_25.pdf,1,deadline anchor,0.267376462448865
944,15_9_F_15_2008_09_25.pdf,2,deadline,0.267376462448865
944,15_9_F_15_2008_09_25.pdf,3,slip cut,0.20726728623750004
944,15_9_F_15_2008_09_25.pdf,4,drilling,0.19725688971648722
944,15_9_F_15_2008_09_25.pdf,5,drilling drill,0.19355420770235532
944,15_9_F_15_2008_09_25.pdf,6,drill,0.175336714012242
944,15_9_F_15_2008_09_25.pdf,7,slip,0.17369074866174095
944,15_9_F_15_2008_09_25.pdf,8,anchor,0.1723315093839478
944,15_9_F_15_2008_09_25.pdf,9,line,0.1360234679718236
944,15_9_F_15_2008_09_25.pdf,10,cut,0.1303885285607805
944,15_9_F_15_2008_09_25.pdf,11,f-5,0.13033863333661672
944,15_9_F_15_2008_09_25.pdf,12,lpm,0.12851518316286076
945,15_9_F_15_2008_09_26.pdf,1,spp bar,0.2636477692444361
945,15_9_F_15_2008_09_26.pdf,2,lpm spp,0.26140899601680717
945,15_9_F_15_2008_09_26.pdf,3,spp,0.2484984512495155
945,15_9_F_15_2008_09_26.pdf,4,rpm torque,0.18934435129183622
945,15_9_F_15_2008_09_26.pdf,5,torque,0.17402343021327676
945,15_9_F_15_2008_09_26.pdf,6,drilling drill,0.16861379847768224
945,15_9_F_15_2008_09_26.pdf,7,torque wob,0.1666067889954761
945,15_9_F_15_2008_09_26.pdf,8,section parameters,0.1666067889954761
945,15_9_F_15_2008_09_26.pdf,9,lpm,0.16193544781170405
945,15_9_F_15_2008_09_26.pdf,10,schlumberger procedure,0.14165004979835347
945,15_9_F_15_2008_09_26.pdf,11,according schlumberger,0.1398922332187795
945,15_9_F_15_2008_09_26.pdf,12,section,0.13840523360807053
946,15_9_F_15_2008_09_27.pdf,1,m/hr downlinked,0.2081492895537085
946,15_9_F_15_2008_09_27.pdf,2,stds csg,0.2081492895537085
946,15_9_F_15_2008_09_27.pdf,3,torque wob,0.2021248105000334
946,15_9_F_15_2008_09_27.pdf,4,rpm torque,0.19295612584628105
946,15_9_F_15_2008_09_27.pdf,5,schlumberger procedure,0.17184767586865807
946,15_9_F_15_2008_09_27.pdf,6,according schlumberger,0.16971511965541844
946,15_9_F_15_2008_09_27.pdf,7,powerdrive according,0.16771189101535783
946,15_9_F_15_2008_09_27.pdf,8,section,0.16119466987244782
946,15_9_F_15_2008_09_27.pdf,9,downlinked powerdrive,0.1591924043691703
946,15_9_F_15_2008_09_27.pdf,10,rop,0.1591841978056513
946,15_9_F_15_2008_09_27.pdf,11,stds,0.15631727414692312
946,15_9_F_15_2008_09_27.pdf,12,downlinked,0.15367241072946328
947,15_9_F_15_2008_09_28.pdf,1,job f-5,0.22030515638737214
947,15_9_F_15_2008_09_28.pdf,2,rpm torque,0.21225091029633367
947,15_9_F_15_2008_09_28.pdf,3,torque wob,0.18676259621463384
947,15_9_F_15_2008_09_28.pdf,4,section,0.18617911729182676
947,15_9_F_15_2008_09_28.pdf,5,rop,0.1838570311147079
947,15_9_F_15_2008_09_28.pdf,6,spp bar,0.16419079440869266
947,15_9_F_15_2008_09_28.pdf,7,lpm spp,0.16279656317435018
947,15_9_F_15_2008_09_28.pdf,8,schlumberger procedure,0.15878663296842604
947,15_9_F_15_2008_09_28.pdf,9,according schlumberger,0.15681615871554744
947,15_9_F_15_2008_09_28.pdf,10,powerdrive according,0.15496518267404275
947,15_9_F_15_2008_09_28.pdf,11,spp,0.15475631838993373
947,15_9_F_15_2008_09_28.pdf,12,job,0.14842808279173225
948,15_9_F_15_2008_09_29.pdf,1,skips,0.21435332779354016
948,15_9_F_15_2008_09_29.pdf,2,rop,0.20146542878172008
948,15_9_F_15_2008_09_29.pdf,3,rpm torque,0.1993531311937822
948,15_9_F_15_2008_09_29.pdf,4,spp bar,0.1850561616882705
948,15_9_F_15_2008_09_29.pdf,5,lpm spp,0.18348475153910523
948,15_9_F_15_2008_09_29.pdf,6,m/hr downlinked,0.18064199027054587
948,15_9_F_15_2008_09_29.pdf,7,torque wob,0.1754136568521016
948,15_9_F_15_2008_09_29.pdf,8,spp,0.17442275239234026
948,15_9_F_15_2008_09_29.pdf,9,schlumberger procedure,0.1491376994792581
948,15_9_F_15_2008_09_29.pdf,10,according schlumberger,0.14728696436721717
948,15_9_F_15_2008_09_29.pdf,11,powerdrive according,0.1455484659592553
948,15_9_F_15_2008_09_29.pdf,12,cuttings,0.13834644509036706
949,15_9_F_15_2008_09_30.pdf,1,gyrodata instructions,0.26384200433618343
949,15_9_F_15_2008_09_30.pdf,2,gyrodata,0.26384200433618343
949,15_9_F_15_2008_09_30.pdf,3,according gyrodata,0.26384200433618343
949,15_9_F_15_2008_09_30.pdf,4,gyro,0.19294427829413216
949,15_9_F_15_2008_09_30.pdf,5,gyro surveys,0.16601065768019302
949,15_9_F_15_2008_09_30.pdf,6,drag chain,0.1535582753874946
949,15_9_F_15_2008_09_30.pdf,7,instructions,0.14763500707209543
949,15_9_F_15_2008_09_30.pdf,8,prs,0.14715918439939232
949,15_9_F_15_2008_09_30.pdf,9,cables,0.14535610085600323
949,15_9_F_15_2008_09_30.pdf,10,performed gyro,0.13922981589489802
949,15_9_F_15_2008_09_30.pdf,11,drilling,0.13841731164848448
949,15_9_F_15_2008_09_30.pdf,12,surveys,0.12845927094797088
950,15_9_F_15_2008_10_01.pdf,1,csg,0.25372492166416266
950,15_9_F_15_2008_10_01.pdf,2,bypass baffle,0.20807912648648214
950,15_9_F_15_2008_10_01.pdf,3,baffle,0.20205667816723688
950,15_9_F_15_2008_10_01.pdf,4,drilling casing,0.19279612232929663
950,15_9_F_15_2008_10_01.pdf,5,float,0.19241494106647333
950,15_9_F_15_2008_10_01.pdf,6,bypass,0.18518307872362505
950,15_9_F_15_2008_10_01.pdf,7,fwd prs,0.1393909831979109
950,15_9_F_15_2008_10_01.pdf,8,casing,0.1352970543245283
950,15_9_F_15_2008_10_01.pdf,9,joint,0.134562415084605
950,15_9_F_15_2008_10_01.pdf,10,collar joint,0.13437047280328485
950,15_9_F_15_2008_10_01.pdf,11,fwd,0.13136598148792267
950,15_9_F_15_2008_10_01.pdf,12,csg handling,0.13055154217752227
951,15_9_F_15_2008_10_02.pdf,1,upper fwd,0.2803435147552282
951,15_9_F_15_2008_10_02.pdf,2,prs,0.25946970772686234
951,15_9_F_15_2008_10_02.pdf,3,fwd prs,0.2539257345393531
951,15_9_F_15_2008_10_02.pdf,4,fwd,0.23930675125120832
951,15_9_F_15_2008_10_02.pdf,5,reciprocated csg,0.22427481180418252
951,15_9_F_15_2008_10_02.pdf,6,drilling casi,0.21116785829690474
951,15_9_F_15_2008_10_02.pdf,7,casi,0.20907079595665864
951,15_9_F_15_2008_10_02.pdf,8,csg,0.1848822230144881
951,15_9_F_15_2008_10_02.pdf,9,upper,0.165945811873806
951,15_9_F_15_2008_10_02.pdf,10,climbers,0.1624515153292687
951,15_9_F_15_2008_10_02.pdf,11,bar reciprocated,0.15033070867757398
951,15_9_F_15_2008_10_02.pdf,12,loose items,0.13781006841694343
952,15_9_F_15_2008_10_03.pdf,1,csg,0.2872192718603865
952,15_9_F_15_2008_10_03.pdf,2,reciprocated csg,0.2771496223926879
952,15_9_F_15_2008_10_03.pdf,3,prs derrick,0.26766790122906486
952,15_9_F_15_2008_10_03.pdf,4,bar reciprocated,0.2476967063092358
952,15_9_F_15_2008_10_03.pdf,5,prs,0.20521090086675506
952,15_9_F_15_2008_10_03.pdf,6,casing circulated,0.20471218931597476
952,15_9_F_15_2008_10_03.pdf,7,drilling casing,0.19840657465404118
952,15_9_F_15_2008_10_03.pdf,8,beam,0.19057198811649015
952,15_9_F_15_2008_10_03.pdf,9,derrick beam,0.17362421221826016
952,15_9_F_15_2008_10_03.pdf,10,circulated lpm,0.1689859869728585
952,15_9_F_15_2008_10_03.pdf,11,upper fwd,0.16628977343561277
952,15_9_F_15_2008_10_03.pdf,12,climbers,0.16060074073743888
953,15_9_F_15_2008_10_04.pdf,1,drilling casing,0.2388165174188495
953,15_9_F_15_2008_10_04.pdf,2,casing,0.2346294070472805
953,15_9_F_15_2008_10_04.pdf,3,rih csg,0.23227788798750743
953,15_9_F_15_2008_10_04.pdf,4,csg,0.2262880862868819
953,15_9_F_15_2008_10_04.pdf,5,lafleur,0.1835089934854215
953,15_9_F_15_2008_10_04.pdf,6,joints using,0.17714352605097203
953,15_9_F_15_2008_10_04.pdf,7,using lafleur,0.17714352605097203
953,15_9_F_15_2008_10_04.pdf,8,filled joints,0.16718933744552336
953,15_9_F_15_2008_10_04.pdf,9,lafleur tool,0.16718933744552336
953,15_9_F_15_2008_10_04.pdf,10,tool tripping,0.16718933744552336
953,15_9_F_15_2008_10_04.pdf,11,jnts/hr,0.16426873760741542
953,15_9_F_15_2008_10_04.pdf,12,speed jnts/hr,0.16426873760741542
954,15_9_F_15_2008_10_05.pdf,1,csg,0.34820579554080544
954,15_9_F_15_2008_10_05.pdf,2,hanger/padprt,0.2608925750938145
954,15_9_F_15_2008_10_05.pdf,3,hanger/padprt assy,0.22699966694883114
954,15_9_F_15_2008_10_05.pdf,4,pass obstruction,0.2099725274105525
954,15_9_F_15_2008_10_05.pdf,5,drilling casing,0.19455045666517817
954,15_9_F_15_2008_10_05.pdf,6,casing,0.19113945208433694
954,15_9_F_15_2008_10_05.pdf,7,obstruction,0.18602216443777253
954,15_9_F_15_2008_10_05.pdf,8,casing hanger/padprt,0.17392838339587635
954,15_9_F_15_2008_10_05.pdf,9,increase pressure,0.17392838339587635
954,15_9_F_15_2008_10_05.pdf,10,sat,0.14809731317685715
954,15_9_F_15_2008_10_05.pdf,11,pressure observed,0.1469529630898817
954,15_9_F_15_2008_10_05.pdf,12,washed worked,0.14430892076050492
955,15_9_F_15_2008_10_06.pdf,1,drilling casing,0.31585344854830727
955,15_9_F_15_2008_10_06.pdf,2,casing,0.2868464166284301
955,15_9_F_15_2008_10_06.pdf,3,cmt,0.2078270282485777
955,15_9_F_15_2008_10_06.pdf,4,ltrs,0.17093271730426737
955,15_9_F_15_2008_10_06.pdf,5,bar,0.16077826076232596
955,15_9_F_15_2008_10_06.pdf,6,lpm bar,0.1565751510490234
955,15_9_F_15_2008_10_06.pdf,7,drilling,0.15363955221275002
955,15_9_F_15_2008_10_06.pdf,8,lpm,0.15140870151398697
955,15_9_F_15_2008_10_06.pdf,9,padprt,0.12642205806755044
955,15_9_F_15_2008_10_06.pdf,10,cmt head,0.12268863060779164
955,15_9_F_15_2008_10_06.pdf,11,circulate lpm,0.1203145561428945
955,15_9_F_15_2008_10_06.pdf,12,f-5,0.11943320557711389
956,15_9_F_15_2008_11_11.pdf,1,bop,0.2599551157654106
956,15_9_F_15_2008_11_11.pdf,2,test tool,0.19514467584588083
956,15_9_F_15_2008_11_11.pdf,3,bop activities,0.17407276666393484
956,15_9_F_15_2008_11_11.pdf,4,ibop kelly,0.16822018270510505
956,15_9_F_15_2008_11_11.pdf,5,ps30,0.1603087934795782
956,15_9_F_15_2008_11_11.pdf,6,wear bushing,0.15946293515527757
956,15_9_F_15_2008_11_11.pdf,7,bop test,0.15599444859711872
956,15_9_F_15_2008_11_11.pdf,8,wear,0.1540452345173415
956,15_9_F_15_2008_11_11.pdf,9,hose bar,0.15155116949651862
956,15_9_F_15_2008_11_11.pdf,10,pressure tested,0.150295789655323
956,15_9_F_15_2008_11_11.pdf,11,drilling bop,0.1465243445933991
956,15_9_F_15_2008_11_11.pdf,12,activities,0.14396136578441296
957,15_9_F_15_2008_11_12.pdf,1,prs,0.31156679291535966
957,15_9_F_15_2008_11_12.pdf,2,derrick inspection,0.2072064074129409
957,15_9_F_15_2008_11_12.pdf,3,earth connections,0.17573965367601257
957,15_9_F_15_2008_11_12.pdf,4,earth,0.17573965367601257
957,15_9_F_15_2008_11_12.pdf,5,aft,0.17536929345870533
957,15_9_F_15_2008_11_12.pdf,6,aft prs,0.169390508592054
957,15_9_F_15_2008_11_12.pdf,7,inspection,0.16405509171328456
957,15_9_F_15_2008_11_12.pdf,8,interruption maintain,0.14958365825536618
957,15_9_F_15_2008_11_12.pdf,9,ellhead equipm,0.14738933011084449
957,15_9_F_15_2008_11_12.pdf,10,maintain,0.1438405672879995
957,15_9_F_15_2008_11_12.pdf,11,bop/w ellhead,0.14221090710840711
957,15_9_F_15_2008_11_12.pdf,12,ellhead,0.14221090710840711
958,15_9_F_15_2008_11_13.pdf,1,aft,0.32336456029293537
958,15_9_F_15_2008_11_13.pdf,2,prs,0.28724999971753634
958,15_9_F_15_2008_11_13.pdf,3,aft prs,0.28110621662171315
958,15_9_F_15_2008_11_13.pdf,4,zms,0.20006906297893162
958,15_9_F_15_2008_11_13.pdf,5,interruption maintain,0.16549095770912145
958,15_9_F_15_2008_11_13.pdf,6,prs hts,0.16202373493156022
958,15_9_F_15_2008_11_13.pdf,7,maintain,0.15913712443959704
958,15_9_F_15_2008_11_13.pdf,8,bha,0.1536312953474125
958,15_9_F_15_2008_11_13.pdf,9,prs tds,0.1386883026522289
958,15_9_F_15_2008_11_13.pdf,10,aft iron,0.13337937531928773
958,15_9_F_15_2008_11_13.pdf,11,pdm,0.12219726810987659
958,15_9_F_15_2008_11_13.pdf,12,checks,0.12075491537364495
959,15_9_F_15_2008_11_14.pdf,1,filled stds,0.19190223198512954
959,15_9_F_15_2008_11_14.pdf,2,evaluation rft/fit,0.17765104561756867
959,15_9_F_15_2008_11_14.pdf,3,rft/fit,0.16683260723128907
959,15_9_F_15_2008_11_14.pdf,4,flow lpm,0.15970510110187436
959,15_9_F_15_2008_11_14.pdf,5,drilling drill,0.15435367017726065
959,15_9_F_15_2008_11_14.pdf,6,formation,0.15215919874745443
959,15_9_F_15_2008_11_14.pdf,7,spp bar,0.15017355679223676
959,15_9_F_15_2008_11_14.pdf,8,lpm spp,0.14889835336681892
959,15_9_F_15_2008_11_14.pdf,9,drill,0.14681705413782634
959,15_9_F_15_2008_11_14.pdf,10,spp,0.14154451747666183
959,15_9_F_15_2008_11_14.pdf,11,bx-elevator,0.140149902644126
959,15_9_F_15_2008_11_14.pdf,12,obm,0.13874591682484505
960,15_9_F_15_2008_11_15.pdf,1,lcm,0.331664580862551
960,15_9_F_15_2008_11_15.pdf,2,lcm pill,0.2749622222726346
960,15_9_F_15_2008_11_15.pdf,3,pill,0.21729797557554273
960,15_9_F_15_2008_11_15.pdf,4,m3/hr,0.18989846698776644
960,15_9_F_15_2008_11_15.pdf,5,flow,0.17318522650144375
960,15_9_F_15_2008_11_15.pdf,6,string rpm,0.15200308480147665
960,15_9_F_15_2008_11_15.pdf,7,bar string,0.14872925213374943
960,15_9_F_15_2008_11_15.pdf,8,m3/hr losses,0.1388823483977642
960,15_9_F_15_2008_11_15.pdf,9,losses,0.1369183529623389
960,15_9_F_15_2008_11_15.pdf,10,lpm,0.13498834841324334
960,15_9_F_15_2008_11_15.pdf,11,flow rate,0.1326658323450204
960,15_9_F_15_2008_11_15.pdf,12,drilling circulati,0.12967653025457312
961,15_9_F_15_2008_11_16.pdf,1,interruption wel,0.4249178556661268
961,15_9_F_15_2008_11_16.pdf,2,wel control,0.4249178556661268
961,15_9_F_15_2008_11_16.pdf,3,wel,0.4249178556661268
961,15_9_F_15_2008_11_16.pdf,4,lpm,0.18478663369903814
961,15_9_F_15_2008_11_16.pdf,5,control,0.18000657722407729
961,15_9_F_15_2008_11_16.pdf,6,lcm pill,0.17829378625277073
961,15_9_F_15_2008_11_16.pdf,7,m3/hr,0.17239023951801055
961,15_9_F_15_2008_11_16.pdf,8,pill,0.17221423017163817
961,15_9_F_15_2008_11_16.pdf,9,lcm,0.17204904266241872
961,15_9_F_15_2008_11_16.pdf,10,flow rate,0.12903678199681404
961,15_9_F_15_2008_11_16.pdf,11,losses,0.12429477728806348
961,15_9_F_15_2008_11_16.pdf,12,flow,0.1235283685549595
962,15_9_F_15_2008_11_17.pdf,1,ell control,0.33656429333668075
962,15_9_F_15_2008_11_17.pdf,2,interruption ell,0.33656429333668075
962,15_9_F_15_2008_11_17.pdf,3,ell,0.3176518073519044
962,15_9_F_15_2008_11_17.pdf,4,lpm,0.2426557375773931
962,15_9_F_15_2008_11_17.pdf,5,staged,0.214101586866913
962,15_9_F_15_2008_11_17.pdf,6,lcm pill,0.15887361886149884
962,15_9_F_15_2008_11_17.pdf,7,lcm,0.15330906703996303
962,15_9_F_15_2008_11_17.pdf,8,lpm increments,0.14691244644258433
962,15_9_F_15_2008_11_17.pdf,9,m3/hr,0.14629819043132825
962,15_9_F_15_2008_11_17.pdf,10,control,0.14257764330567244
962,15_9_F_15_2008_11_17.pdf,11,flow,0.13342227374712382
962,15_9_F_15_2008_11_17.pdf,12,increments lpm,0.1332041065143133
963,15_9_F_15_2008_11_18.pdf,1,m/hr mud,0.21629179215265648
963,15_9_F_15_2008_11_18.pdf,2,emw rop,0.21629179215265648
963,15_9_F_15_2008_11_18.pdf,3,hole parameters,0.1922073269956373
963,15_9_F_15_2008_11_18.pdf,4,rpm bit,0.19004277645859174
963,15_9_F_15_2008_11_18.pdf,5,bit rpm,0.19004277645859174
963,15_9_F_15_2008_11_18.pdf,6,ecd emw,0.18799528729689385
963,15_9_F_15_2008_11_18.pdf,7,bar string,0.18605284487320625
963,15_9_F_15_2008_11_18.pdf,8,lpm,0.17511787229772632
963,15_9_F_15_2008_11_18.pdf,9,rpm,0.16983090145350146
963,15_9_F_15_2008_11_18.pdf,10,mud weight,0.16275618011263127
963,15_9_F_15_2008_11_18.pdf,11,wob ecd,0.16174627160282912
963,15_9_F_15_2008_11_18.pdf,12,emw,0.15534346514946826
964,15_9_F_15_2008_11_19.pdf,1,ppm,0.26638730239976377
964,15_9_F_15_2008_11_19.pdf,2,uation log,0.1950857673866699
964,15_9_F_15_2008_11_19.pdf,3,uation,0.17435384400784507
964,15_9_F_15_2008_11_19.pdf,4,eval uation,0.17435384400784507
964,15_9_F_15_2008_11_19.pdf,5,formation eval,0.17435384400784507
964,15_9_F_15_2008_11_19.pdf,6,flow lpm,0.17105528792662086
964,15_9_F_15_2008_11_19.pdf,7,eval,0.17083097189779634
964,15_9_F_15_2008_11_19.pdf,8,ppm ppm,0.16257147282222492
964,15_9_F_15_2008_11_19.pdf,9,spp bar,0.16084634002814158
964,15_9_F_15_2008_11_19.pdf,10,lpm spp,0.15948050833212882
964,15_9_F_15_2008_11_19.pdf,11,rpm,0.15649125628996532
964,15_9_F_15_2008_11_19.pdf,12,spp,0.15160403784447962
965,15_9_F_15_2008_11_20.pdf,1,hole,0.2100553648741976
965,15_9_F_15_2008_11_20.pdf,2,weighing mud,0.20337263570680242
965,15_9_F_15_2008_11_20.pdf,3,weighing,0.20337263570680242
965,15_9_F_15_2008_11_20.pdf,4,weight added,0.20337263570680242
965,15_9_F_15_2008_11_20.pdf,5,change bha,0.19641494041053822
965,15_9_F_15_2008_11_20.pdf,6,drilled hole,0.17990281090578666
965,15_9_F_15_2008_11_20.pdf,7,m/hr mud,0.1780875431386465
965,15_9_F_15_2008_11_20.pdf,8,measurements,0.1666217537043149
965,15_9_F_15_2008_11_20.pdf,9,hole flow,0.16431104077430697
965,15_9_F_15_2008_11_20.pdf,10,rpm bit,0.15647496751458184
965,15_9_F_15_2008_11_20.pdf,11,bit rpm,0.15647496751458184
965,15_9_F_15_2008_11_20.pdf,12,bar string,0.15318978916240894
966,15_9_F_15_2008_11_21.pdf,1,weight,0.3114054856922251
966,15_9_F_15_2008_11_21.pdf,2,weight weight,0.28092778103686433
966,15_9_F_15_2008_11_21.pdf,3,rotational weight,0.19025834813532935
966,15_9_F_15_2008_11_21.pdf,4,free rotational,0.19025834813532935
966,15_9_F_15_2008_11_21.pdf,5,spp,0.1837080332080198
966,15_9_F_15_2008_11_21.pdf,6,rotational,0.18009587285653816
966,15_9_F_15_2008_11_21.pdf,7,weight free,0.17606282249221666
966,15_9_F_15_2008_11_21.pdf,8,mud weight,0.17307682935314814
966,15_9_F_15_2008_11_21.pdf,9,emw rop,0.17250541995541693
966,15_9_F_15_2008_11_21.pdf,10,hole flow,0.1591607396706932
966,15_9_F_15_2008_11_21.pdf,11,rpm bit,0.15157028676957196
966,15_9_F_15_2008_11_21.pdf,12,bit rpm,0.15157028676957196
967,15_9_F_15_2008_11_22.pdf,1,drilling trip,0.3304915483612489
967,15_9_F_15_2008_11_22.pdf,2,std,0.26774001116292423
967,15_9_F_15_2008_11_22.pdf,3,trip,0.2540798943517141
967,15_9_F_15_2008_11_22.pdf,4,drilling,0.2309456587474838
967,15_9_F_15_2008_11_22.pdf,5,bent,0.20762409186905453
967,15_9_F_15_2008_11_22.pdf,6,finger board,0.1872591039709433
967,15_9_F_15_2008_11_22.pdf,7,board,0.1673589264873743
967,15_9_F_15_2008_11_22.pdf,8,box talk,0.15351532843169294
967,15_9_F_15_2008_11_22.pdf,9,trip held,0.1514929290835832
967,15_9_F_15_2008_11_22.pdf,10,finger,0.14571822293970624
967,15_9_F_15_2008_11_22.pdf,11,held tool,0.14301226783849946
967,15_9_F_15_2008_11_22.pdf,12,tool box,0.14029665621815587
968,15_9_F_15_2008_11_23.pdf,1,bop activities,0.246763409189849
968,15_9_F_15_2008_11_23.pdf,2,drilling bop,0.20771110549980426
968,15_9_F_15_2008_11_23.pdf,3,activities,0.2040778583198604
968,15_9_F_15_2008_11_23.pdf,4,drilling,0.19922463087738454
968,15_9_F_15_2008_11_23.pdf,5,bop,0.1965382235088162
968,15_9_F_15_2008_11_23.pdf,6,jet washed,0.1525641821205185
968,15_9_F_15_2008_11_23.pdf,7,box talk,0.15008684776433534
968,15_9_F_15_2008_11_23.pdf,8,activities held,0.1473447233244558
968,15_9_F_15_2008_11_23.pdf,9,pick bha,0.14308011496936127
968,15_9_F_15_2008_11_23.pdf,10,held tool,0.13981835358584274
968,15_9_F_15_2008_11_23.pdf,11,tool box,0.13716339012380044
968,15_9_F_15_2008_11_23.pdf,12,jet,0.13688481564750962
969,15_9_F_15_2008_11_24.pdf,1,drilling drill,0.21730136994649232
969,15_9_F_15_2008_11_24.pdf,2,drilling,0.19327272781091343
969,15_9_F_15_2008_11_24.pdf,3,drill,0.1610580864148816
969,15_9_F_15_2008_11_24.pdf,4,wash pipe,0.15701301886930355
969,15_9_F_15_2008_11_24.pdf,5,filling,0.14363476144893692
969,15_9_F_15_2008_11_24.pdf,6,std drilling,0.143115752862662
969,15_9_F_15_2008_11_24.pdf,7,l/m,0.14068264988837037
969,15_9_F_15_2008_11_24.pdf,8,drill continued,0.12983367028134282
969,15_9_F_15_2008_11_24.pdf,9,continued rih,0.12359117271652294
969,15_9_F_15_2008_11_24.pdf,10,pipe,0.12114663743728672
969,15_9_F_15_2008_11_24.pdf,11,drilling survey,0.1207665600153891
969,15_9_F_15_2008_11_24.pdf,12,rate,0.12056064885123889
970,15_9_F_15_2008_11_25.pdf,1,circulating conditioning,0.2797964346706236
970,15_9_F_15_2008_11_25.pdf,2,mud weight,0.2761047935377355
970,15_9_F_15_2008_11_25.pdf,3,drilling circulating,0.24099272033176763
970,15_9_F_15_2008_11_25.pdf,4,conditioning,0.23098303547786947
970,15_9_F_15_2008_11_25.pdf,5,circulating,0.19075187028922047
970,15_9_F_15_2008_11_25.pdf,6,mud,0.18887126766970355
970,15_9_F_15_2008_11_25.pdf,7,sicp,0.1862314196127013
970,15_9_F_15_2008_11_25.pdf,8,pressure built,0.1862314196127013
970,15_9_F_15_2008_11_25.pdf,9,losses,0.18079381243446804
970,15_9_F_15_2008_11_25.pdf,10,l/m,0.15734786006853904
970,15_9_F_15_2008_11_25.pdf,11,weight,0.15285438914375774
970,15_9_F_15_2008_11_25.pdf,12,monitored,0.1398982173353118
971,15_9_F_15_2008_11_26.pdf,1,loss,0.32264082618536416
971,15_9_F_15_2008_11_26.pdf,2,circulating nditioning,0.2857560718323505
971,15_9_F_15_2008_11_26.pdf,3,nditioning,0.2857560718323505
971,15_9_F_15_2008_11_26.pdf,4,rate,0.21664871315538942
971,15_9_F_15_2008_11_26.pdf,5,staged,0.2079703680307407
971,15_9_F_15_2008_11_26.pdf,6,loss rate,0.17672588049517124
971,15_9_F_15_2008_11_26.pdf,7,drilling circulating,0.17208841801981764
971,15_9_F_15_2008_11_26.pdf,8,lcm pill,0.1543239612023056
971,15_9_F_15_2008_11_26.pdf,9,rpm,0.15239373831652342
971,15_9_F_15_2008_11_26.pdf,10,lcm,0.14891876123538386
971,15_9_F_15_2008_11_26.pdf,11,circulating,0.13621236171450557
971,15_9_F_15_2008_11_26.pdf,12,drilling,0.13265429343369042
972,15_9_F_15_2008_11_27.pdf,1,ecd emw,0.2849313663064592
972,15_9_F_15_2008_11_27.pdf,2,emw,0.23544327311735302
972,15_9_F_15_2008_11_27.pdf,3,connection,0.18966720299135306
972,15_9_F_15_2008_11_27.pdf,4,bars string,0.18732480477130817
972,15_9_F_15_2008_11_27.pdf,5,ecd,0.18209172148684777
972,15_9_F_15_2008_11_27.pdf,6,spp bars,0.1752642938030427
972,15_9_F_15_2008_11_27.pdf,7,hole flow,0.1728337259998849
972,15_9_F_15_2008_11_27.pdf,8,connection period,0.1675175348039704
972,15_9_F_15_2008_11_27.pdf,9,connection returns,0.1675175348039704
972,15_9_F_15_2008_11_27.pdf,10,returns connection,0.1675175348039704
972,15_9_F_15_2008_11_27.pdf,11,drilling,0.15131320125884298
972,15_9_F_15_2008_11_27.pdf,12,losses,0.148339508822037
973,15_9_F_15_2008_11_28.pdf,1,weight,0.29246797486331116
973,15_9_F_15_2008_11_28.pdf,2,emw mud,0.20043607272923505
973,15_9_F_15_2008_11_28.pdf,3,free rotational,0.19357884183588916
973,15_9_F_15_2008_11_28.pdf,4,rotational weight,0.19357884183588916
973,15_9_F_15_2008_11_28.pdf,5,m/hr weight,0.18323900542957827
973,15_9_F_15_2008_11_28.pdf,6,rotational,0.18323900542957827
973,15_9_F_15_2008_11_28.pdf,7,weight free,0.17913556804434536
973,15_9_F_15_2008_11_28.pdf,8,connection,0.17771081607578537
973,15_9_F_15_2008_11_28.pdf,9,bars string,0.17551607975504346
973,15_9_F_15_2008_11_28.pdf,10,spp bars,0.16421584854659818
973,15_9_F_15_2008_11_28.pdf,11,hole flow,0.16193850074468857
973,15_9_F_15_2008_11_28.pdf,12,ecd emw,0.15255408219783748
974,15_9_F_15_2008_11_29.pdf,1,gyro,0.2343766271900321
974,15_9_F_15_2008_11_29.pdf,2,drilling drill,0.17185889258139517
974,15_9_F_15_2008_11_29.pdf,3,stationary slips,0.1680494595325951
974,15_9_F_15_2008_11_29.pdf,4,pipe stationary,0.1680494595325951
974,15_9_F_15_2008_11_29.pdf,5,gyro pipe,0.1680494595325951
974,15_9_F_15_2008_11_29.pdf,6,slips min,0.1680494595325951
974,15_9_F_15_2008_11_29.pdf,7,drilling,0.1611348207889582
974,15_9_F_15_2008_11_29.pdf,8,choke,0.15924258407383665
974,15_9_F_15_2008_11_29.pdf,9,hole min,0.14244388675689973
974,15_9_F_15_2008_11_29.pdf,10,fwd choke,0.14244388675689973
974,15_9_F_15_2008_11_29.pdf,11,min gyro,0.14244388675689973
974,15_9_F_15_2008_11_29.pdf,12,circulating conditio,0.14093971820191112
975,15_9_F_15_2008_11_30.pdf,1,abandon,0.2664250630291898
975,15_9_F_15_2008_11_30.pdf,2,plug abandon,0.2664250630291898
975,15_9_F_15_2008_11_30.pdf,3,plug,0.18331942207217441
975,15_9_F_15_2008_11_30.pdf,4,gyro,0.18114971081607598
975,15_9_F_15_2008_11_30.pdf,5,abandon trip,0.18027780548023348
975,15_9_F_15_2008_11_30.pdf,6,drilling drill,0.1771063327462192
975,15_9_F_15_2008_11_30.pdf,7,tripping,0.17615126106894863
975,15_9_F_15_2008_11_30.pdf,8,min continue,0.1731805846689372
975,15_9_F_15_2008_11_30.pdf,9,pipe stationary,0.1731805846689372
975,15_9_F_15_2008_11_30.pdf,10,gyro pipe,0.1731805846689372
975,15_9_F_15_2008_11_30.pdf,11,stationary slips,0.1731805846689372
975,15_9_F_15_2008_11_30.pdf,12,slips min,0.1731805846689372
976,15_9_F_15_2008_12_01.pdf,1,abandon,0.265364135281862
976,15_9_F_15_2008_12_01.pdf,2,plug abandon,0.265364135281862
976,15_9_F_15_2008_12_01.pdf,3,bars,0.2167079073129576
976,15_9_F_15_2008_12_01.pdf,4,plug,0.18258942820714846
976,15_9_F_15_2008_12_01.pdf,5,rate,0.1722491231586975
976,15_9_F_15_2008_12_01.pdf,6,lpm,0.1606298505161435
976,15_9_F_15_2008_12_01.pdf,7,rate lpm,0.14891755962041345
976,15_9_F_15_2008_12_01.pdf,8,cmt,0.13229051229013863
976,15_9_F_15_2008_12_01.pdf,9,gas bottoms,0.13216351819045052
976,15_9_F_15_2008_12_01.pdf,10,btm plug,0.13216351819045052
976,15_9_F_15_2008_12_01.pdf,11,increased bars,0.12764199794926567
976,15_9_F_15_2008_12_01.pdf,12,spp increased,0.12764199794926567
977,15_9_F_15_2008_12_02.pdf,1,abandon,0.3159088491698935
977,15_9_F_15_2008_12_02.pdf,2,plug abandon,0.3159088491698935
977,15_9_F_15_2008_12_02.pdf,3,plug,0.2717097398742366
977,15_9_F_15_2008_12_02.pdf,4,abandon circu,0.21757180971882528
977,15_9_F_15_2008_12_02.pdf,5,lating conditioning,0.2053458431399123
977,15_9_F_15_2008_12_02.pdf,6,abandon trip,0.19000999851761052
977,15_9_F_15_2008_12_02.pdf,7,circu lating,0.18444541522557506
977,15_9_F_15_2008_12_02.pdf,8,maintai,0.18444541522557506
977,15_9_F_15_2008_12_02.pdf,9,lating,0.18444541522557506
977,15_9_F_15_2008_12_02.pdf,10,interruption maintai,0.18444541522557506
977,15_9_F_15_2008_12_02.pdf,11,circu,0.16904251894935754
977,15_9_F_15_2008_12_02.pdf,12,trip,0.1354781044504183
978,15_9_F_15_2008_12_03.pdf,1,plug abandon,0.29877401829962486
978,15_9_F_15_2008_12_03.pdf,2,abandon,0.29877401829962486
978,15_9_F_15_2008_12_03.pdf,3,plug,0.25301884020454696
978,15_9_F_15_2008_12_03.pdf,4,rollers,0.19924807073606088
978,15_9_F_15_2008_12_03.pdf,5,abandon trip,0.19352727192508923
978,15_9_F_15_2008_12_03.pdf,6,abandon circul,0.19122011266925482
978,15_9_F_15_2008_12_03.pdf,7,ating conditioning,0.183142367103328
978,15_9_F_15_2008_12_03.pdf,8,clean bha,0.1768767808718619
978,15_9_F_15_2008_12_03.pdf,9,ating,0.1574140923679016
978,15_9_F_15_2008_12_03.pdf,10,circul ating,0.1574140923679016
978,15_9_F_15_2008_12_03.pdf,11,circul,0.1500472385493859
978,15_9_F_15_2008_12_03.pdf,12,trip,0.12902581257434068
979,15_9_F_15_2008_12_04.pdf,1,plug abandon,0.39569529357587796
979,15_9_F_15_2008_12_04.pdf,2,abandon,0.39569529357587796
979,15_9_F_15_2008_12_04.pdf,3,plug,0.27226654921373494
979,15_9_F_15_2008_12_04.pdf,4,circulating condit,0.22205422533989136
979,15_9_F_15_2008_12_04.pdf,5,abandon trip,0.21816595878230122
979,15_9_F_15_2008_12_04.pdf,6,ioning,0.2156272947834215
979,15_9_F_15_2008_12_04.pdf,7,condit ioning,0.2156272947834215
979,15_9_F_15_2008_12_04.pdf,8,condit,0.2156272947834215
979,15_9_F_15_2008_12_04.pdf,9,abandon circulating,0.19762042347242403
979,15_9_F_15_2008_12_04.pdf,10,m/hr plug,0.1614616675416934
979,15_9_F_15_2008_12_04.pdf,11,trip,0.13369883191578893
979,15_9_F_15_2008_12_04.pdf,12,speed m/hr,0.13331488277747422
980,15_9_F_15_2008_12_05.pdf,1,aband,0.5487629065763981
980,15_9_F_15_2008_12_05.pdf,2,plug aband,0.5487629065763981
980,15_9_F_15_2008_12_05.pdf,3,plug,0.24876083574815727
980,15_9_F_15_2008_12_05.pdf,4,aband wait,0.12920786260414077
980,15_9_F_15_2008_12_05.pdf,5,diverter,0.12498582956523538
980,15_9_F_15_2008_12_05.pdf,6,aband trip,0.12194731257253293
980,15_9_F_15_2008_12_05.pdf,7,cement,0.12066805372219468
980,15_9_F_15_2008_12_05.pdf,8,aband ceme,0.107673218836784
980,15_9_F_15_2008_12_05.pdf,9,fault,0.10227477028046913
980,15_9_F_15_2008_12_05.pdf,10,primary seal,0.10162276047711075
980,15_9_F_15_2008_12_05.pdf,11,diverter overshot,0.09732989195307078
980,15_9_F_15_2008_12_05.pdf,12,changed primary,0.09732989195307078
981,15_9_F_15_2008_12_06.pdf,1,ezsv,0.29600595165420107
981,15_9_F_15_2008_12_06.pdf,2,plug,0.2891066605175967
981,15_9_F_15_2008_12_06.pdf,3,abandon,0.2874845079693563
981,15_9_F_15_2008_12_06.pdf,4,plug abandon,0.2874845079693563
981,15_9_F_15_2008_12_06.pdf,5,wbrrt,0.20337803798838364
981,15_9_F_15_2008_12_06.pdf,6,abandon trip,0.18621462757930166
981,15_9_F_15_2008_12_06.pdf,7,m/hrs plug,0.16526737785721887
981,15_9_F_15_2008_12_06.pdf,8,rih ezsv,0.14237530608804339
981,15_9_F_15_2008_12_06.pdf,9,diverter,0.1414343811386899
981,15_9_F_15_2008_12_06.pdf,10,speed m/hrs,0.13876758988066198
981,15_9_F_15_2008_12_06.pdf,11,ezsv setting,0.13799598518662748
981,15_9_F_15_2008_12_06.pdf,12,drilling casing,0.11826969747083929
982,15_9_F_15_2008_12_07.pdf,1,wbrrt,0.3916675002736086
982,15_9_F_15_2008_12_07.pdf,2,drilling casing,0.3349485145459059
982,15_9_F_15_2008_12_07.pdf,3,casing,0.26326075669695836
982,15_9_F_15_2008_12_07.pdf,4,seal,0.19850739235164266
982,15_9_F_15_2008_12_07.pdf,5,wearbushing,0.18909739938683007
982,15_9_F_15_2008_12_07.pdf,6,drilling,0.17596213442574218
982,15_9_F_15_2008_12_07.pdf,7,tool,0.14925958690438568
982,15_9_F_15_2008_12_07.pdf,8,seal retrieval,0.1404148245068972
982,15_9_F_15_2008_12_07.pdf,9,surface,0.12591024469297107
982,15_9_F_15_2008_12_07.pdf,10,retrieval tool,0.12450372195050365
982,15_9_F_15_2008_12_07.pdf,11,casing pooh,0.12071674192959309
982,15_9_F_15_2008_12_07.pdf,12,retrieval,0.11650838749772112
983,15_9_F_15_2008_12_08.pdf,1,aba ndon,0.4624939034036367
983,15_9_F_15_2008_12_08.pdf,2,aba,0.4624939034036367
983,15_9_F_15_2008_12_08.pdf,3,ndon,0.4624939034036367
983,15_9_F_15_2008_12_08.pdf,4,plug aba,0.4624939034036367
983,15_9_F_15_2008_12_08.pdf,5,plug,0.14439381915977767
983,15_9_F_15_2008_12_08.pdf,6,casing,0.11182025057552342
983,15_9_F_15_2008_12_08.pdf,7,spear,0.06854022855525563
983,15_9_F_15_2008_12_08.pdf,8,ndon pooh,0.0685176153190573
983,15_9_F_15_2008_12_08.pdf,9,bowen,0.06466741948697691
983,15_9_F_15_2008_12_08.pdf,10,bowen spear,0.06466741948697691
983,15_9_F_15_2008_12_08.pdf,11,tailing arm,0.04645174655265116
983,15_9_F_15_2008_12_08.pdf,12,tailing,0.04645174655265116
984,15_9_F_15_2008_12_09.pdf,1,plug abandon,0.33145217276358807
984,15_9_F_15_2008_12_09.pdf,2,abandon,0.33145217276358807
984,15_9_F_15_2008_12_09.pdf,3,plug,0.2888794272906367
984,15_9_F_15_2008_12_09.pdf,4,abandon trip,0.2658118083574096
984,15_9_F_15_2008_12_09.pdf,5,cement,0.18670880083772615
984,15_9_F_15_2008_12_09.pdf,6,casing,0.17968596302586703
984,15_9_F_15_2008_12_09.pdf,7,drilling casing,0.15756898583171128
984,15_9_F_15_2008_12_09.pdf,8,trip,0.13783649747716567
984,15_9_F_15_2008_12_09.pdf,9,gear plug,0.13206271516013418
984,15_9_F_15_2008_12_09.pdf,10,cement plug,0.12707321485188497
984,15_9_F_15_2008_12_09.pdf,11,abandon cement,0.12661032980107878
984,15_9_F_15_2008_12_09.pdf,12,handling gear,0.10819804307723276
985,15_9_F_15_2008_12_10.pdf,1,prs,0.32620459595744083
985,15_9_F_15_2008_12_10.pdf,2,reg,0.20423359391317455
985,15_9_F_15_2008_12_10.pdf,3,problems,0.2034821740897486
985,15_9_F_15_2008_12_10.pdf,4,drilling trip,0.1722544666344213
985,15_9_F_15_2008_12_10.pdf,5,drilling,0.16875467115593448
985,15_9_F_15_2008_12_10.pdf,6,picked,0.15664102702694663
985,15_9_F_15_2008_12_10.pdf,7,stands,0.15582615175449763
985,15_9_F_15_2008_12_10.pdf,8,trip,0.15449955190872008
985,15_9_F_15_2008_12_10.pdf,9,drilling bha,0.14502710534643531
985,15_9_F_15_2008_12_10.pdf,10,interruptio troubleshot,0.14097883527318666
985,15_9_F_15_2008_12_10.pdf,11,troubleshot prs,0.14097883527318666
985,15_9_F_15_2008_12_10.pdf,12,bha problems,0.14097883527318666
986,15_9_F_15_2008_12_11.pdf,1,prs,0.2507345076428459
986,15_9_F_15_2008_12_11.pdf,2,areas interruption,0.2262833988203599
986,15_9_F_15_2008_12_11.pdf,3,drilling areas,0.18311158999517946
986,15_9_F_15_2008_12_11.pdf,4,pump sub,0.17756081537977
986,15_9_F_15_2008_12_11.pdf,5,cement,0.17677075850442753
986,15_9_F_15_2008_12_11.pdf,6,perfomed,0.16864709782523826
986,15_9_F_15_2008_12_11.pdf,7,areas,0.15583253233332955
986,15_9_F_15_2008_12_11.pdf,8,general,0.1393950573260047
986,15_9_F_15_2008_12_11.pdf,9,interruption,0.1387601703344129
986,15_9_F_15_2008_12_11.pdf,10,cleaning,0.1363019036426666
986,15_9_F_15_2008_12_11.pdf,11,aft prs,0.1308649216395419
986,15_9_F_15_2008_12_11.pdf,12,rih drilling,0.1188883864599782
987,15_9_F_15_2008_12_12.pdf,1,abandon,0.3113160290307549
987,15_9_F_15_2008_12_12.pdf,2,plug abandon,0.3113160290307549
987,15_9_F_15_2008_12_12.pdf,3,parameters lpm,0.23990664302861545
987,15_9_F_15_2008_12_12.pdf,4,plug,0.21420760447552034
987,15_9_F_15_2008_12_12.pdf,5,wob plug,0.2067328936373028
987,15_9_F_15_2008_12_12.pdf,6,abandon trip,0.16644226718512858
987,15_9_F_15_2008_12_12.pdf,7,parameters,0.16065519207543166
987,15_9_F_15_2008_12_12.pdf,8,spp,0.16065519207543166
987,15_9_F_15_2008_12_12.pdf,9,drilled cement,0.15417446221615547
987,15_9_F_15_2008_12_12.pdf,10,torque knm,0.15176950660490846
987,15_9_F_15_2008_12_12.pdf,11,wob,0.14870514213058464
987,15_9_F_15_2008_12_12.pdf,12,lpm,0.1465686344428897
989,15_9_F_15_A_2008_12_12.pdf,1,oriented hole,0.26037381989191727
989,15_9_F_15_A_2008_12_12.pdf,2,drilled oriented,0.24964358422915367
989,15_9_F_15_A_2008_12_12.pdf,3,oriented,0.20898685064639763
989,15_9_F_15_A_2008_12_12.pdf,4,handling downlinked,0.18574125492954208
989,15_9_F_15_A_2008_12_12.pdf,5,dictated cuttings,0.18574125492954208
989,15_9_F_15_A_2008_12_12.pdf,6,m/hrs dictated,0.18574125492954208
989,15_9_F_15_A_2008_12_12.pdf,7,interference,0.17789495373521158
989,15_9_F_15_A_2008_12_12.pdf,8,ill drilled,0.16683621331772636
989,15_9_F_15_A_2008_12_12.pdf,9,ecd controlled,0.16683621331772636
989,15_9_F_15_A_2008_12_12.pdf,10,drilling ill,0.16683621331772636
989,15_9_F_15_A_2008_12_12.pdf,11,cuttings handling,0.16263187533820833
989,15_9_F_15_A_2008_12_12.pdf,12,ill,0.16263187533820833
990,15_9_F_15_A_2008_12_13.pdf,1,cuttings handling,0.2623541988194266
990,15_9_F_15_A_2008_12_13.pdf,2,cuttings,0.21226445505992175
990,15_9_F_15_A_2008_12_13.pdf,3,wob rpm,0.20555096430493988
990,15_9_F_15_A_2008_12_13.pdf,4,m/hrs,0.1804845175145861
990,15_9_F_15_A_2008_12_13.pdf,5,ecd controlled,0.17942436351223617
990,15_9_F_15_A_2008_12_13.pdf,6,rop m/hrs,0.17664206931882434
990,15_9_F_15_A_2008_12_13.pdf,7,oriented hole,0.17501223947550312
990,15_9_F_15_A_2008_12_13.pdf,8,bar wob,0.17345178549824034
990,15_9_F_15_A_2008_12_13.pdf,9,drilled oriented,0.16779983012413396
990,15_9_F_15_A_2008_12_13.pdf,10,according instructions,0.15674507465588872
990,15_9_F_15_A_2008_12_13.pdf,11,rpm torque,0.152933397492422
990,15_9_F_15_A_2008_12_13.pdf,12,dictated cuttings,0.1498168733017936
991,15_9_F_15_A_2008_12_14.pdf,1,m/hrs cuttings,0.19536806992815953
991,15_9_F_15_A_2008_12_14.pdf,2,downlinked powerdrive,0.1867716727229264
991,15_9_F_15_A_2008_12_14.pdf,3,cuttings handling,0.1849326635432694
991,15_9_F_15_A_2008_12_14.pdf,4,downlinked,0.18029536846963343
991,15_9_F_15_A_2008_12_14.pdf,5,wob rpm,0.17387068700492364
991,15_9_F_15_A_2008_12_14.pdf,6,powerdrive,0.16767948732969565
991,15_9_F_15_A_2008_12_14.pdf,7,rpm torque,0.1617034185288266
991,15_9_F_15_A_2008_12_14.pdf,8,spooling,0.15840817613040042
991,15_9_F_15_A_2008_12_14.pdf,9,knm ecd,0.15734290472315182
991,15_9_F_15_A_2008_12_14.pdf,10,performed mwd,0.1556409727869924
991,15_9_F_15_A_2008_12_14.pdf,11,oriented hole,0.14803870375783318
991,15_9_F_15_A_2008_12_14.pdf,12,bar wob,0.14671875273749285
992,15_9_F_15_A_2008_12_15.pdf,1,wob rpm,0.19230056538486381
992,15_9_F_15_A_2008_12_15.pdf,2,m/hrs cuttings,0.17286129572500422
992,15_9_F_15_A_2008_12_15.pdf,3,handling performed,0.16785815947832625
992,15_9_F_15_A_2008_12_15.pdf,4,stand,0.16715058490282178
992,15_9_F_15_A_2008_12_15.pdf,5,rop m/hrs,0.16525521987028635
992,15_9_F_15_A_2008_12_15.pdf,6,oriented hole,0.16373045348735257
992,15_9_F_15_A_2008_12_15.pdf,7,cuttings handling,0.163628068054933
992,15_9_F_15_A_2008_12_15.pdf,8,bar wob,0.1622705908051249
992,15_9_F_15_A_2008_12_15.pdf,9,drilled oriented,0.15698297652588333
992,15_9_F_15_A_2008_12_15.pdf,10,connections downlinked,0.15122501931334226
992,15_9_F_15_A_2008_12_15.pdf,11,according instructions,0.14664084199042454
992,15_9_F_15_A_2008_12_15.pdf,12,rpm torque,0.14307487636200833
993,15_9_F_15_A_2008_12_16.pdf,1,parameters lpm,0.17935106158037037
993,15_9_F_15_A_2008_12_16.pdf,2,rpm torque,0.16472427911822582
993,15_9_F_15_A_2008_12_16.pdf,3,spp bar,0.15291078022173027
993,15_9_F_15_A_2008_12_16.pdf,4,lpm spp,0.15161233357847845
993,15_9_F_15_A_2008_12_16.pdf,5,m/hrs cuttings,0.1492633772422297
993,15_9_F_15_A_2008_12_16.pdf,6,handling performed,0.14494323715621424
993,15_9_F_15_A_2008_12_16.pdf,7,spp,0.14412445883138045
993,15_9_F_15_A_2008_12_16.pdf,8,cuttings handling,0.14129061075855304
993,15_9_F_15_A_2008_12_16.pdf,9,wob rpm,0.13283913771234365
993,15_9_F_15_A_2008_12_16.pdf,10,connections downlinked,0.13058074690207133
993,15_9_F_15_A_2008_12_16.pdf,11,knm ecd,0.12822584353845792
993,15_9_F_15_A_2008_12_16.pdf,12,according instructions,0.1266223721471784
994,15_9_F_15_A_2008_12_17.pdf,1,drilling,0.28320957069317315
994,15_9_F_15_A_2008_12_17.pdf,2,casing,0.24806840395265825
994,15_9_F_15_A_2008_12_17.pdf,3,pooh drilling,0.15410558594601556
994,15_9_F_15_A_2008_12_17.pdf,4,drilling casing,0.14555613817699764
994,15_9_F_15_A_2008_12_17.pdf,5,bha,0.14460427740959764
994,15_9_F_15_A_2008_12_17.pdf,6,drilling bha,0.14342577799571352
994,15_9_F_15_A_2008_12_17.pdf,7,wbrrt,0.1430286512589597
994,15_9_F_15_A_2008_12_17.pdf,8,drilling trip,0.1324963938590322
994,15_9_F_15_A_2008_12_17.pdf,9,drilling drill,0.1323302298555903
994,15_9_F_15_A_2008_12_17.pdf,10,casing running,0.13147251309697455
994,15_9_F_15_A_2008_12_17.pdf,11,bar,0.11643052964518502
994,15_9_F_15_A_2008_12_17.pdf,12,spp bar,0.11495226969039062
995,15_9_F_15_A_2008_12_18.pdf,1,drilling casi,0.38733417955063676
995,15_9_F_15_A_2008_12_18.pdf,2,casi,0.38348764756619197
995,15_9_F_15_A_2008_12_18.pdf,3,fms,0.32927614145690337
995,15_9_F_15_A_2008_12_18.pdf,4,ran p110,0.19283230321334688
995,15_9_F_15_A_2008_12_18.pdf,5,p110,0.18623520914327962
995,15_9_F_15_A_2008_12_18.pdf,6,p110 casing,0.18623520914327962
995,15_9_F_15_A_2008_12_18.pdf,7,casi ran,0.16885767840733565
995,15_9_F_15_A_2008_12_18.pdf,8,casing,0.15136714836600343
995,15_9_F_15_A_2008_12_18.pdf,9,joint,0.13381800118947784
995,15_9_F_15_A_2008_12_18.pdf,10,joint obm,0.117525084097482
995,15_9_F_15_A_2008_12_18.pdf,11,casi held,0.11489323820496762
995,15_9_F_15_A_2008_12_18.pdf,12,hts,0.11228188095305601
996,15_9_F_15_A_2008_12_19.pdf,1,casing,0.41187548223668796
996,15_9_F_15_A_2008_12_19.pdf,2,drilling casing,0.27715474260224204
996,15_9_F_15_A_2008_12_19.pdf,3,tesco,0.2605238785421179
996,15_9_F_15_A_2008_12_19.pdf,4,tesco tool,0.21862652809788558
996,15_9_F_15_A_2008_12_19.pdf,5,ran p110,0.21862652809788558
996,15_9_F_15_A_2008_12_19.pdf,6,p110 casing,0.2111469733342928
996,15_9_F_15_A_2008_12_19.pdf,7,p110,0.2111469733342928
996,15_9_F_15_A_2008_12_19.pdf,8,casing ran,0.15462052095775575
996,15_9_F_15_A_2008_12_19.pdf,9,encountered tight,0.15217956753749234
996,15_9_F_15_A_2008_12_19.pdf,10,pick tool,0.15217956753749234
996,15_9_F_15_A_2008_12_19.pdf,11,prs pick,0.15217956753749234
996,15_9_F_15_A_2008_12_19.pdf,12,drilling,0.13481546819500972
997,15_9_F_15_A_2008_12_20.pdf,1,drilling casin,0.3584126750075447
997,15_9_F_15_A_2008_12_20.pdf,2,casin,0.3521517501932751
997,15_9_F_15_A_2008_12_20.pdf,3,casing,0.1922213020549536
997,15_9_F_15_A_2008_12_20.pdf,4,land,0.13962914608203872
997,15_9_F_15_A_2008_12_20.pdf,5,joint run,0.12783931208250876
997,15_9_F_15_A_2008_12_20.pdf,6,ran p110,0.12243897306005586
997,15_9_F_15_A_2008_12_20.pdf,7,tesco tool,0.12243897306005586
997,15_9_F_15_A_2008_12_20.pdf,8,weight added,0.12243897306005586
997,15_9_F_15_A_2008_12_20.pdf,9,casin ran,0.11825014468607775
997,15_9_F_15_A_2008_12_20.pdf,10,drag hole,0.11825014468607775
997,15_9_F_15_A_2008_12_20.pdf,11,p110,0.11825014468607775
997,15_9_F_15_A_2008_12_20.pdf,12,p110 casing,0.11825014468607775
998,15_9_F_15_A_2008_12_21.pdf,1,drilling asing,0.38479889535435113
998,15_9_F_15_A_2008_12_21.pdf,2,asing,0.3706214173119376
998,15_9_F_15_A_2008_12_21.pdf,3,csg,0.2916617950366053
998,15_9_F_15_A_2008_12_21.pdf,4,hwdp circulating,0.1580673953190375
998,15_9_F_15_A_2008_12_21.pdf,5,weight,0.1563667963806559
998,15_9_F_15_A_2008_12_21.pdf,6,lpm bar,0.13967640256842015
998,15_9_F_15_A_2008_12_21.pdf,7,p110,0.13799483907757737
998,15_9_F_15_A_2008_12_21.pdf,8,p110 casing,0.13799483907757737
998,15_9_F_15_A_2008_12_21.pdf,9,max weight,0.12769879006873386
998,15_9_F_15_A_2008_12_21.pdf,10,pressure,0.12248366591668024
998,15_9_F_15_A_2008_12_21.pdf,11,casing hwdp,0.12072264133578178
998,15_9_F_15_A_2008_12_21.pdf,12,bar,0.11932069140784535
999,15_9_F_15_A_2008_12_22.pdf,1,bar,0.2144032608718118
999,15_9_F_15_A_2008_12_22.pdf,2,cmt,0.20730400162437448
999,15_9_F_15_A_2008_12_22.pdf,3,ltrs,0.1808360278272956
999,15_9_F_15_A_2008_12_22.pdf,4,drilling casing,0.1516324610174144
999,15_9_F_15_A_2008_12_22.pdf,5,lpm,0.14873936185329703
999,15_9_F_15_A_2008_12_22.pdf,6,wbrt,0.13769872569826389
999,15_9_F_15_A_2008_12_22.pdf,7,obm,0.12047294311633786
999,15_9_F_15_A_2008_12_22.pdf,8,pressure,0.11835773717637506
999,15_9_F_15_A_2008_12_22.pdf,9,casing,0.11823327534792655
999,15_9_F_15_A_2008_12_22.pdf,10,strks,0.1179488986716438
999,15_9_F_15_A_2008_12_22.pdf,11,plug,0.11705081566232105
999,15_9_F_15_A_2008_12_22.pdf,12,padprt,0.1146399079686315
1000,15_9_F_15_A_2008_12_23.pdf,1,repaired cri,0.215580995647645
1000,15_9_F_15_A_2008_12_23.pdf,2,drilling,0.16964778941355832
1000,15_9_F_15_A_2008_12_23.pdf,3,bop activities,0.1681031775753723
1000,15_9_F_15_A_2008_12_23.pdf,4,cri,0.16204852661428
1000,15_9_F_15_A_2008_12_23.pdf,5,lifting,0.1616788910826643
1000,15_9_F_15_A_2008_12_23.pdf,6,bop,0.14644017976523205
1000,15_9_F_15_A_2008_12_23.pdf,7,drilling bop,0.14149949122054378
1000,15_9_F_15_A_2008_12_23.pdf,8,activities,0.1390244062885009
1000,15_9_F_15_A_2008_12_23.pdf,9,ps21,0.13782033224256365
1000,15_9_F_15_A_2008_12_23.pdf,10,clean assembly,0.12991453981592774
1000,15_9_F_15_A_2008_12_23.pdf,11,cleaned threads,0.12991453981592774
1000,15_9_F_15_A_2008_12_23.pdf,12,activities test,0.12183847502535562
